{
  "real_subj_cnt": 15,
  "real_path": "stress_slurm/data/wesad_1hz.pickle",
  "sliding_windows": false,
  "syn_subj_cnt": 15,
  "gan_config": {
    "gan_mode": "DPCGAN-e-0.1",
    "name": "DP-CGAN \u03b5=0.1",
    "path": "stress_slurm/data/100_subj_DP-cGAN-e-0.1.csv",
    "eps": 0.1
  },
  "privacy_config": {
    "l2_norm_clip": 1.0,
    "eps": 0.1,
    "num_unique_windows": 530,
    "delta": 0.001,
    "noise_multiplier": 20.093577626198936
  },
  "train_config": {
    "nn_mode": "CNN",
    "epochs": 10,
    "batch_size": 50,
    "learning_rate": 0.001,
    "eval_mode": "LOSO",
    "random_seed": 42,
    "data_noise_parameter": null
  },
  "results": {
    "num_runs": 10,
    "mean": {
      "S2": {
        "accuracy": 0.8235294222831726,
        "precision": 0.6800000071525574,
        "recall": 1.0,
        "f1": 0.8095238145922317
      },
      "S3": {
        "accuracy": 0.5588235259056091,
        "precision": 0.6458333134651184,
        "recall": 0.9117646813392639,
        "f1": 0.7560975389208274
      },
      "S4": {
        "accuracy": 0.7428571581840515,
        "precision": 0.7777777910232544,
        "recall": 1.0,
        "f1": 0.875000008381903
      },
      "S5": {
        "accuracy": 0.9428571462631226,
        "precision": 0.5932203531265259,
        "recall": 1.0,
        "f1": 0.7446808622076587
      },
      "S6": {
        "accuracy": 0.6571428775787354,
        "precision": 0.5833333134651184,
        "recall": 1.0,
        "f1": 0.7368420894126151
      },
      "S7": {
        "accuracy": 0.8571428656578064,
        "precision": 0.5737704634666443,
        "recall": 1.0,
        "f1": 0.729166643784588
      },
      "S8": {
        "accuracy": 0.7428571581840515,
        "precision": 0.7857142686843872,
        "recall": 0.9428571462631226,
        "f1": 0.8571428484167933
      },
      "S9": {
        "accuracy": 0.6000000238418579,
        "precision": 0.5833333134651184,
        "recall": 1.0,
        "f1": 0.7368420894126151
      },
      "S10": {
        "accuracy": 0.7777777910232544,
        "precision": 0.5806451439857483,
        "recall": 1.0,
        "f1": 0.7346938636987121
      },
      "S11": {
        "accuracy": 0.5555555820465088,
        "precision": 0.6666666865348816,
        "recall": 0.8888888955116272,
        "f1": 0.7619047773127652
      },
      "S13": {
        "accuracy": 0.8611111044883728,
        "precision": 0.6101694703102112,
        "recall": 1.0,
        "f1": 0.7578947204764197
      },
      "S14": {
        "accuracy": 0.2777777910232544,
        "precision": 0.4137931168079376,
        "recall": 0.6666666865348816,
        "f1": 0.510638313873044
      },
      "S15": {
        "accuracy": 0.5833333134651184,
        "precision": 0.529411792755127,
        "recall": 1.0,
        "f1": 0.6923077162906258
      },
      "S16": {
        "accuracy": 0.3611111044883728,
        "precision": 0.4716981053352356,
        "recall": 0.6944444179534912,
        "f1": 0.5617977385568492
      },
      "S17": {
        "accuracy": 0.75,
        "precision": 0.7234042286872864,
        "recall": 0.9444444179534912,
        "f1": 0.8192770813871215
      },
      "average": {
        "accuracy": 0.6727917909622192,
        "precision": 0.6145847578843434,
        "recall": 0.9366044163703918,
        "f1": 0.7389206737816513
      }
    },
    "std": {
      "S2": {
        "accuracy": 0.0,
        "precision": 0.0,
        "recall": 0.0,
        "f1": 0.0
      },
      "S3": {
        "accuracy": 0.0,
        "precision": 0.0,
        "recall": 0.0,
        "f1": 0.0
      },
      "S4": {
        "accuracy": 0.0,
        "precision": 0.0,
        "recall": 0.0,
        "f1": 0.0
      },
      "S5": {
        "accuracy": 0.0,
        "precision": 0.0,
        "recall": 0.0,
        "f1": 0.0
      },
      "S6": {
        "accuracy": 0.0,
        "precision": 0.0,
        "recall": 0.0,
        "f1": 0.0
      },
      "S7": {
        "accuracy": 0.0,
        "precision": 0.0,
        "recall": 0.0,
        "f1": 0.0
      },
      "S8": {
        "accuracy": 0.0,
        "precision": 0.0,
        "recall": 0.0,
        "f1": 0.0
      },
      "S9": {
        "accuracy": 0.0,
        "precision": 0.0,
        "recall": 0.0,
        "f1": 0.0
      },
      "S10": {
        "accuracy": 0.0,
        "precision": 0.0,
        "recall": 0.0,
        "f1": 0.0
      },
      "S11": {
        "accuracy": 0.0,
        "precision": 0.0,
        "recall": 0.0,
        "f1": 0.0
      },
      "S13": {
        "accuracy": 0.0,
        "precision": 0.0,
        "recall": 0.0,
        "f1": 0.0
      },
      "S14": {
        "accuracy": 0.0,
        "precision": 0.0,
        "recall": 0.0,
        "f1": 0.0
      },
      "S15": {
        "accuracy": 0.0,
        "precision": 0.0,
        "recall": 0.0,
        "f1": 0.0
      },
      "S16": {
        "accuracy": 0.0,
        "precision": 0.0,
        "recall": 0.0,
        "f1": 0.0
      },
      "S17": {
        "accuracy": 0.0,
        "precision": 0.0,
        "recall": 0.0,
        "f1": 0.0
      },
      "average": {
        "accuracy": 0.0,
        "precision": 0.0,
        "recall": 0.0,
        "f1": 0.0
      }
    },
    "poor_ratio": 0.0
  }
}