{
  "real_subj_cnt": 15,
  "real_path": "stress_slurm/data/wesad_1hz.pickle",
  "sliding_windows": false,
  "syn_subj_cnt": 15,
  "gan_config": {
    "gan_mode": "CGAN",
    "name": "CGAN",
    "path": "stress_slurm/data/100_subj_cGAN.csv",
    "eps": null
  },
  "privacy_config": {
    "l2_norm_clip": 1.0,
    "eps": null,
    "num_unique_windows": null,
    "delta": null,
    "noise_multiplier": null
  },
  "train_config": {
    "nn_mode": "CNN",
    "epochs": 10,
    "batch_size": 50,
    "learning_rate": 0.001,
    "eval_mode": "LOSO",
    "random_seed": 42,
    "data_noise_parameter": null
  },
  "results": {
    "num_runs": 10,
    "mean": {
      "S2": {
        "accuracy": 0.9382352948188781,
        "precision": 0.9383091449737548,
        "recall": 0.9382352948188781,
        "f1": 0.9382321149782303
      },
      "S3": {
        "accuracy": 0.8794117569923401,
        "precision": 0.8717159032821655,
        "recall": 0.8794117629528045,
        "f1": 0.8754357021619837
      },
      "S4": {
        "accuracy": 0.9914285719394684,
        "precision": 0.9914285719394684,
        "recall": 0.9857142865657806,
        "f1": 0.9885300213901017
      },
      "S5": {
        "accuracy": 0.9914285719394684,
        "precision": 0.9914285719394684,
        "recall": 0.9914285719394684,
        "f1": 0.9914285719394684
      },
      "S6": {
        "accuracy": 0.9457142889499665,
        "precision": 0.9457142889499665,
        "recall": 0.9457142889499665,
        "f1": 0.9457142889499665
      },
      "S7": {
        "accuracy": 0.9142857193946838,
        "precision": 0.9140336155891419,
        "recall": 0.9114285767078399,
        "f1": 0.9127122190776829
      },
      "S8": {
        "accuracy": 0.9942857146263122,
        "precision": 0.9943650782108306,
        "recall": 0.9971428573131561,
        "f1": 0.99573440592787
      },
      "S9": {
        "accuracy": 0.9714285731315613,
        "precision": 0.9714285731315613,
        "recall": 0.9714285731315613,
        "f1": 0.9714285731315613
      },
      "S10": {
        "accuracy": 0.9972222208976745,
        "precision": 1.0,
        "recall": 0.9972222208976745,
        "f1": 0.9985915486147139
      },
      "S11": {
        "accuracy": 0.8333333194255829,
        "precision": 0.8389470398426055,
        "recall": 0.8388888835906982,
        "f1": 0.8387862379098234
      },
      "S13": {
        "accuracy": 0.9972222208976745,
        "precision": 0.9972222208976745,
        "recall": 0.9972222208976745,
        "f1": 0.9972222208976745
      },
      "S14": {
        "accuracy": 0.5055555582046509,
        "precision": 0.4996279180049896,
        "recall": 0.5222222298383713,
        "f1": 0.510548892102172
      },
      "S15": {
        "accuracy": 1.0,
        "precision": 1.0,
        "recall": 0.9972222208976745,
        "f1": 0.9985915486147139
      },
      "S16": {
        "accuracy": 0.9722222089767456,
        "precision": 0.9722222089767456,
        "recall": 0.9722222089767456,
        "f1": 0.9722222089767456
      },
      "S17": {
        "accuracy": 0.7305555522441864,
        "precision": 0.7317898392677307,
        "recall": 0.7361111104488373,
        "f1": 0.7338363945028143
      },
      "average": {
        "accuracy": 0.9108219714959462,
        "precision": 0.910548865000407,
        "recall": 0.9121076871951421,
        "f1": 0.9112676632783682
      }
    },
    "std": {
      "S2": {
        "accuracy": 0.009300825517504023,
        "precision": 0.008459540057479446,
        "recall": 0.009300825517504023,
        "f1": 0.006228157907822518
      },
      "S3": {
        "accuracy": 0.029247902850392925,
        "precision": 0.024582964491964596,
        "recall": 0.03236778033572885,
        "f1": 0.026768963450696195
      },
      "S4": {
        "accuracy": 0.01380131036422483,
        "precision": 0.01380131036422483,
        "recall": 0.015058464150866393,
        "f1": 0.013137964374463625
      },
      "S5": {
        "accuracy": 0.019284243356585254,
        "precision": 0.019284243356585254,
        "recall": 0.019284243356585254,
        "f1": 0.019284243356585254
      },
      "S6": {
        "accuracy": 0.009035078490519842,
        "precision": 0.009035078490519842,
        "recall": 0.009035078490519842,
        "f1": 0.009035078490519842
      },
      "S7": {
        "accuracy": 0.0,
        "precision": 0.0007972222323088693,
        "recall": 0.009035078490519838,
        "f1": 0.004975844900719765
      },
      "S8": {
        "accuracy": 0.012046771320693116,
        "precision": 0.01188093090128315,
        "recall": 0.009035078490519837,
        "f1": 0.00961911890102255
      },
      "S9": {
        "accuracy": 0.0,
        "precision": 0.0,
        "recall": 0.0,
        "f1": 0.0
      },
      "S10": {
        "accuracy": 0.008784108800166312,
        "precision": 0.0,
        "recall": 0.008784108800166312,
        "f1": 0.004453914351123661
      },
      "S11": {
        "accuracy": 0.013094562217007196,
        "precision": 0.010135092844709415,
        "recall": 0.021911396902203,
        "f1": 0.013051999786330792
      },
      "S13": {
        "accuracy": 0.008784108800166316,
        "precision": 0.008784108800166316,
        "recall": 0.008784108800166316,
        "f1": 0.008784108800166316
      },
      "S14": {
        "accuracy": 0.025526028379327506,
        "precision": 0.026930518171094986,
        "recall": 0.038844773627843616,
        "f1": 0.03209674106009666
      },
      "S15": {
        "accuracy": 0.0,
        "precision": 0.0,
        "recall": 0.008784108800166316,
        "f1": 0.004453914351123655
      },
      "S16": {
        "accuracy": 0.0,
        "precision": 0.0,
        "recall": 0.0,
        "f1": 0.0
      },
      "S17": {
        "accuracy": 0.054069652477910186,
        "precision": 0.04245577717228747,
        "recall": 0.05113594602472244,
        "f1": 0.04594163203663674
      },
      "average": {
        "accuracy": 0.0043566564284835355,
        "precision": 0.0035978296228805014,
        "recall": 0.005519120613553781,
        "f1": 0.004394873003541999
      }
    },
    "poor_ratio": 0.0
  }
}