{
  "real_subj_cnt": 15,
  "real_path": "stress_slurm/data/wesad_1hz.pickle",
  "sliding_windows": false,
  "syn_subj_cnt": 15,
  "gan_config": {
    "gan_mode": "DPCGAN-e-10",
    "name": "DP-CGAN \u03b5=10",
    "path": "stress_slurm/data/100_subj_DP-cGAN-e-10.csv",
    "eps": 10
  },
  "privacy_config": {
    "l2_norm_clip": 1.0,
    "eps": 10.0,
    "num_unique_windows": 530,
    "delta": 0.001,
    "noise_multiplier": 1.5811807604553576
  },
  "train_config": {
    "nn_mode": "Transformer",
    "epochs": 110,
    "batch_size": 50,
    "learning_rate": 0.0001,
    "eval_mode": "LOSO",
    "random_seed": 42,
    "data_noise_parameter": null
  },
  "results": {
    "num_runs": 10,
    "mean": {
      "S2": {
        "accuracy": 0.8235294222831726,
        "precision": 0.6486486196517944,
        "recall": 0.7058823704719543,
        "f1": 0.6760563303189382
      },
      "S3": {
        "accuracy": 0.6470588445663452,
        "precision": 0.604651153087616,
        "recall": 0.7647058963775635,
        "f1": 0.6753246747415972
      },
      "S4": {
        "accuracy": 0.800000011920929,
        "precision": 0.5737704634666443,
        "recall": 1.0,
        "f1": 0.729166643784588
      },
      "S5": {
        "accuracy": 0.7428571581840515,
        "precision": 0.604651153087616,
        "recall": 0.7428571581840515,
        "f1": 0.6666666669409811
      },
      "S6": {
        "accuracy": 0.6857143044471741,
        "precision": 0.6060606241226196,
        "recall": 0.5714285969734192,
        "f1": 0.5882353161600221
      },
      "S7": {
        "accuracy": 0.6571428775787354,
        "precision": 0.5769230723381042,
        "recall": 0.4285714328289032,
        "f1": 0.4918032798258344
      },
      "S8": {
        "accuracy": 0.8285714387893677,
        "precision": 0.5882353186607361,
        "recall": 0.8571428656578064,
        "f1": 0.6976744386877736
      },
      "S9": {
        "accuracy": 0.6000000238418579,
        "precision": 0.6666666865348816,
        "recall": 0.6857143044471741,
        "f1": 0.6760563573485399
      },
      "S10": {
        "accuracy": 0.8888888955116272,
        "precision": 0.7142857313156128,
        "recall": 0.8333333134651184,
        "f1": 0.7692307706415297
      },
      "S11": {
        "accuracy": 0.7222222089767456,
        "precision": 0.7333333492279053,
        "recall": 0.9166666865348816,
        "f1": 0.8148148324754503
      },
      "S13": {
        "accuracy": 0.7222222089767456,
        "precision": 0.7352941036224365,
        "recall": 0.6944444179534912,
        "f1": 0.7142856936552086
      },
      "S14": {
        "accuracy": 0.3888888955116272,
        "precision": 0.4054054021835327,
        "recall": 0.4166666567325592,
        "f1": 0.41095889762231297
      },
      "S15": {
        "accuracy": 0.7222222089767456,
        "precision": 0.46666666865348816,
        "recall": 0.3888888955116272,
        "f1": 0.4242424290042278
      },
      "S16": {
        "accuracy": 0.6944444179534912,
        "precision": 0.5897436141967773,
        "recall": 0.6388888955116272,
        "f1": 0.6133333496093748
      },
      "S17": {
        "accuracy": 0.8611111044883728,
        "precision": 0.5740740895271301,
        "recall": 0.8611111044883728,
        "f1": 0.6888888978958128
      },
      "average": {
        "accuracy": 0.7189916014671326,
        "precision": 0.605894003311793,
        "recall": 0.7004201730092366,
        "f1": 0.6424492385808128
      }
    },
    "std": {
      "S2": {
        "accuracy": 0.0,
        "precision": 0.0,
        "recall": 0.0,
        "f1": 0.0
      },
      "S3": {
        "accuracy": 0.0,
        "precision": 0.0,
        "recall": 0.0,
        "f1": 0.0
      },
      "S4": {
        "accuracy": 0.0,
        "precision": 0.0,
        "recall": 0.0,
        "f1": 0.0
      },
      "S5": {
        "accuracy": 0.0,
        "precision": 0.0,
        "recall": 0.0,
        "f1": 0.0
      },
      "S6": {
        "accuracy": 0.0,
        "precision": 0.0,
        "recall": 0.0,
        "f1": 0.0
      },
      "S7": {
        "accuracy": 0.0,
        "precision": 0.0,
        "recall": 0.0,
        "f1": 0.0
      },
      "S8": {
        "accuracy": 0.0,
        "precision": 0.0,
        "recall": 0.0,
        "f1": 0.0
      },
      "S9": {
        "accuracy": 0.0,
        "precision": 0.0,
        "recall": 0.0,
        "f1": 0.0
      },
      "S10": {
        "accuracy": 0.0,
        "precision": 0.0,
        "recall": 0.0,
        "f1": 0.0
      },
      "S11": {
        "accuracy": 0.0,
        "precision": 0.0,
        "recall": 0.0,
        "f1": 0.0
      },
      "S13": {
        "accuracy": 0.0,
        "precision": 0.0,
        "recall": 0.0,
        "f1": 0.0
      },
      "S14": {
        "accuracy": 0.0,
        "precision": 0.0,
        "recall": 0.0,
        "f1": 0.0
      },
      "S15": {
        "accuracy": 0.0,
        "precision": 0.0,
        "recall": 0.0,
        "f1": 0.0
      },
      "S16": {
        "accuracy": 0.0,
        "precision": 0.0,
        "recall": 0.0,
        "f1": 0.0
      },
      "S17": {
        "accuracy": 0.0,
        "precision": 0.0,
        "recall": 0.0,
        "f1": 0.0
      },
      "average": {
        "accuracy": 0.0,
        "precision": 0.0,
        "recall": 0.0,
        "f1": 0.0
      }
    },
    "poor_ratio": 0.0
  }
}