{
  "real_subj_cnt": 15,
  "real_path": "stress_slurm/data/wesad_1hz.pickle",
  "sliding_windows": false,
  "syn_subj_cnt": 15,
  "gan_config": {
    "gan_mode": "DPCGAN-e-1",
    "name": "DP-CGAN \u03b5=1",
    "path": "stress_slurm/data/100_subj_DP-cGAN-e-1.csv",
    "eps": 1
  },
  "privacy_config": {
    "l2_norm_clip": 1.0,
    "eps": 1.0,
    "num_unique_windows": 530,
    "delta": 0.001,
    "noise_multiplier": 9.411744882229419
  },
  "train_config": {
    "nn_mode": "Transformer",
    "epochs": 110,
    "batch_size": 50,
    "learning_rate": 0.0001,
    "eval_mode": "LOSO",
    "random_seed": 42,
    "data_noise_parameter": null
  },
  "results": {
    "num_runs": 10,
    "mean": {
      "S2": {
        "accuracy": 0.7058823704719543,
        "precision": 0.7058823704719543,
        "recall": 0.7058823704719543,
        "f1": 0.7058823704719543
      },
      "S3": {
        "accuracy": 0.6764705777168274,
        "precision": 0.6458333134651184,
        "recall": 0.9117646813392639,
        "f1": 0.7560975389208274
      },
      "S4": {
        "accuracy": 0.3142857253551483,
        "precision": 0.49056604504585266,
        "recall": 0.7428571581840515,
        "f1": 0.5909091010612767
      },
      "S5": {
        "accuracy": 0.7714285850524902,
        "precision": 0.6842105388641357,
        "recall": 0.7428571581840515,
        "f1": 0.7123287809702665
      },
      "S6": {
        "accuracy": 0.7142857313156128,
        "precision": 0.6944444179534912,
        "recall": 0.7142857313156128,
        "f1": 0.7042253467682399
      },
      "S7": {
        "accuracy": 0.6857143044471741,
        "precision": 0.625,
        "recall": 0.5714285969734192,
        "f1": 0.5970149393149645
      },
      "S8": {
        "accuracy": 0.6000000238418579,
        "precision": 0.6041666865348816,
        "recall": 0.8285714387893677,
        "f1": 0.6987951976464922
      },
      "S9": {
        "accuracy": 0.7142857313156128,
        "precision": 0.6944444179534912,
        "recall": 0.7142857313156128,
        "f1": 0.7042253467682399
      },
      "S10": {
        "accuracy": 0.75,
        "precision": 0.6521739363670349,
        "recall": 0.8333333134651184,
        "f1": 0.7317073240938242
      },
      "S11": {
        "accuracy": 0.6944444179534912,
        "precision": 0.7083333134651184,
        "recall": 0.9444444179534912,
        "f1": 0.8095237868172782
      },
      "S13": {
        "accuracy": 0.7222222089767456,
        "precision": 0.6842105388641357,
        "recall": 0.7222222089767456,
        "f1": 0.702702703051013
      },
      "S14": {
        "accuracy": 0.6666666865348816,
        "precision": 0.5135135054588318,
        "recall": 0.5277777910232544,
        "f1": 0.5205479475095808
      },
      "S15": {
        "accuracy": 0.7222222089767456,
        "precision": 0.6052631735801697,
        "recall": 0.6388888955116272,
        "f1": 0.6216216330287925
      },
      "S16": {
        "accuracy": 0.8611111044883728,
        "precision": 0.8333333134651184,
        "recall": 0.8333333134651184,
        "f1": 0.8333333134651184
      },
      "S17": {
        "accuracy": 0.6388888955116272,
        "precision": 0.4909090995788574,
        "recall": 0.75,
        "f1": 0.5934065997406216
      },
      "average": {
        "accuracy": 0.6825272381305695,
        "precision": 0.6421523114045461,
        "recall": 0.7454621871312459,
        "f1": 0.6854881286418995
      }
    },
    "std": {
      "S2": {
        "accuracy": 0.0,
        "precision": 0.0,
        "recall": 0.0,
        "f1": 0.0
      },
      "S3": {
        "accuracy": 0.0,
        "precision": 0.0,
        "recall": 0.0,
        "f1": 0.0
      },
      "S4": {
        "accuracy": 0.0,
        "precision": 0.0,
        "recall": 0.0,
        "f1": 0.0
      },
      "S5": {
        "accuracy": 0.0,
        "precision": 0.0,
        "recall": 0.0,
        "f1": 0.0
      },
      "S6": {
        "accuracy": 0.0,
        "precision": 0.0,
        "recall": 0.0,
        "f1": 0.0
      },
      "S7": {
        "accuracy": 0.0,
        "precision": 0.0,
        "recall": 0.0,
        "f1": 0.0
      },
      "S8": {
        "accuracy": 0.0,
        "precision": 0.0,
        "recall": 0.0,
        "f1": 0.0
      },
      "S9": {
        "accuracy": 0.0,
        "precision": 0.0,
        "recall": 0.0,
        "f1": 0.0
      },
      "S10": {
        "accuracy": 0.0,
        "precision": 0.0,
        "recall": 0.0,
        "f1": 0.0
      },
      "S11": {
        "accuracy": 0.0,
        "precision": 0.0,
        "recall": 0.0,
        "f1": 0.0
      },
      "S13": {
        "accuracy": 0.0,
        "precision": 0.0,
        "recall": 0.0,
        "f1": 0.0
      },
      "S14": {
        "accuracy": 0.0,
        "precision": 0.0,
        "recall": 0.0,
        "f1": 0.0
      },
      "S15": {
        "accuracy": 0.0,
        "precision": 0.0,
        "recall": 0.0,
        "f1": 0.0
      },
      "S16": {
        "accuracy": 0.0,
        "precision": 0.0,
        "recall": 0.0,
        "f1": 0.0
      },
      "S17": {
        "accuracy": 0.0,
        "precision": 0.0,
        "recall": 0.0,
        "f1": 0.0
      },
      "average": {
        "accuracy": 0.0,
        "precision": 0.0,
        "recall": 0.0,
        "f1": 0.0
      }
    },
    "poor_ratio": 0.0
  }
}