{
  "real_subj_cnt": 15,
  "real_path": "stress_slurm/data/wesad_1hz.pickle",
  "sliding_windows": false,
  "syn_subj_cnt": 15,
  "gan_config": {
    "gan_mode": "DPCGAN-e-0.1",
    "name": "DP-CGAN \u03b5=0.1",
    "path": "stress_slurm/data/100_subj_DP-cGAN-e-0.1.csv",
    "eps": 0.1
  },
  "privacy_config": {
    "l2_norm_clip": 1.0,
    "eps": 0.1,
    "num_unique_windows": 530,
    "delta": 0.001,
    "noise_multiplier": 66.28937346300879
  },
  "train_config": {
    "nn_mode": "Transformer",
    "epochs": 110,
    "batch_size": 50,
    "learning_rate": 0.0001,
    "eval_mode": "LOSO",
    "random_seed": 42,
    "data_noise_parameter": null
  },
  "results": {
    "num_runs": 10,
    "mean": {
      "S2": {
        "accuracy": 0.7058823704719543,
        "precision": 0.7058823704719543,
        "recall": 0.7058823704719543,
        "f1": 0.7058823704719543
      },
      "S3": {
        "accuracy": 0.6764705777168274,
        "precision": 0.6458333134651184,
        "recall": 0.9117646813392639,
        "f1": 0.7560975389208274
      },
      "S4": {
        "accuracy": 0.3142857253551483,
        "precision": 0.49056604504585266,
        "recall": 0.7428571581840515,
        "f1": 0.5909091010612767
      },
      "S5": {
        "accuracy": 0.7714285850524902,
        "precision": 0.7027027010917664,
        "recall": 0.7428571581840515,
        "f1": 0.7222222286150043
      },
      "S6": {
        "accuracy": 0.7142857313156128,
        "precision": 0.6944444179534912,
        "recall": 0.7142857313156128,
        "f1": 0.7042253467682399
      },
      "S7": {
        "accuracy": 0.6857143044471741,
        "precision": 0.6764705777168274,
        "recall": 0.6571428775787354,
        "f1": 0.6666666720750273
      },
      "S8": {
        "accuracy": 0.6000000238418579,
        "precision": 0.5833333134651184,
        "recall": 0.800000011920929,
        "f1": 0.6746987861305761
      },
      "S9": {
        "accuracy": 0.7142857313156128,
        "precision": 0.7142857313156128,
        "recall": 0.7142857313156128,
        "f1": 0.7142857313156128
      },
      "S10": {
        "accuracy": 0.75,
        "precision": 0.644444465637207,
        "recall": 0.8055555820465088,
        "f1": 0.7160494062635634
      },
      "S11": {
        "accuracy": 0.6944444179534912,
        "precision": 0.717391312122345,
        "recall": 0.9166666865348816,
        "f1": 0.8048780613325665
      },
      "S13": {
        "accuracy": 0.7222222089767456,
        "precision": 0.7027027010917664,
        "recall": 0.7222222089767456,
        "f1": 0.7123287598530645
      },
      "S14": {
        "accuracy": 0.6944444179534912,
        "precision": 0.4871794879436493,
        "recall": 0.5277777910232544,
        "f1": 0.506666673183441
      },
      "S15": {
        "accuracy": 0.7222222089767456,
        "precision": 0.6153846383094788,
        "recall": 0.6666666865348816,
        "f1": 0.6400000215530396
      },
      "S16": {
        "accuracy": 0.8333333134651184,
        "precision": 0.8333333134651184,
        "recall": 0.8333333134651184,
        "f1": 0.8333333134651184
      },
      "S17": {
        "accuracy": 0.6388888955116272,
        "precision": 0.5,
        "recall": 0.75,
        "f1": 0.6
      },
      "average": {
        "accuracy": 0.6825272341569265,
        "precision": 0.6475969592730204,
        "recall": 0.7474198659261068,
        "f1": 0.6898829340672873
      }
    },
    "std": {
      "S2": {
        "accuracy": 0.0,
        "precision": 0.0,
        "recall": 0.0,
        "f1": 0.0
      },
      "S3": {
        "accuracy": 0.0,
        "precision": 0.0,
        "recall": 0.0,
        "f1": 0.0
      },
      "S4": {
        "accuracy": 0.0,
        "precision": 0.0,
        "recall": 0.0,
        "f1": 0.0
      },
      "S5": {
        "accuracy": 0.0,
        "precision": 0.0,
        "recall": 0.0,
        "f1": 0.0
      },
      "S6": {
        "accuracy": 0.0,
        "precision": 0.0,
        "recall": 0.0,
        "f1": 0.0
      },
      "S7": {
        "accuracy": 0.0,
        "precision": 0.0,
        "recall": 0.0,
        "f1": 0.0
      },
      "S8": {
        "accuracy": 0.0,
        "precision": 0.0,
        "recall": 0.0,
        "f1": 0.0
      },
      "S9": {
        "accuracy": 0.0,
        "precision": 0.0,
        "recall": 0.0,
        "f1": 0.0
      },
      "S10": {
        "accuracy": 0.0,
        "precision": 0.0,
        "recall": 0.0,
        "f1": 0.0
      },
      "S11": {
        "accuracy": 0.0,
        "precision": 0.0,
        "recall": 0.0,
        "f1": 0.0
      },
      "S13": {
        "accuracy": 0.0,
        "precision": 0.0,
        "recall": 0.0,
        "f1": 0.0
      },
      "S14": {
        "accuracy": 0.0,
        "precision": 0.0,
        "recall": 0.0,
        "f1": 0.0
      },
      "S15": {
        "accuracy": 0.0,
        "precision": 0.0,
        "recall": 0.0,
        "f1": 0.0
      },
      "S16": {
        "accuracy": 0.0,
        "precision": 0.0,
        "recall": 0.0,
        "f1": 0.0
      },
      "S17": {
        "accuracy": 0.0,
        "precision": 0.0,
        "recall": 0.0,
        "f1": 0.0
      },
      "average": {
        "accuracy": 0.0,
        "precision": 0.0,
        "recall": 0.0,
        "f1": 0.0
      }
    },
    "poor_ratio": 0.0
  }
}