{
  "real_subj_cnt": 15,
  "real_path": "stress_slurm/data/wesad_1hz.pickle",
  "sliding_windows": false,
  "syn_subj_cnt": 5,
  "gan_config": {
    "gan_mode": "DPCGAN-e-1",
    "path": "stress_slurm/data/100_subj_DP-cGAN-e-1.csv",
    "eps": 1
  },
  "privacy_config": {
    "l2_norm_clip": 1.0,
    "eps": null,
    "num_unique_windows": null,
    "delta": null,
    "noise_multiplier": null
  },
  "train_config": {
    "nn_mode": "CNN-LSTM",
    "epochs": 20,
    "batch_size": 50,
    "learning_rate": 0.001,
    "eval_mode": "TSTR",
    "random_seed": 42,
    "data_noise_parameter": null
  },
  "results": {
    "num_runs": 10,
    "mean": {
      "S2": {
        "accuracy": 0.6676470756530761,
        "precision": 0.6676470756530761,
        "recall": 0.6676470756530761,
        "f1": 0.6676470756530761
      },
      "S3": {
        "accuracy": 0.6823529303073883,
        "precision": 0.6806985199451446,
        "recall": 0.6764705777168274,
        "f1": 0.6785204890838339
      },
      "S4": {
        "accuracy": 0.7514285862445831,
        "precision": 0.756450229883194,
        "recall": 0.7514285862445831,
        "f1": 0.7538655603839451
      },
      "S5": {
        "accuracy": 0.731428587436676,
        "precision": 0.731428587436676,
        "recall": 0.731428587436676,
        "f1": 0.731428587436676
      },
      "S6": {
        "accuracy": 0.6971428751945495,
        "precision": 0.6959821581840515,
        "recall": 0.6914285868406296,
        "f1": 0.6936034268872407
      },
      "S7": {
        "accuracy": 0.7428571581840515,
        "precision": 0.7428571581840515,
        "recall": 0.7428571581840515,
        "f1": 0.7428571581840515
      },
      "S8": {
        "accuracy": 0.7285714447498322,
        "precision": 0.7303361475467682,
        "recall": 0.7285714447498322,
        "f1": 0.7294410084694078
      },
      "S9": {
        "accuracy": 0.6600000157952308,
        "precision": 0.6610389769077301,
        "recall": 0.6600000157952308,
        "f1": 0.6605042175109463
      },
      "S10": {
        "accuracy": 0.705555546283722,
        "precision": 0.705555546283722,
        "recall": 0.705555546283722,
        "f1": 0.705555546283722
      },
      "S11": {
        "accuracy": 0.6694444209337235,
        "precision": 0.6694444209337235,
        "recall": 0.6694444209337235,
        "f1": 0.6694444209337235
      },
      "S13": {
        "accuracy": 0.6722222104668617,
        "precision": 0.6728571310639382,
        "recall": 0.6722222104668617,
        "f1": 0.6725351994938851
      },
      "S14": {
        "accuracy": 0.6972221970558167,
        "precision": 0.6972221970558167,
        "recall": 0.6972221970558167,
        "f1": 0.6972221970558167
      },
      "S15": {
        "accuracy": 0.7222222089767456,
        "precision": 0.7222222089767456,
        "recall": 0.7222222089767456,
        "f1": 0.7222222089767456
      },
      "S16": {
        "accuracy": 0.6722221970558167,
        "precision": 0.6722221970558167,
        "recall": 0.6722221970558167,
        "f1": 0.6722221970558167
      },
      "S17": {
        "accuracy": 0.7222222089767456,
        "precision": 0.7222222089767456,
        "recall": 0.7222222089767456,
        "f1": 0.7222222089767456
      },
      "average": {
        "accuracy": 0.701502644220988,
        "precision": 0.70187898427248,
        "recall": 0.7007295348246891,
        "f1": 0.7012861001590421
      }
    },
    "std": {
      "S2": {
        "accuracy": 0.12091061863569025,
        "precision": 0.12091061863569025,
        "recall": 0.12091061863569025,
        "f1": 0.12091061863569025
      },
      "S3": {
        "accuracy": 0.01860163218636437,
        "precision": 0.013369927257090186,
        "recall": 0.0,
        "f1": 0.006482388921209978
      },
      "S4": {
        "accuracy": 0.027105235471559505,
        "precision": 0.04298506696726522,
        "recall": 0.027105235471559505,
        "f1": 0.03481162435087218
      },
      "S5": {
        "accuracy": 0.03614031396207935,
        "precision": 0.03614031396207935,
        "recall": 0.03614031396207935,
        "f1": 0.03614031396207935
      },
      "S6": {
        "accuracy": 0.05421047094311902,
        "precision": 0.05788098041519442,
        "recall": 0.0722806373484805,
        "f1": 0.0654031892546426
      },
      "S7": {
        "accuracy": 0.0,
        "precision": 0.0,
        "recall": 0.0,
        "f1": 0.0
      },
      "S8": {
        "accuracy": 0.04517539245259919,
        "precision": 0.0395949122210117,
        "recall": 0.04517539245259919,
        "f1": 0.0424255905280919
      },
      "S9": {
        "accuracy": 0.17166650545635964,
        "precision": 0.1683810219405196,
        "recall": 0.17166650545635964,
        "f1": 0.17007207963453425
      },
      "S10": {
        "accuracy": 0.05270461510371054,
        "precision": 0.05270461510371054,
        "recall": 0.05270461510371054,
        "f1": 0.05270461510371054
      },
      "S11": {
        "accuracy": 0.07905693207988765,
        "precision": 0.07905693207988765,
        "recall": 0.07905693207988765,
        "f1": 0.07905693207988765
      },
      "S13": {
        "accuracy": 0.15811387829625806,
        "precision": 0.15610608307614254,
        "recall": 0.15811387829625806,
        "f1": 0.15712412008822407
      },
      "S14": {
        "accuracy": 0.008784108800166307,
        "precision": 0.008784108800166307,
        "recall": 0.008784108800166307,
        "f1": 0.008784108800166307
      },
      "S15": {
        "accuracy": 0.0,
        "precision": 0.0,
        "recall": 0.0,
        "f1": 0.0
      },
      "S16": {
        "accuracy": 0.07027283270404316,
        "precision": 0.07027283270404316,
        "recall": 0.07027283270404316,
        "f1": 0.07027283270404316
      },
      "S17": {
        "accuracy": 0.0,
        "precision": 0.0,
        "recall": 0.0,
        "f1": 0.0
      },
      "average": {
        "accuracy": 0.048917372211710414,
        "precision": 0.0477272804742505,
        "recall": 0.05136215878449217,
        "f1": 0.049602144661243706
      }
    },
    "poor_ratio": 0.0
  }
}