{
  "real_subj_cnt": 15,
  "real_path": "stress_slurm/data/wesad_1hz.pickle",
  "sliding_windows": false,
  "syn_subj_cnt": 15,
  "gan_config": {
    "gan_mode": "DPCGAN-e-10",
    "path": "stress_slurm/data/100_subj_DP-cGAN-e-10.csv",
    "eps": 10
  },
  "privacy_config": {
    "l2_norm_clip": 1.0,
    "eps": null,
    "num_unique_windows": null,
    "delta": null,
    "noise_multiplier": null
  },
  "train_config": {
    "nn_mode": "CNN-LSTM",
    "epochs": 20,
    "batch_size": 50,
    "learning_rate": 0.001,
    "eval_mode": "TSTR",
    "random_seed": 42,
    "data_noise_parameter": null
  },
  "results": {
    "num_runs": 10,
    "mean": {
      "S2": {
        "accuracy": 0.5852941155433655,
        "precision": 0.5852941155433655,
        "recall": 0.5852941155433655,
        "f1": 0.5852941155433655
      },
      "S3": {
        "accuracy": 0.38529412597417834,
        "precision": 0.38529412597417834,
        "recall": 0.38529412597417834,
        "f1": 0.38529412597417834
      },
      "S4": {
        "accuracy": 0.39428572356700897,
        "precision": 0.39428572356700897,
        "recall": 0.39428572356700897,
        "f1": 0.39428572356700897
      },
      "S5": {
        "accuracy": 0.4257142931222916,
        "precision": 0.4257142931222916,
        "recall": 0.4257142931222916,
        "f1": 0.4257142931222916
      },
      "S6": {
        "accuracy": 0.4485714346170425,
        "precision": 0.4485714346170425,
        "recall": 0.4485714346170425,
        "f1": 0.4485714346170425
      },
      "S7": {
        "accuracy": 0.17428571879863738,
        "precision": 0.17193277776241303,
        "recall": 0.17142857611179352,
        "f1": 0.17167702330226683
      },
      "S8": {
        "accuracy": 0.4085714340209961,
        "precision": 0.40957983732223513,
        "recall": 0.4085714340209961,
        "f1": 0.4090683284019427
      },
      "S9": {
        "accuracy": 0.6342857241630554,
        "precision": 0.6386631101369857,
        "recall": 0.6342857241630554,
        "f1": 0.6364194465856419
      },
      "S10": {
        "accuracy": 0.5194444447755814,
        "precision": 0.5203389078378677,
        "recall": 0.5222222238779068,
        "f1": 0.5212500263195377
      },
      "S11": {
        "accuracy": 0.5694444477558136,
        "precision": 0.5679429411888123,
        "recall": 0.5694444477558136,
        "f1": 0.5686834101460846
      },
      "S13": {
        "accuracy": 0.6000000029802323,
        "precision": 0.5992063552141189,
        "recall": 0.5972222238779068,
        "f1": 0.5982003167593817
      },
      "S14": {
        "accuracy": 0.30833334028720855,
        "precision": 0.3100600689649582,
        "recall": 0.311111119389534,
        "f1": 0.3105783952062093
      },
      "S15": {
        "accuracy": 0.36388889849185946,
        "precision": 0.36214286684989927,
        "recall": 0.361111119389534,
        "f1": 0.3616197272824806
      },
      "S16": {
        "accuracy": 0.6222222149372101,
        "precision": 0.6202702641487121,
        "recall": 0.6222222149372101,
        "f1": 0.621232870024842
      },
      "S17": {
        "accuracy": 0.3000000029802322,
        "precision": 0.3000000029802322,
        "recall": 0.3000000029802322,
        "f1": 0.3000000029802322
      },
      "average": {
        "accuracy": 0.44930906146764754,
        "precision": 0.4492864550153414,
        "recall": 0.44911858528852466,
        "f1": 0.44919261598883375
      }
    },
    "std": {
      "S2": {
        "accuracy": 0.12741325990385766,
        "precision": 0.12741325990385766,
        "recall": 0.12741325990385766,
        "f1": 0.12741325990385766
      },
      "S3": {
        "accuracy": 0.17780000675952598,
        "precision": 0.17780000675952598,
        "recall": 0.17780000675952598,
        "f1": 0.17780000675952598
      },
      "S4": {
        "accuracy": 0.06288599883419926,
        "precision": 0.06288599883419926,
        "recall": 0.06288599883419926,
        "f1": 0.06288599883419926
      },
      "S5": {
        "accuracy": 0.06794689580280411,
        "precision": 0.06794689580280411,
        "recall": 0.06794689580280411,
        "f1": 0.06794689580280411
      },
      "S6": {
        "accuracy": 0.0700501941977702,
        "precision": 0.0700501941977702,
        "recall": 0.0700501941977702,
        "f1": 0.0700501941977702
      },
      "S7": {
        "accuracy": 0.016218462238948454,
        "precision": 0.013562745559480833,
        "recall": 0.013468699791232362,
        "f1": 0.013491594943922817
      },
      "S8": {
        "accuracy": 0.05048517139351034,
        "precision": 0.04910867964835561,
        "recall": 0.05048517139351034,
        "f1": 0.04978613482860795
      },
      "S9": {
        "accuracy": 0.18555548975898292,
        "precision": 0.18201029755389606,
        "recall": 0.18555548975898292,
        "f1": 0.18376122771396455
      },
      "S10": {
        "accuracy": 0.10397616691549123,
        "precision": 0.1047127069288853,
        "recall": 0.10782168441331884,
        "f1": 0.10618751569209987
      },
      "S11": {
        "accuracy": 0.1113038428911927,
        "precision": 0.1116128728238357,
        "recall": 0.1113038428911927,
        "f1": 0.11143529961684233
      },
      "S13": {
        "accuracy": 0.13107657564705322,
        "precision": 0.1302758950351764,
        "recall": 0.12846700288132482,
        "f1": 0.12932383302493783
      },
      "S14": {
        "accuracy": 0.030569577137373006,
        "precision": 0.034158929645090236,
        "recall": 0.036571142134578224,
        "f1": 0.03533002412637714
      },
      "S15": {
        "accuracy": 0.062043947222603965,
        "precision": 0.06150557621537549,
        "recall": 0.06141897843118711,
        "f1": 0.06144003348449949
      },
      "S16": {
        "accuracy": 0.08606628717747787,
        "precision": 0.0837361337254674,
        "recall": 0.08606628717747787,
        "f1": 0.08483713461807889
      },
      "S17": {
        "accuracy": 0.052049880449902095,
        "precision": 0.052049880449902095,
        "recall": 0.052049880449902095,
        "f1": 0.052049880449902095
      },
      "average": {
        "accuracy": 0.08099630772780265,
        "precision": 0.0806354204468771,
        "recall": 0.08104710998772187,
        "f1": 0.08083603519331756
      }
    },
    "poor_ratio": 0.0
  }
}