{
  "real_subj_cnt": 15,
  "real_path": "stress_slurm/data/wesad_1hz.pickle",
  "sliding_windows": false,
  "syn_subj_cnt": 30,
  "gan_config": {
    "gan_mode": "CGAN",
    "path": "stress_slurm/data/100_subj_cGAN.csv",
    "eps": null
  },
  "privacy_config": {
    "l2_norm_clip": 1.0,
    "eps": null,
    "num_unique_windows": null,
    "delta": null,
    "noise_multiplier": null
  },
  "train_config": {
    "nn_mode": "CNN-LSTM",
    "epochs": 20,
    "batch_size": 50,
    "learning_rate": 0.001,
    "eval_mode": "TSTR",
    "random_seed": 42
  },
  "results": {
    "num_runs": 10,
    "mean": {
      "S2": {
        "accuracy": 0.9470588147640229,
        "precision": 0.9470588147640229,
        "recall": 0.9470588147640229,
        "f1": 0.9470588147640229
      },
      "S3": {
        "accuracy": 0.7382352948188782,
        "precision": 0.7374331593513489,
        "recall": 0.73529412150383,
        "f1": 0.7363476774559226
      },
      "S4": {
        "accuracy": 0.9428571462631226,
        "precision": 0.938015878200531,
        "recall": 0.9428571462631226,
        "f1": 0.9404024188077725
      },
      "S5": {
        "accuracy": 0.9742857158184052,
        "precision": 0.9742857158184052,
        "recall": 0.9742857158184052,
        "f1": 0.9742857158184052
      },
      "S6": {
        "accuracy": 0.9714285731315613,
        "precision": 0.9714285731315613,
        "recall": 0.9714285731315613,
        "f1": 0.9714285731315613
      },
      "S7": {
        "accuracy": 0.9171428620815277,
        "precision": 0.9171428620815277,
        "recall": 0.9171428620815277,
        "f1": 0.9171428620815277
      },
      "S8": {
        "accuracy": 0.9600000023841858,
        "precision": 0.959915965795517,
        "recall": 0.9571428596973419,
        "f1": 0.9585093177972384
      },
      "S9": {
        "accuracy": 0.9714285731315613,
        "precision": 0.9714285731315613,
        "recall": 0.9714285731315613,
        "f1": 0.9714285731315613
      },
      "S10": {
        "accuracy": 0.9916666626930237,
        "precision": 0.9916666626930237,
        "recall": 0.9916666626930237,
        "f1": 0.9916666626930237
      },
      "S11": {
        "accuracy": 0.9,
        "precision": 0.902619045972824,
        "recall": 0.9,
        "f1": 0.9012910790125119
      },
      "S13": {
        "accuracy": 0.9611110985279083,
        "precision": 0.9611110985279083,
        "recall": 0.9611110985279083,
        "f1": 0.9611110985279083
      },
      "S14": {
        "accuracy": 0.6805555522441864,
        "precision": 0.677492493391037,
        "recall": 0.6777777731418609,
        "f1": 0.6776100265976038
      },
      "S15": {
        "accuracy": 0.9972222208976745,
        "precision": 0.9972222208976745,
        "recall": 0.9972222208976745,
        "f1": 0.9972222208976745
      },
      "S16": {
        "accuracy": 0.9611110925674439,
        "precision": 0.9611110925674439,
        "recall": 0.9611110925674439,
        "f1": 0.9611110925674439
      },
      "S17": {
        "accuracy": 0.8138888955116272,
        "precision": 0.8115615665912628,
        "recall": 0.8138888955116272,
        "f1": 0.8127092904312164
      },
      "average": {
        "accuracy": 0.9151995003223419,
        "precision": 0.9146329148610434,
        "recall": 0.9146277606487274,
        "f1": 0.9146216949143596
      }
    },
    "std": {
      "S2": {
        "accuracy": 0.01860162590348845,
        "precision": 0.01860162590348845,
        "recall": 0.01860162590348845,
        "f1": 0.01860162590348845
      },
      "S3": {
        "accuracy": 0.04482012259971817,
        "precision": 0.04495019849410761,
        "recall": 0.045984473964512246,
        "f1": 0.0453520871967215
      },
      "S4": {
        "accuracy": 0.07737178971814797,
        "precision": 0.08244333994251159,
        "recall": 0.07737178971814797,
        "f1": 0.07981917883094039
      },
      "S5": {
        "accuracy": 0.016218462238948454,
        "precision": 0.016218462238948454,
        "recall": 0.016218462238948454,
        "f1": 0.016218462238948454
      },
      "S6": {
        "accuracy": 0.0,
        "precision": 0.0,
        "recall": 0.0,
        "f1": 0.0
      },
      "S7": {
        "accuracy": 0.02501699953089663,
        "precision": 0.02501699953089663,
        "recall": 0.02501699953089663,
        "f1": 0.02501699953089663
      },
      "S8": {
        "accuracy": 0.03353679202325894,
        "precision": 0.03350601107639524,
        "recall": 0.03367174947808091,
        "f1": 0.033302840279307425
      },
      "S9": {
        "accuracy": 0.0,
        "precision": 0.0,
        "recall": 0.0,
        "f1": 0.0
      },
      "S10": {
        "accuracy": 0.01874857998753069,
        "precision": 0.01874857998753069,
        "recall": 0.01874857998753069,
        "f1": 0.01874857998753069
      },
      "S11": {
        "accuracy": 0.043822816473202984,
        "precision": 0.0456731330220943,
        "recall": 0.043822816473202984,
        "f1": 0.04455250713502948
      },
      "S13": {
        "accuracy": 0.04382281899195673,
        "precision": 0.04382281899195673,
        "recall": 0.04382281899195673,
        "f1": 0.04382281899195673
      },
      "S14": {
        "accuracy": 0.03982557352436903,
        "precision": 0.04027945604620315,
        "recall": 0.045737364473207656,
        "f1": 0.042896430965885024
      },
      "S15": {
        "accuracy": 0.008784108800166309,
        "precision": 0.008784108800166309,
        "recall": 0.008784108800166309,
        "f1": 0.008784108800166309
      },
      "S16": {
        "accuracy": 0.01434438960366589,
        "precision": 0.01434438960366589,
        "recall": 0.01434438960366589,
        "f1": 0.01434438960366589
      },
      "S17": {
        "accuracy": 0.04352836392306167,
        "precision": 0.0412874951892026,
        "recall": 0.04352836392306167,
        "f1": 0.042247455114859354
      },
      "average": {
        "accuracy": 0.011638250049891252,
        "precision": 0.011689139183870954,
        "recall": 0.011754779228433503,
        "f1": 0.011677879922282385
      }
    },
    "poor_ratio": 0.0
  }
}