{
  "real_subj_cnt": 15,
  "real_path": "stress_slurm/data/wesad_1hz.pickle",
  "sliding_windows": false,
  "syn_subj_cnt": 1,
  "gan_config": {
    "gan_mode": "CGAN",
    "path": "stress_slurm/data/100_subj_cGAN.csv",
    "eps": null
  },
  "privacy_config": {
    "l2_norm_clip": 1.0,
    "eps": null,
    "num_unique_windows": null,
    "delta": null,
    "noise_multiplier": null
  },
  "train_config": {
    "nn_mode": "CNN-LSTM",
    "epochs": 20,
    "batch_size": 50,
    "learning_rate": 0.001,
    "eval_mode": "TSTR",
    "random_seed": 42
  },
  "results": {
    "num_runs": 10,
    "mean": {
      "S2": {
        "accuracy": 0.5323529513552785,
        "precision": 0.5794978752732277,
        "recall": 0.5117647141218186,
        "f1": 0.5210042805890527
      },
      "S3": {
        "accuracy": 0.6264705836772919,
        "precision": 0.662488853931427,
        "recall": 0.4558823525905609,
        "f1": 0.5007576088161707
      },
      "S4": {
        "accuracy": 0.654285728931427,
        "precision": 0.7610612154006958,
        "recall": 0.4885714428499341,
        "f1": 0.5324490050193477
      },
      "S5": {
        "accuracy": 0.5371428705751896,
        "precision": 0.5658641457557678,
        "recall": 0.4628571532666683,
        "f1": 0.4713626662667213
      },
      "S6": {
        "accuracy": 0.5514285862445831,
        "precision": 0.6253968387842178,
        "recall": 0.4857142992317677,
        "f1": 0.5156898785050076
      },
      "S7": {
        "accuracy": 0.5685714438557625,
        "precision": 0.5773423552513123,
        "recall": 0.4542857274413109,
        "f1": 0.48123197867610507
      },
      "S8": {
        "accuracy": 0.6342857301235199,
        "precision": 0.6818318247795105,
        "recall": 0.5228571519255638,
        "f1": 0.5687639311484225
      },
      "S9": {
        "accuracy": 0.5428571566939354,
        "precision": 0.6307054966688156,
        "recall": 0.5228571571409703,
        "f1": 0.5392197659465091
      },
      "S10": {
        "accuracy": 0.5611111104488373,
        "precision": 0.6045177072286606,
        "recall": 0.43055555522441863,
        "f1": 0.4601572158072062
      },
      "S11": {
        "accuracy": 0.5583333238959313,
        "precision": 0.5527489066123963,
        "recall": 0.46111109629273417,
        "f1": 0.49038097077826076
      },
      "S13": {
        "accuracy": 0.577777773141861,
        "precision": 0.5949719861149788,
        "recall": 0.5194444427266717,
        "f1": 0.5409319501676291
      },
      "S14": {
        "accuracy": 0.547222213447094,
        "precision": 0.4974403440952301,
        "recall": 0.5194444447755814,
        "f1": 0.4979442539430402
      },
      "S15": {
        "accuracy": 0.5749999940395355,
        "precision": 0.6417417407035828,
        "recall": 0.41944444347172977,
        "f1": 0.44814775939334356
      },
      "S16": {
        "accuracy": 0.5333333194255829,
        "precision": 0.5603142112493515,
        "recall": 0.4583333253860474,
        "f1": 0.4768027926874354
      },
      "S17": {
        "accuracy": 0.6111111044883728,
        "precision": 0.6208149999380111,
        "recall": 0.46666666567325593,
        "f1": 0.48260226611847273
      },
      "average": {
        "accuracy": 0.5740855926896135,
        "precision": 0.610449233452479,
        "recall": 0.47865266480793556,
        "f1": 0.5018297549241817
      }
    },
    "std": {
      "S2": {
        "accuracy": 0.2714996020528415,
        "precision": 0.29048769584639356,
        "recall": 0.29775528255938516,
        "f1": 0.2639852985740396
      },
      "S3": {
        "accuracy": 0.16983719210688036,
        "precision": 0.21336583821847818,
        "recall": 0.20854947618427078,
        "f1": 0.17422742198915564
      },
      "S4": {
        "accuracy": 0.2330707923561264,
        "precision": 0.26904807297592465,
        "recall": 0.2633983439856543,
        "f1": 0.26454897126259563
      },
      "S5": {
        "accuracy": 0.2565425125997752,
        "precision": 0.3077192995184382,
        "recall": 0.33585441460832277,
        "f1": 0.3035279935795057
      },
      "S6": {
        "accuracy": 0.19979581700325144,
        "precision": 0.21779412775049548,
        "recall": 0.22975882533854836,
        "f1": 0.20223908528888906
      },
      "S7": {
        "accuracy": 0.24372394534247843,
        "precision": 0.3059233389013302,
        "recall": 0.29399122633017094,
        "f1": 0.27514262614546403
      },
      "S8": {
        "accuracy": 0.2128736534595326,
        "precision": 0.23764580317353107,
        "recall": 0.20472868434771863,
        "f1": 0.18258516289908944
      },
      "S9": {
        "accuracy": 0.25907563082458973,
        "precision": 0.2238927667854961,
        "recall": 0.25485757290513433,
        "f1": 0.21334772319984727
      },
      "S10": {
        "accuracy": 0.20361949899377618,
        "precision": 0.3207581243929038,
        "recall": 0.2860646595210237,
        "f1": 0.2589994197686292
      },
      "S11": {
        "accuracy": 0.22007059607687124,
        "precision": 0.29797717727527095,
        "recall": 0.25330462247841107,
        "f1": 0.2554792376547685
      },
      "S13": {
        "accuracy": 0.25316920150108746,
        "precision": 0.31743133953786123,
        "recall": 0.28055707719144646,
        "f1": 0.28512143678921487
      },
      "S14": {
        "accuracy": 0.2066495652496549,
        "precision": 0.28726431875537506,
        "recall": 0.2986164950818569,
        "f1": 0.2746797768551356
      },
      "S15": {
        "accuracy": 0.20330347077126912,
        "precision": 0.24431305011909987,
        "recall": 0.29439493372702563,
        "f1": 0.2826858939050419
      },
      "S16": {
        "accuracy": 0.17607205189289218,
        "precision": 0.18858405566498895,
        "recall": 0.2383247584452406,
        "f1": 0.20096591529953606
      },
      "S17": {
        "accuracy": 0.18191557025880917,
        "precision": 0.317709905459049,
        "recall": 0.29969119651653,
        "f1": 0.2688748520088959
      },
      "average": {
        "accuracy": 0.18647056239192208,
        "precision": 0.21590675406851045,
        "recall": 0.23620307379341152,
        "f1": 0.20476040210721674
      }
    },
    "poor_ratio": 0.6
  }
}