{
  "real_subj_cnt": 15,
  "real_path": "stress_slurm/data/wesad_1hz.pickle",
  "sliding_windows": false,
  "syn_subj_cnt": 10,
  "gan_config": {
    "gan_mode": "DPCGAN-e-10",
    "path": "stress_slurm/data/100_subj_DP-cGAN-e-10.csv",
    "eps": 10
  },
  "privacy_config": {
    "l2_norm_clip": 1.0,
    "eps": null,
    "num_unique_windows": null,
    "delta": null,
    "noise_multiplier": null
  },
  "train_config": {
    "nn_mode": "CNN-LSTM",
    "epochs": 20,
    "batch_size": 50,
    "learning_rate": 0.001,
    "eval_mode": "TSTR",
    "random_seed": 42,
    "data_noise_parameter": null
  },
  "results": {
    "num_runs": 10,
    "mean": {
      "S2": {
        "accuracy": 0.6382353007793427,
        "precision": 0.6346218585968018,
        "recall": 0.6382353007793427,
        "f1": 0.6364023953482174
      },
      "S3": {
        "accuracy": 0.7,
        "precision": 0.697983193397522,
        "recall": 0.7,
        "f1": 0.6989769821594153
      },
      "S4": {
        "accuracy": 0.9857142865657806,
        "precision": 0.9831745982170105,
        "recall": 0.9914285719394684,
        "f1": 0.98724345846371
      },
      "S5": {
        "accuracy": 0.8371428668498992,
        "precision": 0.834864866733551,
        "recall": 0.842857152223587,
        "f1": 0.8387793481694843
      },
      "S6": {
        "accuracy": 0.7514285802841186,
        "precision": 0.7491690009832382,
        "recall": 0.7542857229709625,
        "f1": 0.7516601098108782
      },
      "S7": {
        "accuracy": 0.6971428692340851,
        "precision": 0.6984920740127564,
        "recall": 0.700000011920929,
        "f1": 0.69923542367634
      },
      "S8": {
        "accuracy": 0.9371428608894348,
        "precision": 0.9376190483570099,
        "recall": 0.9400000035762787,
        "f1": 0.938792758656267
      },
      "S9": {
        "accuracy": 0.908571434020996,
        "precision": 0.9090476214885712,
        "recall": 0.9114285767078399,
        "f1": 0.9102213317878283
      },
      "S10": {
        "accuracy": 0.9722222268581391,
        "precision": 0.9699581205844879,
        "recall": 0.9777777791023254,
        "f1": 0.9737802901517224
      },
      "S11": {
        "accuracy": 0.6444444417953491,
        "precision": 0.6406906962394714,
        "recall": 0.6444444417953491,
        "f1": 0.6425418584873357
      },
      "S13": {
        "accuracy": 0.75,
        "precision": 0.7451201200485229,
        "recall": 0.752777773141861,
        "f1": 0.7488964969477883
      },
      "S14": {
        "accuracy": 0.6444444417953491,
        "precision": 0.6419116377830505,
        "recall": 0.6472222208976746,
        "f1": 0.6445071722064994
      },
      "S15": {
        "accuracy": 0.8916666626930236,
        "precision": 0.8889639616012573,
        "recall": 0.8916666626930236,
        "f1": 0.890296800507012
      },
      "S16": {
        "accuracy": 0.9194444417953491,
        "precision": 0.9198198199272156,
        "recall": 0.9222222208976746,
        "f1": 0.921004565621344
      },
      "S17": {
        "accuracy": 0.6194444358348846,
        "precision": 0.6194444358348846,
        "recall": 0.6194444358348846,
        "f1": 0.6194444358348846
      },
      "average": {
        "accuracy": 0.7931363232930502,
        "precision": 0.7913920702536901,
        "recall": 0.7955860582987467,
        "f1": 0.7934522285219151
      }
    },
    "std": {
      "S2": {
        "accuracy": 0.05890516445668131,
        "precision": 0.05958793079926557,
        "recall": 0.05890516445668131,
        "f1": 0.05912920820541041
      },
      "S3": {
        "accuracy": 0.03615506552805922,
        "precision": 0.03635244542650775,
        "recall": 0.03615506552805922,
        "f1": 0.036114839003876784
      },
      "S4": {
        "accuracy": 0.015058464150866395,
        "precision": 0.019525895796199514,
        "recall": 0.013801310364224825,
        "f1": 0.015590123428429218
      },
      "S5": {
        "accuracy": 0.10349887373115485,
        "precision": 0.10265686523915163,
        "recall": 0.0915970615007291,
        "f1": 0.0971756181200467
      },
      "S6": {
        "accuracy": 0.25627719744101585,
        "precision": 0.25369575538252725,
        "recall": 0.252766995682807,
        "f1": 0.25314463485533334
      },
      "S7": {
        "accuracy": 0.24878844058202304,
        "precision": 0.24772089831525337,
        "recall": 0.24660965766649184,
        "f1": 0.24716223062943743
      },
      "S8": {
        "accuracy": 0.05682450667080973,
        "precision": 0.05582474751895514,
        "recall": 0.05119877811294574,
        "f1": 0.0534619082731123
      },
      "S9": {
        "accuracy": 0.07474825028884191,
        "precision": 0.07419510038769976,
        "recall": 0.07184008015855389,
        "f1": 0.0729466065460782
      },
      "S10": {
        "accuracy": 0.04536091440334773,
        "precision": 0.04375197683148293,
        "recall": 0.040992483500139586,
        "f1": 0.04153295923841625
      },
      "S11": {
        "accuracy": 0.0582671430767985,
        "precision": 0.05514165608580576,
        "recall": 0.0582671430767985,
        "f1": 0.05656633292963354
      },
      "S13": {
        "accuracy": 0.19945055128194997,
        "precision": 0.19426875796476853,
        "recall": 0.20220407422440626,
        "f1": 0.19812557843067752
      },
      "S14": {
        "accuracy": 0.06388215582634704,
        "precision": 0.06352840308243152,
        "recall": 0.06421679599998667,
        "f1": 0.06358953011792363
      },
      "S15": {
        "accuracy": 0.09114610836788324,
        "precision": 0.087920468127882,
        "recall": 0.09114610836788324,
        "f1": 0.0894236917445654
      },
      "S16": {
        "accuracy": 0.09573376180872412,
        "precision": 0.09548665930876807,
        "recall": 0.09424452884229749,
        "f1": 0.09480007766904744
      },
      "S17": {
        "accuracy": 0.09447166084741417,
        "precision": 0.09447166084741417,
        "recall": 0.09447166084741417,
        "f1": 0.09447166084741417
      },
      "average": {
        "accuracy": 0.06563724948545786,
        "precision": 0.06553888896310883,
        "recall": 0.0641859790766132,
        "f1": 0.06485827197768596
      }
    },
    "poor_ratio": 0.0
  }
}