{
  "real_subj_cnt": 15,
  "real_path": "stress_slurm/data/wesad_1hz.pickle",
  "sliding_windows": false,
  "syn_subj_cnt": 1,
  "gan_config": {
    "gan_mode": "CGAN",
    "path": "stress_slurm/data/100_subj_cGAN.csv",
    "eps": null
  },
  "privacy_config": {
    "l2_norm_clip": 1.0,
    "eps": null,
    "num_unique_windows": null,
    "delta": null,
    "noise_multiplier": null
  },
  "train_config": {
    "nn_mode": "CNN-LSTM",
    "epochs": 20,
    "batch_size": 50,
    "learning_rate": 0.001,
    "eval_mode": "TSTR",
    "random_seed": 42
  },
  "results": {
    "num_runs": 10,
    "mean": {
      "S2": {
        "accuracy": 0.5058823630213738,
        "precision": 0.41522326320409775,
        "recall": 0.4147058879956603,
        "f1": 0.4089402468279328
      },
      "S3": {
        "accuracy": 0.5117647081613541,
        "precision": 0.5654603511095047,
        "recall": 0.48235293962061404,
        "f1": 0.4796484181099089
      },
      "S4": {
        "accuracy": 0.5600000113248825,
        "precision": 0.46448391377925874,
        "recall": 0.4628571540117264,
        "f1": 0.46028171250720407
      },
      "S5": {
        "accuracy": 0.502857156097889,
        "precision": 0.40657282397150996,
        "recall": 0.3942857217043638,
        "f1": 0.3963902001566348
      },
      "S6": {
        "accuracy": 0.5171428710222244,
        "precision": 0.47112574279308317,
        "recall": 0.44571430087089536,
        "f1": 0.45066464408879214
      },
      "S7": {
        "accuracy": 0.525714299082756,
        "precision": 0.4396885260939598,
        "recall": 0.43428572565317153,
        "f1": 0.4354633989452589
      },
      "S8": {
        "accuracy": 0.525714299082756,
        "precision": 0.5636975973844528,
        "recall": 0.47428572811186315,
        "f1": 0.4751515631062402
      },
      "S9": {
        "accuracy": 0.5200000137090683,
        "precision": 0.4684583991765976,
        "recall": 0.4542857244610786,
        "f1": 0.43755059450801237
      },
      "S10": {
        "accuracy": 0.508333332836628,
        "precision": 0.42577866464853287,
        "recall": 0.4222222179174423,
        "f1": 0.42276357864815706
      },
      "S11": {
        "accuracy": 0.5027777642011643,
        "precision": 0.44351500272750854,
        "recall": 0.4611111044883728,
        "f1": 0.44858890594943246
      },
      "S13": {
        "accuracy": 0.522222226858139,
        "precision": 0.4710758805274963,
        "recall": 0.5055555552244186,
        "f1": 0.48241395342171967
      },
      "S14": {
        "accuracy": 0.5166666626930236,
        "precision": 0.4889532744884491,
        "recall": 0.4611111059784889,
        "f1": 0.4555508237604933
      },
      "S15": {
        "accuracy": 0.5,
        "precision": 0.44176836013793946,
        "recall": 0.4416666656732559,
        "f1": 0.4414602117064489
      },
      "S16": {
        "accuracy": 0.5111111015081405,
        "precision": 0.44639551639556885,
        "recall": 0.44166666865348814,
        "f1": 0.4400907059960325
      },
      "S17": {
        "accuracy": 0.4916666686534882,
        "precision": 0.49937703013420104,
        "recall": 0.39444444961845876,
        "f1": 0.4027961891553091
      },
      "average": {
        "accuracy": 0.5147902318835259,
        "precision": 0.4674382897714774,
        "recall": 0.44603672999888655,
        "f1": 0.4425170097925052
      }
    },
    "std": {
      "S2": {
        "accuracy": 0.23357212978241798,
        "precision": 0.33861693072194327,
        "recall": 0.33317470529188375,
        "f1": 0.32066890818860194
      },
      "S3": {
        "accuracy": 0.19420674590449472,
        "precision": 0.23918553865784115,
        "recall": 0.2341475244380482,
        "f1": 0.21837624934238767
      },
      "S4": {
        "accuracy": 0.32941919175300616,
        "precision": 0.32213028422723056,
        "recall": 0.3178156743554002,
        "f1": 0.31016572184075986
      },
      "S5": {
        "accuracy": 0.2816214800722203,
        "precision": 0.36660523522019434,
        "recall": 0.355787909816752,
        "f1": 0.35136308945952305
      },
      "S6": {
        "accuracy": 0.24185601412188457,
        "precision": 0.2899916204943676,
        "recall": 0.24659127912411558,
        "f1": 0.25077856715454716
      },
      "S7": {
        "accuracy": 0.2932962229140547,
        "precision": 0.3207767618004902,
        "recall": 0.3038080338022156,
        "f1": 0.30883618255595996
      },
      "S8": {
        "accuracy": 0.28704452075300796,
        "precision": 0.2945522440154466,
        "recall": 0.27935786684174124,
        "f1": 0.27337447680130667
      },
      "S9": {
        "accuracy": 0.24459694363569506,
        "precision": 0.2658254389443322,
        "recall": 0.2761740595200145,
        "f1": 0.23647337227709203
      },
      "S10": {
        "accuracy": 0.25861360272519035,
        "precision": 0.2831380758304471,
        "recall": 0.2770979241470286,
        "f1": 0.27763658033799943
      },
      "S11": {
        "accuracy": 0.20220406253349588,
        "precision": 0.23090918296800142,
        "recall": 0.2583316681072794,
        "f1": 0.23596226823623984
      },
      "S13": {
        "accuracy": 0.2621531532589938,
        "precision": 0.26531911917562834,
        "recall": 0.2988317371565539,
        "f1": 0.2680735724592535
      },
      "S14": {
        "accuracy": 0.19953649848117347,
        "precision": 0.22579126871898555,
        "recall": 0.2809082786975158,
        "f1": 0.23474221015741326
      },
      "S15": {
        "accuracy": 0.2342427756801439,
        "precision": 0.2729199418254652,
        "recall": 0.26496692678264844,
        "f1": 0.26849838662647435
      },
      "S16": {
        "accuracy": 0.19209336207045324,
        "precision": 0.1984555465250201,
        "recall": 0.21374654332980664,
        "f1": 0.20038094144961388
      },
      "S17": {
        "accuracy": 0.2586136045569183,
        "precision": 0.32494418657199786,
        "recall": 0.29997713346821475,
        "f1": 0.28968593462926784
      },
      "average": {
        "accuracy": 0.23952497322365518,
        "precision": 0.2323318225991152,
        "recall": 0.2530584954588978,
        "f1": 0.2484454596058791
      }
    },
    "poor_ratio": 0.6
  }
}