{
  "real_subj_cnt": 15,
  "real_path": "stress_slurm/data/wesad_1hz.pickle",
  "sliding_windows": false,
  "syn_subj_cnt": 1,
  "gan_config": {
    "gan_mode": "DPCGAN-e-1",
    "path": "stress_slurm/data/100_subj_DP-cGAN-e-1.csv",
    "eps": 1
  },
  "privacy_config": {
    "l2_norm_clip": 1.0,
    "eps": null,
    "num_unique_windows": null,
    "delta": null,
    "noise_multiplier": null
  },
  "train_config": {
    "nn_mode": "CNN-LSTM",
    "epochs": 20,
    "batch_size": 50,
    "learning_rate": 0.001,
    "eval_mode": "TSTR",
    "random_seed": 42,
    "data_noise_parameter": null
  },
  "results": {
    "num_runs": 10,
    "mean": {
      "S2": {
        "accuracy": 0.21470589134842158,
        "precision": 0.21592904720455408,
        "recall": 0.21764706764370204,
        "f1": 0.21676410581839828
      },
      "S3": {
        "accuracy": 0.4029411882162094,
        "precision": 0.4019081652164459,
        "recall": 0.4058823615312576,
        "f1": 0.4038093503620631
      },
      "S4": {
        "accuracy": 0.3685714423656464,
        "precision": 0.38061597645282746,
        "recall": 0.3942857265472412,
        "f1": 0.3869230889341133
      },
      "S5": {
        "accuracy": 0.22571429200470447,
        "precision": 0.22487727776169777,
        "recall": 0.2257142923772335,
        "f1": 0.22523875440553848
      },
      "S6": {
        "accuracy": 0.2942857265472412,
        "precision": 0.2994736969470978,
        "recall": 0.30285715460777285,
        "f1": 0.30109590269662934
      },
      "S7": {
        "accuracy": 0.27714287042617797,
        "precision": 0.2778577387332916,
        "recall": 0.28000001311302186,
        "f1": 0.2788528676514358
      },
      "S8": {
        "accuracy": 0.3114285856485367,
        "precision": 0.31152579486370086,
        "recall": 0.31428572833538054,
        "f1": 0.3127620963458711
      },
      "S9": {
        "accuracy": 0.2771428689360619,
        "precision": 0.280219791829586,
        "recall": 0.2828571557998657,
        "f1": 0.28146719367367845
      },
      "S10": {
        "accuracy": 0.2611111208796501,
        "precision": 0.2584615483880043,
        "recall": 0.261111119389534,
        "f1": 0.2597183190291298
      },
      "S11": {
        "accuracy": 0.28055555559694767,
        "precision": 0.28625374771654605,
        "recall": 0.29166666604578495,
        "f1": 0.2888528364356901
      },
      "S13": {
        "accuracy": 0.2500000111758709,
        "precision": 0.2530271872878075,
        "recall": 0.2527777895331383,
        "f1": 0.2528786045061636
      },
      "S14": {
        "accuracy": 0.49444444179534913,
        "precision": 0.4881896167993546,
        "recall": 0.4972222179174423,
        "f1": 0.492468599638386
      },
      "S15": {
        "accuracy": 0.33888890147209166,
        "precision": 0.3422737330198288,
        "recall": 0.34722222983837125,
        "f1": 0.3445814403661711
      },
      "S16": {
        "accuracy": 0.34722222089767457,
        "precision": 0.34656862616539,
        "recall": 0.3444444417953491,
        "f1": 0.34547618846990624
      },
      "S17": {
        "accuracy": 0.3027777910232544,
        "precision": 0.3039276212453842,
        "recall": 0.30555556863546374,
        "f1": 0.304724598787658
      },
      "average": {
        "accuracy": 0.30979552722225584,
        "precision": 0.31140730464210115,
        "recall": 0.31490196887403726,
        "f1": 0.31304092980805553
      }
    },
    "std": {
      "S2": {
        "accuracy": 0.12327238060670058,
        "precision": 0.1240698486755708,
        "recall": 0.12493751397980882,
        "f1": 0.12446449605048754
      },
      "S3": {
        "accuracy": 0.15127930980853985,
        "precision": 0.15336511377721196,
        "recall": 0.16393376310485144,
        "f1": 0.1583377148876409
      },
      "S4": {
        "accuracy": 0.23500856210614113,
        "precision": 0.22800752179699063,
        "recall": 0.24010579445445457,
        "f1": 0.23338415448467553
      },
      "S5": {
        "accuracy": 0.1496481204762394,
        "precision": 0.14662035411885496,
        "recall": 0.15145552990673555,
        "f1": 0.14899594087901727
      },
      "S6": {
        "accuracy": 0.019284243356585254,
        "precision": 0.034655501517009836,
        "recall": 0.04507489089884787,
        "f1": 0.03963248190407735
      },
      "S7": {
        "accuracy": 0.12347941791328236,
        "precision": 0.11889358020536328,
        "recall": 0.12834195102444637,
        "f1": 0.12340585320995912
      },
      "S8": {
        "accuracy": 0.1081277490576154,
        "precision": 0.11056129147326194,
        "recall": 0.1181873690176717,
        "f1": 0.11376266490687587
      },
      "S9": {
        "accuracy": 0.02710524018372043,
        "precision": 0.01737515565546829,
        "recall": 0.009035078490519835,
        "f1": 0.013430524670642104
      },
      "S10": {
        "accuracy": 0.06441676916654267,
        "precision": 0.06534000526775892,
        "recall": 0.07314228552673843,
        "f1": 0.06901182548786747
      },
      "S11": {
        "accuracy": 0.080134060941174,
        "precision": 0.08155231461009926,
        "recall": 0.08511470513532059,
        "f1": 0.08308203808353011
      },
      "S13": {
        "accuracy": 0.06415003397257567,
        "precision": 0.05324088352439927,
        "recall": 0.05310974529047993,
        "f1": 0.05318456991571612
      },
      "S14": {
        "accuracy": 0.21146819093583716,
        "precision": 0.20491900436495414,
        "recall": 0.2196806807009578,
        "f1": 0.21165935283425202
      },
      "S15": {
        "accuracy": 0.1581138827757197,
        "precision": 0.15572849732768182,
        "recall": 0.17433490096531018,
        "f1": 0.16451396892877926
      },
      "S16": {
        "accuracy": 0.0589255682208678,
        "precision": 0.058446354964042546,
        "recall": 0.0573775334061523,
        "f1": 0.057801723006035734
      },
      "S17": {
        "accuracy": 0.1382392257319166,
        "precision": 0.13603136954767273,
        "recall": 0.13481685438791077,
        "f1": 0.13542967642523657
      },
      "average": {
        "accuracy": 0.06522509394676619,
        "precision": 0.06770242263074733,
        "recall": 0.07487662570263806,
        "f1": 0.07104648410325133
      }
    },
    "poor_ratio": 0.8
  }
}