{
  "real_subj_cnt": 15,
  "real_path": "stress_slurm/data/wesad_1hz.pickle",
  "sliding_windows": false,
  "syn_subj_cnt": 5,
  "gan_config": {
    "gan_mode": "CGAN",
    "path": "stress_slurm/data/100_subj_cGAN.csv",
    "eps": null
  },
  "privacy_config": {
    "l2_norm_clip": 1.0,
    "eps": null,
    "num_unique_windows": null,
    "delta": null,
    "noise_multiplier": null
  },
  "train_config": {
    "nn_mode": "CNN-LSTM",
    "epochs": 20,
    "batch_size": 50,
    "learning_rate": 0.001,
    "eval_mode": "TSTR",
    "random_seed": 42
  },
  "results": {
    "num_runs": 10,
    "mean": {
      "S2": {
        "accuracy": 0.45294118523597715,
        "precision": 0.45294118523597715,
        "recall": 0.45294118523597715,
        "f1": 0.45294118523597715
      },
      "S3": {
        "accuracy": 0.49411765336990354,
        "precision": 0.48756303191184996,
        "recall": 0.49411765336990354,
        "f1": 0.49077214141530334
      },
      "S4": {
        "accuracy": 0.4200000137090683,
        "precision": 0.423571440577507,
        "recall": 0.42571429908275604,
        "f1": 0.4246277792678185
      },
      "S5": {
        "accuracy": 0.3114285826683044,
        "precision": 0.31222223341464994,
        "recall": 0.3142857253551483,
        "f1": 0.31323944775269774
      },
      "S6": {
        "accuracy": 0.38285715878009796,
        "precision": 0.3816216319799423,
        "recall": 0.3885714441537857,
        "f1": 0.3850000128264964
      },
      "S7": {
        "accuracy": 0.3085714429616928,
        "precision": 0.30818534195423125,
        "recall": 0.3114285856485367,
        "f1": 0.30976191874547504
      },
      "S8": {
        "accuracy": 0.46857144236564635,
        "precision": 0.4625863999128342,
        "recall": 0.4657142996788025,
        "f1": 0.4639551364927107
      },
      "S9": {
        "accuracy": 0.49714286923408507,
        "precision": 0.4962698519229889,
        "recall": 0.49714286923408507,
        "f1": 0.49670021255925356
      },
      "S10": {
        "accuracy": 0.41388889849185945,
        "precision": 0.41043544113636016,
        "recall": 0.41388889849185945,
        "f1": 0.4121385159697624
      },
      "S11": {
        "accuracy": 0.47500000298023226,
        "precision": 0.4731981962919235,
        "recall": 0.47500000298023226,
        "f1": 0.4740867584608222
      },
      "S13": {
        "accuracy": 0.4333333432674408,
        "precision": 0.4345345437526703,
        "recall": 0.4361111164093018,
        "f1": 0.43531203166497623
      },
      "S14": {
        "accuracy": 0.26388888955116274,
        "precision": 0.2644444450736046,
        "recall": 0.26388888955116274,
        "f1": 0.26416275494984515
      },
      "S15": {
        "accuracy": 0.3222222328186035,
        "precision": 0.3199699819087982,
        "recall": 0.3222222328186035,
        "f1": 0.3210806809971135
      },
      "S16": {
        "accuracy": 0.42777777910232545,
        "precision": 0.426924067735672,
        "recall": 0.42777777910232545,
        "f1": 0.42733294847754155
      },
      "S17": {
        "accuracy": 0.4333333373069763,
        "precision": 0.4339339375495911,
        "recall": 0.4361111134290695,
        "f1": 0.43500761333472016
      },
      "average": {
        "accuracy": 0.4070049887895584,
        "precision": 0.4058934486905734,
        "recall": 0.40832773963610336,
        "f1": 0.40707460921003424
      }
    },
    "std": {
      "S2": {
        "accuracy": 0.21532946538079126,
        "precision": 0.21532946538079126,
        "recall": 0.21532946538079126,
        "f1": 0.21532946538079126
      },
      "S3": {
        "accuracy": 0.17361523508573293,
        "precision": 0.16967567813365417,
        "recall": 0.17361523508573293,
        "f1": 0.1715355727196578
      },
      "S4": {
        "accuracy": 0.24727081526018116,
        "precision": 0.24624899241609766,
        "recall": 0.24594673167021994,
        "f1": 0.24608922880212128
      },
      "S5": {
        "accuracy": 0.06659860074297416,
        "precision": 0.07020128849864007,
        "recall": 0.07253116811360436,
        "f1": 0.07132396988617973
      },
      "S6": {
        "accuracy": 0.14581074228463137,
        "precision": 0.14362232740813322,
        "recall": 0.1560277946060654,
        "f1": 0.14960192301956104
      },
      "S7": {
        "accuracy": 0.10150790800623524,
        "precision": 0.1003982773809112,
        "recall": 0.10979263291697444,
        "f1": 0.10494482727836775
      },
      "S8": {
        "accuracy": 0.2829068395254269,
        "precision": 0.2731651723081284,
        "recall": 0.27173750007708963,
        "f1": 0.27198328036174885
      },
      "S9": {
        "accuracy": 0.2711192881074257,
        "precision": 0.2717867544042708,
        "recall": 0.2711192881074257,
        "f1": 0.27145441794655534
      },
      "S10": {
        "accuracy": 0.17195817909674932,
        "precision": 0.16699326078511098,
        "recall": 0.17195817909674932,
        "f1": 0.1694207053888245
      },
      "S11": {
        "accuracy": 0.1987831672421731,
        "precision": 0.19692581446466825,
        "recall": 0.1987831672421731,
        "f1": 0.1978234394164467
      },
      "S13": {
        "accuracy": 0.21604055889551763,
        "precision": 0.21682759036105878,
        "recall": 0.21795673958172138,
        "f1": 0.21737087380444106
      },
      "S14": {
        "accuracy": 0.06313972667941926,
        "precision": 0.062481818402535076,
        "recall": 0.06313972667941926,
        "f1": 0.06281012601898614
      },
      "S15": {
        "accuracy": 0.06307179759591065,
        "precision": 0.059319126881583924,
        "recall": 0.06307179759591065,
        "f1": 0.06115221078883591
      },
      "S16": {
        "accuracy": 0.14475275535745732,
        "precision": 0.14776030526723868,
        "recall": 0.1511274510708874,
        "f1": 0.14940677199946858
      },
      "S17": {
        "accuracy": 0.20629661691458023,
        "precision": 0.20537754998154667,
        "recall": 0.2049833432412287,
        "f1": 0.2051702373405441
      },
      "average": {
        "accuracy": 0.15355848568536937,
        "precision": 0.15223805781503633,
        "recall": 0.1546488248064887,
        "f1": 0.1533926937091952
      }
    },
    "poor_ratio": 0.6
  }
}