{
  "real_subj_cnt": 15,
  "real_path": "stress_slurm/data/wesad_1hz.pickle",
  "sliding_windows": false,
  "syn_subj_cnt": 30,
  "gan_config": {
    "gan_mode": "DPCGAN-e-10",
    "path": "stress_slurm/data/100_subj_DP-cGAN-e-10.csv",
    "eps": 10
  },
  "privacy_config": {
    "l2_norm_clip": 1.0,
    "eps": null,
    "num_unique_windows": null,
    "delta": null,
    "noise_multiplier": null
  },
  "train_config": {
    "nn_mode": "CNN-LSTM",
    "epochs": 20,
    "batch_size": 50,
    "learning_rate": 0.001,
    "eval_mode": "TSTR",
    "random_seed": 42,
    "data_noise_parameter": null
  },
  "results": {
    "num_runs": 10,
    "mean": {
      "S2": {
        "accuracy": 0.7323529362678528,
        "precision": 0.7323529362678528,
        "recall": 0.7323529362678528,
        "f1": 0.7323529362678528
      },
      "S3": {
        "accuracy": 0.6647058844566345,
        "precision": 0.6647058844566345,
        "recall": 0.6647058844566345,
        "f1": 0.6647058844566345
      },
      "S4": {
        "accuracy": 0.9885714292526245,
        "precision": 0.9885714292526245,
        "recall": 0.9885714292526245,
        "f1": 0.9885714292526245
      },
      "S5": {
        "accuracy": 0.9285714328289032,
        "precision": 0.9285714328289032,
        "recall": 0.9285714328289032,
        "f1": 0.9285714328289032
      },
      "S6": {
        "accuracy": 0.9828571438789367,
        "precision": 0.9828571438789367,
        "recall": 0.9828571438789367,
        "f1": 0.9828571438789367
      },
      "S7": {
        "accuracy": 0.9685714304447174,
        "precision": 0.9685714304447174,
        "recall": 0.9685714304447174,
        "f1": 0.9685714304447174
      },
      "S8": {
        "accuracy": 0.8400000095367431,
        "precision": 0.8400000095367431,
        "recall": 0.8400000095367431,
        "f1": 0.8400000095367431
      },
      "S9": {
        "accuracy": 0.9971428573131561,
        "precision": 0.9971428573131561,
        "recall": 0.9971428573131561,
        "f1": 0.9971428573131561
      },
      "S10": {
        "accuracy": 0.944444453716278,
        "precision": 0.94196697473526,
        "recall": 0.944444453716278,
        "f1": 0.9431887451815861
      },
      "S11": {
        "accuracy": 0.6527777910232544,
        "precision": 0.6518254101276397,
        "recall": 0.6500000119209289,
        "f1": 0.6508998560978765
      },
      "S13": {
        "accuracy": 0.9944444417953491,
        "precision": 0.9944444417953491,
        "recall": 0.9944444417953491,
        "f1": 0.9944444417953491
      },
      "S14": {
        "accuracy": 0.6944444179534912,
        "precision": 0.6944444179534912,
        "recall": 0.6944444179534912,
        "f1": 0.6944444179534912
      },
      "S15": {
        "accuracy": 0.9694444298744201,
        "precision": 0.9694444298744201,
        "recall": 0.9694444298744201,
        "f1": 0.9694444298744201
      },
      "S16": {
        "accuracy": 0.9222222208976746,
        "precision": 0.9222222208976746,
        "recall": 0.9222222208976746,
        "f1": 0.9222222208976746
      },
      "S17": {
        "accuracy": 0.699999988079071,
        "precision": 0.699999988079071,
        "recall": 0.699999988079071,
        "f1": 0.699999988079071
      },
      "average": {
        "accuracy": 0.8653700578212739,
        "precision": 0.865141400496165,
        "recall": 0.8651848725477855,
        "f1": 0.8651611482572692
      }
    },
    "std": {
      "S2": {
        "accuracy": 0.05084824830910776,
        "precision": 0.05084824830910776,
        "recall": 0.05084824830910776,
        "f1": 0.05084824830910776
      },
      "S3": {
        "accuracy": 0.015188153689988543,
        "precision": 0.015188153689988543,
        "recall": 0.015188153689988543,
        "f1": 0.015188153689988543
      },
      "S4": {
        "accuracy": 0.014754221391846173,
        "precision": 0.014754221391846173,
        "recall": 0.014754221391846173,
        "f1": 0.014754221391846173
      },
      "S5": {
        "accuracy": 0.020203049686848544,
        "precision": 0.020203049686848544,
        "recall": 0.020203049686848544,
        "f1": 0.020203049686848544
      },
      "S6": {
        "accuracy": 0.014754221391846173,
        "precision": 0.014754221391846173,
        "recall": 0.014754221391846173,
        "f1": 0.014754221391846173
      },
      "S7": {
        "accuracy": 0.02108184981121295,
        "precision": 0.02108184981121295,
        "recall": 0.02108184981121295,
        "f1": 0.02108184981121295
      },
      "S8": {
        "accuracy": 0.09542837564440883,
        "precision": 0.09542837564440883,
        "recall": 0.09542837564440883,
        "f1": 0.09542837564440883
      },
      "S9": {
        "accuracy": 0.009035078490519842,
        "precision": 0.009035078490519842,
        "recall": 0.009035078490519842,
        "f1": 0.009035078490519842
      },
      "S10": {
        "accuracy": 0.03928370069995498,
        "precision": 0.04192277310312913,
        "recall": 0.03928370069995498,
        "f1": 0.040453553896631494
      },
      "S11": {
        "accuracy": 0.01464018133361052,
        "precision": 0.013928772992660463,
        "recall": 0.014344389603665884,
        "f1": 0.013843421657799409
      },
      "S13": {
        "accuracy": 0.017568217600332628,
        "precision": 0.017568217600332628,
        "recall": 0.017568217600332628,
        "f1": 0.017568217600332628
      },
      "S14": {
        "accuracy": 0.0,
        "precision": 0.0,
        "recall": 0.0,
        "f1": 0.0
      },
      "S15": {
        "accuracy": 0.02049625386705473,
        "precision": 0.02049625386705473,
        "recall": 0.02049625386705473,
        "f1": 0.02049625386705473
      },
      "S16": {
        "accuracy": 0.0430331423062535,
        "precision": 0.0430331423062535,
        "recall": 0.0430331423062535,
        "f1": 0.0430331423062535
      },
      "S17": {
        "accuracy": 0.02191139690220299,
        "precision": 0.02191139690220299,
        "recall": 0.02191139690220299,
        "f1": 0.02191139690220299
      },
      "average": {
        "accuracy": 0.014155268651285417,
        "precision": 0.014261667857303848,
        "recall": 0.013884541367041387,
        "f1": 0.014070381227840885
      }
    },
    "poor_ratio": 0.0
  }
}