{
  "real_subj_cnt": 15,
  "real_path": "stress_slurm/data/wesad_1hz.pickle",
  "sliding_windows": false,
  "syn_subj_cnt": 10,
  "gan_config": {
    "gan_mode": "DPCGAN-e-10",
    "path": "stress_slurm/data/100_subj_DP-cGAN-e-10.csv",
    "eps": 10
  },
  "privacy_config": {
    "l2_norm_clip": 1.0,
    "eps": null,
    "num_unique_windows": null,
    "delta": null,
    "noise_multiplier": null
  },
  "train_config": {
    "nn_mode": "CNN-LSTM",
    "epochs": 20,
    "batch_size": 50,
    "learning_rate": 0.001,
    "eval_mode": "TSTR",
    "random_seed": 42,
    "data_noise_parameter": null
  },
  "results": {
    "num_runs": 10,
    "mean": {
      "S2": {
        "accuracy": 0.6970588207244873,
        "precision": 0.6978151261806488,
        "recall": 0.7,
        "f1": 0.6988917306725956
      },
      "S3": {
        "accuracy": 0.45882353484630584,
        "precision": 0.45882353484630584,
        "recall": 0.45882353484630584,
        "f1": 0.45882353484630584
      },
      "S4": {
        "accuracy": 0.36857143640518186,
        "precision": 0.36705883145332335,
        "recall": 0.365714293718338,
        "f1": 0.36637681955939155
      },
      "S5": {
        "accuracy": 0.5028571546077728,
        "precision": 0.5028571546077728,
        "recall": 0.5028571546077728,
        "f1": 0.5028571546077728
      },
      "S6": {
        "accuracy": 0.48000000715255736,
        "precision": 0.48000000715255736,
        "recall": 0.48000000715255736,
        "f1": 0.48000000715255736
      },
      "S7": {
        "accuracy": 0.16571429073810579,
        "precision": 0.16571429073810579,
        "recall": 0.16571429073810579,
        "f1": 0.16571429073810579
      },
      "S8": {
        "accuracy": 0.4228571534156799,
        "precision": 0.4198319435119629,
        "recall": 0.4171428680419922,
        "f1": 0.41846791972472525
      },
      "S9": {
        "accuracy": 0.7857142984867096,
        "precision": 0.7857142984867096,
        "recall": 0.7857142984867096,
        "f1": 0.7857142984867096
      },
      "S10": {
        "accuracy": 0.6138888865709304,
        "precision": 0.6138888865709304,
        "recall": 0.6138888865709304,
        "f1": 0.6138888865709304
      },
      "S11": {
        "accuracy": 0.6444444477558136,
        "precision": 0.6423809587955475,
        "recall": 0.6388888895511627,
        "f1": 0.6406103320962212
      },
      "S13": {
        "accuracy": 0.7361111044883728,
        "precision": 0.7340840756893158,
        "recall": 0.7361111044883728,
        "f1": 0.7350837063176432
      },
      "S14": {
        "accuracy": 0.3083333373069763,
        "precision": 0.30650794208049775,
        "recall": 0.30555556118488314,
        "f1": 0.306025044725566
      },
      "S15": {
        "accuracy": 0.43888889253139496,
        "precision": 0.43888889253139496,
        "recall": 0.43888889253139496,
        "f1": 0.43888889253139496
      },
      "S16": {
        "accuracy": 0.6638888895511628,
        "precision": 0.6620120167732239,
        "recall": 0.6638888895511628,
        "f1": 0.662937597897156
      },
      "S17": {
        "accuracy": 0.3027777850627899,
        "precision": 0.3027777850627899,
        "recall": 0.3027777850627899,
        "f1": 0.3027777850627899
      },
      "average": {
        "accuracy": 0.5059953359762828,
        "precision": 0.5052237162987392,
        "recall": 0.5050644304354985,
        "f1": 0.505137200065991
      }
    },
    "std": {
      "S2": {
        "accuracy": 0.09906326223402197,
        "precision": 0.09941584950564593,
        "recall": 0.10074690728687914,
        "f1": 0.10001431354609853
      },
      "S3": {
        "accuracy": 0.09823509693741851,
        "precision": 0.09823509693741851,
        "recall": 0.09823509693741851,
        "f1": 0.09823509693741851
      },
      "S4": {
        "accuracy": 0.06237913111548646,
        "precision": 0.059331933055187656,
        "recall": 0.05682450667080973,
        "f1": 0.05803466533122441
      },
      "S5": {
        "accuracy": 0.08852534181719882,
        "precision": 0.08852534181719882,
        "recall": 0.08852534181719882,
        "f1": 0.08852534181719882
      },
      "S6": {
        "accuracy": 0.1125261424497191,
        "precision": 0.1125261424497191,
        "recall": 0.1125261424497191,
        "f1": 0.1125261424497191
      },
      "S7": {
        "accuracy": 0.022537445449423935,
        "precision": 0.022537445449423935,
        "recall": 0.022537445449423935,
        "f1": 0.022537445449423935
      },
      "S8": {
        "accuracy": 0.06972574004780557,
        "precision": 0.06725396884036815,
        "recall": 0.06487385887275916,
        "f1": 0.06599536592224595
      },
      "S9": {
        "accuracy": 0.1062662489251871,
        "precision": 0.1062662489251871,
        "recall": 0.1062662489251871,
        "f1": 0.1062662489251871
      },
      "S10": {
        "accuracy": 0.11890129717240382,
        "precision": 0.11890129717240382,
        "recall": 0.11890129717240382,
        "f1": 0.11890129717240382
      },
      "S11": {
        "accuracy": 0.06388217828842772,
        "precision": 0.06545488776606893,
        "recall": 0.06547285042206584,
        "f1": 0.06535616427124515
      },
      "S13": {
        "accuracy": 0.08307573550970421,
        "precision": 0.08294639016203999,
        "recall": 0.08307573550970421,
        "f1": 0.08294831803771459
      },
      "S14": {
        "accuracy": 0.027623021578648783,
        "precision": 0.02413011557881943,
        "recall": 0.022680459229466234,
        "f1": 0.02335782200408717
      },
      "S15": {
        "accuracy": 0.0924072262970597,
        "precision": 0.0924072262970597,
        "recall": 0.0924072262970597,
        "f1": 0.0924072262970597
      },
      "S16": {
        "accuracy": 0.06984453534843356,
        "precision": 0.06918123854620398,
        "recall": 0.06984453534843356,
        "f1": 0.06944576917140911
      },
      "S17": {
        "accuracy": 0.05147014905167309,
        "precision": 0.05147014905167309,
        "recall": 0.05147014905167309,
        "f1": 0.05147014905167309
      },
      "average": {
        "accuracy": 0.067560212880635,
        "precision": 0.06714368296626788,
        "recall": 0.06677553912457274,
        "f1": 0.06695152487116289
      }
    },
    "poor_ratio": 0.0
  }
}