{
  "real_subj_cnt": 15,
  "real_path": "stress_slurm/data/wesad_1hz.pickle",
  "sliding_windows": false,
  "syn_subj_cnt": 100,
  "gan_config": {
    "gan_mode": "DPCGAN-e-10",
    "path": "stress_slurm/data/100_subj_DP-cGAN-e-10.csv",
    "eps": 10
  },
  "privacy_config": {
    "l2_norm_clip": 1.0,
    "eps": null,
    "num_unique_windows": null,
    "delta": null,
    "noise_multiplier": null
  },
  "train_config": {
    "nn_mode": "CNN-LSTM",
    "epochs": 20,
    "batch_size": 50,
    "learning_rate": 0.001,
    "eval_mode": "TSTR",
    "random_seed": 42,
    "data_noise_parameter": null
  },
  "results": {
    "num_runs": 10,
    "mean": {
      "S2": {
        "accuracy": 0.7323529481887817,
        "precision": 0.7323529481887817,
        "recall": 0.7323529481887817,
        "f1": 0.7323529481887817
      },
      "S3": {
        "accuracy": 0.6617647051811218,
        "precision": 0.6617647051811218,
        "recall": 0.6617647051811218,
        "f1": 0.6617647051811218
      },
      "S4": {
        "accuracy": 0.9800000011920929,
        "precision": 0.9800000011920929,
        "recall": 0.9800000011920929,
        "f1": 0.9800000011920929
      },
      "S5": {
        "accuracy": 0.8800000071525573,
        "precision": 0.8807142913341522,
        "recall": 0.8828571498394012,
        "f1": 0.8817706300244638
      },
      "S6": {
        "accuracy": 0.9971428573131561,
        "precision": 0.9943650782108306,
        "recall": 0.9971428573131561,
        "f1": 0.99573440592787
      },
      "S7": {
        "accuracy": 0.9771428585052491,
        "precision": 0.9771428585052491,
        "recall": 0.9771428585052491,
        "f1": 0.9771428585052491
      },
      "S8": {
        "accuracy": 0.8114285826683044,
        "precision": 0.8121428668498993,
        "recall": 0.8142857253551483,
        "f1": 0.8131992055402109
      },
      "S9": {
        "accuracy": 0.9800000011920929,
        "precision": 0.9800000011920929,
        "recall": 0.9800000011920929,
        "f1": 0.9800000011920929
      },
      "S10": {
        "accuracy": 0.8888888895511627,
        "precision": 0.8889639675617218,
        "recall": 0.8916666686534882,
        "f1": 0.8902968064674764
      },
      "S11": {
        "accuracy": 0.6472222328186035,
        "precision": 0.6472222328186035,
        "recall": 0.6472222328186035,
        "f1": 0.6472222328186035
      },
      "S13": {
        "accuracy": 0.9861111104488373,
        "precision": 0.9861111104488373,
        "recall": 0.9861111104488373,
        "f1": 0.9861111104488373
      },
      "S14": {
        "accuracy": 0.6944444179534912,
        "precision": 0.6944444179534912,
        "recall": 0.6944444179534912,
        "f1": 0.6944444179534912
      },
      "S15": {
        "accuracy": 0.949999988079071,
        "precision": 0.949999988079071,
        "recall": 0.949999988079071,
        "f1": 0.949999988079071
      },
      "S16": {
        "accuracy": 0.8861111164093017,
        "precision": 0.8863191783428193,
        "recall": 0.8861111104488373,
        "f1": 0.8861823918304633
      },
      "S17": {
        "accuracy": 0.702777761220932,
        "precision": 0.702777761220932,
        "recall": 0.702777761220932,
        "f1": 0.702777761220932
      },
      "average": {
        "accuracy": 0.8516924985249836,
        "precision": 0.8516214271386465,
        "recall": 0.8522586357593536,
        "f1": 0.8519332976380506
      }
    },
    "std": {
      "S2": {
        "accuracy": 0.025752792500195496,
        "precision": 0.025752792500195496,
        "recall": 0.025752792500195496,
        "f1": 0.025752792500195496
      },
      "S3": {
        "accuracy": 0.020797250006108423,
        "precision": 0.020797250006108423,
        "recall": 0.020797250006108423,
        "f1": 0.020797250006108423
      },
      "S4": {
        "accuracy": 0.0357618709265569,
        "precision": 0.0357618709265569,
        "recall": 0.0357618709265569,
        "f1": 0.0357618709265569
      },
      "S5": {
        "accuracy": 0.06288599251539463,
        "precision": 0.06117240782262886,
        "recall": 0.05626306517119095,
        "f1": 0.05870588336187481
      },
      "S6": {
        "accuracy": 0.009035078490519837,
        "precision": 0.011880930901283159,
        "recall": 0.009035078490519837,
        "f1": 0.009619118901022553
      },
      "S7": {
        "accuracy": 0.018070156981039674,
        "precision": 0.018070156981039674,
        "recall": 0.018070156981039674,
        "f1": 0.018070156981039674
      },
      "S8": {
        "accuracy": 0.0935080912541675,
        "precision": 0.09295171785149522,
        "recall": 0.0915970615007291,
        "f1": 0.09222421048779
      },
      "S9": {
        "accuracy": 0.06324554943363885,
        "precision": 0.06324554943363885,
        "recall": 0.06324554943363885,
        "f1": 0.06324554943363885
      },
      "S10": {
        "accuracy": 0.07746852704407144,
        "precision": 0.07755857388079716,
        "recall": 0.08119690081159814,
        "f1": 0.07925856606178368
      },
      "S11": {
        "accuracy": 0.013417947829829937,
        "precision": 0.013417947829829937,
        "recall": 0.013417947829829937,
        "f1": 0.013417947829829937
      },
      "S13": {
        "accuracy": 0.026995143496757787,
        "precision": 0.026995143496757787,
        "recall": 0.026995143496757787,
        "f1": 0.026995143496757787
      },
      "S14": {
        "accuracy": 0.0,
        "precision": 0.0,
        "recall": 0.0,
        "f1": 0.0
      },
      "S15": {
        "accuracy": 0.04303314572621915,
        "precision": 0.04303314572621915,
        "recall": 0.04303314572621915,
        "f1": 0.04303314572621915
      },
      "S16": {
        "accuracy": 0.0734347409032152,
        "precision": 0.07280636566770428,
        "recall": 0.07106142683164723,
        "f1": 0.07174294560274044
      },
      "S17": {
        "accuracy": 0.018748567231660285,
        "precision": 0.018748567231660285,
        "recall": 0.018748567231660285,
        "f1": 0.018748567231660285
      },
      "average": {
        "accuracy": 0.02736976909612185,
        "precision": 0.02711416694488914,
        "recall": 0.02725737809841784,
        "f1": 0.027176016478395442
      }
    },
    "poor_ratio": 0.0
  }
}