{
  "real_subj_cnt": 15,
  "real_path": "stress_slurm/data/wesad_1hz.pickle",
  "sliding_windows": false,
  "syn_subj_cnt": 50,
  "gan_config": {
    "gan_mode": "CGAN",
    "path": "stress_slurm/data/100_subj_cGAN.csv",
    "eps": null
  },
  "privacy_config": {
    "l2_norm_clip": 1.0,
    "eps": null,
    "num_unique_windows": null,
    "delta": null,
    "noise_multiplier": null
  },
  "train_config": {
    "nn_mode": "CNN-LSTM",
    "epochs": 20,
    "batch_size": 50,
    "learning_rate": 0.001,
    "eval_mode": "TSTR",
    "random_seed": 42,
    "data_noise_parameter": null
  },
  "results": {
    "num_runs": 10,
    "mean": {
      "S2": {
        "accuracy": 0.949999988079071,
        "precision": 0.9499057710170746,
        "recall": 0.949999988079071,
        "f1": 0.9499115567516034
      },
      "S3": {
        "accuracy": 0.7088235259056092,
        "precision": 0.7089508473873138,
        "recall": 0.7088235199451447,
        "f1": 0.7088553321306861
      },
      "S4": {
        "accuracy": 0.9314285755157471,
        "precision": 0.9314285755157471,
        "recall": 0.9314285755157471,
        "f1": 0.9314285755157471
      },
      "S5": {
        "accuracy": 0.9685714304447174,
        "precision": 0.9685714304447174,
        "recall": 0.9685714304447174,
        "f1": 0.9685714304447174
      },
      "S6": {
        "accuracy": 0.9742857158184052,
        "precision": 0.9742857158184052,
        "recall": 0.9742857158184052,
        "f1": 0.9742857158184052
      },
      "S7": {
        "accuracy": 0.9314285755157471,
        "precision": 0.9314285755157471,
        "recall": 0.9314285755157471,
        "f1": 0.9314285755157471
      },
      "S8": {
        "accuracy": 0.9800000011920929,
        "precision": 0.9800793647766113,
        "recall": 0.9828571438789367,
        "f1": 0.9814486924936506
      },
      "S9": {
        "accuracy": 0.9771428585052491,
        "precision": 0.9771428585052491,
        "recall": 0.9771428585052491,
        "f1": 0.9771428585052491
      },
      "S10": {
        "accuracy": 0.9749999940395355,
        "precision": 0.9749999940395355,
        "recall": 0.9749999940395355,
        "f1": 0.9749999940395355
      },
      "S11": {
        "accuracy": 0.8583333313465118,
        "precision": 0.8583333313465118,
        "recall": 0.8583333313465118,
        "f1": 0.8583333313465118
      },
      "S13": {
        "accuracy": 0.9694444358348846,
        "precision": 0.9694444358348846,
        "recall": 0.9694444358348846,
        "f1": 0.9694444358348846
      },
      "S14": {
        "accuracy": 0.6861111044883728,
        "precision": 0.6861111044883728,
        "recall": 0.6861111044883728,
        "f1": 0.6861111044883728
      },
      "S15": {
        "accuracy": 1.0,
        "precision": 1.0,
        "recall": 1.0,
        "f1": 1.0
      },
      "S16": {
        "accuracy": 0.9333333253860474,
        "precision": 0.9313062965869904,
        "recall": 0.9333333253860474,
        "f1": 0.9323059272153177
      },
      "S17": {
        "accuracy": 0.9027777731418609,
        "precision": 0.902619045972824,
        "recall": 0.9,
        "f1": 0.9012910790125119
      },
      "average": {
        "accuracy": 0.9164453756809234,
        "precision": 0.9163071564833324,
        "recall": 0.916450666586558,
        "f1": 0.9163705739408627
      }
    },
    "std": {
      "S2": {
        "accuracy": 0.027902450024795702,
        "precision": 0.020045959356562542,
        "recall": 0.027902450024795702,
        "f1": 0.023362245010495608
      },
      "S3": {
        "accuracy": 0.037843642198978684,
        "precision": 0.03676386289977691,
        "recall": 0.03521231561452777,
        "f1": 0.035605861001440656
      },
      "S4": {
        "accuracy": 0.0799092408119065,
        "precision": 0.0799092408119065,
        "recall": 0.0799092408119065,
        "f1": 0.0799092408119065
      },
      "S5": {
        "accuracy": 0.02108184981121295,
        "precision": 0.02108184981121295,
        "recall": 0.02108184981121295,
        "f1": 0.02108184981121295
      },
      "S6": {
        "accuracy": 0.009035078490519837,
        "precision": 0.009035078490519837,
        "recall": 0.009035078490519837,
        "f1": 0.009035078490519837
      },
      "S7": {
        "accuracy": 0.014754221391846173,
        "precision": 0.014754221391846173,
        "recall": 0.014754221391846173,
        "f1": 0.014754221391846173
      },
      "S8": {
        "accuracy": 0.01380131036422483,
        "precision": 0.013748725989017262,
        "recall": 0.014754221391846175,
        "f1": 0.01355983459548149
      },
      "S9": {
        "accuracy": 0.012046771320693121,
        "precision": 0.012046771320693121,
        "recall": 0.012046771320693121,
        "f1": 0.012046771320693121
      },
      "S10": {
        "accuracy": 0.03325608756707761,
        "precision": 0.03325608756707761,
        "recall": 0.03325608756707761,
        "f1": 0.03325608756707761
      },
      "S11": {
        "accuracy": 0.03325608867343166,
        "precision": 0.03325608867343166,
        "recall": 0.03325608867343166,
        "f1": 0.03325608867343166
      },
      "S13": {
        "accuracy": 0.030569584659761916,
        "precision": 0.030569584659761916,
        "recall": 0.030569584659761916,
        "f1": 0.030569584659761916
      },
      "S14": {
        "accuracy": 0.06286758195585314,
        "precision": 0.06286758195585314,
        "recall": 0.06286758195585314,
        "f1": 0.06286758195585314
      },
      "S15": {
        "accuracy": 0.0,
        "precision": 0.0,
        "recall": 0.0,
        "f1": 0.0
      },
      "S16": {
        "accuracy": 0.07075915360824064,
        "precision": 0.07664054272277829,
        "recall": 0.07075915360824064,
        "f1": 0.07372911837486155
      },
      "S17": {
        "accuracy": 0.03525820215645219,
        "precision": 0.03505275752433767,
        "recall": 0.03260521390284259,
        "f1": 0.03357955660849233
      },
      "average": {
        "accuracy": 0.012960811080335598,
        "precision": 0.013058433678448224,
        "recall": 0.01190011741677573,
        "f1": 0.012467125665852572
      }
    },
    "poor_ratio": 0.0
  }
}