{
  "real_subj_cnt": 15,
  "real_path": "stress_slurm/data/wesad_1hz.pickle",
  "sliding_windows": false,
  "syn_subj_cnt": 30,
  "gan_config": {
    "gan_mode": "DPCGAN-e-10",
    "path": "stress_slurm/data/100_subj_DP-cGAN-e-10.csv",
    "eps": 10
  },
  "privacy_config": {
    "l2_norm_clip": 1.0,
    "eps": null,
    "num_unique_windows": null,
    "delta": null,
    "noise_multiplier": null
  },
  "train_config": {
    "nn_mode": "CNN-LSTM",
    "epochs": 20,
    "batch_size": 50,
    "learning_rate": 0.001,
    "eval_mode": "TSTR",
    "random_seed": 42,
    "data_noise_parameter": null
  },
  "results": {
    "num_runs": 10,
    "mean": {
      "S2": {
        "accuracy": 0.4411764770746231,
        "precision": 0.4427731156349182,
        "recall": 0.44411765336990355,
        "f1": 0.44343564147597175
      },
      "S3": {
        "accuracy": 0.22647059261798858,
        "precision": 0.22647059261798858,
        "recall": 0.22647059261798858,
        "f1": 0.22647059261798858
      },
      "S4": {
        "accuracy": 0.34285715222358704,
        "precision": 0.34285715222358704,
        "recall": 0.34285715222358704,
        "f1": 0.34285715222358704
      },
      "S5": {
        "accuracy": 0.36857143640518186,
        "precision": 0.3668067306280136,
        "recall": 0.365714293718338,
        "f1": 0.36625259596431137
      },
      "S6": {
        "accuracy": 0.3857142925262451,
        "precision": 0.3868907630443573,
        "recall": 0.3857142925262451,
        "f1": 0.38629400263724517
      },
      "S7": {
        "accuracy": 0.1942857176065445,
        "precision": 0.1942857176065445,
        "recall": 0.1942857176065445,
        "f1": 0.1942857176065445
      },
      "S8": {
        "accuracy": 0.36857143640518186,
        "precision": 0.3719047665596008,
        "recall": 0.37428572177886965,
        "f1": 0.3730784768588579
      },
      "S9": {
        "accuracy": 0.4514285773038864,
        "precision": 0.4514285773038864,
        "recall": 0.4514285773038864,
        "f1": 0.4514285773038864
      },
      "S10": {
        "accuracy": 0.41388888359069825,
        "precision": 0.4166559398174286,
        "recall": 0.41666666269302366,
        "f1": 0.41664469020448697
      },
      "S11": {
        "accuracy": 0.45555555522441865,
        "precision": 0.45555555522441865,
        "recall": 0.45555555522441865,
        "f1": 0.45555555522441865
      },
      "S13": {
        "accuracy": 0.4555555522441864,
        "precision": 0.45584794878959656,
        "recall": 0.4583333283662796,
        "f1": 0.45705705237397315
      },
      "S14": {
        "accuracy": 0.2805555671453476,
        "precision": 0.28243244290351865,
        "recall": 0.28333334624767303,
        "f1": 0.28287672398796804
      },
      "S15": {
        "accuracy": 0.3138888940215111,
        "precision": 0.3138888940215111,
        "recall": 0.3138888940215111,
        "f1": 0.3138888940215111
      },
      "S16": {
        "accuracy": 0.48888889253139495,
        "precision": 0.4879879891872406,
        "recall": 0.48888889253139495,
        "f1": 0.4884322702716899
      },
      "S17": {
        "accuracy": 0.2638888955116272,
        "precision": 0.2638888955116272,
        "recall": 0.2638888955116272,
        "f1": 0.2638888955116272
      },
      "average": {
        "accuracy": 0.3634198614954948,
        "precision": 0.36397833873828256,
        "recall": 0.3643619717160861,
        "f1": 0.3641631225522712
      }
    },
    "std": {
      "S2": {
        "accuracy": 0.06503186224633427,
        "precision": 0.06522756812555784,
        "recall": 0.06569359381055928,
        "f1": 0.06542309477690236
      },
      "S3": {
        "accuracy": 0.02790245281718333,
        "precision": 0.02790245281718333,
        "recall": 0.02790245281718333,
        "f1": 0.02790245281718333
      },
      "S4": {
        "accuracy": 0.0356348301309884,
        "precision": 0.0356348301309884,
        "recall": 0.0356348301309884,
        "f1": 0.0356348301309884
      },
      "S5": {
        "accuracy": 0.04353953816926956,
        "precision": 0.04246862328549826,
        "recall": 0.04216369962242591,
        "f1": 0.04227896454028618
      },
      "S6": {
        "accuracy": 0.04714044926931327,
        "precision": 0.047680300484609986,
        "recall": 0.04714044926931327,
        "f1": 0.047370730308187406
      },
      "S7": {
        "accuracy": 0.026255329391422652,
        "precision": 0.026255329391422652,
        "recall": 0.026255329391422652,
        "f1": 0.026255329391422652
      },
      "S8": {
        "accuracy": 0.04353953816926956,
        "precision": 0.046667740493420824,
        "recall": 0.04939543507443081,
        "f1": 0.04796614047628806
      },
      "S9": {
        "accuracy": 0.08058741622590315,
        "precision": 0.08058741622590315,
        "recall": 0.08058741622590315,
        "f1": 0.08058741622590315
      },
      "S10": {
        "accuracy": 0.04430920238612031,
        "precision": 0.044891463603394174,
        "recall": 0.04536091643113927,
        "f1": 0.04503304847910553
      },
      "S11": {
        "accuracy": 0.08198497530265789,
        "precision": 0.08198497530265789,
        "recall": 0.08198497530265789,
        "f1": 0.08198497530265789
      },
      "S13": {
        "accuracy": 0.09550960024948203,
        "precision": 0.09547627471643878,
        "recall": 0.09555447199267342,
        "f1": 0.09543350937187914
      },
      "S14": {
        "accuracy": 0.008784099375844479,
        "precision": 0.014719301656820482,
        "recall": 0.017568208176010795,
        "f1": 0.016124241805009952
      },
      "S15": {
        "accuracy": 0.03476849117873935,
        "precision": 0.03476849117873935,
        "recall": 0.03476849117873935,
        "f1": 0.03476849117873935
      },
      "S16": {
        "accuracy": 0.0743051960094566,
        "precision": 0.07642513845580665,
        "recall": 0.0743051960094566,
        "f1": 0.07537368186741342
      },
      "S17": {
        "accuracy": 0.014640181333610527,
        "precision": 0.014640181333610527,
        "recall": 0.014640181333610527,
        "f1": 0.014640181333610527
      },
      "average": {
        "accuracy": 0.0385610919195517,
        "precision": 0.03907925152752143,
        "recall": 0.03938538279297356,
        "f1": 0.03922212445718559
      }
    },
    "poor_ratio": 0.1
  }
}