{
  "real_subj_cnt": 15,
  "real_path": "stress_slurm/data/wesad_1hz.pickle",
  "sliding_windows": false,
  "syn_subj_cnt": 10,
  "gan_config": {
    "gan_mode": "CGAN",
    "path": "stress_slurm/data/100_subj_cGAN.csv",
    "eps": null
  },
  "privacy_config": {
    "l2_norm_clip": 1.0,
    "eps": null,
    "num_unique_windows": null,
    "delta": null,
    "noise_multiplier": null
  },
  "train_config": {
    "nn_mode": "CNN-LSTM",
    "epochs": 20,
    "batch_size": 50,
    "learning_rate": 0.001,
    "eval_mode": "TSTR",
    "random_seed": 42,
    "data_noise_parameter": null
  },
  "results": {
    "num_runs": 10,
    "mean": {
      "S2": {
        "accuracy": 0.6382352918386459,
        "precision": 0.6345559865236282,
        "recall": 0.6441176503896713,
        "f1": 0.6391814681934693
      },
      "S3": {
        "accuracy": 0.7058823525905609,
        "precision": 0.7099821746349335,
        "recall": 0.7058823525905609,
        "f1": 0.7079016679231933
      },
      "S4": {
        "accuracy": 0.840000006556511,
        "precision": 0.8374558955430984,
        "recall": 0.8428571492433548,
        "f1": 0.8400214465223552
      },
      "S5": {
        "accuracy": 0.5628571599721909,
        "precision": 0.5590943157672882,
        "recall": 0.560000017285347,
        "f1": 0.5595083687281684
      },
      "S6": {
        "accuracy": 0.688571447134018,
        "precision": 0.6877964615821839,
        "recall": 0.688571447134018,
        "f1": 0.6881328690980627
      },
      "S7": {
        "accuracy": 0.3228571593761444,
        "precision": 0.3228571593761444,
        "recall": 0.3228571593761444,
        "f1": 0.3228571593761444
      },
      "S8": {
        "accuracy": 0.6514285862445831,
        "precision": 0.6515454143285752,
        "recall": 0.6571428716182709,
        "f1": 0.6541952770186129
      },
      "S9": {
        "accuracy": 0.7971428692340851,
        "precision": 0.7971428692340851,
        "recall": 0.7971428692340851,
        "f1": 0.7971428692340851
      },
      "S10": {
        "accuracy": 0.827777773141861,
        "precision": 0.8281562924385071,
        "recall": 0.830555546283722,
        "f1": 0.8292034351198667
      },
      "S11": {
        "accuracy": 0.6388888895511627,
        "precision": 0.6388888895511627,
        "recall": 0.6388888895511627,
        "f1": 0.6388888895511627
      },
      "S13": {
        "accuracy": 0.5916666686534882,
        "precision": 0.5942084968090058,
        "recall": 0.5944444477558136,
        "f1": 0.5943083185540747
      },
      "S14": {
        "accuracy": 0.413888880610466,
        "precision": 0.4125375300645828,
        "recall": 0.413888880610466,
        "f1": 0.41320394951746015
      },
      "S15": {
        "accuracy": 0.5416666656732559,
        "precision": 0.546287003159523,
        "recall": 0.5472222179174423,
        "f1": 0.5467184373155819
      },
      "S16": {
        "accuracy": 0.672222226858139,
        "precision": 0.6705705761909485,
        "recall": 0.672222226858139,
        "f1": 0.671385088855452
      },
      "S17": {
        "accuracy": 0.4805555552244186,
        "precision": 0.47888889014720915,
        "recall": 0.47777777910232544,
        "f1": 0.47832550989969025
      },
      "average": {
        "accuracy": 0.6249094355106354,
        "precision": 0.6246645303567251,
        "recall": 0.6262381003300349,
        "f1": 0.6253983169938253
      }
    },
    "std": {
      "S2": {
        "accuracy": 0.1351732816811919,
        "precision": 0.13136743854575217,
        "recall": 0.13474596766325408,
        "f1": 0.13260958430100728
      },
      "S3": {
        "accuracy": 0.04999038830498502,
        "precision": 0.04801855090360676,
        "recall": 0.04999038830498502,
        "f1": 0.04883830773663409
      },
      "S4": {
        "accuracy": 0.17519667873098135,
        "precision": 0.17905789615839068,
        "recall": 0.1741841979137586,
        "f1": 0.1765377709077916
      },
      "S5": {
        "accuracy": 0.13804597034288202,
        "precision": 0.13823169073682165,
        "recall": 0.14138928641097348,
        "f1": 0.13976538210591616
      },
      "S6": {
        "accuracy": 0.08775351476787835,
        "precision": 0.08555598213395839,
        "recall": 0.09179489555733268,
        "f1": 0.0885615157113686
      },
      "S7": {
        "accuracy": 0.10437157310899627,
        "precision": 0.10437157310899627,
        "recall": 0.10437157310899627,
        "f1": 0.10437157310899627
      },
      "S8": {
        "accuracy": 0.15637619390146223,
        "precision": 0.15850294786027072,
        "recall": 0.15822140465755083,
        "f1": 0.15797484941512566
      },
      "S9": {
        "accuracy": 0.03915200679225263,
        "precision": 0.03915200679225263,
        "recall": 0.03915200679225263,
        "f1": 0.03915200679225263
      },
      "S10": {
        "accuracy": 0.12477688978520109,
        "precision": 0.12007669812156908,
        "recall": 0.12315163426841516,
        "f1": 0.12127047687406957
      },
      "S11": {
        "accuracy": 0.06676945857392787,
        "precision": 0.06676945857392787,
        "recall": 0.06676945857392787,
        "f1": 0.06676945857392787
      },
      "S13": {
        "accuracy": 0.10802028864428008,
        "precision": 0.10468525656412726,
        "recall": 0.10573409772976723,
        "f1": 0.10518829823772305
      },
      "S14": {
        "accuracy": 0.05310974174001891,
        "precision": 0.05079679472844902,
        "recall": 0.05310974174001891,
        "f1": 0.05190634739707221
      },
      "S15": {
        "accuracy": 0.17822570686346634,
        "precision": 0.1755675766022356,
        "recall": 0.17861012024128847,
        "f1": 0.17704923699682057
      },
      "S16": {
        "accuracy": 0.07612890330429346,
        "precision": 0.07776366566498831,
        "recall": 0.07612890330429346,
        "f1": 0.07691751001811452
      },
      "S17": {
        "accuracy": 0.09803453004477351,
        "precision": 0.09937390064902171,
        "recall": 0.10041068252180324,
        "f1": 0.09988549205693462
      },
      "average": {
        "accuracy": 0.09202020807407134,
        "precision": 0.09155251812115425,
        "recall": 0.09226348729309156,
        "f1": 0.09187955748975689
      }
    },
    "poor_ratio": 0.0
  }
}