{
  "real_subj_cnt": 15,
  "real_path": "stress_slurm/data/wesad_1hz.pickle",
  "sliding_windows": false,
  "syn_subj_cnt": 5,
  "gan_config": {
    "gan_mode": "DPCGAN-e-0.1",
    "path": "stress_slurm/data/100_subj_DP-cGAN-e-0.1.csv",
    "eps": 0.1
  },
  "privacy_config": {
    "l2_norm_clip": 1.0,
    "eps": null,
    "num_unique_windows": null,
    "delta": null,
    "noise_multiplier": null
  },
  "train_config": {
    "nn_mode": "CNN-LSTM",
    "epochs": 20,
    "batch_size": 50,
    "learning_rate": 0.001,
    "eval_mode": "TSTR",
    "random_seed": 42,
    "data_noise_parameter": null
  },
  "results": {
    "num_runs": 10,
    "mean": {
      "S2": {
        "accuracy": 0.6823529571294784,
        "precision": 0.6865126222372055,
        "recall": 0.6735294252634049,
        "f1": 0.6791684004632424
      },
      "S3": {
        "accuracy": 0.6588235259056091,
        "precision": 0.6539848864078521,
        "recall": 0.6558823466300965,
        "f1": 0.6546192755994013
      },
      "S4": {
        "accuracy": 0.6857143014669418,
        "precision": 0.6866865187883378,
        "recall": 0.682857158780098,
        "f1": 0.6846253775735677
      },
      "S5": {
        "accuracy": 0.6942857295274735,
        "precision": 0.7023260205984115,
        "recall": 0.7000000149011611,
        "f1": 0.7004578965912562
      },
      "S6": {
        "accuracy": 0.6657143026590348,
        "precision": 0.6689836233854294,
        "recall": 0.6628571599721909,
        "f1": 0.6656606434250707
      },
      "S7": {
        "accuracy": 0.748571440577507,
        "precision": 0.747505322098732,
        "recall": 0.748571440577507,
        "f1": 0.7476311067884124
      },
      "S8": {
        "accuracy": 0.702857157588005,
        "precision": 0.7034920781850815,
        "recall": 0.7057143002748489,
        "f1": 0.7045875397798113
      },
      "S9": {
        "accuracy": 0.6685714453458786,
        "precision": 0.6685714453458786,
        "recall": 0.6685714453458786,
        "f1": 0.6685714453458786
      },
      "S10": {
        "accuracy": 0.6861110985279083,
        "precision": 0.6854217767715454,
        "recall": 0.680555546283722,
        "f1": 0.682827070688688
      },
      "S11": {
        "accuracy": 0.6611110895872117,
        "precision": 0.6592342168092727,
        "recall": 0.6527777582406997,
        "f1": 0.6557480343410426
      },
      "S13": {
        "accuracy": 0.680555546283722,
        "precision": 0.6888888776302338,
        "recall": 0.674999988079071,
        "f1": 0.6813131196439759
      },
      "S14": {
        "accuracy": 0.6027777671813965,
        "precision": 0.5843402862548828,
        "recall": 0.6111110955476761,
        "f1": 0.5958346851150526
      },
      "S15": {
        "accuracy": 0.6749999940395355,
        "precision": 0.6701403319835663,
        "recall": 0.6722222149372101,
        "f1": 0.6706309536841657
      },
      "S16": {
        "accuracy": 0.6249999910593033,
        "precision": 0.6232325792312622,
        "recall": 0.6222222149372101,
        "f1": 0.6226292190433966
      },
      "S17": {
        "accuracy": 0.7083333253860473,
        "precision": 0.7022017717361451,
        "recall": 0.7138888835906982,
        "f1": 0.7074567974686832
      },
      "average": {
        "accuracy": 0.6763853114843369,
        "precision": 0.6754348238309225,
        "recall": 0.6750507328907649,
        "f1": 0.6747841043701096
      }
    },
    "std": {
      "S2": {
        "accuracy": 0.14725477136914555,
        "precision": 0.16103281395914182,
        "recall": 0.13616513978969944,
        "f1": 0.1452493286231137
      },
      "S3": {
        "accuracy": 0.12338927458381838,
        "precision": 0.11855518025901711,
        "recall": 0.1224901760047079,
        "f1": 0.11920199375672767
      },
      "S4": {
        "accuracy": 0.15297503258007347,
        "precision": 0.1519711876800169,
        "recall": 0.1538323733527785,
        "f1": 0.15258464335845817
      },
      "S5": {
        "accuracy": 0.15418574088247222,
        "precision": 0.16242116044007332,
        "recall": 0.15605685350644932,
        "f1": 0.15694745744895292
      },
      "S6": {
        "accuracy": 0.1347206747941016,
        "precision": 0.134810804734237,
        "recall": 0.13522468193198212,
        "f1": 0.13432889474534224
      },
      "S7": {
        "accuracy": 0.18110269265197984,
        "precision": 0.1848065884952642,
        "recall": 0.1821016118378148,
        "f1": 0.1820661138967943
      },
      "S8": {
        "accuracy": 0.1577621275013468,
        "precision": 0.15808121304919218,
        "recall": 0.15939226968006442,
        "f1": 0.1586899756795064
      },
      "S9": {
        "accuracy": 0.1348216270373939,
        "precision": 0.1348216270373939,
        "recall": 0.1348216270373939,
        "f1": 0.1348216270373939
      },
      "S10": {
        "accuracy": 0.14817707158302718,
        "precision": 0.1466580979663812,
        "recall": 0.1417906667216801,
        "f1": 0.14366453179073282
      },
      "S11": {
        "accuracy": 0.12614359752522514,
        "precision": 0.1257314841970289,
        "recall": 0.12231337117748844,
        "f1": 0.12314479779624653
      },
      "S13": {
        "accuracy": 0.1417906667216801,
        "precision": 0.14861038112538144,
        "recall": 0.1398423973459096,
        "f1": 0.14222250816282322
      },
      "S14": {
        "accuracy": 0.15879021694123918,
        "precision": 0.1647314149772967,
        "recall": 0.17665539974376607,
        "f1": 0.1674129011665765
      },
      "S15": {
        "accuracy": 0.14525531521247445,
        "precision": 0.14058627181699826,
        "recall": 0.14745206387824233,
        "f1": 0.14253603653736263
      },
      "S16": {
        "accuracy": 0.13110927709223888,
        "precision": 0.1314173875070172,
        "recall": 0.1349439702553757,
        "f1": 0.1329909468262487
      },
      "S17": {
        "accuracy": 0.16524599916808894,
        "precision": 0.1602555049299012,
        "recall": 0.16514220087055598,
        "f1": 0.1606770862020838
      },
      "average": {
        "accuracy": 0.13827491554515703,
        "precision": 0.13823689211062423,
        "recall": 0.13907380252966495,
        "f1": 0.13774028031300603
      }
    },
    "poor_ratio": 0.1
  }
}