{
  "real_subj_cnt": 15,
  "real_path": "stress_slurm/data/wesad_1hz.pickle",
  "sliding_windows": false,
  "syn_subj_cnt": 5,
  "gan_config": {
    "gan_mode": "DPCGAN-e-10",
    "path": "stress_slurm/data/100_subj_DP-cGAN-e-10.csv",
    "eps": 10
  },
  "privacy_config": {
    "l2_norm_clip": 1.0,
    "eps": null,
    "num_unique_windows": null,
    "delta": null,
    "noise_multiplier": null
  },
  "train_config": {
    "nn_mode": "CNN-LSTM",
    "epochs": 20,
    "batch_size": 50,
    "learning_rate": 0.001,
    "eval_mode": "TSTR",
    "random_seed": 42,
    "data_noise_parameter": null
  },
  "results": {
    "num_runs": 10,
    "mean": {
      "S2": {
        "accuracy": 0.9058823347091675,
        "precision": 0.9064705729484558,
        "recall": 0.9088235139846802,
        "f1": 0.9076299931704559
      },
      "S3": {
        "accuracy": 0.614705890417099,
        "precision": 0.6128571510314942,
        "recall": 0.614705890417099,
        "f1": 0.6137681240633339
      },
      "S4": {
        "accuracy": 0.4857142984867096,
        "precision": 0.4876753270626068,
        "recall": 0.49142858386039734,
        "f1": 0.48947132906322544
      },
      "S5": {
        "accuracy": 0.7685714423656463,
        "precision": 0.7663958966732025,
        "recall": 0.7685714423656463,
        "f1": 0.7674359292205333
      },
      "S6": {
        "accuracy": 0.7257143020629883,
        "precision": 0.7213492214679718,
        "recall": 0.7257143020629883,
        "f1": 0.723501021753013
      },
      "S7": {
        "accuracy": 0.5742857292294502,
        "precision": 0.5749439910054207,
        "recall": 0.5771428719162941,
        "f1": 0.5760015304233329
      },
      "S8": {
        "accuracy": 0.5942857265472412,
        "precision": 0.5968254059553146,
        "recall": 0.600000011920929,
        "f1": 0.5983903525385726
      },
      "S9": {
        "accuracy": 0.7628571569919587,
        "precision": 0.7628571569919587,
        "recall": 0.7628571569919587,
        "f1": 0.7628571569919587
      },
      "S10": {
        "accuracy": 0.7916666626930237,
        "precision": 0.79656862616539,
        "recall": 0.7916666626930237,
        "f1": 0.7940476163406761
      },
      "S11": {
        "accuracy": 0.7388888955116272,
        "precision": 0.7382539749145508,
        "recall": 0.7361111164093017,
        "f1": 0.7371674550996132
      },
      "S13": {
        "accuracy": 0.7583333313465118,
        "precision": 0.7562312304973602,
        "recall": 0.7583333313465118,
        "f1": 0.7572678829798625
      },
      "S14": {
        "accuracy": 0.4222222238779068,
        "precision": 0.4226726680994034,
        "recall": 0.425,
        "f1": 0.4238203933889276
      },
      "S15": {
        "accuracy": 0.6583333343267441,
        "precision": 0.6574731856584549,
        "recall": 0.6583333343267441,
        "f1": 0.6578676008594802
      },
      "S16": {
        "accuracy": 0.7000000059604645,
        "precision": 0.7000000059604645,
        "recall": 0.7000000059604645,
        "f1": 0.7000000059604645
      },
      "S17": {
        "accuracy": 0.5305555492639542,
        "precision": 0.5296308428049088,
        "recall": 0.5416666597127915,
        "f1": 0.5353406794650217
      },
      "average": {
        "accuracy": 0.6688011255860329,
        "precision": 0.6686803504824639,
        "recall": 0.670690325597922,
        "f1": 0.6696378047545648
      }
    },
    "std": {
      "S2": {
        "accuracy": 0.06011651223826499,
        "precision": 0.05891822214428443,
        "recall": 0.05449781126976531,
        "f1": 0.056661090557351336
      },
      "S3": {
        "accuracy": 0.06269911148109475,
        "precision": 0.06190671204999678,
        "recall": 0.06269911148109475,
        "f1": 0.06222982806038904
      },
      "S4": {
        "accuracy": 0.18711317262939262,
        "precision": 0.18841164862927748,
        "recall": 0.1927483564456128,
        "f1": 0.19035026644730865
      },
      "S5": {
        "accuracy": 0.11384836275520253,
        "precision": 0.1114655332666881,
        "recall": 0.1122436544037457,
        "f1": 0.11166342346211958
      },
      "S6": {
        "accuracy": 0.0905513418332312,
        "precision": 0.08763480212803056,
        "recall": 0.0905513418332312,
        "f1": 0.08896514324155905
      },
      "S7": {
        "accuracy": 0.18829706246916417,
        "precision": 0.18856882017342474,
        "recall": 0.19133141692117622,
        "f1": 0.18984456510135533
      },
      "S8": {
        "accuracy": 0.1195608043708706,
        "precision": 0.11808370004905762,
        "recall": 0.11741741547393902,
        "f1": 0.11770683613332779
      },
      "S9": {
        "accuracy": 0.06179477040249048,
        "precision": 0.06179477040249048,
        "recall": 0.06179477040249048,
        "f1": 0.06179477040249048
      },
      "S10": {
        "accuracy": 0.05278589659950156,
        "precision": 0.058996005561515914,
        "recall": 0.05278589659950156,
        "f1": 0.05534888318219782
      },
      "S11": {
        "accuracy": 0.05737754174232576,
        "precision": 0.05693280115596963,
        "recall": 0.0559400378867658,
        "f1": 0.05632982679379971
      },
      "S13": {
        "accuracy": 0.043528372798337836,
        "precision": 0.04298925364486717,
        "recall": 0.043528372798337836,
        "f1": 0.043128101189827475
      },
      "S14": {
        "accuracy": 0.07724686682699283,
        "precision": 0.07044710667235765,
        "recall": 0.0717816624655226,
        "f1": 0.07106159097478154
      },
      "S15": {
        "accuracy": 0.10642107546500804,
        "precision": 0.11136350549163938,
        "recall": 0.10642107546500804,
        "f1": 0.10880550175955687
      },
      "S16": {
        "accuracy": 0.0978156657818748,
        "precision": 0.0978156657818748,
        "recall": 0.0978156657818748,
        "f1": 0.0978156657818748
      },
      "S17": {
        "accuracy": 0.12992690795435444,
        "precision": 0.12636673851519709,
        "recall": 0.1393510802779673,
        "f1": 0.13194195489633917
      },
      "average": {
        "accuracy": 0.057357458268656264,
        "precision": 0.05742932475961181,
        "recall": 0.05706061864942611,
        "f1": 0.057149406037183444
      }
    },
    "poor_ratio": 0.0
  }
}