{
  "real_subj_cnt": 15,
  "real_path": "stress_slurm/data/wesad_1hz.pickle",
  "sliding_windows": false,
  "syn_subj_cnt": 30,
  "gan_config": {
    "gan_mode": "CGAN",
    "path": "stress_slurm/data/100_subj_cGAN.csv",
    "eps": null
  },
  "privacy_config": {
    "l2_norm_clip": 1.0,
    "eps": null,
    "num_unique_windows": null,
    "delta": null,
    "noise_multiplier": null
  },
  "train_config": {
    "nn_mode": "CNN-LSTM",
    "epochs": 20,
    "batch_size": 50,
    "learning_rate": 0.001,
    "eval_mode": "TSTR",
    "random_seed": 42,
    "data_noise_parameter": null
  },
  "results": {
    "num_runs": 10,
    "mean": {
      "S2": {
        "accuracy": 0.9382352948188781,
        "precision": 0.9384033620357514,
        "recall": 0.9411764681339264,
        "f1": 0.9397698201356478
      },
      "S3": {
        "accuracy": 0.7323529481887817,
        "precision": 0.7323529481887817,
        "recall": 0.7323529481887817,
        "f1": 0.7323529481887817
      },
      "S4": {
        "accuracy": 0.954285717010498,
        "precision": 0.9543650805950165,
        "recall": 0.9571428596973419,
        "f1": 0.9557344083120558
      },
      "S5": {
        "accuracy": 0.9771428585052491,
        "precision": 0.9771428585052491,
        "recall": 0.9771428585052491,
        "f1": 0.9771428585052491
      },
      "S6": {
        "accuracy": 0.9714285731315613,
        "precision": 0.9714285731315613,
        "recall": 0.9714285731315613,
        "f1": 0.9714285731315613
      },
      "S7": {
        "accuracy": 0.9228571474552154,
        "precision": 0.9228571474552154,
        "recall": 0.9228571474552154,
        "f1": 0.9228571474552154
      },
      "S8": {
        "accuracy": 0.9600000023841858,
        "precision": 0.9600000023841858,
        "recall": 0.9600000023841858,
        "f1": 0.9600000023841858
      },
      "S9": {
        "accuracy": 0.9714285731315613,
        "precision": 0.9714285731315613,
        "recall": 0.9714285731315613,
        "f1": 0.9714285731315613
      },
      "S10": {
        "accuracy": 0.9888888835906983,
        "precision": 0.9861861824989319,
        "recall": 0.9888888835906983,
        "f1": 0.9875190214046865
      },
      "S11": {
        "accuracy": 0.9055555582046508,
        "precision": 0.9030780792236328,
        "recall": 0.9055555582046508,
        "f1": 0.9042998496699589
      },
      "S13": {
        "accuracy": 0.9472222208976746,
        "precision": 0.9472222208976746,
        "recall": 0.9472222208976746,
        "f1": 0.9472222208976746
      },
      "S14": {
        "accuracy": 0.6916666567325592,
        "precision": 0.6897897839546203,
        "recall": 0.6916666567325592,
        "f1": 0.6907153650785525
      },
      "S15": {
        "accuracy": 1.0,
        "precision": 1.0,
        "recall": 1.0,
        "f1": 1.0
      },
      "S16": {
        "accuracy": 0.9666666567325592,
        "precision": 0.9666666567325592,
        "recall": 0.9666666567325592,
        "f1": 0.9666666567325592
      },
      "S17": {
        "accuracy": 0.8083333373069763,
        "precision": 0.8083333373069763,
        "recall": 0.8083333373069763,
        "f1": 0.8083333373069763
      },
      "average": {
        "accuracy": 0.9157376285394033,
        "precision": 0.9152836537361144,
        "recall": 0.9161241829395295,
        "f1": 0.9156980521556445
      }
    },
    "std": {
      "S2": {
        "accuracy": 0.009300825517504014,
        "precision": 0.009374769372639211,
        "recall": 0.013864838020391955,
        "f1": 0.010958221643307845
      },
      "S3": {
        "accuracy": 0.07264170083816128,
        "precision": 0.07264170083816128,
        "recall": 0.07264170083816128,
        "f1": 0.07264170083816128
      },
      "S4": {
        "accuracy": 0.0648738489557938,
        "precision": 0.0648976319952642,
        "recall": 0.06632565450946422,
        "f1": 0.06545831940999637
      },
      "S5": {
        "accuracy": 0.02253744544942393,
        "precision": 0.02253744544942393,
        "recall": 0.02253744544942393,
        "f1": 0.02253744544942393
      },
      "S6": {
        "accuracy": 0.0,
        "precision": 0.0,
        "recall": 0.0,
        "f1": 0.0
      },
      "S7": {
        "accuracy": 0.01380131036422483,
        "precision": 0.01380131036422483,
        "recall": 0.01380131036422483,
        "f1": 0.01380131036422483
      },
      "S8": {
        "accuracy": 0.027602620728449666,
        "precision": 0.027602620728449666,
        "recall": 0.027602620728449666,
        "f1": 0.027602620728449666
      },
      "S9": {
        "accuracy": 0.0,
        "precision": 0.0,
        "recall": 0.0,
        "f1": 0.0
      },
      "S10": {
        "accuracy": 0.023424290133776834,
        "precision": 0.023558648265005196,
        "recall": 0.023424290133776834,
        "f1": 0.023100623769722682
      },
      "S11": {
        "accuracy": 0.03513642054061499,
        "precision": 0.03513936046802551,
        "recall": 0.03513642054061499,
        "f1": 0.03491891880619833
      },
      "S13": {
        "accuracy": 0.03325607484401214,
        "precision": 0.03325607484401214,
        "recall": 0.03325607484401214,
        "f1": 0.03325607484401214
      },
      "S14": {
        "accuracy": 0.07343472912901491,
        "precision": 0.07359551882500397,
        "recall": 0.07343472912901491,
        "f1": 0.07345636027369407
      },
      "S15": {
        "accuracy": 0.0,
        "precision": 0.0,
        "recall": 0.0,
        "f1": 0.0
      },
      "S16": {
        "accuracy": 0.03153589938130761,
        "precision": 0.03153589938130761,
        "recall": 0.03153589938130761,
        "f1": 0.03153589938130761
      },
      "S17": {
        "accuracy": 0.0462036066784093,
        "precision": 0.0462036066784093,
        "recall": 0.0462036066784093,
        "f1": 0.0462036066784093
      },
      "average": {
        "accuracy": 0.010756367809709991,
        "precision": 0.011120578506998055,
        "recall": 0.011026486506793652,
        "f1": 0.011065057080003618
      }
    },
    "poor_ratio": 0.0
  }
}