{
  "real_subj_cnt": 15,
  "real_path": "stress_slurm/data/wesad_1hz.pickle",
  "sliding_windows": false,
  "syn_subj_cnt": 100,
  "gan_config": {
    "gan_mode": "DPCGAN-e-10",
    "path": "stress_slurm/data/100_subj_DP-cGAN-e-10.csv",
    "eps": 10
  },
  "privacy_config": {
    "l2_norm_clip": 1.0,
    "eps": null,
    "num_unique_windows": null,
    "delta": null,
    "noise_multiplier": null
  },
  "train_config": {
    "nn_mode": "CNN-LSTM",
    "epochs": 20,
    "batch_size": 50,
    "learning_rate": 0.001,
    "eval_mode": "TSTR",
    "random_seed": 42,
    "data_noise_parameter": null
  },
  "results": {
    "num_runs": 10,
    "mean": {
      "S2": {
        "accuracy": 0.49411765336990354,
        "precision": 0.49411765336990354,
        "recall": 0.49411765336990354,
        "f1": 0.49411765336990354
      },
      "S3": {
        "accuracy": 0.3147058874368668,
        "precision": 0.3153297737240791,
        "recall": 0.3147058874368668,
        "f1": 0.31501317471000234
      },
      "S4": {
        "accuracy": 0.4057142972946167,
        "precision": 0.4057142972946167,
        "recall": 0.4057142972946167,
        "f1": 0.4057142972946167
      },
      "S5": {
        "accuracy": 0.3742857247591019,
        "precision": 0.3742857247591019,
        "recall": 0.3742857247591019,
        "f1": 0.3742857247591019
      },
      "S6": {
        "accuracy": 0.41428572237491607,
        "precision": 0.41428572237491607,
        "recall": 0.41428572237491607,
        "f1": 0.41428572237491607
      },
      "S7": {
        "accuracy": 0.25714287012815473,
        "precision": 0.2592063620686531,
        "recall": 0.2600000128149986,
        "f1": 0.25959759835265406
      },
      "S8": {
        "accuracy": 0.3828571528196335,
        "precision": 0.3828571528196335,
        "recall": 0.3828571528196335,
        "f1": 0.3828571528196335
      },
      "S9": {
        "accuracy": 0.5828571528196335,
        "precision": 0.5850420266389846,
        "recall": 0.5828571528196335,
        "f1": 0.5839337573115803
      },
      "S10": {
        "accuracy": 0.4944444507360458,
        "precision": 0.4944444507360458,
        "recall": 0.4944444507360458,
        "f1": 0.4944444507360458
      },
      "S11": {
        "accuracy": 0.5722222268581391,
        "precision": 0.571190482378006,
        "recall": 0.5694444477558136,
        "f1": 0.5703051690283429
      },
      "S13": {
        "accuracy": 0.4972222179174423,
        "precision": 0.4989682525396347,
        "recall": 0.4972222179174423,
        "f1": 0.4980829391899716
      },
      "S14": {
        "accuracy": 0.27777778804302217,
        "precision": 0.27777778804302217,
        "recall": 0.27777778804302217,
        "f1": 0.27777778804302217
      },
      "S15": {
        "accuracy": 0.36111111044883726,
        "precision": 0.3599849849939346,
        "recall": 0.36111111044883726,
        "f1": 0.36054033453781265
      },
      "S16": {
        "accuracy": 0.5499999910593033,
        "precision": 0.547012010216713,
        "recall": 0.5472222119569778,
        "f1": 0.5470925186710821
      },
      "S17": {
        "accuracy": 0.30833333879709246,
        "precision": 0.30833333879709246,
        "recall": 0.30833333879709246,
        "f1": 0.30833333879709246
      },
      "average": {
        "accuracy": 0.419138505657514,
        "precision": 0.41923666805028914,
        "recall": 0.41895861128966017,
        "f1": 0.4190921079997185
      }
    },
    "std": {
      "S2": {
        "accuracy": 0.11500296222575339,
        "precision": 0.11500296222575339,
        "recall": 0.11500296222575339,
        "f1": 0.11500296222575339
      },
      "S3": {
        "accuracy": 0.11437441624779797,
        "precision": 0.11373005305547927,
        "recall": 0.11437441624779797,
        "f1": 0.1140532333767193
      },
      "S4": {
        "accuracy": 0.0838960627911375,
        "precision": 0.0838960627911375,
        "recall": 0.0838960627911375,
        "f1": 0.0838960627911375
      },
      "S5": {
        "accuracy": 0.07905335842321934,
        "precision": 0.07905335842321934,
        "recall": 0.07905335842321934,
        "f1": 0.07905335842321934
      },
      "S6": {
        "accuracy": 0.07766431718750161,
        "precision": 0.07766431718750161,
        "recall": 0.07766431718750161,
        "f1": 0.07766431718750161
      },
      "S7": {
        "accuracy": 0.013468703303470105,
        "precision": 0.014966160676503063,
        "recall": 0.016218465447378642,
        "f1": 0.015545510070980411
      },
      "S8": {
        "accuracy": 0.08749473883428639,
        "precision": 0.08749473883428639,
        "recall": 0.08749473883428639,
        "f1": 0.08749473883428639
      },
      "S9": {
        "accuracy": 0.1837873206686595,
        "precision": 0.18601709605660838,
        "recall": 0.1837873206686595,
        "f1": 0.18485714141457268
      },
      "S10": {
        "accuracy": 0.08958064801399636,
        "precision": 0.08958064801399636,
        "recall": 0.08958064801399636,
        "f1": 0.08958064801399636
      },
      "S11": {
        "accuracy": 0.11355340275318627,
        "precision": 0.11292550289859718,
        "recall": 0.11207146381662914,
        "f1": 0.11245940515676683
      },
      "S13": {
        "accuracy": 0.1363659666484123,
        "precision": 0.13808714955156612,
        "recall": 0.1363659666484123,
        "f1": 0.13718936595772246
      },
      "S14": {
        "accuracy": 0.013094569241477418,
        "precision": 0.013094569241477418,
        "recall": 0.013094569241477418,
        "f1": 0.013094569241477418
      },
      "S15": {
        "accuracy": 0.04536091237555651,
        "precision": 0.04394617328287967,
        "recall": 0.04536091237555651,
        "f1": 0.04461394482507003
      },
      "S16": {
        "accuracy": 0.09955318114238694,
        "precision": 0.09591886998099686,
        "recall": 0.09803452028680533,
        "f1": 0.09686593576270229
      },
      "S17": {
        "accuracy": 0.07796494207009007,
        "precision": 0.07796494207009007,
        "recall": 0.07796494207009007,
        "f1": 0.07796494207009007
      },
      "average": {
        "accuracy": 0.07763719965258319,
        "precision": 0.0776858537191106,
        "recall": 0.07774527272252016,
        "f1": 0.07770868313083831
      }
    },
    "poor_ratio": 0.0
  }
}