{
  "real_subj_cnt": 15,
  "real_path": "stress_slurm/data/wesad_1hz.pickle",
  "sliding_windows": false,
  "syn_subj_cnt": 10,
  "gan_config": {
    "gan_mode": "DPCGAN-e-0.1",
    "path": "stress_slurm/data/100_subj_DP-cGAN-e-0.1.csv",
    "eps": 0.1
  },
  "privacy_config": {
    "l2_norm_clip": 1.0,
    "eps": null,
    "num_unique_windows": null,
    "delta": null,
    "noise_multiplier": null
  },
  "train_config": {
    "nn_mode": "CNN-LSTM",
    "epochs": 20,
    "batch_size": 50,
    "learning_rate": 0.001,
    "eval_mode": "TSTR",
    "random_seed": 42,
    "data_noise_parameter": null
  },
  "results": {
    "num_runs": 10,
    "mean": {
      "S2": {
        "accuracy": 0.7058823645114899,
        "precision": 0.7058823645114899,
        "recall": 0.7058823645114899,
        "f1": 0.7058823645114899
      },
      "S3": {
        "accuracy": 0.7382352948188782,
        "precision": 0.7382352948188782,
        "recall": 0.7382352948188782,
        "f1": 0.7382352948188782
      },
      "S4": {
        "accuracy": 0.7400000154972076,
        "precision": 0.7400000154972076,
        "recall": 0.7400000154972076,
        "f1": 0.7400000154972076
      },
      "S5": {
        "accuracy": 0.7457143008708954,
        "precision": 0.7465873122215271,
        "recall": 0.7485714435577393,
        "f1": 0.747565405103002
      },
      "S6": {
        "accuracy": 0.6971428751945495,
        "precision": 0.6951587438583374,
        "recall": 0.6971428751945495,
        "f1": 0.6961368367398123
      },
      "S7": {
        "accuracy": 0.8228571534156799,
        "precision": 0.8254621922969818,
        "recall": 0.8228571534156799,
        "f1": 0.8241407957855229
      },
      "S8": {
        "accuracy": 0.7714285850524902,
        "precision": 0.7709243834018707,
        "recall": 0.7685714423656463,
        "f1": 0.7697308625876464
      },
      "S9": {
        "accuracy": 0.7000000178813934,
        "precision": 0.7008730292320251,
        "recall": 0.7028571605682373,
        "f1": 0.7018511221135
      },
      "S10": {
        "accuracy": 0.7194444298744201,
        "precision": 0.7194444298744201,
        "recall": 0.7194444298744201,
        "f1": 0.7194444298744201
      },
      "S11": {
        "accuracy": 0.6805555522441864,
        "precision": 0.6805555522441864,
        "recall": 0.6805555522441864,
        "f1": 0.6805555522441864
      },
      "S13": {
        "accuracy": 0.7194444298744201,
        "precision": 0.7194444298744201,
        "recall": 0.7194444298744201,
        "f1": 0.7194444298744201
      },
      "S14": {
        "accuracy": 0.6833333194255828,
        "precision": 0.6869047522544861,
        "recall": 0.6833333194255828,
        "f1": 0.6850938848750596
      },
      "S15": {
        "accuracy": 0.7361111044883728,
        "precision": 0.7340090036392212,
        "recall": 0.7361111044883728,
        "f1": 0.7350456561217233
      },
      "S16": {
        "accuracy": 0.6444444417953491,
        "precision": 0.6428120970726013,
        "recall": 0.6444444417953491,
        "f1": 0.6435928338041429
      },
      "S17": {
        "accuracy": 0.7722222208976746,
        "precision": 0.7753539264202118,
        "recall": 0.775,
        "f1": 0.7751463121285275
      },
      "average": {
        "accuracy": 0.7251210737228393,
        "precision": 0.7254431684811911,
        "recall": 0.7254967351754507,
        "f1": 0.725457719738636
      }
    },
    "std": {
      "S2": {
        "accuracy": 0.03668291868014068,
        "precision": 0.03668291868014068,
        "recall": 0.03668291868014068,
        "f1": 0.03668291868014068
      },
      "S3": {
        "accuracy": 0.04892147245273844,
        "precision": 0.04892147245273844,
        "recall": 0.04892147245273844,
        "f1": 0.04892147245273844
      },
      "S4": {
        "accuracy": 0.009035078490519832,
        "precision": 0.009035078490519832,
        "recall": 0.009035078490519832,
        "f1": 0.009035078490519832
      },
      "S5": {
        "accuracy": 0.08459587301941637,
        "precision": 0.08395047178915106,
        "recall": 0.08280786218534901,
        "f1": 0.08333014891259641
      },
      "S6": {
        "accuracy": 0.014754221391846171,
        "precision": 0.01347103816760426,
        "recall": 0.014754221391846171,
        "f1": 0.013765279162512292
      },
      "S7": {
        "accuracy": 0.0421636996224259,
        "precision": 0.047005513153291566,
        "recall": 0.0421636996224259,
        "f1": 0.04442473813950112
      },
      "S8": {
        "accuracy": 0.03011692830173279,
        "precision": 0.029078273001760906,
        "recall": 0.02501699953089663,
        "f1": 0.026837812761071677
      },
      "S9": {
        "accuracy": 0.015058464150866402,
        "precision": 0.014375819502427266,
        "recall": 0.014754221391846178,
        "f1": 0.014221743955969953
      },
      "S10": {
        "accuracy": 0.020496253867054687,
        "precision": 0.020496253867054687,
        "recall": 0.020496253867054687,
        "f1": 0.020496253867054687
      },
      "S11": {
        "accuracy": 0.014640149919204419,
        "precision": 0.014640149919204419,
        "recall": 0.014640149919204419,
        "f1": 0.014640149919204419
      },
      "S13": {
        "accuracy": 0.008784108800166316,
        "precision": 0.008784108800166316,
        "recall": 0.008784108800166316,
        "f1": 0.008784108800166316
      },
      "S14": {
        "accuracy": 0.04382280975651948,
        "precision": 0.03919853450860742,
        "recall": 0.04382280975651948,
        "f1": 0.04143594127811088
      },
      "S15": {
        "accuracy": 0.026995160533610323,
        "precision": 0.02404761758907318,
        "recall": 0.026995160533610323,
        "f1": 0.025326622768788176
      },
      "S16": {
        "accuracy": 0.03414645784014745,
        "precision": 0.03570237061443659,
        "recall": 0.03414645784014743,
        "f1": 0.03462313629759459
      },
      "S17": {
        "accuracy": 0.04864417142729855,
        "precision": 0.05161910210705927,
        "recall": 0.04620361225266861,
        "f1": 0.048693019785620975
      },
      "average": {
        "accuracy": 0.011707797074543084,
        "precision": 0.0125700280164944,
        "recall": 0.011348843426135088,
        "f1": 0.01187048122888466
      }
    },
    "poor_ratio": 0.0
  }
}