{
  "real_subj_cnt": 15,
  "real_path": "stress_slurm/data/wesad_1hz.pickle",
  "sliding_windows": false,
  "syn_subj_cnt": 30,
  "gan_config": {
    "gan_mode": "DPCGAN-e-0.1",
    "path": "stress_slurm/data/100_subj_DP-cGAN-e-0.1.csv",
    "eps": 0.1
  },
  "privacy_config": {
    "l2_norm_clip": 1.0,
    "eps": null,
    "num_unique_windows": null,
    "delta": null,
    "noise_multiplier": null
  },
  "train_config": {
    "nn_mode": "CNN-LSTM",
    "epochs": 20,
    "batch_size": 50,
    "learning_rate": 0.001,
    "eval_mode": "TSTR",
    "random_seed": 42,
    "data_noise_parameter": null
  },
  "results": {
    "num_runs": 10,
    "mean": {
      "S2": {
        "accuracy": 1.0,
        "precision": 1.0,
        "recall": 1.0,
        "f1": 1.0
      },
      "S3": {
        "accuracy": 0.5941176533699035,
        "precision": 0.5942501366138458,
        "recall": 0.5970588326454163,
        "f1": 0.5955390881434055
      },
      "S4": {
        "accuracy": 0.5257143005728722,
        "precision": 0.5232773259282112,
        "recall": 0.5200000151991844,
        "f1": 0.5216149219374175
      },
      "S5": {
        "accuracy": 0.9200000047683716,
        "precision": 0.9200000047683716,
        "recall": 0.9200000047683716,
        "f1": 0.9200000047683716
      },
      "S6": {
        "accuracy": 0.9714285731315613,
        "precision": 0.9714285731315613,
        "recall": 0.9685714304447174,
        "f1": 0.969979297856878
      },
      "S7": {
        "accuracy": 0.800000011920929,
        "precision": 0.800000011920929,
        "recall": 0.800000011920929,
        "f1": 0.800000011920929
      },
      "S8": {
        "accuracy": 0.8085714399814605,
        "precision": 0.8085714399814605,
        "recall": 0.8085714399814605,
        "f1": 0.8085714399814605
      },
      "S9": {
        "accuracy": 0.8285714387893677,
        "precision": 0.8266784727573395,
        "recall": 0.8314285814762116,
        "f1": 0.8288998664158178
      },
      "S10": {
        "accuracy": 0.8499999880790711,
        "precision": 0.849523800611496,
        "recall": 0.8472222149372101,
        "f1": 0.8483567994363581
      },
      "S11": {
        "accuracy": 0.6666666597127915,
        "precision": 0.6684920579195023,
        "recall": 0.6666666597127915,
        "f1": 0.6675665038897389
      },
      "S13": {
        "accuracy": 0.9499999940395355,
        "precision": 0.9473723649978638,
        "recall": 0.9499999940395355,
        "f1": 0.9486681820494436
      },
      "S14": {
        "accuracy": 0.41666666567325594,
        "precision": 0.4131223350763321,
        "recall": 0.41666666567325594,
        "f1": 0.4148556097218292
      },
      "S15": {
        "accuracy": 0.7611111044883728,
        "precision": 0.7611111044883728,
        "recall": 0.7611111044883728,
        "f1": 0.7611111044883728
      },
      "S16": {
        "accuracy": 0.7222222149372101,
        "precision": 0.7222222149372101,
        "recall": 0.7222222149372101,
        "f1": 0.7222222149372101
      },
      "S17": {
        "accuracy": 0.8833333373069763,
        "precision": 0.8837837874889374,
        "recall": 0.8861111164093017,
        "f1": 0.8849315113288909
      },
      "average": {
        "accuracy": 0.779893559118112,
        "precision": 0.779322242041429,
        "recall": 0.7797086857755978,
        "f1": 0.7794877704584083
      }
    },
    "std": {
      "S2": {
        "accuracy": 0.0,
        "precision": 0.0,
        "recall": 0.0,
        "f1": 0.0
      },
      "S3": {
        "accuracy": 0.11991282106456419,
        "precision": 0.12179081020142689,
        "recall": 0.11931013879512944,
        "f1": 0.12028046206541967
      },
      "S4": {
        "accuracy": 0.17467820029055553,
        "precision": 0.1774372451131396,
        "recall": 0.17908814669667736,
        "f1": 0.1782523169918386
      },
      "S5": {
        "accuracy": 0.044262664175538514,
        "precision": 0.044262664175538514,
        "recall": 0.044262664175538514,
        "f1": 0.044262664175538514
      },
      "S6": {
        "accuracy": 0.03299144198724961,
        "precision": 0.03299144198724961,
        "recall": 0.03144299625769732,
        "f1": 0.03189704939870045
      },
      "S7": {
        "accuracy": 0.042591768461328616,
        "precision": 0.042591768461328616,
        "recall": 0.042591768461328616,
        "f1": 0.042591768461328616
      },
      "S8": {
        "accuracy": 0.05225091774025082,
        "precision": 0.05225091774025082,
        "recall": 0.05225091774025082,
        "f1": 0.05225091774025082
      },
      "S9": {
        "accuracy": 0.12417527650719819,
        "precision": 0.12243489848997427,
        "recall": 0.12450354187318921,
        "f1": 0.12296252856268644
      },
      "S10": {
        "accuracy": 0.04757493496096069,
        "precision": 0.047783664184167796,
        "recall": 0.04943091349154809,
        "f1": 0.04848952457318798
      },
      "S11": {
        "accuracy": 0.1149043867673249,
        "precision": 0.11455854415070718,
        "recall": 0.1149043867673249,
        "f1": 0.11469773050981769
      },
      "S13": {
        "accuracy": 0.03414645245262065,
        "precision": 0.03324552815937699,
        "recall": 0.03414645245262065,
        "f1": 0.03343574397394695
      },
      "S14": {
        "accuracy": 0.04721314277849433,
        "precision": 0.04515084015594934,
        "recall": 0.04721314277849433,
        "f1": 0.046020654262315795
      },
      "S15": {
        "accuracy": 0.061697534077276135,
        "precision": 0.061697534077276135,
        "recall": 0.061697534077276135,
        "f1": 0.061697534077276135
      },
      "S16": {
        "accuracy": 0.041408677109854346,
        "precision": 0.041408677109854346,
        "recall": 0.041408677109854346,
        "f1": 0.041408677109854346
      },
      "S17": {
        "accuracy": 0.03153591571513073,
        "precision": 0.030765126191395875,
        "recall": 0.027623038894233783,
        "f1": 0.029025516464602292
      },
      "average": {
        "accuracy": 0.03730256229167101,
        "precision": 0.036709782436311074,
        "recall": 0.03810755348210428,
        "f1": 0.037366216028827004
      }
    },
    "poor_ratio": 0.0
  }
}