{
  "real_subj_cnt": 15,
  "real_path": "stress_slurm/data/wesad_1hz.pickle",
  "sliding_windows": false,
  "syn_subj_cnt": 15,
  "gan_config": {
    "gan_mode": "DPCGAN-e-10",
    "path": "stress_slurm/data/100_subj_DP-cGAN-e-10.csv",
    "eps": 10
  },
  "privacy_config": {
    "l2_norm_clip": 1.0,
    "eps": null,
    "num_unique_windows": null,
    "delta": null,
    "noise_multiplier": null
  },
  "train_config": {
    "nn_mode": "CNN-LSTM",
    "epochs": 20,
    "batch_size": 50,
    "learning_rate": 0.001,
    "eval_mode": "TSTR",
    "random_seed": 42,
    "data_noise_parameter": null
  },
  "results": {
    "num_runs": 10,
    "mean": {
      "S2": {
        "accuracy": 0.6852941155433655,
        "precision": 0.6852941155433655,
        "recall": 0.6852941155433655,
        "f1": 0.6852941155433655
      },
      "S3": {
        "accuracy": 0.6735294163227081,
        "precision": 0.6735294163227081,
        "recall": 0.6735294163227081,
        "f1": 0.6735294163227081
      },
      "S4": {
        "accuracy": 0.9742857158184052,
        "precision": 0.9742857158184052,
        "recall": 0.9742857158184052,
        "f1": 0.9742857158184052
      },
      "S5": {
        "accuracy": 0.8171428680419922,
        "precision": 0.817857152223587,
        "recall": 0.8200000107288361,
        "f1": 0.8189134909138985
      },
      "S6": {
        "accuracy": 0.9771428585052491,
        "precision": 0.9771428585052491,
        "recall": 0.9771428585052491,
        "f1": 0.9771428585052491
      },
      "S7": {
        "accuracy": 0.9742857158184052,
        "precision": 0.9742857158184052,
        "recall": 0.9742857158184052,
        "f1": 0.9742857158184052
      },
      "S8": {
        "accuracy": 0.8371428668498992,
        "precision": 0.8371428668498992,
        "recall": 0.8371428668498992,
        "f1": 0.8371428668498992
      },
      "S9": {
        "accuracy": 0.9885714292526245,
        "precision": 0.9885714292526245,
        "recall": 0.9885714292526245,
        "f1": 0.9885714292526245
      },
      "S10": {
        "accuracy": 0.9472222268581391,
        "precision": 0.9472222268581391,
        "recall": 0.9472222268581391,
        "f1": 0.9472222268581391
      },
      "S11": {
        "accuracy": 0.6722222208976746,
        "precision": 0.6722222208976746,
        "recall": 0.6722222208976746,
        "f1": 0.6722222208976746
      },
      "S13": {
        "accuracy": 0.9694444358348846,
        "precision": 0.9694444358348846,
        "recall": 0.9694444358348846,
        "f1": 0.9694444358348846
      },
      "S14": {
        "accuracy": 0.6944444179534912,
        "precision": 0.6944444179534912,
        "recall": 0.6944444179534912,
        "f1": 0.6944444179534912
      },
      "S15": {
        "accuracy": 0.955555546283722,
        "precision": 0.955555546283722,
        "recall": 0.955555546283722,
        "f1": 0.955555546283722
      },
      "S16": {
        "accuracy": 0.8472222268581391,
        "precision": 0.8450450479984284,
        "recall": 0.8472222268581391,
        "f1": 0.8461187252331281
      },
      "S17": {
        "accuracy": 0.7111110985279083,
        "precision": 0.7111110985279083,
        "recall": 0.7111110985279083,
        "f1": 0.7111110985279083
      },
      "average": {
        "accuracy": 0.8483078106244404,
        "precision": 0.8482102843125661,
        "recall": 0.8484982868035635,
        "f1": 0.8483522853742336
      }
    },
    "std": {
      "S2": {
        "accuracy": 0.02421389902803904,
        "precision": 0.02421389902803904,
        "recall": 0.02421389902803904,
        "f1": 0.02421389902803904
      },
      "S3": {
        "accuracy": 0.021701901973544515,
        "precision": 0.021701901973544515,
        "recall": 0.021701901973544515,
        "f1": 0.021701901973544515
      },
      "S4": {
        "accuracy": 0.034206255096515766,
        "precision": 0.034206255096515766,
        "recall": 0.034206255096515766,
        "f1": 0.034206255096515766
      },
      "S5": {
        "accuracy": 0.08645184793590775,
        "precision": 0.08579691403715155,
        "recall": 0.08416590391774262,
        "f1": 0.08492926340791634
      },
      "S6": {
        "accuracy": 0.012046771320693123,
        "precision": 0.012046771320693123,
        "recall": 0.012046771320693123,
        "f1": 0.012046771320693123
      },
      "S7": {
        "accuracy": 0.028412253335404866,
        "precision": 0.028412253335404866,
        "recall": 0.028412253335404866,
        "f1": 0.028412253335404866
      },
      "S8": {
        "accuracy": 0.08629432849511819,
        "precision": 0.08629432849511819,
        "recall": 0.08629432849511819,
        "f1": 0.08629432849511819
      },
      "S9": {
        "accuracy": 0.014754221391846173,
        "precision": 0.014754221391846173,
        "recall": 0.014754221391846173,
        "f1": 0.014754221391846173
      },
      "S10": {
        "accuracy": 0.053109738102962115,
        "precision": 0.053109738102962115,
        "recall": 0.053109738102962115,
        "f1": 0.053109738102962115
      },
      "S11": {
        "accuracy": 0.021911390185520453,
        "precision": 0.021911390185520453,
        "recall": 0.021911390185520453,
        "f1": 0.021911390185520453
      },
      "S13": {
        "accuracy": 0.038064457451731336,
        "precision": 0.038064457451731336,
        "recall": 0.038064457451731336,
        "f1": 0.038064457451731336
      },
      "S14": {
        "accuracy": 0.0,
        "precision": 0.0,
        "recall": 0.0,
        "f1": 0.0
      },
      "S15": {
        "accuracy": 0.049344122625803115,
        "precision": 0.049344122625803115,
        "recall": 0.049344122625803115,
        "f1": 0.049344122625803115
      },
      "S16": {
        "accuracy": 0.08410140273519941,
        "precision": 0.08556890527124802,
        "recall": 0.08410140273519941,
        "f1": 0.08477852984800242
      },
      "S17": {
        "accuracy": 0.01942238018366392,
        "precision": 0.01942238018366392,
        "recall": 0.01942238018366392,
        "f1": 0.01942238018366392
      },
      "average": {
        "accuracy": 0.017972439932935885,
        "precision": 0.018029645943502533,
        "recall": 0.01787553484683317,
        "f1": 0.017948051297319984
      }
    },
    "poor_ratio": 0.0
  }
}