{
  "real_subj_cnt": 15,
  "real_path": "stress_slurm/data/wesad_1hz.pickle",
  "sliding_windows": false,
  "syn_subj_cnt": 5,
  "gan_config": {
    "gan_mode": "CGAN",
    "path": "stress_slurm/data/100_subj_cGAN.csv",
    "eps": null
  },
  "privacy_config": {
    "l2_norm_clip": 1.0,
    "eps": null,
    "num_unique_windows": null,
    "delta": null,
    "noise_multiplier": null
  },
  "train_config": {
    "nn_mode": "CNN-LSTM",
    "epochs": 20,
    "batch_size": 50,
    "learning_rate": 0.001,
    "eval_mode": "TSTR",
    "random_seed": 42
  },
  "results": {
    "num_runs": 10,
    "mean": {
      "S2": {
        "accuracy": 0.3264706015586853,
        "precision": 0.32915188670158385,
        "recall": 0.32058824598789215,
        "f1": 0.32461591757613084
      },
      "S3": {
        "accuracy": 0.4058823615312576,
        "precision": 0.40389542281627655,
        "recall": 0.40294118523597716,
        "f1": 0.40330908353182904
      },
      "S4": {
        "accuracy": 0.29142858386039733,
        "precision": 0.29283671379089354,
        "recall": 0.2942857265472412,
        "f1": 0.29351622996633453
      },
      "S5": {
        "accuracy": 0.2885714411735535,
        "precision": 0.2867227017879486,
        "recall": 0.2857142984867096,
        "f1": 0.28621119286765623
      },
      "S6": {
        "accuracy": 0.3085714399814606,
        "precision": 0.3094983547925949,
        "recall": 0.3057142972946167,
        "f1": 0.30755694665344113
      },
      "S7": {
        "accuracy": 0.2628571569919586,
        "precision": 0.2628571569919586,
        "recall": 0.2628571569919586,
        "f1": 0.2628571569919586
      },
      "S8": {
        "accuracy": 0.3057142972946167,
        "precision": 0.30862533748149873,
        "recall": 0.3057142972946167,
        "f1": 0.30711428997860957
      },
      "S9": {
        "accuracy": 0.3714285850524902,
        "precision": 0.3679887741804123,
        "recall": 0.36571429669857025,
        "f1": 0.3666900178932418
      },
      "S10": {
        "accuracy": 0.30277778804302213,
        "precision": 0.3027456134557724,
        "recall": 0.3000000089406967,
        "f1": 0.30132188319644954
      },
      "S11": {
        "accuracy": 0.37777777314186095,
        "precision": 0.37882895171642306,
        "recall": 0.37499999403953554,
        "f1": 0.3767241820221213
      },
      "S13": {
        "accuracy": 0.31944445669651034,
        "precision": 0.31538240909576415,
        "recall": 0.31111112236976624,
        "f1": 0.31317957292060034
      },
      "S14": {
        "accuracy": 0.2888888865709305,
        "precision": 0.2872548997402191,
        "recall": 0.28611110895872116,
        "f1": 0.28666666448237943
      },
      "S15": {
        "accuracy": 0.2805555671453476,
        "precision": 0.2785714417695999,
        "recall": 0.2777777910232544,
        "f1": 0.27816902730725535
      },
      "S16": {
        "accuracy": 0.33333333730697634,
        "precision": 0.33526169061660765,
        "recall": 0.33611111640930175,
        "f1": 0.3356673554305746
      },
      "S17": {
        "accuracy": 0.31111112236976624,
        "precision": 0.3169069170951843,
        "recall": 0.31111112236976624,
        "f1": 0.3136709667336208
      },
      "average": {
        "accuracy": 0.3183208932479223,
        "precision": 0.31843521813551584,
        "recall": 0.31605011790990833,
        "f1": 0.3171513658368135
      }
    },
    "std": {
      "S2": {
        "accuracy": 0.09243803968165082,
        "precision": 0.0943263048084558,
        "recall": 0.08370734483863966,
        "f1": 0.0885465879014678
      },
      "S3": {
        "accuracy": 0.11748354463873224,
        "precision": 0.11111937977363831,
        "recall": 0.10654296401162487,
        "f1": 0.10844473462048679
      },
      "S4": {
        "accuracy": 0.07352479205803313,
        "precision": 0.07608431653355252,
        "recall": 0.08086829885741169,
        "f1": 0.07826379586660716
      },
      "S5": {
        "accuracy": 0.04557518247971832,
        "precision": 0.04208174003056293,
        "recall": 0.04040609937369709,
        "f1": 0.04120946010641438
      },
      "S6": {
        "accuracy": 0.06288599251539463,
        "precision": 0.07230739388209943,
        "recall": 0.06324554943363885,
        "f1": 0.06763011531120991
      },
      "S7": {
        "accuracy": 0.012046771320693116,
        "precision": 0.012046771320693116,
        "recall": 0.012046771320693116,
        "f1": 0.012046771320693116
      },
      "S8": {
        "accuracy": 0.0830812464291692,
        "precision": 0.09016200477074635,
        "recall": 0.0830812464291692,
        "f1": 0.08643880469015529
      },
      "S9": {
        "accuracy": 0.14630754032717183,
        "precision": 0.13855309602265406,
        "recall": 0.12763326142198478,
        "f1": 0.13264445548441495
      },
      "S10": {
        "accuracy": 0.06984452231052397,
        "precision": 0.0695962865636731,
        "recall": 0.06113915457564011,
        "f1": 0.06520585569716499
      },
      "S11": {
        "accuracy": 0.10573409042225755,
        "precision": 0.11096633850763997,
        "recall": 0.10079416578088644,
        "f1": 0.10515263593989603
      },
      "S13": {
        "accuracy": 0.11359114738917338,
        "precision": 0.11032920862965455,
        "recall": 0.10540924905606476,
        "f1": 0.10777359130101818
      },
      "S14": {
        "accuracy": 0.03513641635202159,
        "precision": 0.03877291570583413,
        "recall": 0.04151205636172532,
        "f1": 0.04016426934155369
      },
      "S15": {
        "accuracy": 0.008784099375844482,
        "precision": 0.0025097440251444004,
        "recall": 0.0,
        "f1": 0.0012371977607435346
      },
      "S16": {
        "accuracy": 0.07051642127025565,
        "precision": 0.07007720220021685,
        "recall": 0.06984452981719849,
        "f1": 0.0699132410555941
      },
      "S17": {
        "accuracy": 0.07499427972005376,
        "precision": 0.08462858065200049,
        "recall": 0.08050764721890448,
        "f1": 0.08134130132597321
      },
      "average": {
        "accuracy": 0.06099116401542809,
        "precision": 0.061605778585038,
        "recall": 0.05466376530310495,
        "f1": 0.0578952124531473
      }
    },
    "poor_ratio": 1.0
  }
}