{
  "real_subj_cnt": 15,
  "real_path": "stress_slurm/data/wesad_1hz.pickle",
  "sliding_windows": false,
  "syn_subj_cnt": 50,
  "gan_config": {
    "gan_mode": "DPCGAN-e-0.1",
    "path": "stress_slurm/data/100_subj_DP-cGAN-e-0.1.csv",
    "eps": 0.1
  },
  "privacy_config": {
    "l2_norm_clip": 1.0,
    "eps": null,
    "num_unique_windows": null,
    "delta": null,
    "noise_multiplier": null
  },
  "train_config": {
    "nn_mode": "CNN-LSTM",
    "epochs": 20,
    "batch_size": 50,
    "learning_rate": 0.001,
    "eval_mode": "TSTR",
    "random_seed": 42,
    "data_noise_parameter": null
  },
  "results": {
    "num_runs": 10,
    "mean": {
      "S2": {
        "accuracy": 0.9970588207244873,
        "precision": 0.9970588207244873,
        "recall": 0.9970588207244873,
        "f1": 0.9970588207244873
      },
      "S3": {
        "accuracy": 0.6588235437870026,
        "precision": 0.6578991770744324,
        "recall": 0.6617647230625152,
        "f1": 0.6598039388681655
      },
      "S4": {
        "accuracy": 0.6857143044471741,
        "precision": 0.6861904919147491,
        "recall": 0.688571447134018,
        "f1": 0.6873642022140063
      },
      "S5": {
        "accuracy": 0.888571435213089,
        "precision": 0.8884033679962158,
        "recall": 0.8857142925262451,
        "f1": 0.8870393442083522
      },
      "S6": {
        "accuracy": 1.0,
        "precision": 1.0,
        "recall": 1.0,
        "f1": 1.0
      },
      "S7": {
        "accuracy": 0.8314285814762116,
        "precision": 0.8314285814762116,
        "recall": 0.8314285814762116,
        "f1": 0.8314285814762116
      },
      "S8": {
        "accuracy": 0.888571435213089,
        "precision": 0.8857656478881836,
        "recall": 0.8857142925262451,
        "f1": 0.8857067115731073
      },
      "S9": {
        "accuracy": 0.908571434020996,
        "precision": 0.9034920692443847,
        "recall": 0.908571434020996,
        "f1": 0.905995981460572
      },
      "S10": {
        "accuracy": 0.8944444298744202,
        "precision": 0.8972007632255554,
        "recall": 0.8972222089767456,
        "f1": 0.8971782639996722
      },
      "S11": {
        "accuracy": 0.725,
        "precision": 0.7269696235656739,
        "recall": 0.7250000059604644,
        "f1": 0.7259154228441913
      },
      "S13": {
        "accuracy": 0.9944444417953491,
        "precision": 0.9944444417953491,
        "recall": 0.9944444417953491,
        "f1": 0.9944444417953491
      },
      "S14": {
        "accuracy": 0.5194444388151169,
        "precision": 0.5189832657575607,
        "recall": 0.5194444388151169,
        "f1": 0.5191941559620584
      },
      "S15": {
        "accuracy": 0.85,
        "precision": 0.8528356969356536,
        "recall": 0.8527777791023254,
        "f1": 0.8527729570296703
      },
      "S16": {
        "accuracy": 0.7444444417953491,
        "precision": 0.7444444417953491,
        "recall": 0.7444444417953491,
        "f1": 0.7444444417953491
      },
      "S17": {
        "accuracy": 0.8805555522441864,
        "precision": 0.8805383920669556,
        "recall": 0.8805555522441864,
        "f1": 0.8805126769131697
      },
      "average": {
        "accuracy": 0.831138190627098,
        "precision": 0.8310436520973841,
        "recall": 0.8315141640106838,
        "f1": 0.8312573293909574
      }
    },
    "std": {
      "S2": {
        "accuracy": 0.009300825517504017,
        "precision": 0.009300825517504017,
        "recall": 0.009300825517504017,
        "f1": 0.009300825517504017
      },
      "S3": {
        "accuracy": 0.044280747796123496,
        "precision": 0.04573716368847034,
        "recall": 0.04650408779593939,
        "f1": 0.04593591280384287
      },
      "S4": {
        "accuracy": 0.11106574375797112,
        "precision": 0.11175436276571306,
        "recall": 0.11543076474741415,
        "f1": 0.11351915301189196
      },
      "S5": {
        "accuracy": 0.025016999530896627,
        "precision": 0.024614182035208907,
        "recall": 0.01904761791229248,
        "f1": 0.021552253437895658
      },
      "S6": {
        "accuracy": 0.0,
        "precision": 0.0,
        "recall": 0.0,
        "f1": 0.0
      },
      "S7": {
        "accuracy": 0.04939543507443081,
        "precision": 0.04939543507443081,
        "recall": 0.04939543507443081,
        "f1": 0.04939543507443081
      },
      "S8": {
        "accuracy": 0.04939543507443081,
        "precision": 0.053543910133918474,
        "recall": 0.05387479916492944,
        "f1": 0.053478134820082
      },
      "S9": {
        "accuracy": 0.10758110784627878,
        "precision": 0.10739840595755522,
        "recall": 0.10758110784627878,
        "f1": 0.1073536388637015
      },
      "S10": {
        "accuracy": 0.06904204708756417,
        "precision": 0.06687130396773268,
        "recall": 0.06810435718458006,
        "f1": 0.06727476073599525
      },
      "S11": {
        "accuracy": 0.05470021410487293,
        "precision": 0.05363000067037389,
        "recall": 0.05624571608621192,
        "f1": 0.054525508635805305
      },
      "S13": {
        "accuracy": 0.011712145066888412,
        "precision": 0.011712145066888412,
        "recall": 0.011712145066888412,
        "f1": 0.011712145066888412
      },
      "S14": {
        "accuracy": 0.09170873863360816,
        "precision": 0.08858875486667683,
        "recall": 0.09170873863360816,
        "f1": 0.09009702286308165
      },
      "S15": {
        "accuracy": 0.05270463115996411,
        "precision": 0.05392294273113292,
        "recall": 0.05406963852818809,
        "f1": 0.05367579403096672
      },
      "S16": {
        "accuracy": 0.050375818808981315,
        "precision": 0.050375818808981315,
        "recall": 0.050375818808981315,
        "f1": 0.050375818808981315
      },
      "S17": {
        "accuracy": 0.0556326616214529,
        "precision": 0.054086308748411374,
        "recall": 0.0556326616214529,
        "f1": 0.054549811254806194
      },
      "average": {
        "accuracy": 0.025443026629939164,
        "precision": 0.025267631967752335,
        "recall": 0.026115858764242897,
        "f1": 0.025632126166729028
      }
    },
    "poor_ratio": 0.0
  }
}