{
  "real_subj_cnt": 15,
  "real_path": "stress_slurm/data/wesad_1hz.pickle",
  "sliding_windows": false,
  "syn_subj_cnt": 100,
  "gan_config": {
    "gan_mode": "DPCGAN-e-0.1",
    "path": "stress_slurm/data/100_subj_DP-cGAN-e-0.1.csv",
    "eps": 0.1
  },
  "privacy_config": {
    "l2_norm_clip": 1.0,
    "eps": null,
    "num_unique_windows": null,
    "delta": null,
    "noise_multiplier": null
  },
  "train_config": {
    "nn_mode": "CNN-LSTM",
    "epochs": 20,
    "batch_size": 50,
    "learning_rate": 0.001,
    "eval_mode": "TSTR",
    "random_seed": 42
  },
  "results": {
    "num_runs": 10,
    "mean": {
      "S2": {
        "accuracy": 0.970588231086731,
        "precision": 0.970588231086731,
        "recall": 0.970588231086731,
        "f1": 0.970588231086731
      },
      "S3": {
        "accuracy": 0.67058824300766,
        "precision": 0.67058824300766,
        "recall": 0.67058824300766,
        "f1": 0.67058824300766
      },
      "S4": {
        "accuracy": 0.8171428680419922,
        "precision": 0.8171428680419922,
        "recall": 0.8171428680419922,
        "f1": 0.8171428680419922
      },
      "S5": {
        "accuracy": 0.8571428656578064,
        "precision": 0.8571428656578064,
        "recall": 0.8571428656578064,
        "f1": 0.8571428656578064
      },
      "S6": {
        "accuracy": 0.9885714292526245,
        "precision": 0.9885714292526245,
        "recall": 0.9885714292526245,
        "f1": 0.9885714292526245
      },
      "S7": {
        "accuracy": 0.8714285790920258,
        "precision": 0.8714285790920258,
        "recall": 0.8714285790920258,
        "f1": 0.8714285790920258
      },
      "S8": {
        "accuracy": 0.9000000059604645,
        "precision": 0.8998319387435914,
        "recall": 0.8971428632736206,
        "f1": 0.8984679149557276
      },
      "S9": {
        "accuracy": 0.9314285755157471,
        "precision": 0.9289682567119598,
        "recall": 0.9314285755157471,
        "f1": 0.9301810899156353
      },
      "S10": {
        "accuracy": 0.8722222149372101,
        "precision": 0.8722222149372101,
        "recall": 0.8722222149372101,
        "f1": 0.8722222149372101
      },
      "S11": {
        "accuracy": 0.7722222208976746,
        "precision": 0.7723423421382904,
        "recall": 0.7722222208976746,
        "f1": 0.7722522341257548
      },
      "S13": {
        "accuracy": 0.9888888895511627,
        "precision": 0.9864864885807038,
        "recall": 0.9888888895511627,
        "f1": 0.9876712342748322
      },
      "S14": {
        "accuracy": 0.5944444477558136,
        "precision": 0.593492066860199,
        "recall": 0.5916666686534882,
        "f1": 0.5925665128304357
      },
      "S15": {
        "accuracy": 0.8611111104488373,
        "precision": 0.8611111104488373,
        "recall": 0.8611111104488373,
        "f1": 0.8611111104488373
      },
      "S16": {
        "accuracy": 0.7027777552604675,
        "precision": 0.7027777552604675,
        "recall": 0.7027777552604675,
        "f1": 0.7027777552604675
      },
      "S17": {
        "accuracy": 0.8666666746139526,
        "precision": 0.8656349301338195,
        "recall": 0.8611111164093017,
        "f1": 0.8633411653988704
      },
      "average": {
        "accuracy": 0.8443482740720114,
        "precision": 0.8438886213302613,
        "recall": 0.8436022420724234,
        "f1": 0.8437368965524407
      }
    },
    "std": {
      "S2": {
        "accuracy": 0.04802920778004502,
        "precision": 0.04802920778004502,
        "recall": 0.04802920778004502,
        "f1": 0.04802920778004502
      },
      "S3": {
        "accuracy": 0.023200308133717623,
        "precision": 0.023200308133717623,
        "recall": 0.023200308133717623,
        "f1": 0.023200308133717623
      },
      "S4": {
        "accuracy": 0.07990924081190649,
        "precision": 0.07990924081190649,
        "recall": 0.07990924081190649,
        "f1": 0.07990924081190649
      },
      "S5": {
        "accuracy": 0.013468699791232368,
        "precision": 0.013468699791232368,
        "recall": 0.013468699791232368,
        "f1": 0.013468699791232368
      },
      "S6": {
        "accuracy": 0.03614031396207934,
        "precision": 0.03614031396207934,
        "recall": 0.03614031396207934,
        "f1": 0.03614031396207934
      },
      "S7": {
        "accuracy": 0.027766435939492785,
        "precision": 0.027766435939492785,
        "recall": 0.027766435939492785,
        "f1": 0.027766435939492785
      },
      "S8": {
        "accuracy": 0.04714044926931327,
        "precision": 0.046973375677650205,
        "recall": 0.04507489089884787,
        "f1": 0.04582337357130329
      },
      "S9": {
        "accuracy": 0.09731077343369071,
        "precision": 0.0988931516630429,
        "recall": 0.09731077343369071,
        "f1": 0.0980391631839986
      },
      "S10": {
        "accuracy": 0.07878535716110069,
        "precision": 0.07878535716110069,
        "recall": 0.07878535716110069,
        "f1": 0.07878535716110069
      },
      "S11": {
        "accuracy": 0.04864417520915006,
        "precision": 0.0497160989843818,
        "recall": 0.04864417520915006,
        "f1": 0.0489139260705148
      },
      "S13": {
        "accuracy": 0.03513641635202159,
        "precision": 0.04273347527167085,
        "recall": 0.03513641635202159,
        "f1": 0.03898698043014788
      },
      "S14": {
        "accuracy": 0.05430695816709654,
        "precision": 0.05296663769934259,
        "recall": 0.050799505621949535,
        "f1": 0.05179879408610994
      },
      "S15": {
        "accuracy": 0.04342977931918155,
        "precision": 0.04342977931918155,
        "recall": 0.04342977931918155,
        "f1": 0.04342977931918155
      },
      "S16": {
        "accuracy": 0.01341794782982994,
        "precision": 0.01341794782982994,
        "recall": 0.01341794782982994,
        "f1": 0.01341794782982994
      },
      "S17": {
        "accuracy": 0.058267162651849065,
        "precision": 0.05941736921480848,
        "recall": 0.06415003755723872,
        "f1": 0.061677636970206486
      },
      "average": {
        "accuracy": 0.02818032463298282,
        "precision": 0.0287419215057671,
        "recall": 0.028059776522270898,
        "f1": 0.028398374202789223
      }
    },
    "poor_ratio": 0.0
  }
}