{
  "real_subj_cnt": 15,
  "real_path": "stress_slurm/data/wesad_1hz.pickle",
  "sliding_windows": false,
  "syn_subj_cnt": 5,
  "gan_config": {
    "gan_mode": "CGAN",
    "path": "stress_slurm/data/100_subj_cGAN.csv",
    "eps": null
  },
  "privacy_config": {
    "l2_norm_clip": 1.0,
    "eps": null,
    "num_unique_windows": null,
    "delta": null,
    "noise_multiplier": null
  },
  "train_config": {
    "nn_mode": "CNN-LSTM",
    "epochs": 20,
    "batch_size": 50,
    "learning_rate": 0.001,
    "eval_mode": "TSTR",
    "random_seed": 42,
    "data_noise_parameter": null
  },
  "results": {
    "num_runs": 10,
    "mean": {
      "S2": {
        "accuracy": 0.3176470696926117,
        "precision": 0.3220564901828766,
        "recall": 0.3264706015586853,
        "f1": 0.32410010040697645
      },
      "S3": {
        "accuracy": 0.4441176563501358,
        "precision": 0.443283149600029,
        "recall": 0.4352941274642944,
        "f1": 0.4390532988807621
      },
      "S4": {
        "accuracy": 0.30000001192092896,
        "precision": 0.29963926076889036,
        "recall": 0.29714286923408506,
        "f1": 0.29833709295435046
      },
      "S5": {
        "accuracy": 0.3085714399814606,
        "precision": 0.3021615415811539,
        "recall": 0.30000001192092896,
        "f1": 0.3010503712270296
      },
      "S6": {
        "accuracy": 0.30285715460777285,
        "precision": 0.3035897552967072,
        "recall": 0.3085714399814606,
        "f1": 0.30594595752117665
      },
      "S7": {
        "accuracy": 0.2571428716182709,
        "precision": 0.2571428716182709,
        "recall": 0.2571428716182709,
        "f1": 0.2571428716182709
      },
      "S8": {
        "accuracy": 0.3171428680419922,
        "precision": 0.3158699005842209,
        "recall": 0.3142857253551483,
        "f1": 0.3149218676985169
      },
      "S9": {
        "accuracy": 0.4057142972946167,
        "precision": 0.4091265439987183,
        "recall": 0.4114285856485367,
        "f1": 0.4101208199088159
      },
      "S10": {
        "accuracy": 0.32500000596046447,
        "precision": 0.3265129208564758,
        "recall": 0.3222222298383713,
        "f1": 0.3241287182942111
      },
      "S11": {
        "accuracy": 0.39999999701976774,
        "precision": 0.39174841046333314,
        "recall": 0.3916666626930237,
        "f1": 0.39155107309369097
      },
      "S13": {
        "accuracy": 0.31111112236976624,
        "precision": 0.30751635134220123,
        "recall": 0.30833334624767306,
        "f1": 0.3078593000217054
      },
      "S14": {
        "accuracy": 0.29166666567325594,
        "precision": 0.2901960775256157,
        "recall": 0.2888888880610466,
        "f1": 0.2895238086593394
      },
      "S15": {
        "accuracy": 0.2777777910232544,
        "precision": 0.2797297418117523,
        "recall": 0.2805555671453476,
        "f1": 0.2801369981440041
      },
      "S16": {
        "accuracy": 0.3638888955116272,
        "precision": 0.3603732377290726,
        "recall": 0.3583333373069763,
        "f1": 0.3593253641773684
      },
      "S17": {
        "accuracy": 0.3416666775941849,
        "precision": 0.3386126488447189,
        "recall": 0.33888889849185944,
        "f1": 0.338547925696313
      },
      "average": {
        "accuracy": 0.3309536349773407,
        "precision": 0.3298372601469358,
        "recall": 0.32928167750438053,
        "f1": 0.3294497045535021
      }
    },
    "std": {
      "S2": {
        "accuracy": 0.04960435249697165,
        "precision": 0.06182659316525522,
        "recall": 0.07650829055711517,
        "f1": 0.06849427159712854
      },
      "S3": {
        "accuracy": 0.09449475346591771,
        "precision": 0.09586424416373418,
        "recall": 0.10169649202132437,
        "f1": 0.09861514052940562
      },
      "S4": {
        "accuracy": 0.06353172985191041,
        "precision": 0.06265171706135766,
        "recall": 0.06346030573730958,
        "f1": 0.06295457211747645
      },
      "S5": {
        "accuracy": 0.044262664175538514,
        "precision": 0.04366815879465281,
        "recall": 0.04714044926931327,
        "f1": 0.045342211108141364
      },
      "S6": {
        "accuracy": 0.04507489089884787,
        "precision": 0.047347395542368435,
        "recall": 0.06288599251539463,
        "f1": 0.05468140857306663
      },
      "S7": {
        "accuracy": 0.0,
        "precision": 0.0,
        "recall": 0.0,
        "f1": 0.0
      },
      "S8": {
        "accuracy": 0.062379131115486465,
        "precision": 0.0676291934164974,
        "recall": 0.07619047164916992,
        "f1": 0.07162792124372366
      },
      "S9": {
        "accuracy": 0.14431007343448066,
        "precision": 0.1481682718567276,
        "recall": 0.15368490020172923,
        "f1": 0.1505992671363203
      },
      "S10": {
        "accuracy": 0.0752795374047156,
        "precision": 0.07862500998404061,
        "recall": 0.0776895439405528,
        "f1": 0.07729725336678538
      },
      "S11": {
        "accuracy": 0.09184886267549765,
        "precision": 0.09442025074103202,
        "recall": 0.10011139141362849,
        "f1": 0.09695417974642419
      },
      "S13": {
        "accuracy": 0.07499427972005376,
        "precision": 0.07163830934605153,
        "recall": 0.07905694138785983,
        "f1": 0.07509822104351681
      },
      "S14": {
        "accuracy": 0.02360656944100856,
        "precision": 0.026740642882183394,
        "recall": 0.029860211486692958,
        "f1": 0.028312561952908665
      },
      "S15": {
        "accuracy": 0.0,
        "precision": 0.006172610372215039,
        "recall": 0.008784099375844482,
        "f1": 0.007460467973656986
      },
      "S16": {
        "accuracy": 0.08013406221816537,
        "precision": 0.07989136766953048,
        "recall": 0.07905694010801423,
        "f1": 0.07940442860206487
      },
      "S17": {
        "accuracy": 0.10314831478871317,
        "precision": 0.10530208213020836,
        "recall": 0.1184316740914364,
        "f1": 0.11143611130344526
      },
      "average": {
        "accuracy": 0.05501681590414869,
        "precision": 0.05755858946445536,
        "recall": 0.0627507040494023,
        "f1": 0.05997299606884176
      }
    },
    "poor_ratio": 0.4
  }
}