{
  "real_subj_cnt": 15,
  "real_path": "stress_slurm/data/wesad_1hz.pickle",
  "sliding_windows": false,
  "syn_subj_cnt": 15,
  "gan_config": {
    "gan_mode": "DPCGAN-e-0.1",
    "path": "stress_slurm/data/100_subj_DP-cGAN-e-0.1.csv",
    "eps": 0.1
  },
  "privacy_config": {
    "l2_norm_clip": 1.0,
    "eps": null,
    "num_unique_windows": null,
    "delta": null,
    "noise_multiplier": null
  },
  "train_config": {
    "nn_mode": "CNN-LSTM",
    "epochs": 20,
    "batch_size": 50,
    "learning_rate": 0.001,
    "eval_mode": "TSTR",
    "random_seed": 42,
    "data_noise_parameter": null
  },
  "results": {
    "num_runs": 10,
    "mean": {
      "S2": {
        "accuracy": 0.8088235318660736,
        "precision": 0.8088235318660736,
        "recall": 0.8088235318660736,
        "f1": 0.8088235318660736
      },
      "S3": {
        "accuracy": 0.6558823525905609,
        "precision": 0.6590756356716156,
        "recall": 0.6647058844566345,
        "f1": 0.6618499611849245
      },
      "S4": {
        "accuracy": 0.7057143002748489,
        "precision": 0.7034920781850815,
        "recall": 0.7057143002748489,
        "f1": 0.7045875397798113
      },
      "S5": {
        "accuracy": 0.9257142901420593,
        "precision": 0.9230952441692353,
        "recall": 0.9257142901420593,
        "f1": 0.9243863231817471
      },
      "S6": {
        "accuracy": 0.7857142984867096,
        "precision": 0.7857142984867096,
        "recall": 0.7857142984867096,
        "f1": 0.7857142984867096
      },
      "S7": {
        "accuracy": 0.8514285802841186,
        "precision": 0.8491269946098328,
        "recall": 0.8514285802841186,
        "f1": 0.8502615791089807
      },
      "S8": {
        "accuracy": 0.8342857241630555,
        "precision": 0.8319841384887695,
        "recall": 0.8342857241630555,
        "f1": 0.8331187229879176
      },
      "S9": {
        "accuracy": 0.7285714447498322,
        "precision": 0.7285714447498322,
        "recall": 0.7285714447498322,
        "f1": 0.7285714447498322
      },
      "S10": {
        "accuracy": 0.8194444358348847,
        "precision": 0.8187301516532898,
        "recall": 0.8166666567325592,
        "f1": 0.8176838725184524
      },
      "S11": {
        "accuracy": 0.6833333253860474,
        "precision": 0.6815315186977386,
        "recall": 0.6833333253860474,
        "f1": 0.6824200808666373
      },
      "S13": {
        "accuracy": 0.8777777671813964,
        "precision": 0.8802338004112243,
        "recall": 0.8805555462837219,
        "f1": 0.8803593943969673
      },
      "S14": {
        "accuracy": 0.5694444417953491,
        "precision": 0.5673423409461975,
        "recall": 0.5694444417953491,
        "f1": 0.5683789934281405
      },
      "S15": {
        "accuracy": 0.7388888776302338,
        "precision": 0.7388888776302338,
        "recall": 0.7388888776302338,
        "f1": 0.7388888776302338
      },
      "S16": {
        "accuracy": 0.6833333253860474,
        "precision": 0.6842342257499695,
        "recall": 0.6861110985279083,
        "f1": 0.6851598068739017
      },
      "S17": {
        "accuracy": 0.8111111164093018,
        "precision": 0.8089039087295532,
        "recall": 0.8111111164093018,
        "f1": 0.8099615245569712
      },
      "average": {
        "accuracy": 0.7652978541453679,
        "precision": 0.7646498793363572,
        "recall": 0.7660712744792303,
        "f1": 0.7653443967744867
      }
    },
    "std": {
      "S2": {
        "accuracy": 0.0834773832545155,
        "precision": 0.0834773832545155,
        "recall": 0.0834773832545155,
        "f1": 0.0834773832545155
      },
      "S3": {
        "accuracy": 0.03681368827868045,
        "precision": 0.03429753333340921,
        "recall": 0.031616687774605766,
        "f1": 0.0326908777162486
      },
      "S4": {
        "accuracy": 0.1518144219210964,
        "precision": 0.15043733907703358,
        "recall": 0.1518144219210964,
        "f1": 0.151076905748816
      },
      "S5": {
        "accuracy": 0.027602620728449666,
        "precision": 0.027031935098807428,
        "recall": 0.027602620728449666,
        "f1": 0.0269990818183711
      },
      "S6": {
        "accuracy": 0.11837906813125779,
        "precision": 0.11837906813125779,
        "recall": 0.11837906813125779,
        "f1": 0.11837906813125779
      },
      "S7": {
        "accuracy": 0.03995462040595325,
        "precision": 0.042026784197554366,
        "recall": 0.03995462040595325,
        "f1": 0.04085666231894306
      },
      "S8": {
        "accuracy": 0.0931192825378889,
        "precision": 0.09355960789540944,
        "recall": 0.0931192825378889,
        "f1": 0.09327185405821557
      },
      "S9": {
        "accuracy": 0.10011330851672735,
        "precision": 0.10011330851672735,
        "recall": 0.10011330851672735,
        "f1": 0.10011330851672735
      },
      "S10": {
        "accuracy": 0.08203723695498888,
        "precision": 0.08273716995905404,
        "recall": 0.085064319053485,
        "f1": 0.08386176670722323
      },
      "S11": {
        "accuracy": 0.02342426343153664,
        "precision": 0.025453774973570382,
        "recall": 0.02342426343153664,
        "f1": 0.024307613775768625
      },
      "S13": {
        "accuracy": 0.08093249668980584,
        "precision": 0.07991882518686116,
        "recall": 0.08491301577086308,
        "f1": 0.0822165542048465
      },
      "S14": {
        "accuracy": 0.1528479028379022,
        "precision": 0.15538103728012212,
        "recall": 0.1528479028379022,
        "f1": 0.15412018449290127
      },
      "S15": {
        "accuracy": 0.047574941147912456,
        "precision": 0.047574941147912456,
        "recall": 0.047574941147912456,
        "f1": 0.047574941147912456
      },
      "S16": {
        "accuracy": 0.014344358823959671,
        "precision": 0.013435409196189428,
        "recall": 0.013417919038051177,
        "f1": 0.013094793878141631
      },
      "S17": {
        "accuracy": 0.0690420497521004,
        "precision": 0.07071766253521056,
        "recall": 0.07148244624529175,
        "f1": 0.07082647049956717
      },
      "average": {
        "accuracy": 0.04628704462353312,
        "precision": 0.046670469134099626,
        "recall": 0.046884035346609766,
        "f1": 0.04676309712145513
      }
    },
    "poor_ratio": 0.0
  }
}