{
  "real_subj_cnt": 15,
  "real_path": "stress_slurm/data/wesad_1hz.pickle",
  "sliding_windows": false,
  "syn_subj_cnt": 50,
  "gan_config": {
    "gan_mode": "DPCGAN-e-10",
    "path": "stress_slurm/data/100_subj_DP-cGAN-e-10.csv",
    "eps": 10
  },
  "privacy_config": {
    "l2_norm_clip": 1.0,
    "eps": null,
    "num_unique_windows": null,
    "delta": null,
    "noise_multiplier": null
  },
  "train_config": {
    "nn_mode": "CNN-LSTM",
    "epochs": 20,
    "batch_size": 50,
    "learning_rate": 0.001,
    "eval_mode": "TSTR",
    "random_seed": 42,
    "data_noise_parameter": null
  },
  "results": {
    "num_runs": 10,
    "mean": {
      "S2": {
        "accuracy": 0.45882353782653806,
        "precision": 0.45882353782653806,
        "recall": 0.45882353782653806,
        "f1": 0.45882353782653806
      },
      "S3": {
        "accuracy": 0.3058823600411415,
        "precision": 0.30773109942674637,
        "recall": 0.30882353633642196,
        "f1": 0.30826940167271977
      },
      "S4": {
        "accuracy": 0.4114285856485367,
        "precision": 0.4114285856485367,
        "recall": 0.4114285856485367,
        "f1": 0.4114285856485367
      },
      "S5": {
        "accuracy": 0.37428572177886965,
        "precision": 0.37428572177886965,
        "recall": 0.37428572177886965,
        "f1": 0.37428572177886965
      },
      "S6": {
        "accuracy": 0.39428572058677674,
        "precision": 0.39428572058677674,
        "recall": 0.39428572058677674,
        "f1": 0.39428572058677674
      },
      "S7": {
        "accuracy": 0.24285715073347092,
        "precision": 0.24285715073347092,
        "recall": 0.24285715073347092,
        "f1": 0.24285715073347092
      },
      "S8": {
        "accuracy": 0.365714293718338,
        "precision": 0.36663866341114043,
        "recall": 0.365714293718338,
        "f1": 0.36616978023425795
      },
      "S9": {
        "accuracy": 0.5457142949104309,
        "precision": 0.5465851634740829,
        "recall": 0.5514285832643508,
        "f1": 0.5489537315995177
      },
      "S10": {
        "accuracy": 0.4777777880430222,
        "precision": 0.4777777880430222,
        "recall": 0.4777777880430222,
        "f1": 0.4777777880430222
      },
      "S11": {
        "accuracy": 0.5722222298383712,
        "precision": 0.5693629443645477,
        "recall": 0.569444453716278,
        "f1": 0.5693855006773191
      },
      "S13": {
        "accuracy": 0.4666666626930237,
        "precision": 0.46831831336021423,
        "recall": 0.4694444388151169,
        "f1": 0.46887366290409227
      },
      "S14": {
        "accuracy": 0.2805555671453476,
        "precision": 0.2805555671453476,
        "recall": 0.2805555671453476,
        "f1": 0.2805555671453476
      },
      "S15": {
        "accuracy": 0.36944444179534913,
        "precision": 0.36944444179534913,
        "recall": 0.36944444179534913,
        "f1": 0.36944444179534913
      },
      "S16": {
        "accuracy": 0.5583333402872086,
        "precision": 0.5579579621553421,
        "recall": 0.561111119389534,
        "f1": 0.559512943777118
      },
      "S17": {
        "accuracy": 0.3,
        "precision": 0.3,
        "recall": 0.3,
        "f1": 0.3
      },
      "average": {
        "accuracy": 0.408266113003095,
        "precision": 0.408403510649999,
        "recall": 0.4090283292531967,
        "f1": 0.40870823562819575
      }
    },
    "std": {
      "S2": {
        "accuracy": 0.0822595206515224,
        "precision": 0.0822595206515224,
        "recall": 0.0822595206515224,
        "f1": 0.0822595206515224
      },
      "S3": {
        "accuracy": 0.13385136371934248,
        "precision": 0.13469854554842037,
        "recall": 0.13531543427146567,
        "f1": 0.1349918239173494
      },
      "S4": {
        "accuracy": 0.0764282093766702,
        "precision": 0.0764282093766702,
        "recall": 0.0764282093766702,
        "f1": 0.0764282093766702
      },
      "S5": {
        "accuracy": 0.03915200679225263,
        "precision": 0.03915200679225263,
        "recall": 0.03915200679225263,
        "f1": 0.03915200679225263
      },
      "S6": {
        "accuracy": 0.05003399906179326,
        "precision": 0.05003399906179326,
        "recall": 0.05003399906179326,
        "f1": 0.05003399906179326
      },
      "S7": {
        "accuracy": 0.024281050674395687,
        "precision": 0.024281050674395687,
        "recall": 0.024281050674395687,
        "f1": 0.024281050674395687
      },
      "S8": {
        "accuracy": 0.05181512265914143,
        "precision": 0.05086953199275933,
        "recall": 0.05181512265914143,
        "f1": 0.05133055636876593
      },
      "S9": {
        "accuracy": 0.16131545951605764,
        "precision": 0.16222178202862972,
        "recall": 0.16388149465830124,
        "f1": 0.16296627872370065
      },
      "S10": {
        "accuracy": 0.0726719219008326,
        "precision": 0.0726719219008326,
        "recall": 0.0726719219008326,
        "f1": 0.0726719219008326
      },
      "S11": {
        "accuracy": 0.09460771253324061,
        "precision": 0.09766816915033069,
        "recall": 0.09820928359416829,
        "f1": 0.09791037949559542
      },
      "S13": {
        "accuracy": 0.10702357138634133,
        "precision": 0.10581046207609446,
        "recall": 0.10512419248841078,
        "f1": 0.10545755808366128
      },
      "S14": {
        "accuracy": 0.008784099375844479,
        "precision": 0.008784099375844479,
        "recall": 0.008784099375844479,
        "f1": 0.008784099375844479
      },
      "S15": {
        "accuracy": 0.047303846349655725,
        "precision": 0.047303846349655725,
        "recall": 0.047303846349655725,
        "f1": 0.047303846349655725
      },
      "S16": {
        "accuracy": 0.08013406807223927,
        "precision": 0.08082254875508893,
        "recall": 0.08156561977261745,
        "f1": 0.08112160339682203
      },
      "S17": {
        "accuracy": 0.06778890715842628,
        "precision": 0.06778890715842628,
        "recall": 0.06778890715842628,
        "f1": 0.06778890715842628
      },
      "average": {
        "accuracy": 0.0626275012892137,
        "precision": 0.06299046887490628,
        "recall": 0.06337678558465007,
        "f1": 0.0631793064501453
      }
    },
    "poor_ratio": 0.0
  }
}