{
  "real_subj_cnt": 15,
  "real_path": "stress_slurm/data/wesad_1hz.pickle",
  "sliding_windows": false,
  "syn_subj_cnt": 10,
  "gan_config": {
    "gan_mode": "CGAN",
    "path": "stress_slurm/data/100_subj_cGAN.csv",
    "eps": null
  },
  "privacy_config": {
    "l2_norm_clip": 1.0,
    "eps": null,
    "num_unique_windows": null,
    "delta": null,
    "noise_multiplier": null
  },
  "train_config": {
    "nn_mode": "CNN-LSTM",
    "epochs": 20,
    "batch_size": 50,
    "learning_rate": 0.001,
    "eval_mode": "TSTR",
    "random_seed": 42
  },
  "results": {
    "num_runs": 10,
    "mean": {
      "S2": {
        "accuracy": 0.5323529541492462,
        "precision": 0.541972154378891,
        "recall": 0.5294117778539658,
        "f1": 0.5354855228840003
      },
      "S3": {
        "accuracy": 0.6705882370471954,
        "precision": 0.6680332720279694,
        "recall": 0.6705882370471954,
        "f1": 0.6692374261820943
      },
      "S4": {
        "accuracy": 0.6771428644657135,
        "precision": 0.6802648365497589,
        "recall": 0.6742857217788696,
        "f1": 0.6772074102398353
      },
      "S5": {
        "accuracy": 0.5000000149011612,
        "precision": 0.4996872216463089,
        "recall": 0.5000000149011612,
        "f1": 0.4998198024431309
      },
      "S6": {
        "accuracy": 0.6057142972946167,
        "precision": 0.6032493114471436,
        "recall": 0.600000011920929,
        "f1": 0.601586907457363
      },
      "S7": {
        "accuracy": 0.29142858684062956,
        "precision": 0.29310925900936124,
        "recall": 0.29142858684062956,
        "f1": 0.292256744142416
      },
      "S8": {
        "accuracy": 0.5885714411735534,
        "precision": 0.5926050484180451,
        "recall": 0.5885714411735534,
        "f1": 0.5905590158028653
      },
      "S9": {
        "accuracy": 0.7428571581840515,
        "precision": 0.7440412640571594,
        "recall": 0.7371428728103637,
        "f1": 0.7405188297383924
      },
      "S10": {
        "accuracy": 0.725,
        "precision": 0.7234126985073089,
        "recall": 0.7222222208976745,
        "f1": 0.7228090760473032
      },
      "S11": {
        "accuracy": 0.5916666656732559,
        "precision": 0.5952381044626236,
        "recall": 0.5888888895511627,
        "f1": 0.5920187841661153
      },
      "S13": {
        "accuracy": 0.511111119389534,
        "precision": 0.5136508017778396,
        "recall": 0.511111119389534,
        "f1": 0.5123630754982188
      },
      "S14": {
        "accuracy": 0.37222222089767454,
        "precision": 0.3715873032808304,
        "recall": 0.36944444477558136,
        "f1": 0.37050078346589277
      },
      "S15": {
        "accuracy": 0.44166667461395265,
        "precision": 0.4479458540678024,
        "recall": 0.44166667461395265,
        "f1": 0.4447395569158249
      },
      "S16": {
        "accuracy": 0.6083333402872085,
        "precision": 0.6083333402872085,
        "recall": 0.6083333402872085,
        "f1": 0.6083333402872085
      },
      "S17": {
        "accuracy": 0.4805555522441864,
        "precision": 0.47542530596256255,
        "recall": 0.47499999701976775,
        "f1": 0.4750848660466655
      },
      "average": {
        "accuracy": 0.5559474084774653,
        "precision": 0.5572370517253875,
        "recall": 0.5538730233907699,
        "f1": 0.555501409421155
      }
    },
    "std": {
      "S2": {
        "accuracy": 0.12741327167543748,
        "precision": 0.13838458466044384,
        "recall": 0.13080063219683072,
        "f1": 0.13419016976870474
      },
      "S3": {
        "accuracy": 0.08746943445158056,
        "precision": 0.08786537091028257,
        "recall": 0.09383126095277146,
        "f1": 0.0905479311549792
      },
      "S4": {
        "accuracy": 0.24431866372920427,
        "precision": 0.24714087396761256,
        "recall": 0.24585451744499406,
        "f1": 0.24642071229184714
      },
      "S5": {
        "accuracy": 0.17366269265735831,
        "precision": 0.17423337573126402,
        "recall": 0.17573945008810474,
        "f1": 0.17492987587741898
      },
      "S6": {
        "accuracy": 0.17290370944203706,
        "precision": 0.1757387670132373,
        "recall": 0.18019893556184993,
        "f1": 0.17800562455134705
      },
      "S7": {
        "accuracy": 0.08058741693030996,
        "precision": 0.08060007312543034,
        "recall": 0.08058741693030996,
        "f1": 0.08057394070694257
      },
      "S8": {
        "accuracy": 0.16341036904645023,
        "precision": 0.16656367405913186,
        "recall": 0.16341036904645023,
        "f1": 0.1649158459054392
      },
      "S9": {
        "accuracy": 0.09897432596174881,
        "precision": 0.09682457785095425,
        "recall": 0.10758110784627876,
        "f1": 0.10231104840073627
      },
      "S10": {
        "accuracy": 0.2220099249492592,
        "precision": 0.22428378434067342,
        "recall": 0.22604732373057668,
        "f1": 0.2251718336126248
      },
      "S11": {
        "accuracy": 0.0898195816875582,
        "precision": 0.09565458301346162,
        "recall": 0.09604667605526501,
        "f1": 0.0957599228097835
      },
      "S13": {
        "accuracy": 0.16470033768955786,
        "precision": 0.16412686789138745,
        "recall": 0.16470033768955786,
        "f1": 0.16439439759539531
      },
      "S14": {
        "accuracy": 0.0743051945239746,
        "precision": 0.07573792705725575,
        "recall": 0.07527954192566744,
        "f1": 0.07547154604670277
      },
      "S15": {
        "accuracy": 0.18118361260124743,
        "precision": 0.18798437362858997,
        "recall": 0.18118361260124743,
        "f1": 0.18446385336048943
      },
      "S16": {
        "accuracy": 0.1252227117434274,
        "precision": 0.1252227117434274,
        "recall": 0.1252227117434274,
        "f1": 0.1252227117434274
      },
      "S17": {
        "accuracy": 0.06683364353280426,
        "precision": 0.05871499145907645,
        "recall": 0.06984453179263889,
        "f1": 0.06390726643841595
      },
      "average": {
        "accuracy": 0.12915743149626177,
        "precision": 0.13099133884356165,
        "recall": 0.13193078110236728,
        "f1": 0.1314336144742008
      }
    },
    "poor_ratio": 0.4
  }
}