{
  "real_subj_cnt": 15,
  "real_path": "stress_slurm/data/wesad_1hz.pickle",
  "sliding_windows": false,
  "syn_subj_cnt": 15,
  "gan_config": {
    "gan_mode": "CGAN",
    "path": "stress_slurm/data/100_subj_cGAN.csv",
    "eps": null
  },
  "privacy_config": {
    "l2_norm_clip": 1.0,
    "eps": null,
    "num_unique_windows": null,
    "delta": null,
    "noise_multiplier": null
  },
  "train_config": {
    "nn_mode": "CNN-LSTM",
    "epochs": 20,
    "batch_size": 50,
    "learning_rate": 0.001,
    "eval_mode": "TSTR",
    "random_seed": 42
  },
  "results": {
    "num_runs": 10,
    "mean": {
      "S2": {
        "accuracy": 0.8470588088035583,
        "precision": 0.8490808665752411,
        "recall": 0.8441176295280457,
        "f1": 0.8465240474629555
      },
      "S3": {
        "accuracy": 0.7441176474094391,
        "precision": 0.7440870940685272,
        "recall": 0.7441176474094391,
        "f1": 0.7440667531915659
      },
      "S4": {
        "accuracy": 0.9971428573131561,
        "precision": 0.9971428573131561,
        "recall": 0.9971428573131561,
        "f1": 0.9971428573131561
      },
      "S5": {
        "accuracy": 0.9514285743236541,
        "precision": 0.951260507106781,
        "recall": 0.9485714316368103,
        "f1": 0.9498964833189174
      },
      "S6": {
        "accuracy": 0.934285718202591,
        "precision": 0.934285718202591,
        "recall": 0.934285718202591,
        "f1": 0.934285718202591
      },
      "S7": {
        "accuracy": 0.840000006556511,
        "precision": 0.8375396877527237,
        "recall": 0.840000006556511,
        "f1": 0.8387525209563991
      },
      "S8": {
        "accuracy": 0.9428571462631226,
        "precision": 0.9428571462631226,
        "recall": 0.9428571462631226,
        "f1": 0.9428571462631226
      },
      "S9": {
        "accuracy": 0.9571428596973419,
        "precision": 0.9571428596973419,
        "recall": 0.9571428596973419,
        "f1": 0.9571428596973419
      },
      "S10": {
        "accuracy": 0.9861111044883728,
        "precision": 0.9861111044883728,
        "recall": 0.9861111044883728,
        "f1": 0.9861111044883728
      },
      "S11": {
        "accuracy": 0.7638888895511627,
        "precision": 0.7643393397331237,
        "recall": 0.7666666686534882,
        "f1": 0.7654870635730774
      },
      "S13": {
        "accuracy": 0.8611111164093017,
        "precision": 0.8587087154388428,
        "recall": 0.8611111164093017,
        "f1": 0.8598934611329712
      },
      "S14": {
        "accuracy": 0.6638888955116272,
        "precision": 0.6656671106815338,
        "recall": 0.6638888955116272,
        "f1": 0.6647383647532632
      },
      "S15": {
        "accuracy": 0.9694444417953492,
        "precision": 0.9694444417953492,
        "recall": 0.9694444417953492,
        "f1": 0.9694444417953492
      },
      "S16": {
        "accuracy": 0.975,
        "precision": 0.975,
        "recall": 0.975,
        "f1": 0.975
      },
      "S17": {
        "accuracy": 0.7138888835906982,
        "precision": 0.7145238101482392,
        "recall": 0.7083333253860473,
        "f1": 0.7113849727437269
      },
      "average": {
        "accuracy": 0.8764911299943924,
        "precision": 0.8764794172843298,
        "recall": 0.8759193899234136,
        "f1": 0.876181852992854
      }
    },
    "std": {
      "S2": {
        "accuracy": 0.05333909758537012,
        "precision": 0.05272777361162321,
        "recall": 0.05554594200473848,
        "f1": 0.0536272353885858
      },
      "S3": {
        "accuracy": 0.06510570891246682,
        "precision": 0.06361704874509809,
        "recall": 0.06510570891246682,
        "f1": 0.06406321454205867
      },
      "S4": {
        "accuracy": 0.009035078490519837,
        "precision": 0.009035078490519837,
        "recall": 0.009035078490519837,
        "f1": 0.009035078490519837
      },
      "S5": {
        "accuracy": 0.06466378737152038,
        "precision": 0.06469071914311708,
        "recall": 0.06570738012414554,
        "f1": 0.06506966351351634
      },
      "S6": {
        "accuracy": 0.06179477040249047,
        "precision": 0.06179477040249047,
        "recall": 0.06179477040249047,
        "f1": 0.06179477040249047
      },
      "S7": {
        "accuracy": 0.1361605040573177,
        "precision": 0.13546319574551474,
        "recall": 0.1361605040573177,
        "f1": 0.1357516717089523
      },
      "S8": {
        "accuracy": 0.030116928301732775,
        "precision": 0.030116928301732775,
        "recall": 0.030116928301732775,
        "f1": 0.030116928301732775
      },
      "S9": {
        "accuracy": 0.04517539245259918,
        "precision": 0.04517539245259918,
        "recall": 0.04517539245259918,
        "f1": 0.04517539245259918
      },
      "S10": {
        "accuracy": 0.019641864398925984,
        "precision": 0.019641864398925984,
        "recall": 0.019641864398925984,
        "f1": 0.019641864398925984
      },
      "S11": {
        "accuracy": 0.07202012987023712,
        "precision": 0.07251511605595332,
        "recall": 0.07545017668477591,
        "f1": 0.07388553599426896
      },
      "S13": {
        "accuracy": 0.0848625099791546,
        "precision": 0.08432712814342869,
        "recall": 0.0848625099791546,
        "f1": 0.0845062632835664
      },
      "S14": {
        "accuracy": 0.07573371429809997,
        "precision": 0.07908582829932438,
        "recall": 0.0801340553310223,
        "f1": 0.07941709182548407
      },
      "S15": {
        "accuracy": 0.07796494224705892,
        "precision": 0.07796494224705892,
        "recall": 0.07796494224705892,
        "f1": 0.07796494224705892
      },
      "S16": {
        "accuracy": 0.05310974260598499,
        "precision": 0.05310974260598499,
        "recall": 0.05310974260598499,
        "f1": 0.05310974260598499
      },
      "S17": {
        "accuracy": 0.08077343317428204,
        "precision": 0.08072212335602426,
        "recall": 0.0788397449531618,
        "f1": 0.07961720700545886
      },
      "average": {
        "accuracy": 0.041991703986433974,
        "precision": 0.041580539159668826,
        "recall": 0.0431577801327988,
        "f1": 0.042369375790235864
      }
    },
    "poor_ratio": 0.0
  }
}