{
  "real_subj_cnt": 15,
  "real_path": "stress_slurm/data/wesad_1hz.pickle",
  "sliding_windows": false,
  "syn_subj_cnt": 30,
  "gan_config": {
    "gan_mode": "DPCGAN-e-1",
    "path": "stress_slurm/data/100_subj_DP-cGAN-e-1.csv",
    "eps": 1
  },
  "privacy_config": {
    "l2_norm_clip": 1.0,
    "eps": null,
    "num_unique_windows": null,
    "delta": null,
    "noise_multiplier": null
  },
  "train_config": {
    "nn_mode": "CNN",
    "epochs": 10,
    "batch_size": 50,
    "learning_rate": 0.001,
    "eval_mode": "TSTR",
    "random_seed": 42,
    "data_noise_parameter": null
  },
  "results": {
    "num_runs": 10,
    "mean": {
      "S2": {
        "accuracy": 0.6558823689818383,
        "precision": 0.6616099238395691,
        "recall": 0.6647058993577957,
        "f1": 0.6630719122741325
      },
      "S3": {
        "accuracy": 0.6558823466300965,
        "precision": 0.6532507687807083,
        "recall": 0.6588235259056091,
        "f1": 0.6558823484927416
      },
      "S4": {
        "accuracy": 0.7171428710222244,
        "precision": 0.712161186337471,
        "recall": 0.7171428710222244,
        "f1": 0.7145173885619405
      },
      "S5": {
        "accuracy": 0.7257143020629883,
        "precision": 0.7301099061965942,
        "recall": 0.7371428728103637,
        "f1": 0.733436309342144
      },
      "S6": {
        "accuracy": 0.7142857313156128,
        "precision": 0.7142857313156128,
        "recall": 0.7142857313156128,
        "f1": 0.7142857313156128
      },
      "S7": {
        "accuracy": 0.7428571581840515,
        "precision": 0.7428571581840515,
        "recall": 0.7428571581840515,
        "f1": 0.7428571581840515
      },
      "S8": {
        "accuracy": 0.7371428728103637,
        "precision": 0.7319860756397247,
        "recall": 0.7428571581840515,
        "f1": 0.7369924951396325
      },
      "S9": {
        "accuracy": 0.7057143032550812,
        "precision": 0.7043956220149994,
        "recall": 0.7114285886287689,
        "f1": 0.7077220251605492
      },
      "S10": {
        "accuracy": 0.7111110985279083,
        "precision": 0.7105263054370881,
        "recall": 0.7138888776302338,
        "f1": 0.7121621513819503
      },
      "S11": {
        "accuracy": 0.6388888657093048,
        "precision": 0.641216191649437,
        "recall": 0.6416666433215141,
        "f1": 0.6414383321916616
      },
      "S13": {
        "accuracy": 0.7166666567325592,
        "precision": 0.7175675570964813,
        "recall": 0.7194444298744201,
        "f1": 0.7184931382204135
      },
      "S14": {
        "accuracy": 0.6999999761581421,
        "precision": 0.6979729473590851,
        "recall": 0.6999999761581421,
        "f1": 0.6989725779874124
      },
      "S15": {
        "accuracy": 0.7222222089767456,
        "precision": 0.7202702581882476,
        "recall": 0.7222222089767456,
        "f1": 0.7212328640643775
      },
      "S16": {
        "accuracy": 0.6833333075046539,
        "precision": 0.6865384399890899,
        "recall": 0.6916666448116302,
        "f1": 0.6889999783134461
      },
      "S17": {
        "accuracy": 0.6888888776302338,
        "precision": 0.687837827205658,
        "recall": 0.6888888776302338,
        "f1": 0.688356153446909
      },
      "average": {
        "accuracy": 0.7010488630334536,
        "precision": 0.7008390599489212,
        "recall": 0.7044680975874265,
        "f1": 0.7025613709384649
      }
    },
    "std": {
      "S2": {
        "accuracy": 0.15811388772057988,
        "precision": 0.14000176894658867,
        "recall": 0.1302114347288724,
        "f1": 0.13537855558054415
      },
      "S3": {
        "accuracy": 0.055545939199328674,
        "precision": 0.0637667285605492,
        "recall": 0.046400612909084905,
        "f1": 0.055545933391253424
      },
      "S4": {
        "accuracy": 0.08131571583900037,
        "precision": 0.09706918602759905,
        "recall": 0.08131571583900037,
        "f1": 0.08961822037032005
      },
      "S5": {
        "accuracy": 0.054210470943119024,
        "precision": 0.040310350188473114,
        "recall": 0.018070156981039674,
        "f1": 0.029791339832587284
      },
      "S6": {
        "accuracy": 0.0,
        "precision": 0.0,
        "recall": 0.0,
        "f1": 0.0
      },
      "S7": {
        "accuracy": 0.0,
        "precision": 0.0,
        "recall": 0.0,
        "f1": 0.0
      },
      "S8": {
        "accuracy": 0.018070156981039674,
        "precision": 0.03437738147177101,
        "recall": 0.0,
        "f1": 0.018545692929781303
      },
      "S9": {
        "accuracy": 0.02710523547155951,
        "precision": 0.03127527169795328,
        "recall": 0.009035078490519837,
        "f1": 0.020756261342067445
      },
      "S10": {
        "accuracy": 0.03513641635202159,
        "precision": 0.036985694478943475,
        "recall": 0.026352307551855275,
        "f1": 0.03181269539202845
      },
      "S11": {
        "accuracy": 0.17568208176010794,
        "precision": 0.1683224309316977,
        "recall": 0.16689797767210254,
        "f1": 0.16761996085760295
      },
      "S13": {
        "accuracy": 0.01756819875168896,
        "precision": 0.014719301656820482,
        "recall": 0.008784108800166314,
        "f1": 0.011792357145936228
      },
      "S14": {
        "accuracy": 0.017568217600332628,
        "precision": 0.011158189712556714,
        "recall": 0.017568217600332628,
        "f1": 0.014319299316936488
      },
      "S15": {
        "accuracy": 0.0,
        "precision": 0.006172610372215041,
        "recall": 0.0,
        "f1": 0.003128583314582904
      },
      "S16": {
        "accuracy": 0.03513641635202159,
        "precision": 0.025000897498609537,
        "recall": 0.008784089951522649,
        "f1": 0.017216829845849994
      },
      "S17": {
        "accuracy": 0.10540924905606476,
        "precision": 0.10873296233341133,
        "recall": 0.10540924905606476,
        "f1": 0.10709387084002396
      },
      "average": {
        "accuracy": 0.04966722847182185,
        "precision": 0.05033063368728967,
        "recall": 0.03885572322773038,
        "f1": 0.04488466587646676
      }
    },
    "poor_ratio": 0.0
  }
}