{
  "real_subj_cnt": 15,
  "real_path": "stress_slurm/data/wesad_1hz.pickle",
  "sliding_windows": false,
  "syn_subj_cnt": 100,
  "gan_config": {
    "gan_mode": "CGAN",
    "path": "stress_slurm/data/100_subj_cGAN.csv",
    "eps": null
  },
  "privacy_config": {
    "l2_norm_clip": 1.0,
    "eps": null,
    "num_unique_windows": null,
    "delta": null,
    "noise_multiplier": null
  },
  "train_config": {
    "nn_mode": "CNN",
    "epochs": 10,
    "batch_size": 50,
    "learning_rate": 0.001,
    "eval_mode": "TSTR",
    "random_seed": 42,
    "data_noise_parameter": null
  },
  "results": {
    "num_runs": 10,
    "mean": {
      "S2": {
        "accuracy": 0.81470587849617,
        "precision": 0.8118382334709168,
        "recall": 0.8117647051811219,
        "f1": 0.8116949534471697
      },
      "S3": {
        "accuracy": 0.8529411673545837,
        "precision": 0.8517570674419404,
        "recall": 0.8441176414489746,
        "f1": 0.847843262086997
      },
      "S4": {
        "accuracy": 0.9914285719394684,
        "precision": 0.9914285719394684,
        "recall": 0.9914285719394684,
        "f1": 0.9914285719394684
      },
      "S5": {
        "accuracy": 1.0,
        "precision": 1.0,
        "recall": 1.0,
        "f1": 1.0
      },
      "S6": {
        "accuracy": 0.9742857158184052,
        "precision": 0.974444442987442,
        "recall": 0.9714285731315613,
        "f1": 0.9728760972506963
      },
      "S7": {
        "accuracy": 0.9371428608894348,
        "precision": 0.9375350177288055,
        "recall": 0.9400000035762787,
        "f1": 0.9387105277555507
      },
      "S8": {
        "accuracy": 0.8628571510314942,
        "precision": 0.8630547404289246,
        "recall": 0.865714293718338,
        "f1": 0.8642960728147028
      },
      "S9": {
        "accuracy": 0.9257142901420593,
        "precision": 0.9284873962402344,
        "recall": 0.9257142901420593,
        "f1": 0.9270807482419559
      },
      "S10": {
        "accuracy": 0.9888888835906983,
        "precision": 0.9888888835906983,
        "recall": 0.9888888835906983,
        "f1": 0.9888888835906983
      },
      "S11": {
        "accuracy": 0.875,
        "precision": 0.8752422749996185,
        "recall": 0.875,
        "f1": 0.875023263987049
      },
      "S13": {
        "accuracy": 0.955555534362793,
        "precision": 0.955555534362793,
        "recall": 0.955555534362793,
        "f1": 0.955555534362793
      },
      "S14": {
        "accuracy": 0.5916666805744171,
        "precision": 0.5902324616909027,
        "recall": 0.5916666805744171,
        "f1": 0.590865521065037
      },
      "S15": {
        "accuracy": 0.9416666507720948,
        "precision": 0.9495144605636596,
        "recall": 0.9388888716697693,
        "f1": 0.9440889636881826
      },
      "S16": {
        "accuracy": 0.8333333253860473,
        "precision": 0.8354761838912964,
        "recall": 0.8333333253860473,
        "f1": 0.8343896640763588
      },
      "S17": {
        "accuracy": 0.65,
        "precision": 0.6509759724140167,
        "recall": 0.6527777791023255,
        "f1": 0.6518645345829154
      },
      "average": {
        "accuracy": 0.8796791140238444,
        "precision": 0.8802954161167145,
        "recall": 0.8790852769215902,
        "f1": 0.8796404399259716
      }
    },
    "std": {
      "S2": {
        "accuracy": 0.02790244653430614,
        "precision": 0.02745195783625435,
        "recall": 0.03161669023895501,
        "f1": 0.028039126359667228
      },
      "S3": {
        "accuracy": 0.02772968306525064,
        "precision": 0.027018033607957587,
        "recall": 0.027902450024795702,
        "f1": 0.02607067454608914
      },
      "S4": {
        "accuracy": 0.01380131036422483,
        "precision": 0.01380131036422483,
        "recall": 0.01380131036422483,
        "f1": 0.01380131036422483
      },
      "S5": {
        "accuracy": 0.0,
        "precision": 0.0,
        "recall": 0.0,
        "f1": 0.0
      },
      "S6": {
        "accuracy": 0.02108184981121295,
        "precision": 0.024799526251275482,
        "recall": 0.019047617912292477,
        "f1": 0.020623532017421935
      },
      "S7": {
        "accuracy": 0.018070156981039677,
        "precision": 0.0218749498622016,
        "recall": 0.016218462238948454,
        "f1": 0.01769009412962732
      },
      "S8": {
        "accuracy": 0.01807015698103967,
        "precision": 0.019219857195959048,
        "recall": 0.033128621131906066,
        "f1": 0.025286617541953046
      },
      "S9": {
        "accuracy": 0.019977310202976627,
        "precision": 0.024117135568717182,
        "recall": 0.019977310202976627,
        "f1": 0.021675344147063683
      },
      "S10": {
        "accuracy": 0.01942239533854039,
        "precision": 0.01942239533854039,
        "recall": 0.01942239533854039,
        "f1": 0.01942239533854039
      },
      "S11": {
        "accuracy": 0.023606583078679442,
        "precision": 0.025271417940069523,
        "recall": 0.023606583078679445,
        "f1": 0.02247380503612267
      },
      "S13": {
        "accuracy": 0.014344389603665892,
        "precision": 0.014344389603665892,
        "recall": 0.014344389603665892,
        "f1": 0.014344389603665892
      },
      "S14": {
        "accuracy": 0.06935179260522863,
        "precision": 0.07001625793581502,
        "recall": 0.06935179260522863,
        "f1": 0.06919293416203705
      },
      "S15": {
        "accuracy": 0.02432207474628669,
        "precision": 0.02547230046710209,
        "recall": 0.02868875612255383,
        "f1": 0.025586020508678274
      },
      "S16": {
        "accuracy": 0.05707789919821587,
        "precision": 0.05391641115041808,
        "recall": 0.05707789919821587,
        "f1": 0.055438495955790416
      },
      "S17": {
        "accuracy": 0.026835873723069347,
        "precision": 0.02656296802084828,
        "recall": 0.026995140089389816,
        "f1": 0.026625009804579172
      },
      "average": {
        "accuracy": 0.007730668768652395,
        "precision": 0.009193333306282235,
        "recall": 0.00799049080060916,
        "f1": 0.008187362128699483
      }
    },
    "poor_ratio": 0.0
  }
}