{
  "real_subj_cnt": 15,
  "real_path": "stress_slurm/data/wesad_1hz.pickle",
  "sliding_windows": false,
  "syn_subj_cnt": 5,
  "gan_config": {
    "gan_mode": "DPCGAN-e-1",
    "path": "stress_slurm/data/100_subj_DP-cGAN-e-1.csv",
    "eps": 1
  },
  "privacy_config": {
    "l2_norm_clip": 1.0,
    "eps": null,
    "num_unique_windows": null,
    "delta": null,
    "noise_multiplier": null
  },
  "train_config": {
    "nn_mode": "CNN",
    "epochs": 10,
    "batch_size": 50,
    "learning_rate": 0.001,
    "eval_mode": "TSTR",
    "random_seed": 42,
    "data_noise_parameter": null
  },
  "results": {
    "num_runs": 10,
    "mean": {
      "S2": {
        "accuracy": 0.7000000178813934,
        "precision": 0.7000000178813934,
        "recall": 0.7000000178813934,
        "f1": 0.7000000178813934
      },
      "S3": {
        "accuracy": 0.6735294044017792,
        "precision": 0.6735294044017792,
        "recall": 0.6735294044017792,
        "f1": 0.6735294044017792
      },
      "S4": {
        "accuracy": 0.7371428728103637,
        "precision": 0.7380158841609955,
        "recall": 0.7400000154972076,
        "f1": 0.7389939770424704
      },
      "S5": {
        "accuracy": 0.7428571581840515,
        "precision": 0.7428571581840515,
        "recall": 0.7428571581840515,
        "f1": 0.7428571581840515
      },
      "S6": {
        "accuracy": 0.7142857313156128,
        "precision": 0.7142857313156128,
        "recall": 0.7142857313156128,
        "f1": 0.7142857313156128
      },
      "S7": {
        "accuracy": 0.7428571581840515,
        "precision": 0.7428571581840515,
        "recall": 0.7428571581840515,
        "f1": 0.7428571581840515
      },
      "S8": {
        "accuracy": 0.7428571581840515,
        "precision": 0.7428571581840515,
        "recall": 0.7428571581840515,
        "f1": 0.7428571581840515
      },
      "S9": {
        "accuracy": 0.7142857313156128,
        "precision": 0.7142857313156128,
        "recall": 0.7142857313156128,
        "f1": 0.7142857313156128
      },
      "S10": {
        "accuracy": 0.7222222089767456,
        "precision": 0.7214285612106324,
        "recall": 0.7194444298744201,
        "f1": 0.720422522755895
      },
      "S11": {
        "accuracy": 0.6916666448116302,
        "precision": 0.6907701611518859,
        "recall": 0.6888888657093049,
        "f1": 0.6897629700724506
      },
      "S13": {
        "accuracy": 0.7222222089767456,
        "precision": 0.7222222089767456,
        "recall": 0.7222222089767456,
        "f1": 0.7222222089767456
      },
      "S14": {
        "accuracy": 0.6944444179534912,
        "precision": 0.6964285492897033,
        "recall": 0.6944444179534912,
        "f1": 0.6954225108349661
      },
      "S15": {
        "accuracy": 0.7222222089767456,
        "precision": 0.7222222089767456,
        "recall": 0.7222222089767456,
        "f1": 0.7222222089767456
      },
      "S16": {
        "accuracy": 0.6916666448116302,
        "precision": 0.6935714066028595,
        "recall": 0.6916666448116302,
        "f1": 0.6926056118929961
      },
      "S17": {
        "accuracy": 0.7222222089767456,
        "precision": 0.7222222089767456,
        "recall": 0.7222222089767456,
        "f1": 0.7222222089767456
      },
      "average": {
        "accuracy": 0.7156321183840434,
        "precision": 0.7158369032541911,
        "recall": 0.7154522240161896,
        "f1": 0.7156364385997045
      }
    },
    "std": {
      "S2": {
        "accuracy": 0.01860163218636437,
        "precision": 0.01860163218636437,
        "recall": 0.01860163218636437,
        "f1": 0.01860163218636437
      },
      "S3": {
        "accuracy": 0.009300806668860353,
        "precision": 0.009300806668860353,
        "recall": 0.009300806668860353,
        "f1": 0.009300806668860353
      },
      "S4": {
        "accuracy": 0.018070156981039674,
        "precision": 0.015309452689863577,
        "recall": 0.009035078490519837,
        "f1": 0.012216451421205888
      },
      "S5": {
        "accuracy": 0.0,
        "precision": 0.0,
        "recall": 0.0,
        "f1": 0.0
      },
      "S6": {
        "accuracy": 0.0,
        "precision": 0.0,
        "recall": 0.0,
        "f1": 0.0
      },
      "S7": {
        "accuracy": 0.0,
        "precision": 0.0,
        "recall": 0.0,
        "f1": 0.0
      },
      "S8": {
        "accuracy": 0.0,
        "precision": 0.0,
        "recall": 0.0,
        "f1": 0.0
      },
      "S9": {
        "accuracy": 0.0,
        "precision": 0.0,
        "recall": 0.0,
        "f1": 0.0
      },
      "S10": {
        "accuracy": 0.0,
        "precision": 0.0025097346008225658,
        "recall": 0.008784108800166314,
        "f1": 0.005691107531508619
      },
      "S11": {
        "accuracy": 0.008784089951522649,
        "precision": 0.007748278983594283,
        "recall": 0.01756819875168896,
        "f1": 0.011845029835698594
      },
      "S13": {
        "accuracy": 0.0,
        "precision": 0.0,
        "recall": 0.0,
        "f1": 0.0
      },
      "S14": {
        "accuracy": 0.0,
        "precision": 0.00627437419934374,
        "recall": 0.0,
        "f1": 0.0030930012686576935
      },
      "S15": {
        "accuracy": 0.0,
        "precision": 0.0,
        "recall": 0.0,
        "f1": 0.0
      },
      "S16": {
        "accuracy": 0.008784089951522649,
        "precision": 0.002760704291176096,
        "recall": 0.008784089951522649,
        "f1": 0.005814815326485994
      },
      "S17": {
        "accuracy": 0.0,
        "precision": 0.0,
        "recall": 0.0,
        "f1": 0.0
      },
      "average": {
        "accuracy": 0.004236051715953955,
        "precision": 0.0031732797300972485,
        "recall": 0.004804927656608151,
        "f1": 0.004004519718740233
      }
    },
    "poor_ratio": 0.0
  }
}