{
  "real_subj_cnt": 15,
  "real_path": "stress_slurm/data/wesad_1hz.pickle",
  "sliding_windows": false,
  "syn_subj_cnt": 30,
  "gan_config": {
    "gan_mode": "DPCGAN-e-0.1",
    "path": "stress_slurm/data/100_subj_DP-cGAN-e-0.1.csv",
    "eps": 0.1
  },
  "privacy_config": {
    "l2_norm_clip": 1.0,
    "eps": null,
    "num_unique_windows": null,
    "delta": null,
    "noise_multiplier": null
  },
  "train_config": {
    "nn_mode": "CNN",
    "epochs": 10,
    "batch_size": 50,
    "learning_rate": 0.001,
    "eval_mode": "TSTR",
    "random_seed": 42,
    "data_noise_parameter": null
  },
  "results": {
    "num_runs": 10,
    "mean": {
      "S2": {
        "accuracy": 0.7705882430076599,
        "precision": 0.7676903545856476,
        "recall": 0.7676470637321472,
        "f1": 0.7676362486412838
      },
      "S3": {
        "accuracy": 0.7441176474094391,
        "precision": 0.7443875789642334,
        "recall": 0.7441176474094391,
        "f1": 0.7441850878732985
      },
      "S4": {
        "accuracy": 0.9828571438789367,
        "precision": 0.9827731072902679,
        "recall": 0.9800000011920929,
        "f1": 0.9813664592919894
      },
      "S5": {
        "accuracy": 0.8371428668498992,
        "precision": 0.8416987717151642,
        "recall": 0.8342857241630555,
        "f1": 0.8377846232326311
      },
      "S6": {
        "accuracy": 0.708571445941925,
        "precision": 0.7086041212081909,
        "recall": 0.708571445941925,
        "f1": 0.708559196249081
      },
      "S7": {
        "accuracy": 0.9942857146263122,
        "precision": 0.9971428573131561,
        "recall": 0.9942857146263122,
        "f1": 0.9956935820384729
      },
      "S8": {
        "accuracy": 0.9142857193946838,
        "precision": 0.9168067216873169,
        "recall": 0.9114285767078399,
        "f1": 0.9140786771775794
      },
      "S9": {
        "accuracy": 0.7142857313156128,
        "precision": 0.7142857313156128,
        "recall": 0.7142857313156128,
        "f1": 0.7142857313156128
      },
      "S10": {
        "accuracy": 0.8555555462837219,
        "precision": 0.8532282173633575,
        "recall": 0.8555555462837219,
        "f1": 0.8543759412033112
      },
      "S11": {
        "accuracy": 0.8361110985279083,
        "precision": 0.8370119988918304,
        "recall": 0.8416666567325592,
        "f1": 0.8393074465717376
      },
      "S13": {
        "accuracy": 0.8833333373069763,
        "precision": 0.8833333373069763,
        "recall": 0.8833333373069763,
        "f1": 0.8833333373069763
      },
      "S14": {
        "accuracy": 0.5361111104488373,
        "precision": 0.5361132562160492,
        "recall": 0.5361111104488373,
        "f1": 0.5360923528566353
      },
      "S15": {
        "accuracy": 0.7222222089767456,
        "precision": 0.7222222089767456,
        "recall": 0.7222222089767456,
        "f1": 0.7222222089767456
      },
      "S16": {
        "accuracy": 0.6944444179534912,
        "precision": 0.6944444179534912,
        "recall": 0.6944444179534912,
        "f1": 0.6944444179534912
      },
      "S17": {
        "accuracy": 0.9027777791023255,
        "precision": 0.902698415517807,
        "recall": 0.9,
        "f1": 0.901330204812621
      },
      "average": {
        "accuracy": 0.806446000734965,
        "precision": 0.8068294064203899,
        "recall": 0.805863678852717,
        "f1": 0.8063130343667645
      }
    },
    "std": {
      "S2": {
        "accuracy": 0.012401075558480482,
        "precision": 0.015525021126776707,
        "recall": 0.016695471750761217,
        "f1": 0.015300649013377311
      },
      "S3": {
        "accuracy": 0.0651057148961633,
        "precision": 0.06808952602696576,
        "recall": 0.0651057148961633,
        "f1": 0.06612036077550928
      },
      "S4": {
        "accuracy": 0.019977310202976627,
        "precision": 0.0200324188971392,
        "recall": 0.02352207295079125,
        "f1": 0.021428321965181307
      },
      "S5": {
        "accuracy": 0.05395891287604671,
        "precision": 0.05279827038421199,
        "recall": 0.05520524145689933,
        "f1": 0.05218693954149285
      },
      "S6": {
        "accuracy": 0.012046771320693114,
        "precision": 0.010316188403419337,
        "recall": 0.012046771320693114,
        "f1": 0.010202475281465692
      },
      "S7": {
        "accuracy": 0.012046771320693121,
        "precision": 0.009035078490519838,
        "recall": 0.012046771320693121,
        "f1": 0.009666172164856105
      },
      "S8": {
        "accuracy": 0.03011692830173279,
        "precision": 0.028273276373234454,
        "recall": 0.02501699953089663,
        "f1": 0.026061197608346555
      },
      "S9": {
        "accuracy": 0.0,
        "precision": 0.0,
        "recall": 0.0,
        "f1": 0.0
      },
      "S10": {
        "accuracy": 0.011712145066888412,
        "precision": 0.012751724259715321,
        "recall": 0.011712145066888412,
        "f1": 0.011684433700307082
      },
      "S11": {
        "accuracy": 0.027623024908571044,
        "precision": 0.027587634615379424,
        "recall": 0.029426385915779722,
        "f1": 0.028083949195136272
      },
      "S13": {
        "accuracy": 0.011712145066888412,
        "precision": 0.011712145066888412,
        "recall": 0.011712145066888412,
        "f1": 0.011712145066888412
      },
      "S14": {
        "accuracy": 0.07296625978823988,
        "precision": 0.0726714199179812,
        "recall": 0.07296625978823988,
        "f1": 0.07274798603101908
      },
      "S15": {
        "accuracy": 0.0,
        "precision": 0.0,
        "recall": 0.0,
        "f1": 0.0
      },
      "S16": {
        "accuracy": 0.0,
        "precision": 0.0,
        "recall": 0.0,
        "f1": 0.0
      },
      "S17": {
        "accuracy": 0.03761128727994951,
        "precision": 0.03744895796231608,
        "recall": 0.0326052139028426,
        "f1": 0.03481626914067832
      },
      "average": {
        "accuracy": 0.005943840560857214,
        "precision": 0.006979742691820391,
        "recall": 0.006400732555698942,
        "f1": 0.006248210457410904
      }
    },
    "poor_ratio": 0.0
  }
}