{
  "real_subj_cnt": 15,
  "real_path": "stress_slurm/data/wesad_1hz.pickle",
  "sliding_windows": false,
  "syn_subj_cnt": 15,
  "gan_config": {
    "gan_mode": "CGAN",
    "path": "stress_slurm/data/100_subj_cGAN.csv",
    "eps": null
  },
  "privacy_config": {
    "l2_norm_clip": 1.0,
    "eps": null,
    "num_unique_windows": null,
    "delta": null,
    "noise_multiplier": null
  },
  "train_config": {
    "nn_mode": "CNN",
    "epochs": 10,
    "batch_size": 50,
    "learning_rate": 0.001,
    "eval_mode": "TSTR",
    "random_seed": 42,
    "data_noise_parameter": null
  },
  "results": {
    "num_runs": 10,
    "mean": {
      "S2": {
        "accuracy": 0.7911764621734619,
        "precision": 0.7889075577259064,
        "recall": 0.7911764621734619,
        "f1": 0.7900255686356424
      },
      "S3": {
        "accuracy": 0.8882352828979492,
        "precision": 0.8906886518001557,
        "recall": 0.8852941036224365,
        "f1": 0.887873049917245
      },
      "S4": {
        "accuracy": 0.9714285731315613,
        "precision": 0.9714285731315613,
        "recall": 0.9714285731315613,
        "f1": 0.9714285731315613
      },
      "S5": {
        "accuracy": 0.9428571462631226,
        "precision": 0.9428571462631226,
        "recall": 0.9428571462631226,
        "f1": 0.9428571462631226
      },
      "S6": {
        "accuracy": 0.954285717010498,
        "precision": 0.9542717039585114,
        "recall": 0.9485714316368103,
        "f1": 0.9513428389761873
      },
      "S7": {
        "accuracy": 0.9171428620815277,
        "precision": 0.9171428620815277,
        "recall": 0.9171428620815277,
        "f1": 0.9171428620815277
      },
      "S8": {
        "accuracy": 0.9428571462631226,
        "precision": 0.9405469775199891,
        "recall": 0.9485714316368103,
        "f1": 0.9444656854522959
      },
      "S9": {
        "accuracy": 0.9457142889499665,
        "precision": 0.9454621851444245,
        "recall": 0.9400000035762787,
        "f1": 0.9426915133582823
      },
      "S10": {
        "accuracy": 0.9472222030162811,
        "precision": 0.9423222303390503,
        "recall": 0.9472222030162811,
        "f1": 0.9446680438541974
      },
      "S11": {
        "accuracy": 0.8111111164093018,
        "precision": 0.8099099099636078,
        "recall": 0.8166666686534881,
        "f1": 0.8132420101260172
      },
      "S13": {
        "accuracy": 0.9916666626930237,
        "precision": 0.9890390396118164,
        "recall": 0.9944444417953491,
        "f1": 0.9917047174233258
      },
      "S14": {
        "accuracy": 0.5055555582046509,
        "precision": 0.5012802243232727,
        "recall": 0.5083333343267441,
        "f1": 0.5047389843541504
      },
      "S15": {
        "accuracy": 0.9416666626930237,
        "precision": 0.9424012660980224,
        "recall": 0.949999988079071,
        "f1": 0.9460769954052782
      },
      "S16": {
        "accuracy": 0.8861111104488373,
        "precision": 0.8865486919879914,
        "recall": 0.8888888895511627,
        "f1": 0.8876674818482337
      },
      "S17": {
        "accuracy": 0.7166666567325592,
        "precision": 0.7081960499286651,
        "recall": 0.7194444417953492,
        "f1": 0.7135761506998796
      },
      "average": {
        "accuracy": 0.8769131632645925,
        "precision": 0.8754002046585082,
        "recall": 0.8780027987559637,
        "f1": 0.8766334414351299
      }
    },
    "std": {
      "S2": {
        "accuracy": 0.016695471750761217,
        "precision": 0.017759185117316813,
        "recall": 0.016695471750761217,
        "f1": 0.016866006630593414
      },
      "S3": {
        "accuracy": 0.02320030813371763,
        "precision": 0.023213361300579913,
        "recall": 0.025752792500195514,
        "f1": 0.02229858135031472
      },
      "S4": {
        "accuracy": 0.0,
        "precision": 0.0,
        "recall": 0.0,
        "f1": 0.0
      },
      "S5": {
        "accuracy": 0.0,
        "precision": 0.0,
        "recall": 0.0,
        "f1": 0.0
      },
      "S6": {
        "accuracy": 0.019977310202976627,
        "precision": 0.023464772342286205,
        "recall": 0.018070156981039674,
        "f1": 0.019095513933290453
      },
      "S7": {
        "accuracy": 0.009035078490519832,
        "precision": 0.009035078490519832,
        "recall": 0.009035078490519832,
        "f1": 0.009035078490519832
      },
      "S8": {
        "accuracy": 0.019047617912292484,
        "precision": 0.015898164693022927,
        "recall": 0.02253744544942394,
        "f1": 0.017144598581641867
      },
      "S9": {
        "accuracy": 0.028412253335404866,
        "precision": 0.028352122383360965,
        "recall": 0.028412253335404872,
        "f1": 0.0277924613726526
      },
      "S10": {
        "accuracy": 0.024322080040875164,
        "precision": 0.02941245845285,
        "recall": 0.024322080040875164,
        "f1": 0.02509250900468146
      },
      "S11": {
        "accuracy": 0.02191139018552049,
        "precision": 0.02406516025678475,
        "recall": 0.02683586823892257,
        "f1": 0.02488103167014826
      },
      "S13": {
        "accuracy": 0.013417947829829944,
        "precision": 0.01415275183385784,
        "recall": 0.011712145066888413,
        "f1": 0.011692346498302843
      },
      "S14": {
        "accuracy": 0.05367177246756209,
        "precision": 0.04844369714211236,
        "recall": 0.05079951485650079,
        "f1": 0.049343188033334234
      },
      "S15": {
        "accuracy": 0.024322068695327048,
        "precision": 0.023508385532647173,
        "recall": 0.021911396902203,
        "f1": 0.020042802237530567
      },
      "S16": {
        "accuracy": 0.027623024908571048,
        "precision": 0.02703421143822893,
        "recall": 0.026189138482954833,
        "f1": 0.02565365971499417
      },
      "S17": {
        "accuracy": 0.040992495168349435,
        "precision": 0.049769416975537085,
        "recall": 0.048023347029874666,
        "f1": 0.04745067520219324
      },
      "average": {
        "accuracy": 0.008951458480241101,
        "precision": 0.010494837162512061,
        "recall": 0.01100181675893859,
        "f1": 0.009963623872468783
      }
    },
    "poor_ratio": 0.0
  }
}