{
  "real_subj_cnt": 15,
  "real_path": "stress_slurm/data/wesad_1hz.pickle",
  "sliding_windows": false,
  "syn_subj_cnt": 50,
  "gan_config": {
    "gan_mode": "DPCGAN-e-10",
    "path": "stress_slurm/data/100_subj_DP-cGAN-e-10.csv",
    "eps": 10
  },
  "privacy_config": {
    "l2_norm_clip": 1.0,
    "eps": null,
    "num_unique_windows": null,
    "delta": null,
    "noise_multiplier": null
  },
  "train_config": {
    "nn_mode": "CNN",
    "epochs": 10,
    "batch_size": 50,
    "learning_rate": 0.001,
    "eval_mode": "TSTR",
    "random_seed": 42,
    "data_noise_parameter": null
  },
  "results": {
    "num_runs": 10,
    "mean": {
      "S2": {
        "accuracy": 0.9970588207244873,
        "precision": 0.9971428573131561,
        "recall": 1.0,
        "f1": 0.9985507247253167
      },
      "S3": {
        "accuracy": 0.4852941185235977,
        "precision": 0.48242121934890747,
        "recall": 0.48235294222831726,
        "f1": 0.4823258166716535
      },
      "S4": {
        "accuracy": 0.7485714435577393,
        "precision": 0.7585253596305848,
        "recall": 0.7485714435577393,
        "f1": 0.7532467678066127
      },
      "S5": {
        "accuracy": 0.9942857146263122,
        "precision": 0.9944444417953491,
        "recall": 0.9914285719394684,
        "f1": 0.9928334703178457
      },
      "S6": {
        "accuracy": 0.9685714304447174,
        "precision": 0.9688048481941223,
        "recall": 0.9714285731315613,
        "f1": 0.9700586098210857
      },
      "S7": {
        "accuracy": 0.3828571528196335,
        "precision": 0.38550837337970734,
        "recall": 0.38857143819332124,
        "f1": 0.38694941757686524
      },
      "S8": {
        "accuracy": 0.5228571563959121,
        "precision": 0.5252517491579056,
        "recall": 0.5342857271432877,
        "f1": 0.5295808265035096
      },
      "S9": {
        "accuracy": 1.0,
        "precision": 1.0,
        "recall": 1.0,
        "f1": 1.0
      },
      "S10": {
        "accuracy": 0.9916666626930237,
        "precision": 0.9918168127536774,
        "recall": 0.9944444417953491,
        "f1": 0.9931126298052572
      },
      "S11": {
        "accuracy": 0.627777773141861,
        "precision": 0.627867865562439,
        "recall": 0.6333333313465118,
        "f1": 0.6305400110191092
      },
      "S13": {
        "accuracy": 0.8805555522441864,
        "precision": 0.8801675617694855,
        "recall": 0.8805555582046509,
        "f1": 0.8802256777640028
      },
      "S14": {
        "accuracy": 0.6305555522441864,
        "precision": 0.627932345867157,
        "recall": 0.6277777791023255,
        "f1": 0.6277766922044228
      },
      "S15": {
        "accuracy": 0.8472222208976745,
        "precision": 0.8341054260730744,
        "recall": 0.8527777791023254,
        "f1": 0.843159103858919
      },
      "S16": {
        "accuracy": 0.8638888835906983,
        "precision": 0.8663492023944854,
        "recall": 0.8638888835906983,
        "f1": 0.8651017167943736
      },
      "S17": {
        "accuracy": 0.2694444447755814,
        "precision": 0.2694444447755814,
        "recall": 0.2694444447755814,
        "f1": 0.2694444447755814
      },
      "average": {
        "accuracy": 0.7473737951119741,
        "precision": 0.7473188338677088,
        "recall": 0.7492573942740759,
        "f1": 0.7481937273096371
      }
    },
    "std": {
      "S2": {
        "accuracy": 0.009300825517504005,
        "precision": 0.009035078490519842,
        "recall": 0.0,
        "f1": 0.004583010824565571
      },
      "S3": {
        "accuracy": 0.05046877219274325,
        "precision": 0.049800869423310266,
        "recall": 0.05037345809031217,
        "f1": 0.049809737669968934
      },
      "S4": {
        "accuracy": 0.012046771320693121,
        "precision": 0.0405157359306622,
        "recall": 0.012046771320693121,
        "f1": 0.024519136213654983
      },
      "S5": {
        "accuracy": 0.01807015698103967,
        "precision": 0.01756821760033262,
        "recall": 0.019284243356585254,
        "f1": 0.01540858869036945
      },
      "S6": {
        "accuracy": 0.016218462238948454,
        "precision": 0.015650639262758538,
        "recall": 0.013468699791232367,
        "f1": 0.012446206914877238
      },
      "S7": {
        "accuracy": 0.16285435744968046,
        "precision": 0.1624373087926174,
        "recall": 0.16229644428772222,
        "f1": 0.16229012979169072
      },
      "S8": {
        "accuracy": 0.06324556214899438,
        "precision": 0.06262882694797714,
        "recall": 0.06741082074668232,
        "f1": 0.06437415724219185
      },
      "S9": {
        "accuracy": 0.0,
        "precision": 0.0,
        "recall": 0.0,
        "f1": 0.0
      },
      "S10": {
        "accuracy": 0.018748579987530697,
        "precision": 0.01832970830636229,
        "recall": 0.011712145066888412,
        "f1": 0.01485530540029708
      },
      "S11": {
        "accuracy": 0.035136422634905615,
        "precision": 0.036706873480068195,
        "recall": 0.04303315513113019,
        "f1": 0.039538532130279844
      },
      "S13": {
        "accuracy": 0.05079950417339489,
        "precision": 0.04261997059861429,
        "recall": 0.05563265599992844,
        "f1": 0.04827727294674799
      },
      "S14": {
        "accuracy": 0.043528357583575004,
        "precision": 0.04352340255657633,
        "recall": 0.043822808916933215,
        "f1": 0.04294834388783634
      },
      "S15": {
        "accuracy": 0.04766495778712913,
        "precision": 0.035308835539024794,
        "recall": 0.04730385257206658,
        "f1": 0.039533672646977894
      },
      "S16": {
        "accuracy": 0.008784108800166312,
        "precision": 0.011068201896615948,
        "recall": 0.008784108800166312,
        "f1": 0.00918605371901272
      },
      "S17": {
        "accuracy": 0.061488733328198694,
        "precision": 0.061488733328198694,
        "recall": 0.061488733328198694,
        "f1": 0.061488733328198694
      },
      "average": {
        "accuracy": 0.026921990078145545,
        "precision": 0.026935997967442428,
        "recall": 0.028400081269192967,
        "f1": 0.02713553757465218
      }
    },
    "poor_ratio": 0.0
  }
}