{
  "real_subj_cnt": 15,
  "real_path": "stress_slurm/data/wesad_1hz.pickle",
  "sliding_windows": false,
  "syn_subj_cnt": 1,
  "gan_config": {
    "gan_mode": "DPCGAN-e-10",
    "path": "stress_slurm/data/100_subj_DP-cGAN-e-10.csv",
    "eps": 10
  },
  "privacy_config": {
    "l2_norm_clip": 1.0,
    "eps": null,
    "num_unique_windows": null,
    "delta": null,
    "noise_multiplier": null
  },
  "train_config": {
    "nn_mode": "CNN",
    "epochs": 10,
    "batch_size": 50,
    "learning_rate": 0.001,
    "eval_mode": "TSTR",
    "random_seed": 42,
    "data_noise_parameter": null
  },
  "results": {
    "num_runs": 10,
    "mean": {
      "S2": {
        "accuracy": 0.970588231086731,
        "precision": 0.9757606863975525,
        "recall": 0.9647058784961701,
        "f1": 0.9697728325519295
      },
      "S3": {
        "accuracy": 0.33235294967889784,
        "precision": 0.33251737952232363,
        "recall": 0.320588244497776,
        "f1": 0.3257978722811795
      },
      "S4": {
        "accuracy": 0.22857143431901933,
        "precision": 0.2428049087524414,
        "recall": 0.22857143580913544,
        "f1": 0.23347826622183163
      },
      "S5": {
        "accuracy": 0.8114285826683044,
        "precision": 0.7985635280609131,
        "recall": 0.7828571557998657,
        "f1": 0.7880135375687101
      },
      "S6": {
        "accuracy": 0.954285717010498,
        "precision": 0.9612441003322602,
        "recall": 0.9428571462631226,
        "f1": 0.9505318475711183
      },
      "S7": {
        "accuracy": 0.31142858415842056,
        "precision": 0.3239585280418396,
        "recall": 0.3171428680419922,
        "f1": 0.3169360030794074
      },
      "S8": {
        "accuracy": 0.37428572177886965,
        "precision": 0.37411206066608427,
        "recall": 0.37142857909202576,
        "f1": 0.37220981789550606
      },
      "S9": {
        "accuracy": 1.0,
        "precision": 1.0,
        "recall": 1.0,
        "f1": 1.0
      },
      "S10": {
        "accuracy": 0.8333333134651184,
        "precision": 0.8382352769374848,
        "recall": 0.8333333134651184,
        "f1": 0.8357142671127707
      },
      "S11": {
        "accuracy": 0.6333333402872086,
        "precision": 0.6333938479423523,
        "recall": 0.6416666626930236,
        "f1": 0.6352200059902462
      },
      "S13": {
        "accuracy": 0.7694444477558136,
        "precision": 0.7780796110630035,
        "recall": 0.75,
        "f1": 0.759114539731008
      },
      "S14": {
        "accuracy": 0.45,
        "precision": 0.4487094908952713,
        "recall": 0.44444444179534914,
        "f1": 0.4464327355454866
      },
      "S15": {
        "accuracy": 0.7444444417953491,
        "precision": 0.7399154245853424,
        "recall": 0.7027777820825577,
        "f1": 0.7162043050360125
      },
      "S16": {
        "accuracy": 0.8611111044883728,
        "precision": 0.8611111044883728,
        "recall": 0.8611111044883728,
        "f1": 0.8611111044883728
      },
      "S17": {
        "accuracy": 0.2361111119389534,
        "precision": 0.23110896795988084,
        "recall": 0.23055555671453476,
        "f1": 0.23080959270259913
      },
      "average": {
        "accuracy": 0.6340479320287704,
        "precision": 0.6359676610430082,
        "recall": 0.6261360112826029,
        "f1": 0.6294231151850787
      }
    },
    "std": {
      "S2": {
        "accuracy": 0.05545935910602075,
        "precision": 0.03492642910121482,
        "recall": 0.06169464644798219,
        "f1": 0.04606497909318275
      },
      "S3": {
        "accuracy": 0.05197003246781602,
        "precision": 0.04429757632893732,
        "recall": 0.03236779462826057,
        "f1": 0.03456138035143282
      },
      "S4": {
        "accuracy": 0.030116934584614213,
        "precision": 0.06801048660067117,
        "recall": 0.02693740660693966,
        "f1": 0.03782750620715967
      },
      "S5": {
        "accuracy": 0.15130572132993664,
        "precision": 0.1363508945884371,
        "recall": 0.13616049474638456,
        "f1": 0.12384063366896979
      },
      "S6": {
        "accuracy": 0.04893421643058897,
        "precision": 0.04529569164029852,
        "recall": 0.09331388940122713,
        "f1": 0.06781866886679465
      },
      "S7": {
        "accuracy": 0.11464230973235157,
        "precision": 0.10851458122861227,
        "recall": 0.14218891517140436,
        "f1": 0.11861959071199418
      },
      "S8": {
        "accuracy": 0.0414039310926745,
        "precision": 0.04319900254422483,
        "recall": 0.06317380176512681,
        "f1": 0.051965481801522224
      },
      "S9": {
        "accuracy": 0.0,
        "precision": 0.0,
        "recall": 0.0,
        "f1": 0.0
      },
      "S10": {
        "accuracy": 0.0,
        "precision": 0.015501369579625477,
        "recall": 0.0,
        "f1": 0.007529236529867691
      },
      "S11": {
        "accuracy": 0.07612890813727911,
        "precision": 0.07465502980571889,
        "recall": 0.09662516100844622,
        "f1": 0.07519210437212442
      },
      "S13": {
        "accuracy": 0.1422735718280707,
        "precision": 0.14469687325019695,
        "recall": 0.1242260046735468,
        "f1": 0.1152729511576282
      },
      "S14": {
        "accuracy": 0.02191140613763725,
        "precision": 0.025812923564175458,
        "recall": 0.01851851741473039,
        "f1": 0.02060653330895587
      },
      "S15": {
        "accuracy": 0.0969351936175801,
        "precision": 0.10584096005439665,
        "recall": 0.12631339951076262,
        "f1": 0.09872688256922149
      },
      "S16": {
        "accuracy": 0.0,
        "precision": 0.0,
        "recall": 0.0,
        "f1": 0.0
      },
      "S17": {
        "accuracy": 0.014640173480008994,
        "precision": 0.010469886664104089,
        "recall": 0.013417940631885256,
        "f1": 0.011783762008997811
      },
      "average": {
        "accuracy": 0.04367739854637101,
        "precision": 0.04323133917261034,
        "recall": 0.04876777550276376,
        "f1": 0.0404244680014661
      }
    },
    "poor_ratio": 0.0
  }
}