{
  "real_subj_cnt": 15,
  "real_path": "stress_slurm/data/wesad_1hz.pickle",
  "sliding_windows": false,
  "syn_subj_cnt": 15,
  "gan_config": {
    "gan_mode": "DPCGAN-e-1",
    "path": "stress_slurm/data/100_subj_DP-cGAN-e-1.csv",
    "eps": 1
  },
  "privacy_config": {
    "l2_norm_clip": 1.0,
    "eps": null,
    "num_unique_windows": null,
    "delta": null,
    "noise_multiplier": null
  },
  "train_config": {
    "nn_mode": "CNN",
    "epochs": 10,
    "batch_size": 50,
    "learning_rate": 0.001,
    "eval_mode": "TSTR",
    "random_seed": 42,
    "data_noise_parameter": null
  },
  "results": {
    "num_runs": 10,
    "mean": {
      "S2": {
        "accuracy": 0.6558823674917221,
        "precision": 0.6510412991046906,
        "recall": 0.629411780834198,
        "f1": 0.6385032942051356
      },
      "S3": {
        "accuracy": 0.6470588207244873,
        "precision": 0.6544097840785981,
        "recall": 0.6441176414489747,
        "f1": 0.649084498549908
      },
      "S4": {
        "accuracy": 0.7200000166893006,
        "precision": 0.7228273928165436,
        "recall": 0.7085714429616928,
        "f1": 0.7152501362682757
      },
      "S5": {
        "accuracy": 0.7371428728103637,
        "precision": 0.735584431886673,
        "recall": 0.731428587436676,
        "f1": 0.7334453942995377
      },
      "S6": {
        "accuracy": 0.7142857313156128,
        "precision": 0.7142857313156128,
        "recall": 0.7142857313156128,
        "f1": 0.7142857313156128
      },
      "S7": {
        "accuracy": 0.7428571581840515,
        "precision": 0.7428571581840515,
        "recall": 0.7428571581840515,
        "f1": 0.7428571581840515
      },
      "S8": {
        "accuracy": 0.7428571581840515,
        "precision": 0.7428571581840515,
        "recall": 0.7428571581840515,
        "f1": 0.7428571581840515
      },
      "S9": {
        "accuracy": 0.7000000178813934,
        "precision": 0.7076418220996856,
        "recall": 0.7000000178813934,
        "f1": 0.7036803727245176
      },
      "S10": {
        "accuracy": 0.7111110985279083,
        "precision": 0.7111391127109528,
        "recall": 0.705555546283722,
        "f1": 0.7082807864778219
      },
      "S11": {
        "accuracy": 0.586111095547676,
        "precision": 0.5884920477867126,
        "recall": 0.5833333179354667,
        "f1": 0.5857696529868569
      },
      "S13": {
        "accuracy": 0.7166666567325592,
        "precision": 0.7166666567325592,
        "recall": 0.7166666567325592,
        "f1": 0.7166666567325592
      },
      "S14": {
        "accuracy": 0.6999999761581421,
        "precision": 0.6999999761581421,
        "recall": 0.6999999761581421,
        "f1": 0.6999999761581421
      },
      "S15": {
        "accuracy": 0.7222222089767456,
        "precision": 0.7222222089767456,
        "recall": 0.7222222089767456,
        "f1": 0.7222222089767456
      },
      "S16": {
        "accuracy": 0.6805555343627929,
        "precision": 0.6830345273017884,
        "recall": 0.6777777552604676,
        "f1": 0.6803442667090487
      },
      "S17": {
        "accuracy": 0.680555546283722,
        "precision": 0.6892697036266326,
        "recall": 0.674999988079071,
        "f1": 0.6816408045694533
      },
      "average": {
        "accuracy": 0.6971537506580352,
        "precision": 0.6988219340642293,
        "recall": 0.6929389978448549,
        "f1": 0.6956592064227812
      }
    },
    "std": {
      "S2": {
        "accuracy": 0.10744132508329741,
        "precision": 0.11562439843094782,
        "recall": 0.1618092659006719,
        "f1": 0.1423038712208722
      },
      "S3": {
        "accuracy": 0.05545934505707126,
        "precision": 0.045310531941297104,
        "recall": 0.06269912173315421,
        "f1": 0.054327170655898926
      },
      "S4": {
        "accuracy": 0.06288599251539463,
        "precision": 0.05538986145728051,
        "recall": 0.08280787109709012,
        "f1": 0.0698016537926344
      },
      "S5": {
        "accuracy": 0.018070156981039674,
        "precision": 0.018194181201972172,
        "recall": 0.024093542641386228,
        "f1": 0.020403233602157435
      },
      "S6": {
        "accuracy": 0.0,
        "precision": 0.0,
        "recall": 0.0,
        "f1": 0.0
      },
      "S7": {
        "accuracy": 0.0,
        "precision": 0.0,
        "recall": 0.0,
        "f1": 0.0
      },
      "S8": {
        "accuracy": 0.0,
        "precision": 0.0,
        "recall": 0.0,
        "f1": 0.0
      },
      "S9": {
        "accuracy": 0.03626558405680218,
        "precision": 0.018249344847028583,
        "recall": 0.03626558405680218,
        "f1": 0.02761790287877944
      },
      "S10": {
        "accuracy": 0.026835877836178492,
        "precision": 0.023805183632018882,
        "recall": 0.03513641006914037,
        "f1": 0.029471950435371923
      },
      "S11": {
        "accuracy": 0.22123622717927907,
        "precision": 0.22108622947468773,
        "recall": 0.22718228728799328,
        "f1": 0.2243720341666107
      },
      "S13": {
        "accuracy": 0.01756819875168896,
        "precision": 0.01756819875168896,
        "recall": 0.01756819875168896,
        "f1": 0.01756819875168896
      },
      "S14": {
        "accuracy": 0.011712145066888415,
        "precision": 0.011712145066888415,
        "recall": 0.011712145066888415,
        "f1": 0.011712145066888415
      },
      "S15": {
        "accuracy": 0.0,
        "precision": 0.0,
        "recall": 0.0,
        "f1": 0.0
      },
      "S16": {
        "accuracy": 0.03525820476527546,
        "precision": 0.025792730056444852,
        "recall": 0.037497136425753724,
        "f1": 0.03179652287474352
      },
      "S17": {
        "accuracy": 0.10577461951346702,
        "precision": 0.08957638272172555,
        "recall": 0.1095961483999764,
        "f1": 0.09944748793052728
      },
      "average": {
        "accuracy": 0.040794401289575344,
        "precision": 0.038111629079003936,
        "recall": 0.049920017012095426,
        "f1": 0.04449096830654356
      }
    },
    "poor_ratio": 0.0
  }
}