{
  "real_subj_cnt": 15,
  "real_path": "stress_slurm/data/wesad_1hz.pickle",
  "sliding_windows": false,
  "syn_subj_cnt": 10,
  "gan_config": {
    "gan_mode": "CGAN",
    "path": "stress_slurm/data/100_subj_cGAN.csv",
    "eps": null
  },
  "privacy_config": {
    "l2_norm_clip": 1.0,
    "eps": null,
    "num_unique_windows": null,
    "delta": null,
    "noise_multiplier": null
  },
  "train_config": {
    "nn_mode": "CNN",
    "epochs": 10,
    "batch_size": 50,
    "learning_rate": 0.001,
    "eval_mode": "TSTR",
    "random_seed": 42,
    "data_noise_parameter": null
  },
  "results": {
    "num_runs": 10,
    "mean": {
      "S2": {
        "accuracy": 0.8058823585510254,
        "precision": 0.8018487453460693,
        "recall": 0.8088235318660736,
        "f1": 0.8052855966998058
      },
      "S3": {
        "accuracy": 0.8911764562129975,
        "precision": 0.8935661613941193,
        "recall": 0.8882352769374847,
        "f1": 0.8908199481563462
      },
      "S4": {
        "accuracy": 0.9771428585052491,
        "precision": 0.974444442987442,
        "recall": 0.9800000011920929,
        "f1": 0.9771830984215205
      },
      "S5": {
        "accuracy": 0.934285718202591,
        "precision": 0.9398917853832245,
        "recall": 0.9314285755157471,
        "f1": 0.9354787620579635
      },
      "S6": {
        "accuracy": 0.9571428596973419,
        "precision": 0.9546031713485718,
        "recall": 0.9600000023841858,
        "f1": 0.9572635809738138
      },
      "S7": {
        "accuracy": 0.9457142889499665,
        "precision": 0.9430158734321594,
        "recall": 0.9457142889499665,
        "f1": 0.9443460782447805
      },
      "S8": {
        "accuracy": 0.9714285731315613,
        "precision": 0.9687254846096038,
        "recall": 0.9714285731315613,
        "f1": 0.9700183691409855
      },
      "S9": {
        "accuracy": 0.9714285731315613,
        "precision": 0.9713445365428924,
        "recall": 0.9685714304447174,
        "f1": 0.9699378885446139
      },
      "S10": {
        "accuracy": 0.9749999880790711,
        "precision": 0.9807014107704163,
        "recall": 0.9777777671813965,
        "f1": 0.9791449532519925
      },
      "S11": {
        "accuracy": 0.8472222089767456,
        "precision": 0.8444980561733246,
        "recall": 0.8444444298744201,
        "f1": 0.8444385350932665
      },
      "S13": {
        "accuracy": 0.9944444417953491,
        "precision": 0.9972222208976745,
        "recall": 0.9916666626930237,
        "f1": 0.9944053181271023
      },
      "S14": {
        "accuracy": 0.5277777910232544,
        "precision": 0.5286987960338593,
        "recall": 0.5388889014720917,
        "f1": 0.5336264460546547
      },
      "S15": {
        "accuracy": 1.0,
        "precision": 1.0,
        "recall": 1.0,
        "f1": 1.0
      },
      "S16": {
        "accuracy": 0.8694444417953491,
        "precision": 0.8678507149219513,
        "recall": 0.875,
        "f1": 0.871342212098353
      },
      "S17": {
        "accuracy": 0.8305555522441864,
        "precision": 0.824322634935379,
        "recall": 0.8333333313465119,
        "f1": 0.8286727844282147
      },
      "average": {
        "accuracy": 0.8999097406864166,
        "precision": 0.8993822689851125,
        "recall": 0.9010208515326182,
        "f1": 0.9001309047528941
      }
    },
    "std": {
      "S2": {
        "accuracy": 0.02480217938992941,
        "precision": 0.02188749091179786,
        "recall": 0.02079726405505791,
        "f1": 0.020605681429871955
      },
      "S3": {
        "accuracy": 0.031157339238836484,
        "precision": 0.031321395981224395,
        "recall": 0.033390944668214385,
        "f1": 0.03128963255611067
      },
      "S4": {
        "accuracy": 0.012046771320693123,
        "precision": 0.00898536735866811,
        "recall": 0.013801310364224842,
        "f1": 0.01002730781201747
      },
      "S5": {
        "accuracy": 0.013801310364224832,
        "precision": 0.02019740011435817,
        "recall": 0.014754221391846175,
        "f1": 0.011880171100134318
      },
      "S6": {
        "accuracy": 0.015058464150866396,
        "precision": 0.014493882015649962,
        "recall": 0.014754221391846173,
        "f1": 0.013471104102488762
      },
      "S7": {
        "accuracy": 0.025016999530896634,
        "precision": 0.023333871632048822,
        "recall": 0.025016999530896634,
        "f1": 0.0237988824666005
      },
      "S8": {
        "accuracy": 0.026937399582464727,
        "precision": 0.024842554054525755,
        "recall": 0.026937399582464727,
        "f1": 0.024714720316075724
      },
      "S9": {
        "accuracy": 0.0,
        "precision": 0.000265747026984173,
        "recall": 0.009035078490519832,
        "f1": 0.004713958567661232
      },
      "S10": {
        "accuracy": 0.020496253867054726,
        "precision": 0.018436350062471348,
        "recall": 0.017568217600332624,
        "f1": 0.014996746310190004
      },
      "S11": {
        "accuracy": 0.014640181333610516,
        "precision": 0.013562560956338402,
        "recall": 0.014344389603665889,
        "f1": 0.012800751520396548
      },
      "S13": {
        "accuracy": 0.011712145066888424,
        "precision": 0.008784108800166314,
        "recall": 0.013417947829829932,
        "f1": 0.00974877817122164
      },
      "S14": {
        "accuracy": 0.02268047139621209,
        "precision": 0.018777564474709782,
        "recall": 0.023424277568018598,
        "f1": 0.01938428765460584
      },
      "S15": {
        "accuracy": 0.0,
        "precision": 0.0,
        "recall": 0.0,
        "f1": 0.0
      },
      "S16": {
        "accuracy": 0.01341794782982994,
        "precision": 0.010429991714857234,
        "recall": 0.014640181333610522,
        "f1": 0.009692729370398799
      },
      "S17": {
        "accuracy": 0.027623014252826927,
        "precision": 0.028239256213127666,
        "recall": 0.03207500730770441,
        "f1": 0.02804500111970838
      },
      "average": {
        "accuracy": 0.005970837479981572,
        "precision": 0.007392239546968909,
        "recall": 0.005570271332622903,
        "f1": 0.005119159578816094
      }
    },
    "poor_ratio": 0.0
  }
}