{
  "real_subj_cnt": 15,
  "real_path": "stress_slurm/data/wesad_1hz.pickle",
  "sliding_windows": false,
  "syn_subj_cnt": 15,
  "gan_config": {
    "gan_mode": "DPCGAN-e-0.1",
    "path": "stress_slurm/data/100_subj_DP-cGAN-e-0.1.csv",
    "eps": 0.1
  },
  "privacy_config": {
    "l2_norm_clip": 1.0,
    "eps": null,
    "num_unique_windows": null,
    "delta": null,
    "noise_multiplier": null
  },
  "train_config": {
    "nn_mode": "CNN",
    "epochs": 10,
    "batch_size": 50,
    "learning_rate": 0.001,
    "eval_mode": "TSTR",
    "random_seed": 42,
    "data_noise_parameter": null
  },
  "results": {
    "num_runs": 10,
    "mean": {
      "S2": {
        "accuracy": 0.7588235378265381,
        "precision": 0.7595798432826996,
        "recall": 0.7617647171020507,
        "f1": 0.7606564477746464
      },
      "S3": {
        "accuracy": 0.8882352888584137,
        "precision": 0.8928645968437194,
        "recall": 0.8823529422283173,
        "f1": 0.8873279921718853
      },
      "S4": {
        "accuracy": 0.9971428573131561,
        "precision": 0.9971428573131561,
        "recall": 0.9971428573131561,
        "f1": 0.9971428573131561
      },
      "S5": {
        "accuracy": 0.8114285826683044,
        "precision": 0.8059710562229156,
        "recall": 0.8085714399814605,
        "f1": 0.8071868956730615
      },
      "S6": {
        "accuracy": 0.7000000178813934,
        "precision": 0.6991596817970276,
        "recall": 0.6971428751945495,
        "f1": 0.6981366639564428
      },
      "S7": {
        "accuracy": 0.9857142865657806,
        "precision": 0.9831746041774749,
        "recall": 0.9857142865657806,
        "f1": 0.9844265602855685
      },
      "S8": {
        "accuracy": 0.9257142901420593,
        "precision": 0.9229925334453583,
        "recall": 0.9228571474552154,
        "f1": 0.9228501482666414
      },
      "S9": {
        "accuracy": 0.7142857313156128,
        "precision": 0.7142857313156128,
        "recall": 0.7142857313156128,
        "f1": 0.7142857313156128
      },
      "S10": {
        "accuracy": 0.8499999940395355,
        "precision": 0.8472758412361145,
        "recall": 0.8472222149372101,
        "f1": 0.8472163201560564
      },
      "S11": {
        "accuracy": 0.875,
        "precision": 0.8749828398227691,
        "recall": 0.875,
        "f1": 0.8749571246689832
      },
      "S13": {
        "accuracy": 0.8777777791023255,
        "precision": 0.8755834460258484,
        "recall": 0.8777777791023255,
        "f1": 0.876631405207621
      },
      "S14": {
        "accuracy": 0.5027777791023255,
        "precision": 0.5027777791023255,
        "recall": 0.5027777791023255,
        "f1": 0.5027777791023255
      },
      "S15": {
        "accuracy": 0.7222222089767456,
        "precision": 0.7222222089767456,
        "recall": 0.7222222089767456,
        "f1": 0.7222222089767456
      },
      "S16": {
        "accuracy": 0.6861110925674438,
        "precision": 0.6871428430080414,
        "recall": 0.6833333194255828,
        "f1": 0.6852112535883146
      },
      "S17": {
        "accuracy": 0.9194444477558136,
        "precision": 0.9276104688644409,
        "recall": 0.9166666686534881,
        "f1": 0.9219025239253383
      },
      "average": {
        "accuracy": 0.8143118596076965,
        "precision": 0.8141844220956166,
        "recall": 0.812988797823588,
        "f1": 0.8135287941588267
      }
    },
    "std": {
      "S2": {
        "accuracy": 0.023200309812886767,
        "precision": 0.02245949540399349,
        "recall": 0.021701899280877058,
        "f1": 0.02181768649822361
      },
      "S3": {
        "accuracy": 0.0704246522497752,
        "precision": 0.06813682228649234,
        "recall": 0.07466444298165426,
        "f1": 0.0699068387626366
      },
      "S4": {
        "accuracy": 0.009035078490519837,
        "precision": 0.009035078490519837,
        "recall": 0.009035078490519837,
        "f1": 0.009035078490519837
      },
      "S5": {
        "accuracy": 0.047044145901582485,
        "precision": 0.03636660636352516,
        "recall": 0.04675404562708375,
        "f1": 0.040908232746429456
      },
      "S6": {
        "accuracy": 0.015058464150866398,
        "precision": 0.014392416597232054,
        "recall": 0.014754221391846175,
        "f1": 0.01422406874805872
      },
      "S7": {
        "accuracy": 0.027766435939492778,
        "precision": 0.03519373517699604,
        "recall": 0.027766435939492778,
        "f1": 0.03149537012300769
      },
      "S8": {
        "accuracy": 0.0385684867131705,
        "precision": 0.0401380939120202,
        "recall": 0.040518183082418696,
        "f1": 0.039393856268556175
      },
      "S9": {
        "accuracy": 0.0,
        "precision": 0.0,
        "recall": 0.0,
        "f1": 0.0
      },
      "S10": {
        "accuracy": 0.019422380183663934,
        "precision": 0.019069682859425556,
        "recall": 0.019641850349980505,
        "f1": 0.01854552234879411
      },
      "S11": {
        "accuracy": 0.01964186439892596,
        "precision": 0.01968234400874,
        "recall": 0.023606583078679414,
        "f1": 0.02091483465724073
      },
      "S13": {
        "accuracy": 0.019422395338540416,
        "precision": 0.02513226186293668,
        "recall": 0.019422395338540416,
        "f1": 0.021466892502290332
      },
      "S14": {
        "accuracy": 0.008784108800166314,
        "precision": 0.008784108800166314,
        "recall": 0.008784108800166314,
        "f1": 0.008784108800166314
      },
      "S15": {
        "accuracy": 0.0,
        "precision": 0.0,
        "recall": 0.0,
        "f1": 0.0
      },
      "S16": {
        "accuracy": 0.018748556438224047,
        "precision": 0.01733883204644873,
        "recall": 0.019422368817504136,
        "f1": 0.017981918008771094
      },
      "S17": {
        "accuracy": 0.030569573827527896,
        "precision": 0.039774663635511846,
        "recall": 0.03207500730770444,
        "f1": 0.032741880966559625
      },
      "average": {
        "accuracy": 0.014141742152339428,
        "precision": 0.014554111540544512,
        "recall": 0.0148053736183604,
        "f1": 0.014306382617943996
      }
    },
    "poor_ratio": 0.0
  }
}