{
  "real_subj_cnt": 15,
  "real_path": "stress_slurm/data/wesad_1hz.pickle",
  "sliding_windows": false,
  "syn_subj_cnt": 1,
  "gan_config": {
    "gan_mode": "DPCGAN-e-0.1",
    "path": "stress_slurm/data/100_subj_DP-cGAN-e-0.1.csv",
    "eps": 0.1
  },
  "privacy_config": {
    "l2_norm_clip": 1.0,
    "eps": null,
    "num_unique_windows": null,
    "delta": null,
    "noise_multiplier": null
  },
  "train_config": {
    "nn_mode": "CNN",
    "epochs": 10,
    "batch_size": 50,
    "learning_rate": 0.001,
    "eval_mode": "TSTR",
    "random_seed": 42,
    "data_noise_parameter": null
  },
  "results": {
    "num_runs": 10,
    "mean": {
      "S2": {
        "accuracy": 0.6970588266849518,
        "precision": 0.6918913364410401,
        "recall": 0.6852941155433655,
        "f1": 0.6880818742300169
      },
      "S3": {
        "accuracy": 0.8764705717563629,
        "precision": 0.8758897602558136,
        "recall": 0.8794117450714112,
        "f1": 0.8771238838924529
      },
      "S4": {
        "accuracy": 0.9800000011920929,
        "precision": 0.9704318344593048,
        "recall": 0.9828571438789367,
        "f1": 0.9761478999537546
      },
      "S5": {
        "accuracy": 0.6142857372760773,
        "precision": 0.6306458175182342,
        "recall": 0.6200000226497651,
        "f1": 0.6238040644138085
      },
      "S6": {
        "accuracy": 0.6371428787708282,
        "precision": 0.6381523847579956,
        "recall": 0.6342857360839844,
        "f1": 0.6359657290436754
      },
      "S7": {
        "accuracy": 0.8800000071525573,
        "precision": 0.8776457607746124,
        "recall": 0.888571435213089,
        "f1": 0.8811121127143775
      },
      "S8": {
        "accuracy": 0.9257142901420593,
        "precision": 0.9163047969341278,
        "recall": 0.9228571474552154,
        "f1": 0.9189952945760798
      },
      "S9": {
        "accuracy": 0.5228571683168411,
        "precision": 0.5017153471708298,
        "recall": 0.5057143092155456,
        "f1": 0.5023808342126233
      },
      "S10": {
        "accuracy": 0.6666666686534881,
        "precision": 0.6650822162628174,
        "recall": 0.6777777791023254,
        "f1": 0.6679435789429029
      },
      "S11": {
        "accuracy": 0.8027777910232544,
        "precision": 0.8014628171920777,
        "recall": 0.8027777910232544,
        "f1": 0.8018906933405647
      },
      "S13": {
        "accuracy": 0.8138888835906982,
        "precision": 0.8124767780303955,
        "recall": 0.8194444417953491,
        "f1": 0.8149138991904838
      },
      "S14": {
        "accuracy": 0.45555554926395414,
        "precision": 0.45610443949699403,
        "recall": 0.4555555522441864,
        "f1": 0.45527773468138866
      },
      "S15": {
        "accuracy": 0.7083333253860473,
        "precision": 0.7084408879280091,
        "recall": 0.7027777671813965,
        "f1": 0.7053204322986347
      },
      "S16": {
        "accuracy": 0.37222222089767454,
        "precision": 0.373504227399826,
        "recall": 0.3749999970197678,
        "f1": 0.3739553565709942
      },
      "S17": {
        "accuracy": 0.8361110985279083,
        "precision": 0.828704297542572,
        "recall": 0.8333333253860473,
        "f1": 0.8309239556428445
      },
      "average": {
        "accuracy": 0.7192723345756531,
        "precision": 0.7165635134776434,
        "recall": 0.719043887257576,
        "f1": 0.7169224895803069
      }
    },
    "std": {
      "S2": {
        "accuracy": 0.019851434343883933,
        "precision": 0.01650926297409836,
        "recall": 0.031157354868088273,
        "f1": 0.016254436019600905
      },
      "S3": {
        "accuracy": 0.02702754640315328,
        "precision": 0.04378023977033163,
        "recall": 0.02924790817826325,
        "f1": 0.029850887296542946
      },
      "S4": {
        "accuracy": 0.013801310364224833,
        "precision": 0.036116293747974454,
        "recall": 0.01997731020297662,
        "f1": 0.020279557637009855
      },
      "S5": {
        "accuracy": 0.020203049686848544,
        "precision": 0.02828448748875782,
        "recall": 0.04865538671684536,
        "f1": 0.023324469440866337
      },
      "S6": {
        "accuracy": 0.03026713835226301,
        "precision": 0.02919016850004946,
        "recall": 0.03512207202958178,
        "f1": 0.029747872232190217
      },
      "S7": {
        "accuracy": 0.06841251019303152,
        "precision": 0.07238966421513454,
        "recall": 0.07056621885237374,
        "f1": 0.05585729119741951
      },
      "S8": {
        "accuracy": 0.04507489089884787,
        "precision": 0.04838738202773893,
        "recall": 0.0447720326591622,
        "f1": 0.03955828226902002
      },
      "S9": {
        "accuracy": 0.06466379658914337,
        "precision": 0.0763058819047873,
        "recall": 0.1026187776438302,
        "f1": 0.08806784860236104
      },
      "S10": {
        "accuracy": 0.07522256722306946,
        "precision": 0.0638278402074473,
        "recall": 0.11653432404079099,
        "f1": 0.08134038098564869
      },
      "S11": {
        "accuracy": 0.030569576836481083,
        "precision": 0.03495359412655035,
        "recall": 0.020496234120862506,
        "f1": 0.024815265490520915
      },
      "S13": {
        "accuracy": 0.03220836923305112,
        "precision": 0.03690565292428606,
        "recall": 0.037611282388734436,
        "f1": 0.02151102179640656
      },
      "S14": {
        "accuracy": 0.04573736447320389,
        "precision": 0.052045540820806285,
        "recall": 0.07196058518748503,
        "f1": 0.06107460517248107
      },
      "S15": {
        "accuracy": 0.0236065596998161,
        "precision": 0.023538597470025974,
        "recall": 0.04151205381355396,
        "f1": 0.031090403633423327
      },
      "S16": {
        "accuracy": 0.04382280681796867,
        "precision": 0.04007595824655106,
        "recall": 0.04943091256113044,
        "f1": 0.04366936372605032
      },
      "S17": {
        "accuracy": 0.020496243993961945,
        "precision": 0.011373509947036613,
        "recall": 0.022680455173890644,
        "f1": 0.015304728388605304
      },
      "average": {
        "accuracy": 0.01038985345710801,
        "precision": 0.014569127173129484,
        "recall": 0.03525941632462269,
        "f1": 0.017607362474521115
      }
    },
    "poor_ratio": 0.0
  }
}