{
  "real_subj_cnt": 15,
  "real_path": "stress_slurm/data/wesad_1hz.pickle",
  "sliding_windows": false,
  "syn_subj_cnt": 10,
  "gan_config": {
    "gan_mode": "DPCGAN-e-10",
    "path": "stress_slurm/data/100_subj_DP-cGAN-e-10.csv",
    "eps": 10
  },
  "privacy_config": {
    "l2_norm_clip": 1.0,
    "eps": null,
    "num_unique_windows": null,
    "delta": null,
    "noise_multiplier": null
  },
  "train_config": {
    "nn_mode": "CNN",
    "epochs": 10,
    "batch_size": 50,
    "learning_rate": 0.001,
    "eval_mode": "TSTR",
    "random_seed": 42,
    "data_noise_parameter": null
  },
  "results": {
    "num_runs": 10,
    "mean": {
      "S2": {
        "accuracy": 1.0,
        "precision": 1.0,
        "recall": 1.0,
        "f1": 1.0
      },
      "S3": {
        "accuracy": 0.45294118523597715,
        "precision": 0.4560002386569977,
        "recall": 0.4500000089406967,
        "f1": 0.45290201467268626
      },
      "S4": {
        "accuracy": 0.5971428751945496,
        "precision": 0.5964099109172821,
        "recall": 0.5942857325077057,
        "f1": 0.5953063466900909
      },
      "S5": {
        "accuracy": 0.9285714328289032,
        "precision": 0.9314285755157471,
        "recall": 0.9200000047683716,
        "f1": 0.9255462229354985
      },
      "S6": {
        "accuracy": 0.9457142889499665,
        "precision": 0.9484873950481415,
        "recall": 0.9457142889499665,
        "f1": 0.9470807470498629
      },
      "S7": {
        "accuracy": 0.371428582072258,
        "precision": 0.3712418407201767,
        "recall": 0.36857143938541415,
        "f1": 0.3698504003781057
      },
      "S8": {
        "accuracy": 0.45428572297096254,
        "precision": 0.45359562933444975,
        "recall": 0.4485714375972748,
        "f1": 0.4510303343125157
      },
      "S9": {
        "accuracy": 1.0,
        "precision": 1.0,
        "recall": 0.9971428573131561,
        "f1": 0.9985507247253167
      },
      "S10": {
        "accuracy": 0.8972222089767456,
        "precision": 0.8972222089767456,
        "recall": 0.8972222089767456,
        "f1": 0.8972222089767456
      },
      "S11": {
        "accuracy": 0.6388888895511627,
        "precision": 0.640880024433136,
        "recall": 0.6250000059604645,
        "f1": 0.6326207632138535
      },
      "S13": {
        "accuracy": 0.8361111104488372,
        "precision": 0.8371212124824524,
        "recall": 0.8305555522441864,
        "f1": 0.8336956505401373
      },
      "S14": {
        "accuracy": 0.5388888865709305,
        "precision": 0.5395238131284714,
        "recall": 0.5333333313465118,
        "f1": 0.5363849772563459
      },
      "S15": {
        "accuracy": 0.7611111044883728,
        "precision": 0.7690224647521973,
        "recall": 0.7611111044883728,
        "f1": 0.7648778584741777
      },
      "S16": {
        "accuracy": 0.8638888835906983,
        "precision": 0.8638888835906983,
        "recall": 0.8638888835906983,
        "f1": 0.8638888835906983
      },
      "S17": {
        "accuracy": 0.26388888955116274,
        "precision": 0.25518720000982287,
        "recall": 0.25277778059244155,
        "f1": 0.25391798009290534
      },
      "average": {
        "accuracy": 0.7033389373620351,
        "precision": 0.7040006265044212,
        "recall": 0.6992116424441337,
        "f1": 0.7015250075272628
      }
    },
    "std": {
      "S2": {
        "accuracy": 0.0,
        "precision": 0.0,
        "recall": 0.0,
        "f1": 0.0
      },
      "S3": {
        "accuracy": 0.09112902431145639,
        "precision": 0.08679584794082772,
        "recall": 0.09097067687401011,
        "f1": 0.08881627343487485
      },
      "S4": {
        "accuracy": 0.17532606565009223,
        "precision": 0.17931374641875805,
        "recall": 0.18259902447869028,
        "f1": 0.180914557997877
      },
      "S5": {
        "accuracy": 0.08650429067529908,
        "precision": 0.08852532835107703,
        "recall": 0.08170517832819049,
        "f1": 0.08422685029609216
      },
      "S6": {
        "accuracy": 0.03915200679225262,
        "precision": 0.03990205243320018,
        "recall": 0.03915200679225262,
        "f1": 0.039279457599636726
      },
      "S7": {
        "accuracy": 0.19142620424166257,
        "precision": 0.19159014893562337,
        "recall": 0.18781474207338444,
        "f1": 0.18958226527314243
      },
      "S8": {
        "accuracy": 0.034206266713229856,
        "precision": 0.04090756621252427,
        "recall": 0.042698125307604355,
        "f1": 0.041642462008920446
      },
      "S9": {
        "accuracy": 0.0,
        "precision": 0.0,
        "recall": 0.009035078490519842,
        "f1": 0.004583010824565577
      },
      "S10": {
        "accuracy": 0.08286908604743386,
        "precision": 0.08286908604743386,
        "recall": 0.08286908604743386,
        "f1": 0.08286908604743386
      },
      "S11": {
        "accuracy": 0.05707790564431722,
        "precision": 0.06526924924512956,
        "recall": 0.06959858656148289,
        "f1": 0.06651960204624312
      },
      "S13": {
        "accuracy": 0.11598121349542014,
        "precision": 0.11545954193467954,
        "recall": 0.12033473702251109,
        "f1": 0.1175716864226805
      },
      "S14": {
        "accuracy": 0.08803603200644744,
        "precision": 0.090749455931394,
        "recall": 0.08861841349111499,
        "f1": 0.0895821972282897
      },
      "S15": {
        "accuracy": 0.10813926752973549,
        "precision": 0.10470884924079038,
        "recall": 0.11126532489628929,
        "f1": 0.10764504309967499
      },
      "S16": {
        "accuracy": 0.008784108800166323,
        "precision": 0.008784108800166323,
        "recall": 0.008784108800166323,
        "f1": 0.008784108800166323
      },
      "S17": {
        "accuracy": 0.035258207374097426,
        "precision": 0.019474229534465662,
        "recall": 0.015767954649135933,
        "f1": 0.017052617900903514
      },
      "average": {
        "accuracy": 0.06441274984093971,
        "precision": 0.0642868197397338,
        "recall": 0.06597811698558687,
        "f1": 0.06506518646951234
      }
    },
    "poor_ratio": 0.0
  }
}