{
  "real_subj_cnt": 15,
  "real_path": "stress_slurm/data/wesad_1hz.pickle",
  "sliding_windows": false,
  "syn_subj_cnt": 1,
  "gan_config": {
    "gan_mode": "CGAN",
    "path": "stress_slurm/data/100_subj_cGAN.csv",
    "eps": null
  },
  "privacy_config": {
    "l2_norm_clip": 1.0,
    "eps": null,
    "num_unique_windows": null,
    "delta": null,
    "noise_multiplier": null
  },
  "train_config": {
    "nn_mode": "CNN",
    "epochs": 10,
    "batch_size": 50,
    "learning_rate": 0.001,
    "eval_mode": "TSTR",
    "random_seed": 42,
    "data_noise_parameter": null
  },
  "results": {
    "num_runs": 10,
    "mean": {
      "S2": {
        "accuracy": 0.7617647111415863,
        "precision": 0.7866844952106475,
        "recall": 0.7264705896377563,
        "f1": 0.753105604788255
      },
      "S3": {
        "accuracy": 0.7970588207244873,
        "precision": 0.8399824678897858,
        "recall": 0.7882352888584137,
        "f1": 0.8090466293352133
      },
      "S4": {
        "accuracy": 0.9885714292526245,
        "precision": 0.9921052634716034,
        "recall": 0.9485714316368103,
        "f1": 0.9667838135646167
      },
      "S5": {
        "accuracy": 0.777142870426178,
        "precision": 0.7800869762897491,
        "recall": 0.7142857313156128,
        "f1": 0.74127210662404
      },
      "S6": {
        "accuracy": 0.7857142984867096,
        "precision": 0.8169711649417877,
        "recall": 0.7571428716182709,
        "f1": 0.7818077456338708
      },
      "S7": {
        "accuracy": 0.9457142889499665,
        "precision": 0.952478575706482,
        "recall": 0.8857142925262451,
        "f1": 0.9144791815723912
      },
      "S8": {
        "accuracy": 0.9685714304447174,
        "precision": 0.9814393937587738,
        "recall": 0.9657142877578735,
        "f1": 0.971949418547486
      },
      "S9": {
        "accuracy": 0.7257143020629883,
        "precision": 0.75026153922081,
        "recall": 0.6714285910129547,
        "f1": 0.7035430378240484
      },
      "S10": {
        "accuracy": 0.8972222208976746,
        "precision": 0.9137276828289032,
        "recall": 0.875,
        "f1": 0.8920799797305932
      },
      "S11": {
        "accuracy": 0.8083333313465119,
        "precision": 0.8087346255779266,
        "recall": 0.7500000059604645,
        "f1": 0.7731259167685388
      },
      "S13": {
        "accuracy": 0.919444453716278,
        "precision": 0.9238919496536255,
        "recall": 0.8944444477558136,
        "f1": 0.9079392265725771
      },
      "S14": {
        "accuracy": 0.36388888843357564,
        "precision": 0.33650355488061906,
        "recall": 0.3138888940215111,
        "f1": 0.32240846613591234
      },
      "S15": {
        "accuracy": 0.7416666626930237,
        "precision": 0.7512970745563508,
        "recall": 0.7111111044883728,
        "f1": 0.72912160282989
      },
      "S16": {
        "accuracy": 0.4666666626930237,
        "precision": 0.4573792815208435,
        "recall": 0.43333333134651186,
        "f1": 0.44303833684561666
      },
      "S17": {
        "accuracy": 0.9111111164093018,
        "precision": 0.93814777135849,
        "recall": 0.8583333373069764,
        "f1": 0.8929042012375286
      },
      "average": {
        "accuracy": 0.7905723658452432,
        "precision": 0.8019794544577599,
        "recall": 0.7529116136829058,
        "f1": 0.7735070178673717
      }
    },
    "std": {
      "S2": {
        "accuracy": 0.02575278871834497,
        "precision": 0.04427241942041795,
        "recall": 0.06799426318246203,
        "f1": 0.04109325861882962
      },
      "S3": {
        "accuracy": 0.07898091626193642,
        "precision": 0.05772797386612894,
        "recall": 0.09175966922676618,
        "f1": 0.054720815558851506
      },
      "S4": {
        "accuracy": 0.019977310202976627,
        "precision": 0.024965348956663858,
        "recall": 0.10150789943136575,
        "f1": 0.05704133178292268
      },
      "S5": {
        "accuracy": 0.039954620405953246,
        "precision": 0.052126207738150944,
        "recall": 0.09618575558461594,
        "f1": 0.05540192672233282
      },
      "S6": {
        "accuracy": 0.06060914906054563,
        "precision": 0.06730920436858653,
        "recall": 0.08220321653664937,
        "f1": 0.04957918661830882
      },
      "S7": {
        "accuracy": 0.08131570641467853,
        "precision": 0.06778507922574226,
        "recall": 0.11507662146084674,
        "f1": 0.08149201542685568
      },
      "S8": {
        "accuracy": 0.045575182479718326,
        "precision": 0.04196974275289884,
        "recall": 0.06841251019303152,
        "f1": 0.0433554778631975
      },
      "S9": {
        "accuracy": 0.09637417056554491,
        "precision": 0.12008439834793837,
        "recall": 0.08650429067529908,
        "f1": 0.08028153170757862
      },
      "S10": {
        "accuracy": 0.03220837951413241,
        "precision": 0.04910327296722532,
        "recall": 0.05278590008461722,
        "f1": 0.02994853364279252
      },
      "S11": {
        "accuracy": 0.04233010101235998,
        "precision": 0.05839915631385974,
        "recall": 0.08384615697995418,
        "f1": 0.03879577390294453
      },
      "S13": {
        "accuracy": 0.030569573225733313,
        "precision": 0.04290183185495748,
        "recall": 0.05524604848517078,
        "f1": 0.04082021952241919
      },
      "S14": {
        "accuracy": 0.13947407505757867,
        "precision": 0.14543958350739597,
        "recall": 0.1504736466058633,
        "f1": 0.14429810723782477
      },
      "S15": {
        "accuracy": 0.018748579987530684,
        "precision": 0.03850057625340148,
        "recall": 0.039717796873371944,
        "f1": 0.01614344276775611
      },
      "S16": {
        "accuracy": 0.12199754050245636,
        "precision": 0.09960686826478649,
        "recall": 0.12505142612039358,
        "f1": 0.1073399533198077
      },
      "S17": {
        "accuracy": 0.02552601108263236,
        "precision": 0.019577205399821742,
        "recall": 0.09750840064206476,
        "f1": 0.05218686030950784
      },
      "average": {
        "accuracy": 0.013310191096663274,
        "precision": 0.02655694942876967,
        "recall": 0.06603485855125066,
        "f1": 0.03000174447240548
      }
    },
    "poor_ratio": 0.0
  }
}