{
  "real_subj_cnt": 15,
  "real_path": "stress_slurm/data/wesad_1hz.pickle",
  "sliding_windows": false,
  "syn_subj_cnt": 30,
  "gan_config": {
    "gan_mode": "CGAN",
    "path": "stress_slurm/data/100_subj_cGAN.csv",
    "eps": null
  },
  "privacy_config": {
    "l2_norm_clip": 1.0,
    "eps": null,
    "num_unique_windows": null,
    "delta": null,
    "noise_multiplier": null
  },
  "train_config": {
    "nn_mode": "CNN",
    "epochs": 10,
    "batch_size": 50,
    "learning_rate": 0.001,
    "eval_mode": "TSTR",
    "random_seed": 42,
    "data_noise_parameter": null
  },
  "results": {
    "num_runs": 10,
    "mean": {
      "S2": {
        "accuracy": 0.8411764621734619,
        "precision": 0.8388235211372376,
        "recall": 0.8411764621734619,
        "f1": 0.8399829413592377
      },
      "S3": {
        "accuracy": 0.8794117569923401,
        "precision": 0.8792131423950196,
        "recall": 0.8764705836772919,
        "f1": 0.8777830784913674
      },
      "S4": {
        "accuracy": 1.0,
        "precision": 1.0,
        "recall": 1.0,
        "f1": 1.0
      },
      "S5": {
        "accuracy": 1.0,
        "precision": 1.0,
        "recall": 1.0,
        "f1": 1.0
      },
      "S6": {
        "accuracy": 0.9485714316368103,
        "precision": 0.9485714316368103,
        "recall": 0.9485714316368103,
        "f1": 0.9485714316368103
      },
      "S7": {
        "accuracy": 0.9571428596973419,
        "precision": 0.9601540625095367,
        "recall": 0.9600000023841858,
        "f1": 0.96003849352377
      },
      "S8": {
        "accuracy": 0.9257142901420593,
        "precision": 0.9234127044677735,
        "recall": 0.9285714328289032,
        "f1": 0.9259557395883788
      },
      "S9": {
        "accuracy": 0.954285717010498,
        "precision": 0.951587301492691,
        "recall": 0.954285717010498,
        "f1": 0.952917506305312
      },
      "S10": {
        "accuracy": 0.9861111044883728,
        "precision": 0.9864114105701447,
        "recall": 0.9944444417953491,
        "f1": 0.9903729054332338
      },
      "S11": {
        "accuracy": 0.8972222328186035,
        "precision": 0.8976598143577575,
        "recall": 0.9000000119209289,
        "f1": 0.8987786042179999
      },
      "S13": {
        "accuracy": 0.9722222089767456,
        "precision": 0.9722222089767456,
        "recall": 0.9722222089767456,
        "f1": 0.9722222089767456
      },
      "S14": {
        "accuracy": 0.5777777910232544,
        "precision": 0.572191321849823,
        "recall": 0.5666666865348816,
        "f1": 0.5693183464398618
      },
      "S15": {
        "accuracy": 0.9722222089767456,
        "precision": 0.9695945799350738,
        "recall": 0.9722222089767456,
        "f1": 0.9708903969866537
      },
      "S16": {
        "accuracy": 0.877777773141861,
        "precision": 0.8669894874095917,
        "recall": 0.8805555522441864,
        "f1": 0.873511973537633
      },
      "S17": {
        "accuracy": 0.7194444358348846,
        "precision": 0.7229177057743073,
        "recall": 0.7166666567325592,
        "f1": 0.7196936813508521
      },
      "average": {
        "accuracy": 0.9006053515275318,
        "precision": 0.8993165795008341,
        "recall": 0.9007902264595031,
        "f1": 0.9000024871898571
      }
    },
    "std": {
      "S2": {
        "accuracy": 0.015188153689988547,
        "precision": 0.019450332290525663,
        "recall": 0.015188153689988547,
        "f1": 0.017080094245853973
      },
      "S3": {
        "accuracy": 0.029247902850392922,
        "precision": 0.02867038578318713,
        "recall": 0.027027542078979234,
        "f1": 0.02678258996601986
      },
      "S4": {
        "accuracy": 0.0,
        "precision": 0.0,
        "recall": 0.0,
        "f1": 0.0
      },
      "S5": {
        "accuracy": 0.0,
        "precision": 0.0,
        "recall": 0.0,
        "f1": 0.0
      },
      "S6": {
        "accuracy": 0.01204677132069311,
        "precision": 0.01204677132069311,
        "recall": 0.01204677132069311,
        "f1": 0.01204677132069311
      },
      "S7": {
        "accuracy": 0.020203049686848547,
        "precision": 0.019324933253835462,
        "recall": 0.014754221391846171,
        "f1": 0.016017497590402732
      },
      "S8": {
        "accuracy": 0.030713361020002064,
        "precision": 0.02977865274844291,
        "recall": 0.027766435939492785,
        "f1": 0.028286298916042046
      },
      "S9": {
        "accuracy": 0.014754221391846171,
        "precision": 0.013700537815846871,
        "recall": 0.014754221391846171,
        "f1": 0.013575151739324484
      },
      "S10": {
        "accuracy": 0.01964186439892599,
        "precision": 0.019171362919747307,
        "recall": 0.011712145066888419,
        "f1": 0.014563937778627273
      },
      "S11": {
        "accuracy": 0.018748579987530697,
        "precision": 0.017564789812006373,
        "recall": 0.01434438960366589,
        "f1": 0.014427717797382458
      },
      "S13": {
        "accuracy": 0.0,
        "precision": 0.0,
        "recall": 0.0,
        "f1": 0.0
      },
      "S14": {
        "accuracy": 0.06113915367295574,
        "precision": 0.05710621787847195,
        "recall": 0.0493441211345208,
        "f1": 0.05264072532797469
      },
      "S15": {
        "accuracy": 0.01309457626595066,
        "precision": 0.015508458059754576,
        "recall": 0.01309457626595066,
        "f1": 0.013755186634659787
      },
      "S16": {
        "accuracy": 0.02986021333495645,
        "precision": 0.03762419813349216,
        "recall": 0.02635231034424878,
        "f1": 0.029870107821056237
      },
      "S17": {
        "accuracy": 0.044309221069424615,
        "precision": 0.040433692329535545,
        "recall": 0.038844782152464626,
        "f1": 0.03884417348013246
      },
      "average": {
        "accuracy": 0.005210790268177007,
        "precision": 0.005973510177000888,
        "recall": 0.005483830484951542,
        "f1": 0.005353721133629175
      }
    },
    "poor_ratio": 0.0
  }
}