{
  "real_subj_cnt": 15,
  "real_path": "stress_slurm/data/wesad_1hz.pickle",
  "sliding_windows": false,
  "syn_subj_cnt": 100,
  "gan_config": {
    "gan_mode": "DPCGAN-e-1",
    "path": "stress_slurm/data/100_subj_DP-cGAN-e-1.csv",
    "eps": 1
  },
  "privacy_config": {
    "l2_norm_clip": 1.0,
    "eps": null,
    "num_unique_windows": null,
    "delta": null,
    "noise_multiplier": null
  },
  "train_config": {
    "nn_mode": "CNN",
    "epochs": 10,
    "batch_size": 50,
    "learning_rate": 0.001,
    "eval_mode": "TSTR",
    "random_seed": 42,
    "data_noise_parameter": null
  },
  "results": {
    "num_runs": 10,
    "mean": {
      "S2": {
        "accuracy": 0.8441176414489746,
        "precision": 0.8436720132827759,
        "recall": 0.8411764681339264,
        "f1": 0.8424056172264687
      },
      "S3": {
        "accuracy": 0.5500000059604645,
        "precision": 0.5486707508563995,
        "recall": 0.5470588326454162,
        "f1": 0.5478292775377114
      },
      "S4": {
        "accuracy": 0.9142857193946838,
        "precision": 0.9142857193946838,
        "recall": 0.9142857193946838,
        "f1": 0.9142857193946838
      },
      "S5": {
        "accuracy": 1.0,
        "precision": 1.0,
        "recall": 1.0,
        "f1": 1.0
      },
      "S6": {
        "accuracy": 0.9400000035762787,
        "precision": 0.9400000035762787,
        "recall": 0.9400000035762787,
        "f1": 0.9400000035762787
      },
      "S7": {
        "accuracy": 0.6628571629524231,
        "precision": 0.6580345630645752,
        "recall": 0.6600000202655792,
        "f1": 0.6589782352455282
      },
      "S8": {
        "accuracy": 0.8400000095367431,
        "precision": 0.8429925382137299,
        "recall": 0.842857152223587,
        "f1": 0.8428909776882387
      },
      "S9": {
        "accuracy": 0.9428571462631226,
        "precision": 0.9428571462631226,
        "recall": 0.9428571462631226,
        "f1": 0.9428571462631226
      },
      "S10": {
        "accuracy": 1.0,
        "precision": 1.0,
        "recall": 1.0,
        "f1": 1.0
      },
      "S11": {
        "accuracy": 0.5194444537162781,
        "precision": 0.5166666775941848,
        "recall": 0.5138888984918595,
        "f1": 0.5152582262094899
      },
      "S13": {
        "accuracy": 0.6944444179534912,
        "precision": 0.694397234916687,
        "recall": 0.6944444239139557,
        "f1": 0.6943940460829534
      },
      "S14": {
        "accuracy": 0.6194444417953491,
        "precision": 0.6239875614643097,
        "recall": 0.6222222208976745,
        "f1": 0.6230684721816846
      },
      "S15": {
        "accuracy": 0.8888888955116272,
        "precision": 0.8888888955116272,
        "recall": 0.8888888955116272,
        "f1": 0.8888888955116272
      },
      "S16": {
        "accuracy": 0.9722222089767456,
        "precision": 0.9722222089767456,
        "recall": 0.9722222089767456,
        "f1": 0.9722222089767456
      },
      "S17": {
        "accuracy": 0.23055555820465087,
        "precision": 0.23186401128768921,
        "recall": 0.23055555820465087,
        "f1": 0.23119118409177744
      },
      "average": {
        "accuracy": 0.7746078443527222,
        "precision": 0.7745692882935206,
        "recall": 0.7740305032332738,
        "f1": 0.7742846673324207
      }
    },
    "std": {
      "S2": {
        "accuracy": 0.019851419625566,
        "precision": 0.01968062280194008,
        "recall": 0.020564870572687504,
        "f1": 0.019743862003797946
      },
      "S3": {
        "accuracy": 0.014207216861400883,
        "precision": 0.012072441558690217,
        "recall": 0.015188153689988547,
        "f1": 0.012962866620435744
      },
      "S4": {
        "accuracy": 0.0,
        "precision": 0.0,
        "recall": 0.0,
        "f1": 0.0
      },
      "S5": {
        "accuracy": 0.0,
        "precision": 0.0,
        "recall": 0.0,
        "f1": 0.0
      },
      "S6": {
        "accuracy": 0.009035078490519832,
        "precision": 0.009035078490519832,
        "recall": 0.009035078490519832,
        "f1": 0.009035078490519832
      },
      "S7": {
        "accuracy": 0.03512207202958177,
        "precision": 0.036165971146804525,
        "recall": 0.03915200679225263,
        "f1": 0.03734635093838641
      },
      "S8": {
        "accuracy": 0.024093542641386235,
        "precision": 0.022993276065326983,
        "recall": 0.020203049686848547,
        "f1": 0.020934237577304202
      },
      "S9": {
        "accuracy": 0.0,
        "precision": 0.0,
        "recall": 0.0,
        "f1": 0.0
      },
      "S10": {
        "accuracy": 0.0,
        "precision": 0.0,
        "recall": 0.0,
        "f1": 0.0
      },
      "S11": {
        "accuracy": 0.02635232640049892,
        "precision": 0.02802486094146617,
        "recall": 0.03000343580171575,
        "f1": 0.02889563328972704
      },
      "S13": {
        "accuracy": 0.0,
        "precision": 0.004005438800146625,
        "recall": 0.01309456221700718,
        "f1": 0.008550146748180427
      },
      "S14": {
        "accuracy": 0.013417947829829939,
        "precision": 0.012369243485993968,
        "recall": 0.014344389603665884,
        "f1": 0.012450715606558431
      },
      "S15": {
        "accuracy": 0.0,
        "precision": 0.0,
        "recall": 0.0,
        "f1": 0.0
      },
      "S16": {
        "accuracy": 0.0,
        "precision": 0.0,
        "recall": 0.0,
        "f1": 0.0
      },
      "S17": {
        "accuracy": 0.02286868545436388,
        "precision": 0.02277997448680755,
        "recall": 0.02286868545436388,
        "f1": 0.022720260385698354
      },
      "average": {
        "accuracy": 0.006979694477006791,
        "precision": 0.007244822711492574,
        "recall": 0.007748433156913893,
        "f1": 0.007414999584312673
      }
    },
    "poor_ratio": 0.0
  }
}