{
  "real_subj_cnt": 15,
  "real_path": "stress_slurm/data/wesad_1hz.pickle",
  "sliding_windows": false,
  "syn_subj_cnt": 30,
  "gan_config": {
    "gan_mode": "DPCGAN-e-10",
    "path": "stress_slurm/data/100_subj_DP-cGAN-e-10.csv",
    "eps": 10
  },
  "privacy_config": {
    "l2_norm_clip": 1.0,
    "eps": null,
    "num_unique_windows": null,
    "delta": null,
    "noise_multiplier": null
  },
  "train_config": {
    "nn_mode": "CNN",
    "epochs": 10,
    "batch_size": 50,
    "learning_rate": 0.001,
    "eval_mode": "TSTR",
    "random_seed": 42,
    "data_noise_parameter": null
  },
  "results": {
    "num_runs": 10,
    "mean": {
      "S2": {
        "accuracy": 0.8558823347091675,
        "precision": 0.8558823347091675,
        "recall": 0.8558823347091675,
        "f1": 0.8558823347091675
      },
      "S3": {
        "accuracy": 0.6588235378265381,
        "precision": 0.6608403444290161,
        "recall": 0.6647058844566345,
        "f1": 0.6627451033282745
      },
      "S4": {
        "accuracy": 0.8485714375972748,
        "precision": 0.8464285790920257,
        "recall": 0.8514285802841186,
        "f1": 0.8488933684037947
      },
      "S5": {
        "accuracy": 0.9714285731315613,
        "precision": 0.9715079367160797,
        "recall": 0.9742857158184052,
        "f1": 0.9728772644331191
      },
      "S6": {
        "accuracy": 1.0,
        "precision": 1.0,
        "recall": 1.0,
        "f1": 1.0
      },
      "S7": {
        "accuracy": 0.9771428585052491,
        "precision": 0.9771428585052491,
        "recall": 0.9771428585052491,
        "f1": 0.9771428585052491
      },
      "S8": {
        "accuracy": 0.9057142913341523,
        "precision": 0.9031746089458466,
        "recall": 0.9057142913341523,
        "f1": 0.9044265650539401
      },
      "S9": {
        "accuracy": 1.0,
        "precision": 1.0,
        "recall": 1.0,
        "f1": 1.0
      },
      "S10": {
        "accuracy": 0.9972222208976745,
        "precision": 0.9972222208976745,
        "recall": 0.9972222208976745,
        "f1": 0.9972222208976745
      },
      "S11": {
        "accuracy": 0.7388888835906983,
        "precision": 0.7361475706100464,
        "recall": 0.7361111044883728,
        "f1": 0.7361009221035364
      },
      "S13": {
        "accuracy": 0.9861111044883728,
        "precision": 0.9861111044883728,
        "recall": 0.9861111044883728,
        "f1": 0.9861111044883728
      },
      "S14": {
        "accuracy": 0.6944444179534912,
        "precision": 0.6944444179534912,
        "recall": 0.6944444179534912,
        "f1": 0.6944444179534912
      },
      "S15": {
        "accuracy": 0.9694444298744201,
        "precision": 0.9694444298744201,
        "recall": 0.9694444298744201,
        "f1": 0.9694444298744201
      },
      "S16": {
        "accuracy": 0.8944444537162781,
        "precision": 0.89196697473526,
        "recall": 0.8944444537162781,
        "f1": 0.8931887451815861
      },
      "S17": {
        "accuracy": 0.6916666448116302,
        "precision": 0.6925675451755524,
        "recall": 0.6944444179534912,
        "f1": 0.6934931262994846
      },
      "average": {
        "accuracy": 0.8793190125624338,
        "precision": 0.8788587284088134,
        "recall": 0.8800921209653219,
        "f1": 0.8794648307488074
      }
    },
    "std": {
      "S2": {
        "accuracy": 0.009300825517504014,
        "precision": 0.009300825517504014,
        "recall": 0.009300825517504014,
        "f1": 0.009300825517504014
      },
      "S3": {
        "accuracy": 0.015188153689988545,
        "precision": 0.014001104109647354,
        "recall": 0.015188153689988552,
        "f1": 0.014018031433435663
      },
      "S4": {
        "accuracy": 0.05561447790666691,
        "precision": 0.052895827809651,
        "recall": 0.05682450667080973,
        "f1": 0.054613917149086214
      },
      "S5": {
        "accuracy": 0.0,
        "precision": 0.00025096969035352584,
        "recall": 0.009035078490519838,
        "f1": 0.004581164139396176
      },
      "S6": {
        "accuracy": 0.0,
        "precision": 0.0,
        "recall": 0.0,
        "f1": 0.0
      },
      "S7": {
        "accuracy": 0.012046771320693123,
        "precision": 0.012046771320693123,
        "recall": 0.012046771320693123,
        "f1": 0.012046771320693123
      },
      "S8": {
        "accuracy": 0.01380131036422483,
        "precision": 0.014373626346657785,
        "recall": 0.01380131036422483,
        "f1": 0.013510382649505168
      },
      "S9": {
        "accuracy": 0.0,
        "precision": 0.0,
        "recall": 0.0,
        "f1": 0.0
      },
      "S10": {
        "accuracy": 0.008784108800166323,
        "precision": 0.008784108800166323,
        "recall": 0.008784108800166323,
        "f1": 0.008784108800166323
      },
      "S11": {
        "accuracy": 0.014344389603665887,
        "precision": 0.013455397351241504,
        "recall": 0.014640181333610523,
        "f1": 0.013208129029104619
      },
      "S13": {
        "accuracy": 0.014640181333610523,
        "precision": 0.014640181333610523,
        "recall": 0.014640181333610523,
        "f1": 0.014640181333610523
      },
      "S14": {
        "accuracy": 0.0,
        "precision": 0.0,
        "recall": 0.0,
        "f1": 0.0
      },
      "S15": {
        "accuracy": 0.008784108800166323,
        "precision": 0.008784108800166323,
        "recall": 0.008784108800166323,
        "f1": 0.008784108800166323
      },
      "S16": {
        "accuracy": 0.017568217600332628,
        "precision": 0.01573774416141335,
        "recall": 0.017568217600332628,
        "f1": 0.016198764808321737
      },
      "S17": {
        "accuracy": 0.008784089951522649,
        "precision": 0.0059351928566541675,
        "recall": 0.0,
        "f1": 0.0030082483457699147
      },
      "average": {
        "accuracy": 0.007465660232789088,
        "precision": 0.006991401804168359,
        "recall": 0.007861255282493353,
        "f1": 0.007356418102828229
      }
    },
    "poor_ratio": 0.0
  }
}