{
  "real_subj_cnt": 15,
  "real_path": "stress_slurm/data/wesad_1hz.pickle",
  "sliding_windows": false,
  "syn_subj_cnt": 100,
  "gan_config": {
    "gan_mode": "DPCGAN-e-10",
    "path": "stress_slurm/data/100_subj_DP-cGAN-e-10.csv",
    "eps": 10
  },
  "privacy_config": {
    "l2_norm_clip": 1.0,
    "eps": null,
    "num_unique_windows": null,
    "delta": null,
    "noise_multiplier": null
  },
  "train_config": {
    "nn_mode": "CNN",
    "epochs": 10,
    "batch_size": 50,
    "learning_rate": 0.001,
    "eval_mode": "TSTR",
    "random_seed": 42,
    "data_noise_parameter": null
  },
  "results": {
    "num_runs": 10,
    "mean": {
      "S2": {
        "accuracy": 0.9941176414489746,
        "precision": 0.9912604987621307,
        "recall": 0.9941176414489746,
        "f1": 0.9926683661742912
      },
      "S3": {
        "accuracy": 0.5058823555707932,
        "precision": 0.5058823555707932,
        "recall": 0.5058823555707932,
        "f1": 0.5058823555707932
      },
      "S4": {
        "accuracy": 0.777142870426178,
        "precision": 0.7737218141555786,
        "recall": 0.7828571557998657,
        "f1": 0.778130713214752
      },
      "S5": {
        "accuracy": 0.9685714304447174,
        "precision": 0.9661776065826416,
        "recall": 0.9714285731315613,
        "f1": 0.9687301597477477
      },
      "S6": {
        "accuracy": 0.9600000023841858,
        "precision": 0.9576061785221099,
        "recall": 0.9628571450710297,
        "f1": 0.9601587316872161
      },
      "S7": {
        "accuracy": 0.531428587436676,
        "precision": 0.5312253117561341,
        "recall": 0.5371428728103638,
        "f1": 0.5340935113221398
      },
      "S8": {
        "accuracy": 0.637142875790596,
        "precision": 0.6354762047529221,
        "recall": 0.637142875790596,
        "f1": 0.636297803121033
      },
      "S9": {
        "accuracy": 0.9885714292526245,
        "precision": 0.9885714292526245,
        "recall": 0.9885714292526245,
        "f1": 0.9885714292526245
      },
      "S10": {
        "accuracy": 0.9833333313465118,
        "precision": 0.9833333313465118,
        "recall": 0.9833333313465118,
        "f1": 0.9833333313465118
      },
      "S11": {
        "accuracy": 0.6388888895511627,
        "precision": 0.6352852880954742,
        "recall": 0.6388888895511627,
        "f1": 0.6370624066361076
      },
      "S13": {
        "accuracy": 0.9055555462837219,
        "precision": 0.9011735320091248,
        "recall": 0.9083333253860474,
        "f1": 0.9046741857556324
      },
      "S14": {
        "accuracy": 0.6055555522441864,
        "precision": 0.6025106072425842,
        "recall": 0.6138888776302338,
        "f1": 0.6080403909509493
      },
      "S15": {
        "accuracy": 0.8694444358348846,
        "precision": 0.8698948860168457,
        "recall": 0.8722222149372101,
        "f1": 0.8710426098567993
      },
      "S16": {
        "accuracy": 0.8861111104488373,
        "precision": 0.8861111104488373,
        "recall": 0.8861111104488373,
        "f1": 0.8861111104488373
      },
      "S17": {
        "accuracy": 0.34166666567325593,
        "precision": 0.3436936914920807,
        "recall": 0.34444444477558134,
        "f1": 0.3440639259707169
      },
      "average": {
        "accuracy": 0.7728941816091537,
        "precision": 0.7714615897337596,
        "recall": 0.7751481495300928,
        "f1": 0.7732574020704102
      }
    },
    "std": {
      "S2": {
        "accuracy": 0.012401100690005334,
        "precision": 0.01407379251016439,
        "recall": 0.012401100690005334,
        "f1": 0.012483849311896111
      },
      "S3": {
        "accuracy": 0.06323339156747343,
        "precision": 0.06323339156747343,
        "recall": 0.06323339156747343,
        "f1": 0.06323339156747343
      },
      "S4": {
        "accuracy": 0.06841251019303153,
        "precision": 0.06382283881146007,
        "recall": 0.0715237418531138,
        "f1": 0.06668406543095862
      },
      "S5": {
        "accuracy": 0.05785273006975576,
        "precision": 0.059506572999735934,
        "recall": 0.057142853736877434,
        "f1": 0.05777646649885755
      },
      "S6": {
        "accuracy": 0.03856848671317051,
        "precision": 0.04044781055531611,
        "recall": 0.038214098003669525,
        "f1": 0.038493288857009894
      },
      "S7": {
        "accuracy": 0.20874313524960672,
        "precision": 0.20242780579766528,
        "recall": 0.20417413005986193,
        "f1": 0.20313887736947447
      },
      "S8": {
        "accuracy": 0.08629433430588127,
        "precision": 0.08724710044398937,
        "recall": 0.08629433430588127,
        "f1": 0.08673872048617084
      },
      "S9": {
        "accuracy": 0.014754221391846173,
        "precision": 0.014754221391846173,
        "recall": 0.014754221391846173,
        "f1": 0.014754221391846173
      },
      "S10": {
        "accuracy": 0.05270463395235422,
        "precision": 0.05270463395235422,
        "recall": 0.05270463395235422,
        "f1": 0.05270463395235422
      },
      "S11": {
        "accuracy": 0.03207501877862245,
        "precision": 0.029239267704674617,
        "recall": 0.03207501877862245,
        "f1": 0.030433903443908932
      },
      "S13": {
        "accuracy": 0.08996264501922498,
        "precision": 0.09360030654496997,
        "recall": 0.09170873973689156,
        "f1": 0.09236150782881264
      },
      "S14": {
        "accuracy": 0.07499427873883413,
        "precision": 0.07388978100069168,
        "recall": 0.07343473363828228,
        "f1": 0.07323592205438556
      },
      "S15": {
        "accuracy": 0.08788981707817706,
        "precision": 0.08769550588032293,
        "recall": 0.08705671854820483,
        "f1": 0.08730356794238583
      },
      "S16": {
        "accuracy": 0.04233011144266175,
        "precision": 0.04233011144266175,
        "recall": 0.04233011144266175,
        "f1": 0.04233011144266175
      },
      "S17": {
        "accuracy": 0.09715605782150737,
        "precision": 0.09522329150893226,
        "recall": 0.09460769658831658,
        "f1": 0.09491278809892487
      },
      "average": {
        "accuracy": 0.04985696261510896,
        "precision": 0.05053965799955755,
        "recall": 0.04903596865823141,
        "f1": 0.04967959253687863
      }
    },
    "poor_ratio": 0.0
  }
}