{
  "real_subj_cnt": 15,
  "real_path": "stress_slurm/data/wesad_1hz.pickle",
  "sliding_windows": false,
  "syn_subj_cnt": 50,
  "gan_config": {
    "gan_mode": "DPCGAN-e-1",
    "path": "stress_slurm/data/100_subj_DP-cGAN-e-1.csv",
    "eps": 1
  },
  "privacy_config": {
    "l2_norm_clip": 1.0,
    "eps": null,
    "num_unique_windows": null,
    "delta": null,
    "noise_multiplier": null
  },
  "train_config": {
    "nn_mode": "CNN",
    "epochs": 10,
    "batch_size": 50,
    "learning_rate": 0.001,
    "eval_mode": "TSTR",
    "random_seed": 42,
    "data_noise_parameter": null
  },
  "results": {
    "num_runs": 10,
    "mean": {
      "S2": {
        "accuracy": 0.7058823704719543,
        "precision": 0.6984520256519318,
        "recall": 0.7058823704719543,
        "f1": 0.7019607994751429
      },
      "S3": {
        "accuracy": 0.6705882310867309,
        "precision": 0.668369448184967,
        "recall": 0.6735294044017792,
        "f1": 0.6707369953055758
      },
      "S4": {
        "accuracy": 0.7428571581840515,
        "precision": 0.7336796700954438,
        "recall": 0.7371428728103637,
        "f1": 0.735144235914536
      },
      "S5": {
        "accuracy": 0.7428571581840515,
        "precision": 0.7428571581840515,
        "recall": 0.7428571581840515,
        "f1": 0.7428571581840515
      },
      "S6": {
        "accuracy": 0.7142857313156128,
        "precision": 0.7142857313156128,
        "recall": 0.7142857313156128,
        "f1": 0.7142857313156128
      },
      "S7": {
        "accuracy": 0.7428571581840515,
        "precision": 0.7428571581840515,
        "recall": 0.7428571581840515,
        "f1": 0.7428571581840515
      },
      "S8": {
        "accuracy": 0.7428571581840515,
        "precision": 0.7428571581840515,
        "recall": 0.7428571581840515,
        "f1": 0.7428571581840515
      },
      "S9": {
        "accuracy": 0.7142857313156128,
        "precision": 0.7142857313156128,
        "recall": 0.7142857313156128,
        "f1": 0.7142857313156128
      },
      "S10": {
        "accuracy": 0.7222222089767456,
        "precision": 0.7202702581882476,
        "recall": 0.7222222089767456,
        "f1": 0.7212328640643775
      },
      "S11": {
        "accuracy": 0.6944444179534912,
        "precision": 0.6712962716817856,
        "recall": 0.6944444179534912,
        "f1": 0.6805555303096771
      },
      "S13": {
        "accuracy": 0.7222222089767456,
        "precision": 0.7222222089767456,
        "recall": 0.7222222089767456,
        "f1": 0.7222222089767456
      },
      "S14": {
        "accuracy": 0.6944444179534912,
        "precision": 0.6952702462673187,
        "recall": 0.6972221970558167,
        "f1": 0.6962328521434485
      },
      "S15": {
        "accuracy": 0.7222222089767456,
        "precision": 0.7222222089767456,
        "recall": 0.7222222089767456,
        "f1": 0.7222222089767456
      },
      "S16": {
        "accuracy": 0.6944444179534912,
        "precision": 0.6925675451755524,
        "recall": 0.6944444179534912,
        "f1": 0.6934931262994846
      },
      "S17": {
        "accuracy": 0.7222222089767456,
        "precision": 0.7053191363811493,
        "recall": 0.7222222089767456,
        "f1": 0.712650589583695
      },
      "average": {
        "accuracy": 0.7165795191129047,
        "precision": 0.7124541304508845,
        "recall": 0.7165798302491505,
        "f1": 0.7142396232155206
      }
    },
    "std": {
      "S2": {
        "accuracy": 0.0,
        "precision": 0.023496813431705253,
        "recall": 0.0,
        "f1": 0.012401096355981033
      },
      "S3": {
        "accuracy": 0.012401075558480471,
        "precision": 0.0223863244198301,
        "recall": 0.009300806668860363,
        "f1": 0.012797002162098984
      },
      "S4": {
        "accuracy": 0.0,
        "precision": 0.02404994549594428,
        "recall": 0.01807015698103967,
        "f1": 0.01627753015787901
      },
      "S5": {
        "accuracy": 0.0,
        "precision": 0.0,
        "recall": 0.0,
        "f1": 0.0
      },
      "S6": {
        "accuracy": 0.0,
        "precision": 0.0,
        "recall": 0.0,
        "f1": 0.0
      },
      "S7": {
        "accuracy": 0.0,
        "precision": 0.0,
        "recall": 0.0,
        "f1": 0.0
      },
      "S8": {
        "accuracy": 0.0,
        "precision": 0.0,
        "recall": 0.0,
        "f1": 0.0
      },
      "S9": {
        "accuracy": 0.0,
        "precision": 0.0,
        "recall": 0.0,
        "f1": 0.0
      },
      "S10": {
        "accuracy": 0.0,
        "precision": 0.00617261037221504,
        "recall": 0.0,
        "f1": 0.0031285833145829143
      },
      "S11": {
        "accuracy": 0.0,
        "precision": 0.07320086582932467,
        "recall": 0.0,
        "f1": 0.043920519120621955
      },
      "S13": {
        "accuracy": 0.0,
        "precision": 0.0,
        "recall": 0.0,
        "f1": 0.0
      },
      "S14": {
        "accuracy": 0.0,
        "precision": 0.002611498427951266,
        "recall": 0.008784108800166307,
        "f1": 0.005655525485583409
      },
      "S15": {
        "accuracy": 0.0,
        "precision": 0.0,
        "recall": 0.0,
        "f1": 0.0
      },
      "S16": {
        "accuracy": 0.0,
        "precision": 0.00593519285665417,
        "recall": 0.0,
        "f1": 0.0030082483457699264
      },
      "S17": {
        "accuracy": 0.0,
        "precision": 0.05345220885725857,
        "recall": 0.0,
        "f1": 0.03026811817827848
      },
      "average": {
        "accuracy": 0.000826738370565343,
        "precision": 0.013701358366457589,
        "recall": 0.0019773821092568095,
        "f1": 0.007406658723123726
      }
    },
    "poor_ratio": 0.0
  }
}