{
  "real_subj_cnt": 15,
  "real_path": "stress_slurm/data/wesad_1hz.pickle",
  "sliding_windows": false,
  "syn_subj_cnt": 100,
  "gan_config": {
    "gan_mode": "DPCGAN-e-10",
    "path": "stress_slurm/data/100_subj_DP-cGAN-e-10.csv",
    "eps": 10
  },
  "privacy_config": {
    "l2_norm_clip": 1.0,
    "eps": null,
    "num_unique_windows": null,
    "delta": null,
    "noise_multiplier": null
  },
  "train_config": {
    "nn_mode": "CNN",
    "epochs": 10,
    "batch_size": 50,
    "learning_rate": 0.001,
    "eval_mode": "TSTR",
    "random_seed": 42,
    "data_noise_parameter": null
  },
  "results": {
    "num_runs": 10,
    "mean": {
      "S2": {
        "accuracy": 0.9941176414489746,
        "precision": 0.9941176414489746,
        "recall": 0.9941176414489746,
        "f1": 0.9941176414489746
      },
      "S3": {
        "accuracy": 0.46176470816135406,
        "precision": 0.4633613467216492,
        "recall": 0.4647058844566345,
        "f1": 0.4640238725627027
      },
      "S4": {
        "accuracy": 0.754285728931427,
        "precision": 0.7545798420906067,
        "recall": 0.754285728931427,
        "f1": 0.754400035756279
      },
      "S5": {
        "accuracy": 0.9914285719394684,
        "precision": 0.9914285719394684,
        "recall": 0.9914285719394684,
        "f1": 0.9914285719394684
      },
      "S6": {
        "accuracy": 0.9628571450710297,
        "precision": 0.9628571450710297,
        "recall": 0.9628571450710297,
        "f1": 0.9628571450710297
      },
      "S7": {
        "accuracy": 0.4257142961025238,
        "precision": 0.4212576776742935,
        "recall": 0.4171428680419922,
        "f1": 0.41868101803916985
      },
      "S8": {
        "accuracy": 0.591428592801094,
        "precision": 0.59115329682827,
        "recall": 0.5800000220537186,
        "f1": 0.5849630727745495
      },
      "S9": {
        "accuracy": 0.9942857146263122,
        "precision": 0.9942857146263122,
        "recall": 0.9914285719394684,
        "f1": 0.992836439351629
      },
      "S10": {
        "accuracy": 0.9972222208976745,
        "precision": 0.9972222208976745,
        "recall": 0.9972222208976745,
        "f1": 0.9972222208976745
      },
      "S11": {
        "accuracy": 0.6250000059604645,
        "precision": 0.6232129693031311,
        "recall": 0.6194444477558136,
        "f1": 0.6212531869806501
      },
      "S13": {
        "accuracy": 0.8805555522441864,
        "precision": 0.8866490185260772,
        "recall": 0.8833333432674408,
        "f1": 0.884798189888382
      },
      "S14": {
        "accuracy": 0.5999999940395355,
        "precision": 0.6001633942127228,
        "recall": 0.5972222149372101,
        "f1": 0.598650787689248
      },
      "S15": {
        "accuracy": 0.875,
        "precision": 0.8848937511444092,
        "recall": 0.8749999940395355,
        "f1": 0.8798050486373693
      },
      "S16": {
        "accuracy": 0.8694444417953491,
        "precision": 0.8670420408248901,
        "recall": 0.8694444417953491,
        "f1": 0.8682267865190185
      },
      "S17": {
        "accuracy": 0.2888888880610466,
        "precision": 0.2850358411669731,
        "recall": 0.28055555671453475,
        "f1": 0.28262852423405904
      },
      "average": {
        "accuracy": 0.754132900138696,
        "precision": 0.7544840314984322,
        "recall": 0.7518792435526848,
        "f1": 0.7530595027860136
      }
    },
    "std": {
      "S2": {
        "accuracy": 0.012401100690005357,
        "precision": 0.012401100690005357,
        "recall": 0.012401100690005357,
        "f1": 0.012401100690005357
      },
      "S3": {
        "accuracy": 0.048129164616115626,
        "precision": 0.04763255415051119,
        "recall": 0.04762728265723617,
        "f1": 0.04758249959725034
      },
      "S4": {
        "accuracy": 0.03614031396207934,
        "precision": 0.03463346721168902,
        "recall": 0.027602620728449666,
        "f1": 0.030787491149946538
      },
      "S5": {
        "accuracy": 0.02710523547155951,
        "precision": 0.02710523547155951,
        "recall": 0.02710523547155951,
        "f1": 0.02710523547155951
      },
      "S6": {
        "accuracy": 0.01928424335658525,
        "precision": 0.01928424335658525,
        "recall": 0.01928424335658525,
        "f1": 0.01928424335658525
      },
      "S7": {
        "accuracy": 0.12080606308101692,
        "precision": 0.11582492777404976,
        "recall": 0.12358955060366583,
        "f1": 0.11885847658477053
      },
      "S8": {
        "accuracy": 0.08837150886272196,
        "precision": 0.09208877518291887,
        "recall": 0.07743038655671486,
        "f1": 0.0820659047647982
      },
      "S9": {
        "accuracy": 0.012046771320693121,
        "precision": 0.012046771320693121,
        "recall": 0.013801310364224825,
        "f1": 0.012154225315360841
      },
      "S10": {
        "accuracy": 0.008784108800166309,
        "precision": 0.008784108800166309,
        "recall": 0.008784108800166309,
        "f1": 0.008784108800166309
      },
      "S11": {
        "accuracy": 0.037611294616773525,
        "precision": 0.03322558910409992,
        "recall": 0.029426385915779722,
        "f1": 0.030577526586124112
      },
      "S13": {
        "accuracy": 0.09447166162633576,
        "precision": 0.09587759682890469,
        "recall": 0.09053263397190023,
        "f1": 0.09216058555042586
      },
      "S14": {
        "accuracy": 0.06953696727772915,
        "precision": 0.06935006922974439,
        "recall": 0.07320086520103802,
        "f1": 0.07120486380257668
      },
      "S15": {
        "accuracy": 0.04943091907403378,
        "precision": 0.0485477446459652,
        "recall": 0.05113592443931787,
        "f1": 0.048685478022120796
      },
      "S16": {
        "accuracy": 0.01341794782982994,
        "precision": 0.011573639416907354,
        "recall": 0.01341794782982994,
        "f1": 0.011927003329952694
      },
      "S17": {
        "accuracy": 0.05737752891744527,
        "precision": 0.05312485610061119,
        "recall": 0.051470154502337606,
        "f1": 0.05176246427424598
      },
      "average": {
        "accuracy": 0.030518621551117883,
        "precision": 0.0295437191306682,
        "recall": 0.029016946345554098,
        "f1": 0.02885609988702294
      }
    },
    "poor_ratio": 0.0
  }
}