{
  "real_subj_cnt": 15,
  "real_path": "stress_slurm/data/wesad_1hz.pickle",
  "sliding_windows": false,
  "syn_subj_cnt": 5,
  "gan_config": {
    "gan_mode": "DPCGAN-e-0.1",
    "path": "stress_slurm/data/100_subj_DP-cGAN-e-0.1.csv",
    "eps": 0.1
  },
  "privacy_config": {
    "l2_norm_clip": 1.0,
    "eps": null,
    "num_unique_windows": null,
    "delta": null,
    "noise_multiplier": null
  },
  "train_config": {
    "nn_mode": "CNN",
    "epochs": 10,
    "batch_size": 50,
    "learning_rate": 0.001,
    "eval_mode": "TSTR",
    "random_seed": 42,
    "data_noise_parameter": null
  },
  "results": {
    "num_runs": 10,
    "mean": {
      "S2": {
        "accuracy": 0.7058823704719543,
        "precision": 0.7038655638694763,
        "recall": 0.7058823704719543,
        "f1": 0.7048593526313696
      },
      "S3": {
        "accuracy": 0.9676470577716827,
        "precision": 0.9650420188903809,
        "recall": 0.9647058844566345,
        "f1": 0.9647446351404388
      },
      "S4": {
        "accuracy": 1.0,
        "precision": 0.9972222208976745,
        "recall": 1.0,
        "f1": 0.9985915486147139
      },
      "S5": {
        "accuracy": 0.7600000143051148,
        "precision": 0.7630578994750976,
        "recall": 0.7628571569919587,
        "f1": 0.7629277230291681
      },
      "S6": {
        "accuracy": 0.7200000166893006,
        "precision": 0.7191596806049347,
        "recall": 0.7171428740024567,
        "f1": 0.71813666276435
      },
      "S7": {
        "accuracy": 0.9371428608894348,
        "precision": 0.9373762845993042,
        "recall": 0.9371428608894348,
        "f1": 0.9372215927091192
      },
      "S8": {
        "accuracy": 0.9057142913341523,
        "precision": 0.9062507450580597,
        "recall": 0.9028571486473084,
        "f1": 0.9044177122982454
      },
      "S9": {
        "accuracy": 0.7057143032550812,
        "precision": 0.703730171918869,
        "recall": 0.7057143032550812,
        "f1": 0.7047082648003439
      },
      "S10": {
        "accuracy": 0.7888889014720917,
        "precision": 0.7902497351169586,
        "recall": 0.7944444596767426,
        "f1": 0.7922592415704494
      },
      "S11": {
        "accuracy": 0.9583333194255829,
        "precision": 0.9561086237430573,
        "recall": 0.9611110985279083,
        "f1": 0.9584005706109047
      },
      "S13": {
        "accuracy": 0.7861111164093018,
        "precision": 0.7929572701454163,
        "recall": 0.7833333432674408,
        "f1": 0.7877151274673052
      },
      "S14": {
        "accuracy": 0.5166666746139527,
        "precision": 0.5179429471492767,
        "recall": 0.5194444537162781,
        "f1": 0.5186834161065491
      },
      "S15": {
        "accuracy": 0.7222222089767456,
        "precision": 0.7222222089767456,
        "recall": 0.7222222089767456,
        "f1": 0.7222222089767456
      },
      "S16": {
        "accuracy": 0.6472222149372101,
        "precision": 0.6472609341144562,
        "recall": 0.6527777671813965,
        "f1": 0.6499340539564542
      },
      "S17": {
        "accuracy": 0.8444444537162781,
        "precision": 0.8424871146678925,
        "recall": 0.847222238779068,
        "f1": 0.8445561815512056
      },
      "average": {
        "accuracy": 0.7977326536178589,
        "precision": 0.7976622279485067,
        "recall": 0.7984572112560272,
        "f1": 0.7979585528151575
      }
    },
    "std": {
      "S2": {
        "accuracy": 0.0,
        "precision": 0.006377702463896355,
        "recall": 0.0,
        "f1": 0.0032350664632348506
      },
      "S3": {
        "accuracy": 0.029247907512279195,
        "precision": 0.0329705065176136,
        "recall": 0.030376338159683297,
        "f1": 0.029421707335431334
      },
      "S4": {
        "accuracy": 0.0,
        "precision": 0.008784108800166314,
        "recall": 0.0,
        "f1": 0.004453914351123655
      },
      "S5": {
        "accuracy": 0.033536792023258946,
        "precision": 0.03079750799764502,
        "recall": 0.027105235471559515,
        "f1": 0.028627814842750104
      },
      "S6": {
        "accuracy": 0.01204677132069311,
        "precision": 0.01276155477865278,
        "recall": 0.01621846223894845,
        "f1": 0.014265595447833516
      },
      "S7": {
        "accuracy": 0.029508442783692346,
        "precision": 0.028795866896837462,
        "recall": 0.022537445449423935,
        "f1": 0.025097038730088093
      },
      "S8": {
        "accuracy": 0.04269811511491747,
        "precision": 0.04741008095111202,
        "recall": 0.03353679202325894,
        "f1": 0.0392745373245824
      },
      "S9": {
        "accuracy": 0.013801310364224825,
        "precision": 0.013858245335650344,
        "recall": 0.013801310364224825,
        "f1": 0.01346976857272806
      },
      "S10": {
        "accuracy": 0.023424277568018594,
        "precision": 0.020596045430284243,
        "recall": 0.019422382078025283,
        "f1": 0.0181625365319844
      },
      "S11": {
        "accuracy": 0.019641850349980505,
        "precision": 0.017998067603183832,
        "recall": 0.023424277568018598,
        "f1": 0.01486124509979546
      },
      "S13": {
        "accuracy": 0.04151205913148005,
        "precision": 0.04564182122582114,
        "recall": 0.04498133109820859,
        "f1": 0.04078934043238309
      },
      "S14": {
        "accuracy": 0.014344389603665858,
        "precision": 0.01592366622606972,
        "recall": 0.018748579987530666,
        "f1": 0.017211335961015147
      },
      "S15": {
        "accuracy": 0.0,
        "precision": 0.0,
        "recall": 0.0,
        "f1": 0.0
      },
      "S16": {
        "accuracy": 0.03939267531153269,
        "precision": 0.039316010490642594,
        "recall": 0.04392051886931025,
        "f1": 0.041020677935836865
      },
      "S17": {
        "accuracy": 0.04934411591503554,
        "precision": 0.047437791042956555,
        "recall": 0.058925563537885486,
        "f1": 0.05054507091849899
      },
      "average": {
        "accuracy": 0.00639164158601162,
        "precision": 0.007248141942236669,
        "recall": 0.008080706199791949,
        "f1": 0.005650589226454377
      }
    },
    "poor_ratio": 0.0
  }
}