{
  "real_subj_cnt": 15,
  "real_path": "stress_slurm/data/wesad_1hz.pickle",
  "sliding_windows": false,
  "syn_subj_cnt": 15,
  "gan_config": {
    "gan_mode": "DPCGAN-e-0.1",
    "path": "stress_slurm/data/100_subj_DP-cGAN-e-0.1.csv",
    "eps": 0.1
  },
  "privacy_config": {
    "l2_norm_clip": 1.0,
    "eps": null,
    "num_unique_windows": null,
    "delta": null,
    "noise_multiplier": null
  },
  "train_config": {
    "nn_mode": "CNN",
    "epochs": 10,
    "batch_size": 50,
    "learning_rate": 0.001,
    "eval_mode": "TSTR",
    "random_seed": 42,
    "data_noise_parameter": null
  },
  "results": {
    "num_runs": 10,
    "mean": {
      "S2": {
        "accuracy": 0.75,
        "precision": 0.7544563293457032,
        "recall": 0.75,
        "f1": 0.7521949084730821
      },
      "S3": {
        "accuracy": 0.9176470518112183,
        "precision": 0.9172014236450196,
        "recall": 0.9117646992206574,
        "f1": 0.9144424888306404
      },
      "S4": {
        "accuracy": 1.0,
        "precision": 1.0,
        "recall": 1.0,
        "f1": 1.0
      },
      "S5": {
        "accuracy": 0.8057142972946167,
        "precision": 0.8029946565628052,
        "recall": 0.7914285838603974,
        "f1": 0.797092932569131
      },
      "S6": {
        "accuracy": 0.7028571605682373,
        "precision": 0.7061344683170319,
        "recall": 0.7000000178813934,
        "f1": 0.7030227905848626
      },
      "S7": {
        "accuracy": 0.9885714292526245,
        "precision": 0.9859523832798004,
        "recall": 0.9885714292526245,
        "f1": 0.9872434622923123
      },
      "S8": {
        "accuracy": 0.9171428620815277,
        "precision": 0.9142670452594757,
        "recall": 0.9114285767078399,
        "f1": 0.9127909537918419
      },
      "S9": {
        "accuracy": 0.7142857313156128,
        "precision": 0.7142857313156128,
        "recall": 0.7142857313156128,
        "f1": 0.7142857313156128
      },
      "S10": {
        "accuracy": 0.8472222089767456,
        "precision": 0.8496031641960144,
        "recall": 0.8472222089767456,
        "f1": 0.8483959192760027
      },
      "S11": {
        "accuracy": 0.8805555582046509,
        "precision": 0.8830737948417664,
        "recall": 0.8805555582046509,
        "f1": 0.881763569335671
      },
      "S13": {
        "accuracy": 0.8722222208976745,
        "precision": 0.8718253970146179,
        "recall": 0.8694444417953491,
        "f1": 0.8706181520946062
      },
      "S14": {
        "accuracy": 0.5,
        "precision": 0.5,
        "recall": 0.5,
        "f1": 0.5
      },
      "S15": {
        "accuracy": 0.7222222089767456,
        "precision": 0.7222222089767456,
        "recall": 0.7222222089767456,
        "f1": 0.7222222089767456
      },
      "S16": {
        "accuracy": 0.6944444179534912,
        "precision": 0.6944444179534912,
        "recall": 0.6944444179534912,
        "f1": 0.6944444179534912
      },
      "S17": {
        "accuracy": 0.9305555403232575,
        "precision": 0.9327777683734894,
        "recall": 0.9249999940395355,
        "f1": 0.928834108172653
      },
      "average": {
        "accuracy": 0.8162293791770935,
        "precision": 0.8166159192721049,
        "recall": 0.8137578578790029,
        "f1": 0.8151567762444435
      }
    },
    "std": {
      "S2": {
        "accuracy": 0.015501375862506698,
        "precision": 0.013524883981951492,
        "recall": 0.015501375862506698,
        "f1": 0.013783149453094359
      },
      "S3": {
        "accuracy": 0.036155076303112585,
        "precision": 0.03608726798868616,
        "recall": 0.036682913370138355,
        "f1": 0.03593662600078053
      },
      "S4": {
        "accuracy": 0.0,
        "precision": 0.0,
        "recall": 0.0,
        "f1": 0.0
      },
      "S5": {
        "accuracy": 0.022537445449423925,
        "precision": 0.021419209050078228,
        "recall": 0.023522072950791246,
        "f1": 0.020962236373055363
      },
      "S6": {
        "accuracy": 0.01997731020297662,
        "precision": 0.016217730588925953,
        "recall": 0.015058464150866395,
        "f1": 0.014839966444935437
      },
      "S7": {
        "accuracy": 0.019977310202976627,
        "precision": 0.027087796851670762,
        "recall": 0.019977310202976627,
        "f1": 0.02348685712216579
      },
      "S8": {
        "accuracy": 0.02108184981121296,
        "precision": 0.022460335044124615,
        "recall": 0.016218462238948447,
        "f1": 0.018085022492988358
      },
      "S9": {
        "accuracy": 0.0,
        "precision": 0.0,
        "recall": 0.0,
        "f1": 0.0
      },
      "S10": {
        "accuracy": 0.01464018133361052,
        "precision": 0.01405482407581085,
        "recall": 0.01464018133361052,
        "f1": 0.013852264231988033
      },
      "S11": {
        "accuracy": 0.013417947829829937,
        "precision": 0.0107018221015616,
        "recall": 0.01341794782982993,
        "f1": 0.010011007904256842
      },
      "S13": {
        "accuracy": 0.019422395338540413,
        "precision": 0.019712997181291474,
        "recall": 0.022868694303209237,
        "f1": 0.021037263698852164
      },
      "S14": {
        "accuracy": 0.0,
        "precision": 0.0,
        "recall": 0.0,
        "f1": 0.0
      },
      "S15": {
        "accuracy": 0.0,
        "precision": 0.0,
        "recall": 0.0,
        "f1": 0.0
      },
      "S16": {
        "accuracy": 0.0,
        "precision": 0.0,
        "recall": 0.0,
        "f1": 0.0
      },
      "S17": {
        "accuracy": 0.02360655580333858,
        "precision": 0.019469341351429654,
        "recall": 0.022868666147795678,
        "f1": 0.020317880956665216
      },
      "average": {
        "accuracy": 0.007615676712353358,
        "precision": 0.008382866676544292,
        "recall": 0.00774741812947489,
        "f1": 0.007841664288531227
      }
    },
    "poor_ratio": 0.0
  }
}