{
  "real_subj_cnt": 15,
  "real_path": "stress_slurm/data/wesad_1hz.pickle",
  "sliding_windows": false,
  "syn_subj_cnt": 30,
  "gan_config": {
    "gan_mode": "DPCGAN-e-10",
    "path": "stress_slurm/data/100_subj_DP-cGAN-e-10.csv",
    "eps": 10
  },
  "privacy_config": {
    "l2_norm_clip": 1.0,
    "eps": null,
    "num_unique_windows": null,
    "delta": null,
    "noise_multiplier": null
  },
  "train_config": {
    "nn_mode": "CNN",
    "epochs": 10,
    "batch_size": 50,
    "learning_rate": 0.001,
    "eval_mode": "TSTR",
    "random_seed": 42,
    "data_noise_parameter": null
  },
  "results": {
    "num_runs": 10,
    "mean": {
      "S2": {
        "accuracy": 1.0,
        "precision": 1.0,
        "recall": 1.0,
        "f1": 1.0
      },
      "S3": {
        "accuracy": 0.5000000029802323,
        "precision": 0.5087289631366729,
        "recall": 0.5117647081613541,
        "f1": 0.5099280418856437
      },
      "S4": {
        "accuracy": 0.731428587436676,
        "precision": 0.720000010728836,
        "recall": 0.7371428728103637,
        "f1": 0.7278088915101997
      },
      "S5": {
        "accuracy": 0.9914285719394684,
        "precision": 0.9888888895511627,
        "recall": 0.9914285719394684,
        "f1": 0.9901408456592563
      },
      "S6": {
        "accuracy": 0.9657142877578735,
        "precision": 0.9660317480564118,
        "recall": 0.9714285731315613,
        "f1": 0.9686921547859629
      },
      "S7": {
        "accuracy": 0.45714286863803866,
        "precision": 0.45799981653690336,
        "recall": 0.46857144236564635,
        "f1": 0.4625887160564071
      },
      "S8": {
        "accuracy": 0.5371428728103638,
        "precision": 0.537310665845871,
        "recall": 0.5342857301235199,
        "f1": 0.5356538427216341
      },
      "S9": {
        "accuracy": 0.9971428573131561,
        "precision": 0.9971428573131561,
        "recall": 0.9971428573131561,
        "f1": 0.9971428573131561
      },
      "S10": {
        "accuracy": 0.9694444417953492,
        "precision": 0.9598406076431274,
        "recall": 0.9694444417953492,
        "f1": 0.9644840158215686
      },
      "S11": {
        "accuracy": 0.6583333373069763,
        "precision": 0.6516903758049011,
        "recall": 0.6555555522441864,
        "f1": 0.6534718046297687
      },
      "S13": {
        "accuracy": 0.9277777731418609,
        "precision": 0.9226157605648041,
        "recall": 0.9222222149372101,
        "f1": 0.9222418613947084
      },
      "S14": {
        "accuracy": 0.5944444596767425,
        "precision": 0.5908830463886261,
        "recall": 0.5888888955116272,
        "f1": 0.58963379615443
      },
      "S15": {
        "accuracy": 0.8444444477558136,
        "precision": 0.8461087465286254,
        "recall": 0.8444444477558136,
        "f1": 0.8448587137732003
      },
      "S16": {
        "accuracy": 0.8666666626930237,
        "precision": 0.8666666626930237,
        "recall": 0.8666666626930237,
        "f1": 0.8666666626930237
      },
      "S17": {
        "accuracy": 0.27777777910232543,
        "precision": 0.27570765316486356,
        "recall": 0.27500000298023225,
        "f1": 0.27529256851426404
      },
      "average": {
        "accuracy": 0.7545925966898601,
        "precision": 0.7526410535971324,
        "recall": 0.7555991315841675,
        "f1": 0.7539069848608816
      }
    },
    "std": {
      "S2": {
        "accuracy": 0.0,
        "precision": 0.0,
        "recall": 0.0,
        "f1": 0.0
      },
      "S3": {
        "accuracy": 0.04159451640265134,
        "precision": 0.04406549359705175,
        "recall": 0.05224671778928068,
        "f1": 0.04612282031290856
      },
      "S4": {
        "accuracy": 0.059016885567384686,
        "precision": 0.0784576029245642,
        "recall": 0.042163699622425894,
        "f1": 0.06191975303909218
      },
      "S5": {
        "accuracy": 0.02710523547155951,
        "precision": 0.03513641635202158,
        "recall": 0.02710523547155951,
        "f1": 0.031177383519885703
      },
      "S6": {
        "accuracy": 0.01807015698103967,
        "precision": 0.01734690773777129,
        "recall": 0.013468699791232365,
        "f1": 0.014477972045572862
      },
      "S7": {
        "accuracy": 0.1676839730933408,
        "precision": 0.16538027036647152,
        "recall": 0.17047353299911888,
        "f1": 0.16711379201209114
      },
      "S8": {
        "accuracy": 0.09115037762256362,
        "precision": 0.0936982868128442,
        "recall": 0.09528570941673549,
        "f1": 0.09391190129298099
      },
      "S9": {
        "accuracy": 0.009035078490519842,
        "precision": 0.009035078490519842,
        "recall": 0.009035078490519842,
        "f1": 0.009035078490519842
      },
      "S10": {
        "accuracy": 0.05624571772157954,
        "precision": 0.06822576592577229,
        "recall": 0.05624571772157954,
        "f1": 0.06169390744360374
      },
      "S11": {
        "accuracy": 0.037152597385781326,
        "precision": 0.033604837744009415,
        "recall": 0.04382281227527675,
        "f1": 0.0375930308774992
      },
      "S13": {
        "accuracy": 0.03513640902199781,
        "precision": 0.03530871523373357,
        "recall": 0.03414645029761085,
        "f1": 0.03219584034563424
      },
      "S14": {
        "accuracy": 0.043822804719006264,
        "precision": 0.04780998753699567,
        "recall": 0.05037580128009749,
        "f1": 0.04728421063790464
      },
      "S15": {
        "accuracy": 0.04573736366876499,
        "precision": 0.05672291063057566,
        "recall": 0.04182069999568812,
        "f1": 0.04595341709053772
      },
      "S16": {
        "accuracy": 0.011712145066888415,
        "precision": 0.011712145066888415,
        "recall": 0.011712145066888415,
        "f1": 0.011712145066888415
      },
      "S17": {
        "accuracy": 0.05237828047814126,
        "precision": 0.04629267882315767,
        "recall": 0.04802334568911273,
        "f1": 0.04679812977949709
      },
      "average": {
        "accuracy": 0.030659037044350735,
        "precision": 0.03335688281643032,
        "recall": 0.0292076922477331,
        "f1": 0.030710117258992115
      }
    },
    "poor_ratio": 0.0
  }
}