{
  "real_subj_cnt": 15,
  "real_path": "stress_slurm/data/wesad_1hz.pickle",
  "sliding_windows": false,
  "syn_subj_cnt": 50,
  "gan_config": {
    "gan_mode": "CGAN",
    "path": "stress_slurm/data/100_subj_cGAN.csv",
    "eps": null
  },
  "privacy_config": {
    "l2_norm_clip": 1.0,
    "eps": null,
    "num_unique_windows": null,
    "delta": null,
    "noise_multiplier": null
  },
  "train_config": {
    "nn_mode": "CNN",
    "epochs": 10,
    "batch_size": 50,
    "learning_rate": 0.001,
    "eval_mode": "TSTR",
    "random_seed": 42,
    "data_noise_parameter": null
  },
  "results": {
    "num_runs": 10,
    "mean": {
      "S2": {
        "accuracy": 0.8176470637321472,
        "precision": 0.8199643552303314,
        "recall": 0.8176470637321472,
        "f1": 0.8187884162544646
      },
      "S3": {
        "accuracy": 0.8852941155433655,
        "precision": 0.888640183210373,
        "recall": 0.8911764621734619,
        "f1": 0.8898506148133114
      },
      "S4": {
        "accuracy": 0.9714285731315613,
        "precision": 0.9714285731315613,
        "recall": 0.9714285731315613,
        "f1": 0.9714285731315613
      },
      "S5": {
        "accuracy": 0.9914285719394684,
        "precision": 0.989114111661911,
        "recall": 0.9971428573131561,
        "f1": 0.9930359925440564
      },
      "S6": {
        "accuracy": 0.9285714328289032,
        "precision": 0.9287301599979401,
        "recall": 0.9314285755157471,
        "f1": 0.9300603648105611
      },
      "S7": {
        "accuracy": 0.934285718202591,
        "precision": 0.9316666722297668,
        "recall": 0.934285718202591,
        "f1": 0.9329577512422788
      },
      "S8": {
        "accuracy": 0.888571435213089,
        "precision": 0.8918549239635467,
        "recall": 0.8942857205867767,
        "f1": 0.8929450657651365
      },
      "S9": {
        "accuracy": 0.908571434020996,
        "precision": 0.9086414635181427,
        "recall": 0.908571434020996,
        "f1": 0.908568518742791
      },
      "S10": {
        "accuracy": 0.9333333194255828,
        "precision": 0.9307807683944702,
        "recall": 0.9333333194255828,
        "f1": 0.9320395606938525
      },
      "S11": {
        "accuracy": 0.8777777791023255,
        "precision": 0.8855969309806824,
        "recall": 0.8777777791023255,
        "f1": 0.8813830973207972
      },
      "S13": {
        "accuracy": 0.9444444179534912,
        "precision": 0.9444444179534912,
        "recall": 0.9444444179534912,
        "f1": 0.9444444179534912
      },
      "S14": {
        "accuracy": 0.49444444179534913,
        "precision": 0.49158730208873747,
        "recall": 0.4916666656732559,
        "f1": 0.491570443362453
      },
      "S15": {
        "accuracy": 0.8750000059604645,
        "precision": 0.8778399884700775,
        "recall": 0.8777777850627899,
        "f1": 0.8777740326361915
      },
      "S16": {
        "accuracy": 0.8416666746139526,
        "precision": 0.841269850730896,
        "recall": 0.8388888955116272,
        "f1": 0.8400626058108843
      },
      "S17": {
        "accuracy": 0.7305555522441864,
        "precision": 0.7321728885173797,
        "recall": 0.7361111044883728,
        "f1": 0.7340852547913788
      },
      "average": {
        "accuracy": 0.8682013690471649,
        "precision": 0.8689155060052872,
        "recall": 0.8697310914595923,
        "f1": 0.8692663139915473
      }
    },
    "std": {
      "S2": {
        "accuracy": 0.023200309812886767,
        "precision": 0.0178698151091318,
        "recall": 0.023200309812886767,
        "f1": 0.02042068772117502
      },
      "S3": {
        "accuracy": 0.042621692172329945,
        "precision": 0.042672400063476355,
        "recall": 0.04395393870636274,
        "f1": 0.042652164471151686
      },
      "S4": {
        "accuracy": 0.0,
        "precision": 0.0,
        "recall": 0.0,
        "f1": 0.0
      },
      "S5": {
        "accuracy": 0.02710523547155951,
        "precision": 0.02616342562294333,
        "recall": 0.009035078490519842,
        "f1": 0.0176377746688714
      },
      "S6": {
        "accuracy": 0.02776643593949278,
        "precision": 0.027861548151004053,
        "recall": 0.03071336102000206,
        "f1": 0.028989857336351482
      },
      "S7": {
        "accuracy": 0.013801310364224825,
        "precision": 0.014463180800302495,
        "recall": 0.013801310364224825,
        "f1": 0.013520966052257256
      },
      "S8": {
        "accuracy": 0.028412253335404866,
        "precision": 0.02550443556984552,
        "recall": 0.03026713835226301,
        "f1": 0.025634949424302573
      },
      "S9": {
        "accuracy": 0.022537445449423935,
        "precision": 0.02234039096279933,
        "recall": 0.022537445449423935,
        "f1": 0.021510158762365464
      },
      "S10": {
        "accuracy": 0.019422368817504136,
        "precision": 0.019477107026921445,
        "recall": 0.019422368817504136,
        "f1": 0.01902687318443759
      },
      "S11": {
        "accuracy": 0.03260523195785838,
        "precision": 0.025324993520327098,
        "recall": 0.029860228121046745,
        "f1": 0.022134096276929277
      },
      "S13": {
        "accuracy": 0.0,
        "precision": 0.0,
        "recall": 0.0,
        "f1": 0.0
      },
      "S14": {
        "accuracy": 0.017568217600332624,
        "precision": 0.017877028778555445,
        "recall": 0.02286868746546584,
        "f1": 0.01970594652166629
      },
      "S15": {
        "accuracy": 0.0494309097698882,
        "precision": 0.05093893872652071,
        "recall": 0.051052025768732995,
        "f1": 0.05063239369251108
      },
      "S16": {
        "accuracy": 0.039392674844531045,
        "precision": 0.03919452544936107,
        "recall": 0.03884476794476679,
        "f1": 0.038835571782137986
      },
      "S17": {
        "accuracy": 0.03715260382286542,
        "precision": 0.035565587122198136,
        "recall": 0.03525822563586813,
        "f1": 0.034779913145598515
      },
      "average": {
        "accuracy": 0.012151351336333254,
        "precision": 0.012273335223594403,
        "recall": 0.012876295872453203,
        "f1": 0.01232107397512762
      }
    },
    "poor_ratio": 0.0
  }
}