{
  "real_subj_cnt": 15,
  "real_path": "stress_slurm/data/wesad_1hz.pickle",
  "sliding_windows": false,
  "syn_subj_cnt": 100,
  "gan_config": {
    "gan_mode": "DPCGAN-e-0.1",
    "path": "stress_slurm/data/100_subj_DP-cGAN-e-0.1.csv",
    "eps": 0.1
  },
  "privacy_config": {
    "l2_norm_clip": 1.0,
    "eps": null,
    "num_unique_windows": null,
    "delta": null,
    "noise_multiplier": null
  },
  "train_config": {
    "nn_mode": "CNN",
    "epochs": 10,
    "batch_size": 50,
    "learning_rate": 0.001,
    "eval_mode": "TSTR",
    "random_seed": 42,
    "data_noise_parameter": null
  },
  "results": {
    "num_runs": 10,
    "mean": {
      "S2": {
        "accuracy": 0.7764705896377564,
        "precision": 0.7764705896377564,
        "recall": 0.7764705896377564,
        "f1": 0.7764705896377564
      },
      "S3": {
        "accuracy": 0.6823529362678528,
        "precision": 0.6816399216651916,
        "recall": 0.6794117569923401,
        "f1": 0.6805092112288811
      },
      "S4": {
        "accuracy": 0.9600000023841858,
        "precision": 0.9627731084823609,
        "recall": 0.9600000023841858,
        "f1": 0.9613664604840823
      },
      "S5": {
        "accuracy": 0.8800000071525573,
        "precision": 0.8752380967140198,
        "recall": 0.8800000071525573,
        "f1": 0.877585517312534
      },
      "S6": {
        "accuracy": 0.8257142961025238,
        "precision": 0.8245378196239471,
        "recall": 0.8200000107288361,
        "f1": 0.8222360325483082
      },
      "S7": {
        "accuracy": 0.9971428573131561,
        "precision": 0.9971428573131561,
        "recall": 0.9971428573131561,
        "f1": 0.9971428573131561
      },
      "S8": {
        "accuracy": 0.9628571450710297,
        "precision": 0.9625210106372833,
        "recall": 0.954285717010498,
        "f1": 0.9583436877868726
      },
      "S9": {
        "accuracy": 0.731428587436676,
        "precision": 0.7320622444152832,
        "recall": 0.7342857301235199,
        "f1": 0.7330987038136207
      },
      "S10": {
        "accuracy": 0.8777777791023255,
        "precision": 0.8780780792236328,
        "recall": 0.8805555582046509,
        "f1": 0.8792998496699589
      },
      "S11": {
        "accuracy": 0.8416666686534882,
        "precision": 0.84156574010849,
        "recall": 0.8416666746139526,
        "f1": 0.8414884206106843
      },
      "S13": {
        "accuracy": 0.9166666805744171,
        "precision": 0.9166666805744171,
        "recall": 0.9166666805744171,
        "f1": 0.9166666805744171
      },
      "S14": {
        "accuracy": 0.6388888955116272,
        "precision": 0.6388888955116272,
        "recall": 0.6388888955116272,
        "f1": 0.6388888955116272
      },
      "S15": {
        "accuracy": 0.7444444417953491,
        "precision": 0.7465079367160797,
        "recall": 0.7444444417953491,
        "f1": 0.7454616575812423
      },
      "S16": {
        "accuracy": 0.6944444179534912,
        "precision": 0.6944444179534912,
        "recall": 0.6944444179534912,
        "f1": 0.6944444179534912
      },
      "S17": {
        "accuracy": 0.925,
        "precision": 0.925450450181961,
        "recall": 0.9277777731418609,
        "f1": 0.9265595833954394
      },
      "average": {
        "accuracy": 0.8303236869970958,
        "precision": 0.8302658565839132,
        "recall": 0.8297360742092132,
        "f1": 0.8299708376948048
      }
    },
    "std": {
      "S2": {
        "accuracy": 0.031616687774605766,
        "precision": 0.031616687774605766,
        "recall": 0.031616687774605766,
        "f1": 0.031616687774605766
      },
      "S3": {
        "accuracy": 0.030376343289636502,
        "precision": 0.028236851229793566,
        "recall": 0.021701899280877058,
        "f1": 0.024885771871659024
      },
      "S4": {
        "accuracy": 0.02760262072844967,
        "precision": 0.02707699604127871,
        "recall": 0.02760262072844967,
        "f1": 0.026991131967859287
      },
      "S5": {
        "accuracy": 0.012046771320693114,
        "precision": 0.022085759987033157,
        "recall": 0.012046771320693114,
        "f1": 0.017136962841899535
      },
      "S6": {
        "accuracy": 0.06090771810416729,
        "precision": 0.06185822764076038,
        "recall": 0.06466378737152038,
        "f1": 0.06311468374744199
      },
      "S7": {
        "accuracy": 0.009035078490519837,
        "precision": 0.009035078490519837,
        "recall": 0.009035078490519837,
        "f1": 0.009035078490519837
      },
      "S8": {
        "accuracy": 0.023522072950791246,
        "precision": 0.023848047818794474,
        "recall": 0.027602620728449666,
        "f1": 0.024954284943208224
      },
      "S9": {
        "accuracy": 0.014754221391846184,
        "precision": 0.016160319894219306,
        "recall": 0.02710523547155951,
        "f1": 0.020721517815356378
      },
      "S10": {
        "accuracy": 0.014344389603665885,
        "precision": 0.01463140923069441,
        "recall": 0.01874857998753068,
        "f1": 0.01632514956976153
      },
      "S11": {
        "accuracy": 0.039392676245539014,
        "precision": 0.032520767306786685,
        "recall": 0.04151205115459444,
        "f1": 0.035630020504793795
      },
      "S13": {
        "accuracy": 0.01309456221700718,
        "precision": 0.01309456221700718,
        "recall": 0.01309456221700718,
        "f1": 0.01309456221700718
      },
      "S14": {
        "accuracy": 0.01851852734883626,
        "precision": 0.01851852734883626,
        "recall": 0.01851852734883626,
        "f1": 0.01851852734883626
      },
      "S15": {
        "accuracy": 0.011712145066888408,
        "precision": 0.008823458653877762,
        "recall": 0.011712145066888408,
        "f1": 0.009863504415263671
      },
      "S16": {
        "accuracy": 0.0,
        "precision": 0.0,
        "recall": 0.0,
        "f1": 0.0
      },
      "S17": {
        "accuracy": 0.03220837151773723,
        "precision": 0.037052330191800306,
        "recall": 0.03260520374689183,
        "f1": 0.034042452871614434
      },
      "average": {
        "accuracy": 0.0118254421556911,
        "precision": 0.011702828511840953,
        "recall": 0.012298490938408048,
        "f1": 0.011896580421137903
      }
    },
    "poor_ratio": 0.0
  }
}