{
  "real_subj_cnt": 15,
  "real_path": "stress_slurm/data/wesad_1hz.pickle",
  "sliding_windows": false,
  "syn_subj_cnt": 10,
  "gan_config": {
    "gan_mode": "DPCGAN-e-0.1",
    "path": "stress_slurm/data/100_subj_DP-cGAN-e-0.1.csv",
    "eps": 0.1
  },
  "privacy_config": {
    "l2_norm_clip": 1.0,
    "eps": null,
    "num_unique_windows": null,
    "delta": null,
    "noise_multiplier": null
  },
  "train_config": {
    "nn_mode": "CNN",
    "epochs": 10,
    "batch_size": 50,
    "learning_rate": 0.001,
    "eval_mode": "TSTR",
    "random_seed": 42,
    "data_noise_parameter": null
  },
  "results": {
    "num_runs": 10,
    "mean": {
      "S2": {
        "accuracy": 0.7382352888584137,
        "precision": 0.7374331533908844,
        "recall": 0.7352941155433654,
        "f1": 0.736347671495458
      },
      "S3": {
        "accuracy": 0.9382352948188781,
        "precision": 0.9409982204437256,
        "recall": 0.9382352948188781,
        "f1": 0.9395961387660939
      },
      "S4": {
        "accuracy": 1.0,
        "precision": 1.0,
        "recall": 1.0,
        "f1": 1.0
      },
      "S5": {
        "accuracy": 0.7942857265472412,
        "precision": 0.7942857265472412,
        "recall": 0.7942857265472412,
        "f1": 0.7942857265472412
      },
      "S6": {
        "accuracy": 0.7000000178813934,
        "precision": 0.7044537961483002,
        "recall": 0.6942857325077056,
        "f1": 0.6992960827349615
      },
      "S7": {
        "accuracy": 0.9857142865657806,
        "precision": 0.9774603128433228,
        "recall": 0.9828571438789367,
        "f1": 0.980079897815339
      },
      "S8": {
        "accuracy": 0.9142857193946838,
        "precision": 0.911577969789505,
        "recall": 0.9114285767078399,
        "f1": 0.9114659021097349
      },
      "S9": {
        "accuracy": 0.7142857313156128,
        "precision": 0.7142857313156128,
        "recall": 0.7142857313156128,
        "f1": 0.7142857313156128
      },
      "S10": {
        "accuracy": 0.8444444298744201,
        "precision": 0.8417739033699035,
        "recall": 0.8416666507720947,
        "f1": 0.8416548612097874
      },
      "S11": {
        "accuracy": 0.9083333492279053,
        "precision": 0.9080952525138855,
        "recall": 0.9055555701255799,
        "f1": 0.9068075262336734
      },
      "S13": {
        "accuracy": 0.8611111044883728,
        "precision": 0.8611111044883728,
        "recall": 0.8611111044883728,
        "f1": 0.8611111044883728
      },
      "S14": {
        "accuracy": 0.5,
        "precision": 0.5,
        "recall": 0.5,
        "f1": 0.5
      },
      "S15": {
        "accuracy": 0.7222222089767456,
        "precision": 0.7222222089767456,
        "recall": 0.7222222089767456,
        "f1": 0.7222222089767456
      },
      "S16": {
        "accuracy": 0.6777777671813965,
        "precision": 0.6760038495063782,
        "recall": 0.6777777671813965,
        "f1": 0.6768521980893456
      },
      "S17": {
        "accuracy": 0.9138889074325561,
        "precision": 0.9194272994995117,
        "recall": 0.9166666865348816,
        "f1": 0.9179931360252134
      },
      "average": {
        "accuracy": 0.81418798883756,
        "precision": 0.8139419019222259,
        "recall": 0.8130448206265768,
        "f1": 0.8134665457205053
      }
    },
    "std": {
      "S2": {
        "accuracy": 0.016695479917673495,
        "precision": 0.017041595989304537,
        "recall": 0.019607841968542403,
        "f1": 0.018075050426604917
      },
      "S3": {
        "accuracy": 0.009300825517504023,
        "precision": 0.0005636875373422835,
        "recall": 0.009300825517504023,
        "f1": 0.004997459104248285
      },
      "S4": {
        "accuracy": 0.0,
        "precision": 0.0,
        "recall": 0.0,
        "f1": 0.0
      },
      "S5": {
        "accuracy": 0.02625532939142265,
        "precision": 0.02625532939142265,
        "recall": 0.02625532939142265,
        "f1": 0.02625532939142265
      },
      "S6": {
        "accuracy": 0.020203049686848544,
        "precision": 0.015656476861422366,
        "recall": 0.013801310364224838,
        "f1": 0.013735928961978686
      },
      "S7": {
        "accuracy": 0.020203049686848544,
        "precision": 0.02222915421335982,
        "recall": 0.019977310202976616,
        "f1": 0.01921227027245138
      },
      "S8": {
        "accuracy": 0.023328472350306783,
        "precision": 0.024441368480772413,
        "recall": 0.021081849811212954,
        "f1": 0.021968458613273754
      },
      "S9": {
        "accuracy": 0.0,
        "precision": 0.0,
        "recall": 0.0,
        "f1": 0.0
      },
      "S10": {
        "accuracy": 0.014344389603665885,
        "precision": 0.011707266116212705,
        "recall": 0.01341794782982994,
        "f1": 0.009806320635434643
      },
      "S11": {
        "accuracy": 0.013417947829829944,
        "precision": 0.013273998037745269,
        "recall": 0.014344389603665885,
        "f1": 0.013231276854980337
      },
      "S13": {
        "accuracy": 0.026189152531901315,
        "precision": 0.026189152531901315,
        "recall": 0.026189152531901315,
        "f1": 0.026189152531901315
      },
      "S14": {
        "accuracy": 0.0,
        "precision": 0.0,
        "recall": 0.0,
        "f1": 0.0
      },
      "S15": {
        "accuracy": 0.0,
        "precision": 0.0,
        "recall": 0.0,
        "f1": 0.0
      },
      "S16": {
        "accuracy": 0.023424261860814522,
        "precision": 0.024262503460254985,
        "recall": 0.0234242618608145,
        "f1": 0.023259281639770837
      },
      "S17": {
        "accuracy": 0.008784108800166314,
        "precision": 0.014565792240295286,
        "recall": 0.0,
        "f1": 0.007253066119584446
      },
      "average": {
        "accuracy": 0.003665936224607093,
        "precision": 0.004021230453479306,
        "recall": 0.004490134419568001,
        "f1": 0.003800837933275916
      }
    },
    "poor_ratio": 0.0
  }
}