{
  "real_subj_cnt": 15,
  "real_path": "stress_slurm/data/wesad_1hz.pickle",
  "sliding_windows": false,
  "syn_subj_cnt": 1,
  "gan_config": {
    "gan_mode": "DPCGAN-e-1",
    "path": "stress_slurm/data/100_subj_DP-cGAN-e-1.csv",
    "eps": 1
  },
  "privacy_config": {
    "l2_norm_clip": 1.0,
    "eps": null,
    "num_unique_windows": null,
    "delta": null,
    "noise_multiplier": null
  },
  "train_config": {
    "nn_mode": "CNN",
    "epochs": 10,
    "batch_size": 50,
    "learning_rate": 0.001,
    "eval_mode": "TSTR",
    "random_seed": 42,
    "data_noise_parameter": null
  },
  "results": {
    "num_runs": 10,
    "mean": {
      "S2": {
        "accuracy": 1.0,
        "precision": 1.0,
        "recall": 1.0,
        "f1": 1.0
      },
      "S3": {
        "accuracy": 0.6176470518112183,
        "precision": 0.6176470518112183,
        "recall": 0.6176470518112183,
        "f1": 0.6176470518112183
      },
      "S4": {
        "accuracy": 0.7428571581840515,
        "precision": 0.7428571581840515,
        "recall": 0.7428571581840515,
        "f1": 0.7428571581840515
      },
      "S5": {
        "accuracy": 1.0,
        "precision": 1.0,
        "recall": 1.0,
        "f1": 1.0
      },
      "S6": {
        "accuracy": 0.9428571462631226,
        "precision": 0.9581104993820191,
        "recall": 0.9200000047683716,
        "f1": 0.938618919813601
      },
      "S7": {
        "accuracy": 0.8685714364051819,
        "precision": 0.8836974859237671,
        "recall": 0.8685714364051819,
        "f1": 0.8760248521175036
      },
      "S8": {
        "accuracy": 0.800000011920929,
        "precision": 0.800000011920929,
        "recall": 0.800000011920929,
        "f1": 0.800000011920929
      },
      "S9": {
        "accuracy": 0.8457142949104309,
        "precision": 0.8554621815681458,
        "recall": 0.8457142949104309,
        "f1": 0.8505176014695891
      },
      "S10": {
        "accuracy": 0.9444444179534912,
        "precision": 0.9444444179534912,
        "recall": 0.9444444179534912,
        "f1": 0.9444444179534912
      },
      "S11": {
        "accuracy": 0.6666666865348816,
        "precision": 0.6666666865348816,
        "recall": 0.6666666865348816,
        "f1": 0.6666666865348816
      },
      "S13": {
        "accuracy": 0.9444444179534912,
        "precision": 0.9444444179534912,
        "recall": 0.9444444179534912,
        "f1": 0.9444444179534912
      },
      "S14": {
        "accuracy": 0.31111112236976624,
        "precision": 0.29411765933036804,
        "recall": 0.2777777910232544,
        "f1": 0.285714298511038
      },
      "S15": {
        "accuracy": 0.7805555701255799,
        "precision": 0.800000011920929,
        "recall": 0.7777777910232544,
        "f1": 0.7887324069705517
      },
      "S16": {
        "accuracy": 0.7777777910232544,
        "precision": 0.7850420117378235,
        "recall": 0.75,
        "f1": 0.7670824926553896
      },
      "S17": {
        "accuracy": 0.7222222089767456,
        "precision": 0.7222222089767456,
        "recall": 0.7222222089767456,
        "f1": 0.7222222089767456
      },
      "average": {
        "accuracy": 0.7976579542954763,
        "precision": 0.8009807868798573,
        "recall": 0.7918748847643535,
        "f1": 0.7963315016581655
      }
    },
    "std": {
      "S2": {
        "accuracy": 0.0,
        "precision": 0.0,
        "recall": 0.0,
        "f1": 0.0
      },
      "S3": {
        "accuracy": 0.0,
        "precision": 0.0,
        "recall": 0.0,
        "f1": 0.0
      },
      "S4": {
        "accuracy": 0.0,
        "precision": 0.0,
        "recall": 0.0,
        "f1": 0.0
      },
      "S5": {
        "accuracy": 0.0,
        "precision": 0.0,
        "recall": 0.0,
        "f1": 0.0
      },
      "S6": {
        "accuracy": 0.0,
        "precision": 0.01610865158389164,
        "recall": 0.029508442783692346,
        "f1": 0.023112425032781193
      },
      "S7": {
        "accuracy": 0.014754221391846173,
        "precision": 0.0017357907519818998,
        "recall": 0.014754221391846173,
        "f1": 0.00833934251936115
      },
      "S8": {
        "accuracy": 0.0,
        "precision": 0.0,
        "recall": 0.0,
        "f1": 0.0
      },
      "S9": {
        "accuracy": 0.014754221391846173,
        "precision": 0.0021697538298304916,
        "recall": 0.014754221391846173,
        "f1": 0.008553179288396742
      },
      "S10": {
        "accuracy": 0.0,
        "precision": 0.0,
        "recall": 0.0,
        "f1": 0.0
      },
      "S11": {
        "accuracy": 0.0,
        "precision": 0.0,
        "recall": 0.0,
        "f1": 0.0
      },
      "S13": {
        "accuracy": 0.0,
        "precision": 0.0,
        "recall": 0.0,
        "f1": 0.0
      },
      "S14": {
        "accuracy": 0.028688763817478664,
        "precision": 0.0,
        "recall": 0.0,
        "f1": 0.0
      },
      "S15": {
        "accuracy": 0.008784108800166316,
        "precision": 0.0,
        "recall": 0.0,
        "f1": 0.0
      },
      "S16": {
        "accuracy": 0.0,
        "precision": 0.011716572186024721,
        "recall": 0.0,
        "f1": 0.005610752891272462
      },
      "S17": {
        "accuracy": 0.0,
        "precision": 0.0,
        "recall": 0.0,
        "f1": 0.0
      },
      "average": {
        "accuracy": 0.002147225605566462,
        "precision": 0.001883945789850991,
        "recall": 0.0019672295189128485,
        "f1": 0.0019291343128725836
      }
    },
    "poor_ratio": 0.0
  }
}