{
  "real_subj_cnt": 15,
  "real_path": "stress_slurm/data/wesad_1hz.pickle",
  "sliding_windows": false,
  "syn_subj_cnt": 30,
  "gan_config": {
    "gan_mode": "CGAN",
    "path": "stress_slurm/data/100_subj_cGAN.csv",
    "eps": null
  },
  "privacy_config": {
    "l2_norm_clip": 1.0,
    "eps": null,
    "num_unique_windows": null,
    "delta": null,
    "noise_multiplier": null
  },
  "train_config": {
    "nn_mode": "CNN",
    "epochs": 10,
    "batch_size": 50,
    "learning_rate": 0.001,
    "eval_mode": "TSTR",
    "random_seed": 42,
    "data_noise_parameter": null
  },
  "results": {
    "num_runs": 10,
    "mean": {
      "S2": {
        "accuracy": 0.8352941155433655,
        "precision": 0.8377896606922149,
        "recall": 0.8352941155433655,
        "f1": 0.8365232646359078
      },
      "S3": {
        "accuracy": 0.870588231086731,
        "precision": 0.8789406716823578,
        "recall": 0.8735294103622436,
        "f1": 0.8761575767637251
      },
      "S4": {
        "accuracy": 0.9971428573131561,
        "precision": 0.9971428573131561,
        "recall": 0.9971428573131561,
        "f1": 0.9971428573131561
      },
      "S5": {
        "accuracy": 0.9971428573131561,
        "precision": 1.0,
        "recall": 0.9942857146263122,
        "f1": 0.9971014494506333
      },
      "S6": {
        "accuracy": 0.9485714316368103,
        "precision": 0.948562091588974,
        "recall": 0.9485714316368103,
        "f1": 0.9485282726137314
      },
      "S7": {
        "accuracy": 0.954285717010498,
        "precision": 0.9569747865200042,
        "recall": 0.9514285743236541,
        "f1": 0.954161490523447
      },
      "S8": {
        "accuracy": 0.9028571486473084,
        "precision": 0.907899159193039,
        "recall": 0.9000000059604645,
        "f1": 0.9038923423822576
      },
      "S9": {
        "accuracy": 0.9457142889499665,
        "precision": 0.9430158734321594,
        "recall": 0.9457142889499665,
        "f1": 0.9443460782447805
      },
      "S10": {
        "accuracy": 0.9749999880790711,
        "precision": 0.9722179234027862,
        "recall": 0.9722222089767456,
        "f1": 0.9721825516033549
      },
      "S11": {
        "accuracy": 0.8888888955116272,
        "precision": 0.8936507999897003,
        "recall": 0.8861111164093017,
        "f1": 0.8898278618291645
      },
      "S13": {
        "accuracy": 0.9694444298744201,
        "precision": 0.9693650662899017,
        "recall": 0.9666666507720947,
        "f1": 0.9679968555847157
      },
      "S14": {
        "accuracy": 0.5944444477558136,
        "precision": 0.5973788142204285,
        "recall": 0.5972222268581391,
        "f1": 0.5972806454287168
      },
      "S15": {
        "accuracy": 0.949999988079071,
        "precision": 0.9500707745552063,
        "recall": 0.949999988079071,
        "f1": 0.9499983809016002
      },
      "S16": {
        "accuracy": 0.8722222208976745,
        "precision": 0.8697897911071777,
        "recall": 0.875,
        "f1": 0.8723283390519768
      },
      "S17": {
        "accuracy": 0.7222222149372101,
        "precision": 0.7204568743705749,
        "recall": 0.7222222149372101,
        "f1": 0.7212987880329635
      },
      "average": {
        "accuracy": 0.8949212555090587,
        "precision": 0.8962170096238454,
        "recall": 0.8943607203165691,
        "f1": 0.8952511169573419
      }
    },
    "std": {
      "S2": {
        "accuracy": 0.015188153689988531,
        "precision": 0.015090212986598078,
        "recall": 0.015188153689988531,
        "f1": 0.01461689108893883
      },
      "S3": {
        "accuracy": 0.031616690238955004,
        "precision": 0.03433847242294027,
        "recall": 0.03115734236468747,
        "f1": 0.03171986699817392
      },
      "S4": {
        "accuracy": 0.009035078490519842,
        "precision": 0.009035078490519842,
        "recall": 0.009035078490519842,
        "f1": 0.009035078490519842
      },
      "S5": {
        "accuracy": 0.009035078490519842,
        "precision": 0.0,
        "recall": 0.012046771320693123,
        "f1": 0.006110681099420767
      },
      "S6": {
        "accuracy": 0.018070156981039674,
        "precision": 0.012076298850067784,
        "recall": 0.018070156981039674,
        "f1": 0.01401371651486617
      },
      "S7": {
        "accuracy": 0.014754221391846173,
        "precision": 0.014884462898589867,
        "recall": 0.01380131036422483,
        "f1": 0.013100207191282756
      },
      "S8": {
        "accuracy": 0.014754221391846173,
        "precision": 0.01756550199136189,
        "recall": 0.015058464150866395,
        "f1": 0.015053656950378668
      },
      "S9": {
        "accuracy": 0.016218462238948454,
        "precision": 0.01347804945859182,
        "recall": 0.016218462238948454,
        "f1": 0.014267973175135236
      },
      "S10": {
        "accuracy": 0.024322095924643385,
        "precision": 0.022683394292717072,
        "recall": 0.02618915253190133,
        "f1": 0.02365818734124848
      },
      "S11": {
        "accuracy": 0.0226804713962121,
        "precision": 0.021498684158060128,
        "recall": 0.020496253867054736,
        "f1": 0.020099724998009397
      },
      "S13": {
        "accuracy": 0.008784108800166312,
        "precision": 0.008759774785641846,
        "recall": 0.011712145066888417,
        "f1": 0.009443496843375232
      },
      "S14": {
        "accuracy": 0.07986613701625578,
        "precision": 0.07619765351976458,
        "recall": 0.07550696514554432,
        "f1": 0.07580181208357865
      },
      "S15": {
        "accuracy": 0.028688757405042602,
        "precision": 0.028593475133184183,
        "recall": 0.028688757405042602,
        "f1": 0.027932463514913335
      },
      "S16": {
        "accuracy": 0.035136409021994976,
        "precision": 0.031318917107628665,
        "recall": 0.04392051886930847,
        "f1": 0.03737416116284472
      },
      "S17": {
        "accuracy": 0.03464498170347014,
        "precision": 0.039932909192879035,
        "recall": 0.037037044763568526,
        "f1": 0.03811317160189788
      },
      "average": {
        "accuracy": 0.008870029955943489,
        "precision": 0.009344960915013906,
        "recall": 0.009341338293732354,
        "f1": 0.009056340387809517
      }
    },
    "poor_ratio": 0.0
  }
}