{
  "real_subj_cnt": 15,
  "real_path": "stress_slurm/data/wesad_1hz.pickle",
  "sliding_windows": false,
  "syn_subj_cnt": 15,
  "gan_config": {
    "gan_mode": "CGAN",
    "path": "stress_slurm/data/100_subj_cGAN.csv",
    "eps": null
  },
  "privacy_config": {
    "l2_norm_clip": 1.0,
    "eps": null,
    "num_unique_windows": null,
    "delta": null,
    "noise_multiplier": null
  },
  "train_config": {
    "nn_mode": "CNN",
    "epochs": 10,
    "batch_size": 50,
    "learning_rate": 0.001,
    "eval_mode": "TSTR",
    "random_seed": 42,
    "data_noise_parameter": null
  },
  "results": {
    "num_runs": 10,
    "mean": {
      "S2": {
        "accuracy": 0.805882352590561,
        "precision": 0.8070282697677612,
        "recall": 0.8117647051811219,
        "f1": 0.8093267693348002
      },
      "S3": {
        "accuracy": 0.8941176354885101,
        "precision": 0.8937184751033783,
        "recall": 0.8911764562129975,
        "f1": 0.8923506028799866
      },
      "S4": {
        "accuracy": 0.9800000011920929,
        "precision": 0.9800000011920929,
        "recall": 0.9771428585052491,
        "f1": 0.9785507259174097
      },
      "S5": {
        "accuracy": 0.9600000023841858,
        "precision": 0.9573809564113617,
        "recall": 0.9600000023841858,
        "f1": 0.9586720354238736
      },
      "S6": {
        "accuracy": 0.9628571450710297,
        "precision": 0.9627731084823609,
        "recall": 0.9600000023841858,
        "f1": 0.9613664604840823
      },
      "S7": {
        "accuracy": 0.9371428608894348,
        "precision": 0.9345144748687744,
        "recall": 0.9371428608894348,
        "f1": 0.9357717349060437
      },
      "S8": {
        "accuracy": 0.954285717010498,
        "precision": 0.9572222232818604,
        "recall": 0.954285717010498,
        "f1": 0.9556503747087752
      },
      "S9": {
        "accuracy": 0.9628571450710297,
        "precision": 0.960379284620285,
        "recall": 0.9628571450710297,
        "f1": 0.9615251897871125
      },
      "S10": {
        "accuracy": 0.9777777671813965,
        "precision": 0.9777734816074372,
        "recall": 0.9777777671813965,
        "f1": 0.9777381098080058
      },
      "S11": {
        "accuracy": 0.825,
        "precision": 0.826444149017334,
        "recall": 0.8305555522441864,
        "f1": 0.8284104888557631
      },
      "S13": {
        "accuracy": 0.9749999940395355,
        "precision": 0.9725225150585175,
        "recall": 0.9777777671813965,
        "f1": 0.9751141462636544
      },
      "S14": {
        "accuracy": 0.5555555522441864,
        "precision": 0.5524088323116303,
        "recall": 0.555555546283722,
        "f1": 0.5539396888489255
      },
      "S15": {
        "accuracy": 0.9666666567325592,
        "precision": 0.9645405113697052,
        "recall": 0.9666666567325592,
        "f1": 0.9655193843448998
      },
      "S16": {
        "accuracy": 0.8833333313465118,
        "precision": 0.8839961409568786,
        "recall": 0.8888888895511627,
        "f1": 0.8863737231165034
      },
      "S17": {
        "accuracy": 0.7638888955116272,
        "precision": 0.762330561876297,
        "recall": 0.7666666686534882,
        "f1": 0.7640183500245336
      },
      "average": {
        "accuracy": 0.8936243371168773,
        "precision": 0.8928688657283782,
        "recall": 0.8945505730311076,
        "f1": 0.8936218523136246
      }
    },
    "std": {
      "S2": {
        "accuracy": 0.02056488572756722,
        "precision": 0.020079616875375236,
        "recall": 0.024802177819210857,
        "f1": 0.02123178908835667
      },
      "S3": {
        "accuracy": 0.020564870572687494,
        "precision": 0.020986546616567167,
        "recall": 0.031157339238836478,
        "f1": 0.024944801914856755
      },
      "S4": {
        "accuracy": 0.013801310364224838,
        "precision": 0.013801310364224838,
        "recall": 0.01204677132069311,
        "f1": 0.012127156525609865
      },
      "S5": {
        "accuracy": 0.030713361020002064,
        "precision": 0.03334183164124021,
        "recall": 0.030713361020002064,
        "f1": 0.031804633658354585
      },
      "S6": {
        "accuracy": 0.019284243356585247,
        "precision": 0.01924453082012489,
        "recall": 0.019977310202976627,
        "f1": 0.01912353149326011
      },
      "S7": {
        "accuracy": 0.026255329391422652,
        "precision": 0.02331723542547899,
        "recall": 0.026255329391422652,
        "f1": 0.023637775353232606
      },
      "S8": {
        "accuracy": 0.02409354264138623,
        "precision": 0.0278129004113354,
        "recall": 0.027602620728449666,
        "f1": 0.02556978618879513
      },
      "S9": {
        "accuracy": 0.019284243356585247,
        "precision": 0.023099805558947906,
        "recall": 0.019284243356585247,
        "f1": 0.01895870732024909
      },
      "S10": {
        "accuracy": 0.01756821760033262,
        "precision": 0.017573496290801845,
        "recall": 0.02191141705224551,
        "f1": 0.018826521521716738
      },
      "S11": {
        "accuracy": 0.04352836392306167,
        "precision": 0.04224724248480103,
        "recall": 0.03574121334308886,
        "f1": 0.03823215417783112
      },
      "S13": {
        "accuracy": 0.024322080040875167,
        "precision": 0.022070883571767057,
        "recall": 0.017568217600332607,
        "f1": 0.019193585077913935
      },
      "S14": {
        "accuracy": 0.03928370538294172,
        "precision": 0.0390064684947445,
        "recall": 0.04140865933918221,
        "f1": 0.03992495988988562
      },
      "S15": {
        "accuracy": 0.02552601540680492,
        "precision": 0.03726785470296589,
        "recall": 0.02552601540680492,
        "f1": 0.03078246575195088
      },
      "S16": {
        "accuracy": 0.028688765099969166,
        "precision": 0.028146906635108916,
        "recall": 0.032075013043160266,
        "f1": 0.029072628812280194
      },
      "S17": {
        "accuracy": 0.041923099333710794,
        "precision": 0.055552208607872376,
        "recall": 0.03971780521061436,
        "f1": 0.04458787817928075
      },
      "average": {
        "accuracy": 0.015702373926387007,
        "precision": 0.01786655581328496,
        "recall": 0.015573433152892795,
        "f1": 0.016251474342414765
      }
    },
    "poor_ratio": 0.0
  }
}