{
  "real_subj_cnt": 15,
  "real_path": "stress_slurm/data/wesad_1hz.pickle",
  "sliding_windows": false,
  "syn_subj_cnt": 1,
  "gan_config": {
    "gan_mode": "DPCGAN-e-0.1",
    "path": "stress_slurm/data/100_subj_DP-cGAN-e-0.1.csv",
    "eps": 0.1
  },
  "privacy_config": {
    "l2_norm_clip": 1.0,
    "eps": null,
    "num_unique_windows": null,
    "delta": null,
    "noise_multiplier": null
  },
  "train_config": {
    "nn_mode": "CNN",
    "epochs": 10,
    "batch_size": 50,
    "learning_rate": 0.001,
    "eval_mode": "TSTR",
    "random_seed": 42,
    "data_noise_parameter": null
  },
  "results": {
    "num_runs": 10,
    "mean": {
      "S2": {
        "accuracy": 0.7029411733150482,
        "precision": 0.7041058123111725,
        "recall": 0.7117646992206573,
        "f1": 0.7076891618123169
      },
      "S3": {
        "accuracy": 0.8588235199451446,
        "precision": 0.858518648147583,
        "recall": 0.8705882251262664,
        "f1": 0.8641823358642879
      },
      "S4": {
        "accuracy": 0.9800000011920929,
        "precision": 0.9773015856742859,
        "recall": 0.9828571438789367,
        "f1": 0.9800402411083644
      },
      "S5": {
        "accuracy": 0.6285714507102966,
        "precision": 0.6304624438285827,
        "recall": 0.6371428787708282,
        "f1": 0.633699019469658
      },
      "S6": {
        "accuracy": 0.6285714507102966,
        "precision": 0.6255122780799866,
        "recall": 0.6257143080234527,
        "f1": 0.625540318102985
      },
      "S7": {
        "accuracy": 0.865714293718338,
        "precision": 0.853757357597351,
        "recall": 0.8742857217788697,
        "f1": 0.863180741489604
      },
      "S8": {
        "accuracy": 0.9228571474552154,
        "precision": 0.9132201611995697,
        "recall": 0.9228571474552154,
        "f1": 0.9175989718783324
      },
      "S9": {
        "accuracy": 0.5400000274181366,
        "precision": 0.53984914124012,
        "recall": 0.5485714554786683,
        "f1": 0.5439925839229305
      },
      "S10": {
        "accuracy": 0.6388888835906983,
        "precision": 0.6513031780719757,
        "recall": 0.6638888835906982,
        "f1": 0.6557676141143455
      },
      "S11": {
        "accuracy": 0.7805555701255799,
        "precision": 0.7845108211040497,
        "recall": 0.7861111223697662,
        "f1": 0.7850562715250649
      },
      "S13": {
        "accuracy": 0.827777773141861,
        "precision": 0.8160905778408051,
        "recall": 0.8222222089767456,
        "f1": 0.8187976105251809
      },
      "S14": {
        "accuracy": 0.45833332240581515,
        "precision": 0.45985373854637146,
        "recall": 0.4583333253860474,
        "f1": 0.4589197573275384
      },
      "S15": {
        "accuracy": 0.6972222089767456,
        "precision": 0.6905641317367553,
        "recall": 0.6944444298744201,
        "f1": 0.6924523458309862
      },
      "S16": {
        "accuracy": 0.3861111104488373,
        "precision": 0.37693628668785095,
        "recall": 0.3777777761220932,
        "f1": 0.3772033037593778
      },
      "S17": {
        "accuracy": 0.8333333134651184,
        "precision": 0.8342105090618134,
        "recall": 0.8388888716697693,
        "f1": 0.8364864692494676
      },
      "average": {
        "accuracy": 0.716646749774615,
        "precision": 0.7144131114085515,
        "recall": 0.7210298798481622,
        "f1": 0.7173737830653627
      }
    },
    "std": {
      "S2": {
        "accuracy": 0.032367797185874216,
        "precision": 0.03243640413373544,
        "recall": 0.02702754352036968,
        "f1": 0.02647871642293674
      },
      "S3": {
        "accuracy": 0.027027542078979228,
        "precision": 0.029955004323057092,
        "recall": 0.03452316148860725,
        "f1": 0.0273336138590675
      },
      "S4": {
        "accuracy": 0.013801310364224838,
        "precision": 0.011967501452018598,
        "recall": 0.01475422139184617,
        "f1": 0.012068259151877647
      },
      "S5": {
        "accuracy": 0.05387479916492945,
        "precision": 0.055863672720378676,
        "recall": 0.05048517139351034,
        "f1": 0.05258249964004883
      },
      "S6": {
        "accuracy": 0.026937399582464723,
        "precision": 0.02683553396035327,
        "recall": 0.03420625509651575,
        "f1": 0.03009113913244582
      },
      "S7": {
        "accuracy": 0.05395891287604671,
        "precision": 0.05968448981081698,
        "recall": 0.060534276704526026,
        "f1": 0.053959990460597684
      },
      "S8": {
        "accuracy": 0.033128621131906066,
        "precision": 0.03972379232973543,
        "recall": 0.0405181830824187,
        "f1": 0.03411963272490651
      },
      "S9": {
        "accuracy": 0.009035078490519842,
        "precision": 0.021350094466371813,
        "recall": 0.01807015698103967,
        "f1": 0.017019061480421538
      },
      "S10": {
        "accuracy": 0.08281731867835963,
        "precision": 0.07867961393406794,
        "recall": 0.0930083240204429,
        "f1": 0.07745616926894634
      },
      "S11": {
        "accuracy": 0.020496253867054733,
        "precision": 0.02513201965860285,
        "recall": 0.022868680627724278,
        "f1": 0.018876863309704835
      },
      "S13": {
        "accuracy": 0.028688757405046044,
        "precision": 0.032257452055123606,
        "recall": 0.03260520826064509,
        "f1": 0.027469453596432918
      },
      "S14": {
        "accuracy": 0.039825579298447655,
        "precision": 0.03562231549272784,
        "recall": 0.049430913491544895,
        "f1": 0.04255676500054162
      },
      "S15": {
        "accuracy": 0.020496234120862496,
        "precision": 0.021930146524880928,
        "recall": 0.026189131458480643,
        "f1": 0.02343675367576802
      },
      "S16": {
        "accuracy": 0.046203606678407165,
        "precision": 0.03618253602358354,
        "recall": 0.03749713446331071,
        "f1": 0.0358571918248975
      },
      "S17": {
        "accuracy": 0.0,
        "precision": 0.0027739360390265045,
        "recall": 0.01756821760033263,
        "f1": 0.009971154095878123
      },
      "average": {
        "accuracy": 0.012934745525646654,
        "precision": 0.015355898137514328,
        "recall": 0.01832891224367394,
        "f1": 0.012661716759802231
      }
    },
    "poor_ratio": 0.0
  }
}