{
  "real_subj_cnt": 15,
  "real_path": "stress_slurm/data/wesad_1hz.pickle",
  "sliding_windows": false,
  "syn_subj_cnt": 30,
  "gan_config": {
    "gan_mode": "DPCGAN-e-0.1",
    "path": "stress_slurm/data/100_subj_DP-cGAN-e-0.1.csv",
    "eps": 0.1
  },
  "privacy_config": {
    "l2_norm_clip": 1.0,
    "eps": null,
    "num_unique_windows": null,
    "delta": null,
    "noise_multiplier": null
  },
  "train_config": {
    "nn_mode": "CNN",
    "epochs": 10,
    "batch_size": 50,
    "learning_rate": 0.001,
    "eval_mode": "TSTR",
    "random_seed": 42,
    "data_noise_parameter": null
  },
  "results": {
    "num_runs": 10,
    "mean": {
      "S2": {
        "accuracy": 0.7617647111415863,
        "precision": 0.7639928758144379,
        "recall": 0.7617647111415863,
        "f1": 0.7628621653781273
      },
      "S3": {
        "accuracy": 0.75,
        "precision": 0.7500483870506287,
        "recall": 0.75,
        "f1": 0.749990458984498
      },
      "S4": {
        "accuracy": 0.9800000011920929,
        "precision": 0.9828571438789367,
        "recall": 0.9800000011920929,
        "f1": 0.9814078686042533
      },
      "S5": {
        "accuracy": 0.8400000095367431,
        "precision": 0.8364076972007751,
        "recall": 0.8457142949104309,
        "f1": 0.8409040648079319
      },
      "S6": {
        "accuracy": 0.7114285886287689,
        "precision": 0.7123015999794007,
        "recall": 0.7142857313156128,
        "f1": 0.7132796928608756
      },
      "S7": {
        "accuracy": 0.9942857146263122,
        "precision": 0.9942857146263122,
        "recall": 0.9942857146263122,
        "f1": 0.9942857146263122
      },
      "S8": {
        "accuracy": 0.9285714328289032,
        "precision": 0.9312605082988739,
        "recall": 0.9285714328289032,
        "f1": 0.9298964845110103
      },
      "S9": {
        "accuracy": 0.7142857313156128,
        "precision": 0.7142857313156128,
        "recall": 0.7142857313156128,
        "f1": 0.7142857313156128
      },
      "S10": {
        "accuracy": 0.8555555462837219,
        "precision": 0.8555555462837219,
        "recall": 0.8555555462837219,
        "f1": 0.8555555462837219
      },
      "S11": {
        "accuracy": 0.8444444358348846,
        "precision": 0.8438888788223267,
        "recall": 0.8416666567325592,
        "f1": 0.8427621183272889
      },
      "S13": {
        "accuracy": 0.8833333373069763,
        "precision": 0.8833333373069763,
        "recall": 0.8833333373069763,
        "f1": 0.8833333373069763
      },
      "S14": {
        "accuracy": 0.5444444477558136,
        "precision": 0.5450000047683716,
        "recall": 0.5416666686534881,
        "f1": 0.5433098624940194
      },
      "S15": {
        "accuracy": 0.7222222089767456,
        "precision": 0.7222222089767456,
        "recall": 0.7222222089767456,
        "f1": 0.7222222089767456
      },
      "S16": {
        "accuracy": 0.6944444179534912,
        "precision": 0.6944444179534912,
        "recall": 0.6944444179534912,
        "f1": 0.6944444179534912
      },
      "S17": {
        "accuracy": 0.8861111164093017,
        "precision": 0.8889510989189148,
        "recall": 0.8888888955116272,
        "f1": 0.8888851430850288
      },
      "average": {
        "accuracy": 0.8073927799860636,
        "precision": 0.807922343413035,
        "recall": 0.807779023249944,
        "f1": 0.807828321034393
      }
    },
    "std": {
      "S2": {
        "accuracy": 0.01669547991767346,
        "precision": 0.014046979110241747,
        "recall": 0.01669547991767346,
        "f1": 0.015040842034407456
      },
      "S3": {
        "accuracy": 0.05046877701717453,
        "precision": 0.0501721632130901,
        "recall": 0.05046877701717453,
        "f1": 0.05000755350460999
      },
      "S4": {
        "accuracy": 0.027105235471559505,
        "precision": 0.027602620728449663,
        "recall": 0.027105235471559505,
        "f1": 0.02697588137453384
      },
      "S5": {
        "accuracy": 0.04301557759087626,
        "precision": 0.04624407965863214,
        "recall": 0.04704414590158249,
        "f1": 0.045365724776843676
      },
      "S6": {
        "accuracy": 0.01621846223894845,
        "precision": 0.014858453676602188,
        "recall": 0.013468699791232362,
        "f1": 0.013839328299828882
      },
      "S7": {
        "accuracy": 0.01204677132069311,
        "precision": 0.01204677132069311,
        "recall": 0.01204677132069311,
        "f1": 0.01204677132069311
      },
      "S8": {
        "accuracy": 0.027766435939492785,
        "precision": 0.027530324434431763,
        "recall": 0.027766435939492785,
        "f1": 0.027321556583153862
      },
      "S9": {
        "accuracy": 0.0,
        "precision": 0.0,
        "recall": 0.0,
        "f1": 0.0
      },
      "S10": {
        "accuracy": 0.011712145066888405,
        "precision": 0.011712145066888405,
        "recall": 0.011712145066888405,
        "f1": 0.011712145066888405
      },
      "S11": {
        "accuracy": 0.019422382078025272,
        "precision": 0.020696048367826902,
        "recall": 0.026352310344248783,
        "f1": 0.02347160369350861
      },
      "S13": {
        "accuracy": 0.011712145066888405,
        "precision": 0.011712145066888405,
        "recall": 0.011712145066888405,
        "f1": 0.011712145066888405
      },
      "S14": {
        "accuracy": 0.07075916712758927,
        "precision": 0.07357452433125608,
        "recall": 0.07081972196069625,
        "f1": 0.07210435059900232
      },
      "S15": {
        "accuracy": 0.0,
        "precision": 0.0,
        "recall": 0.0,
        "f1": 0.0
      },
      "S16": {
        "accuracy": 0.0,
        "precision": 0.0,
        "recall": 0.0,
        "f1": 0.0
      },
      "S17": {
        "accuracy": 0.01576795785756537,
        "precision": 0.0181622166090569,
        "recall": 0.018518527348836262,
        "f1": 0.01733085293961995
      },
      "average": {
        "accuracy": 0.008771517095574981,
        "precision": 0.008688039276498765,
        "recall": 0.009322020938027338,
        "f1": 0.00891889131428374
      }
    },
    "poor_ratio": 0.0
  }
}