{
  "real_subj_cnt": 15,
  "real_path": "stress_slurm/data/wesad_1hz.pickle",
  "sliding_windows": false,
  "syn_subj_cnt": 50,
  "gan_config": {
    "gan_mode": "DPCGAN-e-0.1",
    "path": "stress_slurm/data/100_subj_DP-cGAN-e-0.1.csv",
    "eps": 0.1
  },
  "privacy_config": {
    "l2_norm_clip": 1.0,
    "eps": null,
    "num_unique_windows": null,
    "delta": null,
    "noise_multiplier": null
  },
  "train_config": {
    "nn_mode": "CNN",
    "epochs": 10,
    "batch_size": 50,
    "learning_rate": 0.001,
    "eval_mode": "TSTR",
    "random_seed": 42,
    "data_noise_parameter": null
  },
  "results": {
    "num_runs": 10,
    "mean": {
      "S2": {
        "accuracy": 0.7529411792755127,
        "precision": 0.7529411792755127,
        "recall": 0.7529411792755127,
        "f1": 0.7529411792755127
      },
      "S3": {
        "accuracy": 0.7323529362678528,
        "precision": 0.7370308101177215,
        "recall": 0.7323529362678528,
        "f1": 0.7346248262202965
      },
      "S4": {
        "accuracy": 0.9685714304447174,
        "precision": 0.9664024531841278,
        "recall": 0.9685714304447174,
        "f1": 0.9673982068415776
      },
      "S5": {
        "accuracy": 0.8200000107288361,
        "precision": 0.8182539820671082,
        "recall": 0.8228571534156799,
        "f1": 0.8205231510654041
      },
      "S6": {
        "accuracy": 0.7257143020629883,
        "precision": 0.724995344877243,
        "recall": 0.7228571593761444,
        "f1": 0.723881273495147
      },
      "S7": {
        "accuracy": 0.9971428573131561,
        "precision": 0.9971428573131561,
        "recall": 0.9971428573131561,
        "f1": 0.9971428573131561
      },
      "S8": {
        "accuracy": 0.9228571474552154,
        "precision": 0.9228571474552154,
        "recall": 0.9228571474552154,
        "f1": 0.9228571474552154
      },
      "S9": {
        "accuracy": 0.7142857313156128,
        "precision": 0.7142857313156128,
        "recall": 0.7142857313156128,
        "f1": 0.7142857313156128
      },
      "S10": {
        "accuracy": 0.8611111044883728,
        "precision": 0.8587837755680084,
        "recall": 0.8611111044883728,
        "f1": 0.859931499407962
      },
      "S11": {
        "accuracy": 0.8333333253860473,
        "precision": 0.8333333253860473,
        "recall": 0.8333333253860473,
        "f1": 0.8333333253860473
      },
      "S13": {
        "accuracy": 0.8916666746139527,
        "precision": 0.8917288780212402,
        "recall": 0.8916666746139527,
        "f1": 0.8916629221873542
      },
      "S14": {
        "accuracy": 0.5555555522441864,
        "precision": 0.5624142825603485,
        "recall": 0.5583333313465119,
        "f1": 0.5602168685251632
      },
      "S15": {
        "accuracy": 0.7222222089767456,
        "precision": 0.7222222089767456,
        "recall": 0.7222222089767456,
        "f1": 0.7222222089767456
      },
      "S16": {
        "accuracy": 0.6944444179534912,
        "precision": 0.6944444179534912,
        "recall": 0.6944444179534912,
        "f1": 0.6944444179534912
      },
      "S17": {
        "accuracy": 0.9111111044883728,
        "precision": 0.9094594538211822,
        "recall": 0.9166666626930237,
        "f1": 0.9130136938015904
      },
      "average": {
        "accuracy": 0.806887332201004,
        "precision": 0.8070863898595174,
        "recall": 0.8074428880214691,
        "f1": 0.8072319539480184
      }
    },
    "std": {
      "S2": {
        "accuracy": 0.015188184469694754,
        "precision": 0.015188184469694754,
        "recall": 0.015188184469694754,
        "f1": 0.015188184469694754
      },
      "S3": {
        "accuracy": 0.06714076316957518,
        "precision": 0.07009718396645581,
        "recall": 0.06714076316957518,
        "f1": 0.06823134023778828
      },
      "S4": {
        "accuracy": 0.03420625509651575,
        "precision": 0.04426500790083751,
        "recall": 0.03420625509651575,
        "f1": 0.03859070735324556
      },
      "S5": {
        "accuracy": 0.035761870926556895,
        "precision": 0.03562697208146006,
        "recall": 0.035122072029581765,
        "f1": 0.03504473183083652
      },
      "S6": {
        "accuracy": 0.014754221391846184,
        "precision": 0.018742381670698693,
        "recall": 0.01928424335658525,
        "f1": 0.01805693686780354
      },
      "S7": {
        "accuracy": 0.009035078490519842,
        "precision": 0.009035078490519842,
        "recall": 0.009035078490519842,
        "f1": 0.009035078490519842
      },
      "S8": {
        "accuracy": 0.0357618709265569,
        "precision": 0.0357618709265569,
        "recall": 0.0357618709265569,
        "f1": 0.0357618709265569
      },
      "S9": {
        "accuracy": 0.0,
        "precision": 0.0,
        "recall": 0.0,
        "f1": 0.0
      },
      "S10": {
        "accuracy": 0.0,
        "precision": 0.0073596602527320615,
        "recall": 0.0,
        "f1": 0.003730238793604055
      },
      "S11": {
        "accuracy": 0.034644971083461644,
        "precision": 0.034644971083461644,
        "recall": 0.034644971083461644,
        "f1": 0.034644971083461644
      },
      "S13": {
        "accuracy": 0.008784108800166314,
        "precision": 0.007981657256788762,
        "recall": 0.008784108800166316,
        "f1": 0.005882715274130786
      },
      "S14": {
        "accuracy": 0.07172191723862348,
        "precision": 0.06825478608747176,
        "recall": 0.07573372814398133,
        "f1": 0.0716228929308745
      },
      "S15": {
        "accuracy": 0.0,
        "precision": 0.0,
        "recall": 0.0,
        "f1": 0.0
      },
      "S16": {
        "accuracy": 0.0,
        "precision": 0.0,
        "recall": 0.0,
        "f1": 0.0
      },
      "S17": {
        "accuracy": 0.04498131882878728,
        "precision": 0.04597417097671422,
        "recall": 0.039283700699955,
        "f1": 0.042410274913141865
      },
      "average": {
        "accuracy": 0.008007175920694375,
        "precision": 0.009249232565075724,
        "recall": 0.007347366984145869,
        "f1": 0.008209341754405172
      }
    },
    "poor_ratio": 0.0
  }
}