{
  "real_subj_cnt": 15,
  "real_path": "stress_slurm/data/wesad_1hz.pickle",
  "sliding_windows": false,
  "syn_subj_cnt": 15,
  "gan_config": {
    "gan_mode": "DPCGAN-e-10",
    "path": "stress_slurm/data/100_subj_DP-cGAN-e-10.csv",
    "eps": 10
  },
  "privacy_config": {
    "l2_norm_clip": 1.0,
    "eps": null,
    "num_unique_windows": null,
    "delta": null,
    "noise_multiplier": null
  },
  "train_config": {
    "nn_mode": "CNN",
    "epochs": 10,
    "batch_size": 50,
    "learning_rate": 0.001,
    "eval_mode": "TSTR",
    "random_seed": 42,
    "data_noise_parameter": null
  },
  "results": {
    "num_runs": 10,
    "mean": {
      "S2": {
        "accuracy": 0.9823529362678528,
        "precision": 0.9937254846096039,
        "recall": 0.9823529362678528,
        "f1": 0.9876838183146901
      },
      "S3": {
        "accuracy": 0.4000000074505806,
        "precision": 0.38834989368915557,
        "recall": 0.38235294744372367,
        "f1": 0.38520349639433055
      },
      "S4": {
        "accuracy": 0.5514285862445831,
        "precision": 0.5518360167741776,
        "recall": 0.5457143008708953,
        "f1": 0.5487127149436318
      },
      "S5": {
        "accuracy": 0.8600000083446503,
        "precision": 0.866223031282425,
        "recall": 0.865714293718338,
        "f1": 0.8658833726912407
      },
      "S6": {
        "accuracy": 0.8685714364051819,
        "precision": 0.8823220551013946,
        "recall": 0.860000005364418,
        "f1": 0.8698490415454554
      },
      "S7": {
        "accuracy": 0.3342857211828232,
        "precision": 0.33089560866355894,
        "recall": 0.32857143580913545,
        "f1": 0.32938127816077356
      },
      "S8": {
        "accuracy": 0.465714293718338,
        "precision": 0.4654855340719223,
        "recall": 0.4600000113248825,
        "f1": 0.4624998238423844
      },
      "S9": {
        "accuracy": 0.9885714292526245,
        "precision": 0.9885714292526245,
        "recall": 0.9885714292526245,
        "f1": 0.9885714292526245
      },
      "S10": {
        "accuracy": 0.899999988079071,
        "precision": 0.899999988079071,
        "recall": 0.899999988079071,
        "f1": 0.899999988079071
      },
      "S11": {
        "accuracy": 0.5527777791023254,
        "precision": 0.5614406377077102,
        "recall": 0.5416666656732559,
        "f1": 0.5509428137990457
      },
      "S13": {
        "accuracy": 0.7777777791023255,
        "precision": 0.7854450285434723,
        "recall": 0.7694444447755814,
        "f1": 0.7769408471571653
      },
      "S14": {
        "accuracy": 0.5361110985279083,
        "precision": 0.5355834335088729,
        "recall": 0.5361110985279083,
        "f1": 0.5358249092802121
      },
      "S15": {
        "accuracy": 0.7166666686534882,
        "precision": 0.714356106519699,
        "recall": 0.7138888895511627,
        "f1": 0.7139695983734038
      },
      "S16": {
        "accuracy": 0.8638888835906983,
        "precision": 0.8610896587371826,
        "recall": 0.8611111044883728,
        "f1": 0.8610671595112993
      },
      "S17": {
        "accuracy": 0.23888888955116272,
        "precision": 0.23888888955116272,
        "recall": 0.23888888955116272,
        "f1": 0.23888888955116272
      },
      "average": {
        "accuracy": 0.6691357003649075,
        "precision": 0.6709475197394689,
        "recall": 0.6649592293798923,
        "f1": 0.6676946120597661
      }
    },
    "std": {
      "S2": {
        "accuracy": 0.04640063305913252,
        "precision": 0.013260095042000496,
        "recall": 0.04640063305913252,
        "f1": 0.030068878814380605
      },
      "S3": {
        "accuracy": 0.10577336471134109,
        "precision": 0.1269693394746804,
        "recall": 0.13226213558262773,
        "f1": 0.12983500300899287
      },
      "S4": {
        "accuracy": 0.2134056020035452,
        "precision": 0.21359017905410724,
        "recall": 0.21357554484061672,
        "f1": 0.21353724929643458
      },
      "S5": {
        "accuracy": 0.13632692983448577,
        "precision": 0.12965620078954507,
        "recall": 0.1278107935961363,
        "f1": 0.12857895415261525
      },
      "S6": {
        "accuracy": 0.14138927583841346,
        "precision": 0.11580746797616241,
        "recall": 0.15442086848874093,
        "f1": 0.13695984534392944
      },
      "S7": {
        "accuracy": 0.15061476780067642,
        "precision": 0.14449888110486425,
        "recall": 0.1513357045773011,
        "f1": 0.14698982113825299
      },
      "S8": {
        "accuracy": 0.03576187992149681,
        "precision": 0.051727156736913374,
        "recall": 0.06237913976068787,
        "f1": 0.05694777235917488
      },
      "S9": {
        "accuracy": 0.014754221391846175,
        "precision": 0.014754221391846175,
        "recall": 0.014754221391846175,
        "f1": 0.014754221391846175
      },
      "S10": {
        "accuracy": 0.08606630684228912,
        "precision": 0.08606630684228912,
        "recall": 0.08606630684228912,
        "f1": 0.08606630684228912
      },
      "S11": {
        "accuracy": 0.1137420060980159,
        "precision": 0.10949838857609676,
        "recall": 0.11875699512177132,
        "f1": 0.11408612384541618
      },
      "S13": {
        "accuracy": 0.18702786791743062,
        "precision": 0.18568109025066168,
        "recall": 0.19600344809444484,
        "f1": 0.19088966766218612
      },
      "S14": {
        "accuracy": 0.08591674521239008,
        "precision": 0.08117148056648989,
        "recall": 0.08591674521239008,
        "f1": 0.08347109961630354
      },
      "S15": {
        "accuracy": 0.1384561149256656,
        "precision": 0.14004284883207346,
        "recall": 0.13922797999051434,
        "f1": 0.13943120593390076
      },
      "S16": {
        "accuracy": 0.008784108800166309,
        "precision": 0.0018206590504640172,
        "recall": 0.01309457626595066,
        "f1": 0.00745864894029671
      },
      "S17": {
        "accuracy": 0.014344381908739334,
        "precision": 0.014344381908739334,
        "recall": 0.014344381908739334,
        "f1": 0.014344381908739334
      },
      "average": {
        "accuracy": 0.08799508470716959,
        "precision": 0.0866089478877137,
        "recall": 0.09259726764378007,
        "f1": 0.08969261292641131
      }
    },
    "poor_ratio": 0.0
  }
}