{
  "real_subj_cnt": 15,
  "real_path": "stress_slurm/data/wesad_1hz.pickle",
  "sliding_windows": false,
  "syn_subj_cnt": 10,
  "gan_config": {
    "gan_mode": "DPCGAN-e-0.1",
    "path": "stress_slurm/data/100_subj_DP-cGAN-e-0.1.csv",
    "eps": 0.1
  },
  "privacy_config": {
    "l2_norm_clip": 1.0,
    "eps": null,
    "num_unique_windows": null,
    "delta": null,
    "noise_multiplier": null
  },
  "train_config": {
    "nn_mode": "CNN",
    "epochs": 10,
    "batch_size": 50,
    "learning_rate": 0.001,
    "eval_mode": "TSTR",
    "random_seed": 42,
    "data_noise_parameter": null
  },
  "results": {
    "num_runs": 10,
    "mean": {
      "S2": {
        "accuracy": 0.7264705836772919,
        "precision": 0.7286987483501435,
        "recall": 0.7264705836772919,
        "f1": 0.727568037913833
      },
      "S3": {
        "accuracy": 0.9205882370471954,
        "precision": 0.91507568359375,
        "recall": 0.9294117629528046,
        "f1": 0.9219094318588258
      },
      "S4": {
        "accuracy": 1.0,
        "precision": 1.0,
        "recall": 1.0,
        "f1": 1.0
      },
      "S5": {
        "accuracy": 0.7857142984867096,
        "precision": 0.7834908127784729,
        "recall": 0.7857142984867096,
        "f1": 0.7845272721768104
      },
      "S6": {
        "accuracy": 0.7000000178813934,
        "precision": 0.7000000178813934,
        "recall": 0.7000000178813934,
        "f1": 0.7000000178813934
      },
      "S7": {
        "accuracy": 0.9628571450710297,
        "precision": 0.9630158722400666,
        "recall": 0.9657142877578735,
        "f1": 0.9643460770526875
      },
      "S8": {
        "accuracy": 0.908571434020996,
        "precision": 0.9060877680778503,
        "recall": 0.9057142913341523,
        "f1": 0.9058280141858785
      },
      "S9": {
        "accuracy": 0.7142857313156128,
        "precision": 0.7142857313156128,
        "recall": 0.7142857313156128,
        "f1": 0.7142857313156128
      },
      "S10": {
        "accuracy": 0.8388888776302338,
        "precision": 0.8380371868610382,
        "recall": 0.8333333194255829,
        "f1": 0.8355876999974239
      },
      "S11": {
        "accuracy": 0.9027777850627899,
        "precision": 0.9033411324024201,
        "recall": 0.9055555641651154,
        "f1": 0.9043283920247775
      },
      "S13": {
        "accuracy": 0.8499999880790711,
        "precision": 0.8481231093406677,
        "recall": 0.8527777671813965,
        "f1": 0.8504185570205749
      },
      "S14": {
        "accuracy": 0.5,
        "precision": 0.5,
        "recall": 0.5,
        "f1": 0.5
      },
      "S15": {
        "accuracy": 0.7222222089767456,
        "precision": 0.7222222089767456,
        "recall": 0.7222222089767456,
        "f1": 0.7222222089767456
      },
      "S16": {
        "accuracy": 0.6694444417953491,
        "precision": 0.6686186075210572,
        "recall": 0.6722222208976746,
        "f1": 0.6703957318588544
      },
      "S17": {
        "accuracy": 0.9111111164093018,
        "precision": 0.9165572762489319,
        "recall": 0.9138888955116272,
        "f1": 0.915134419473904
      },
      "average": {
        "accuracy": 0.807528791030248,
        "precision": 0.8071702770392101,
        "recall": 0.8084873966375987,
        "f1": 0.8077701061158213
      }
    },
    "std": {
      "S2": {
        "accuracy": 0.014207216861400904,
        "precision": 0.017180851130133394,
        "recall": 0.014207216861400904,
        "f1": 0.015343003499746526
      },
      "S3": {
        "accuracy": 0.04395394712640595,
        "precision": 0.05507814320575365,
        "recall": 0.02841447348287788,
        "f1": 0.04133625179686932
      },
      "S4": {
        "accuracy": 0.0,
        "precision": 0.0,
        "recall": 0.0,
        "f1": 0.0
      },
      "S5": {
        "accuracy": 0.030860668152979113,
        "precision": 0.027073153218395592,
        "recall": 0.030860668152979113,
        "f1": 0.0279772852698136
      },
      "S6": {
        "accuracy": 0.015058464150866395,
        "precision": 0.015058464150866395,
        "recall": 0.015058464150866395,
        "f1": 0.015058464150866395
      },
      "S7": {
        "accuracy": 0.030267138352263016,
        "precision": 0.030154553002015076,
        "recall": 0.029508442783692343,
        "f1": 0.029531239352574432
      },
      "S8": {
        "accuracy": 0.026255329391422652,
        "precision": 0.028567923874962757,
        "recall": 0.01928424335658525,
        "f1": 0.022876689465741375
      },
      "S9": {
        "accuracy": 0.0,
        "precision": 0.0,
        "recall": 0.0,
        "f1": 0.0
      },
      "S10": {
        "accuracy": 0.0175682050345758,
        "precision": 0.016640718377289726,
        "recall": 0.022680455173884576,
        "f1": 0.01786234833816486
      },
      "S11": {
        "accuracy": 0.023606571389251506,
        "precision": 0.025686743121909418,
        "recall": 0.023424279138739706,
        "f1": 0.02195099942925068
      },
      "S13": {
        "accuracy": 0.023424290133776813,
        "precision": 0.023088360511704507,
        "recall": 0.022868694303209244,
        "f1": 0.022450507627411687
      },
      "S14": {
        "accuracy": 0.0,
        "precision": 0.0,
        "recall": 0.0,
        "f1": 0.0
      },
      "S15": {
        "accuracy": 0.0,
        "precision": 0.0,
        "recall": 0.0,
        "f1": 0.0
      },
      "S16": {
        "accuracy": 0.02432206869532708,
        "precision": 0.024131174655676588,
        "recall": 0.021911390185520456,
        "f1": 0.022748299373518265
      },
      "S17": {
        "accuracy": 0.02552601108263234,
        "precision": 0.022340501579130055,
        "recall": 0.024322079284510315,
        "f1": 0.021387802675334244
      },
      "average": {
        "accuracy": 0.008686510734317445,
        "precision": 0.009687517135569555,
        "recall": 0.008802657659415502,
        "f1": 0.008848193818615773
      }
    },
    "poor_ratio": 0.0
  }
}