{
  "real_subj_cnt": 15,
  "real_path": "stress_slurm/data/wesad_1hz.pickle",
  "sliding_windows": false,
  "syn_subj_cnt": 5,
  "gan_config": {
    "gan_mode": "DPCGAN-e-10",
    "path": "stress_slurm/data/100_subj_DP-cGAN-e-10.csv",
    "eps": 10
  },
  "privacy_config": {
    "l2_norm_clip": 1.0,
    "eps": null,
    "num_unique_windows": null,
    "delta": null,
    "noise_multiplier": null
  },
  "train_config": {
    "nn_mode": "CNN",
    "epochs": 10,
    "batch_size": 50,
    "learning_rate": 0.001,
    "eval_mode": "TSTR",
    "random_seed": 42,
    "data_noise_parameter": null
  },
  "results": {
    "num_runs": 10,
    "mean": {
      "S2": {
        "accuracy": 1.0,
        "precision": 1.0,
        "recall": 1.0,
        "f1": 1.0
      },
      "S3": {
        "accuracy": 0.38235294818878174,
        "precision": 0.38673006892204287,
        "recall": 0.3911764770746231,
        "f1": 0.38872812506163934
      },
      "S4": {
        "accuracy": 0.3914285868406296,
        "precision": 0.39300050139427184,
        "recall": 0.4114285856485367,
        "f1": 0.3998504526483438
      },
      "S5": {
        "accuracy": 0.8942857205867767,
        "precision": 0.8920015156269073,
        "recall": 0.9114285767078399,
        "f1": 0.9010834484078345
      },
      "S6": {
        "accuracy": 0.9400000035762787,
        "precision": 0.9351318538188934,
        "recall": 0.9428571462631226,
        "f1": 0.9388669226887278
      },
      "S7": {
        "accuracy": 0.27428572475910185,
        "precision": 0.28369963467121123,
        "recall": 0.28000001013278963,
        "f1": 0.2815243335865062
      },
      "S8": {
        "accuracy": 0.4085714340209961,
        "precision": 0.41509691476821897,
        "recall": 0.4285714358091354,
        "f1": 0.4214630427097651
      },
      "S9": {
        "accuracy": 1.0,
        "precision": 1.0,
        "recall": 1.0,
        "f1": 1.0
      },
      "S10": {
        "accuracy": 0.8333333134651184,
        "precision": 0.8333333134651184,
        "recall": 0.8333333134651184,
        "f1": 0.8333333134651184
      },
      "S11": {
        "accuracy": 0.6250000059604645,
        "precision": 0.6240179359912872,
        "recall": 0.6388888925313949,
        "f1": 0.6307506027939834
      },
      "S13": {
        "accuracy": 0.8388888835906982,
        "precision": 0.8250451028347016,
        "recall": 0.8416666686534882,
        "f1": 0.8326093248698424
      },
      "S14": {
        "accuracy": 0.4805555522441864,
        "precision": 0.48498283624649047,
        "recall": 0.48888888359069826,
        "f1": 0.4868903635480458
      },
      "S15": {
        "accuracy": 0.7083333373069763,
        "precision": 0.7059797883033753,
        "recall": 0.7055555582046509,
        "f1": 0.7051740451313553
      },
      "S16": {
        "accuracy": 0.8611111044883728,
        "precision": 0.8611111044883728,
        "recall": 0.8611111044883728,
        "f1": 0.8611111044883728
      },
      "S17": {
        "accuracy": 0.24444444477558136,
        "precision": 0.24444444477558136,
        "recall": 0.24444444477558136,
        "f1": 0.24444444477558136
      },
      "average": {
        "accuracy": 0.6588394039869309,
        "precision": 0.6589716676870981,
        "recall": 0.6652900731563568,
        "f1": 0.6617219682783411
      }
    },
    "std": {
      "S2": {
        "accuracy": 0.0,
        "precision": 0.0,
        "recall": 0.0,
        "f1": 0.0
      },
      "S3": {
        "accuracy": 0.05882352590560913,
        "precision": 0.060021713188200425,
        "recall": 0.06208289904069834,
        "f1": 0.06011979206024818
      },
      "S4": {
        "accuracy": 0.13606054911233068,
        "precision": 0.12359775403456828,
        "recall": 0.13549272100451448,
        "f1": 0.12306957925123017
      },
      "S5": {
        "accuracy": 0.0962328939141227,
        "precision": 0.09285956218358059,
        "recall": 0.09471283161526027,
        "f1": 0.0906751542298104
      },
      "S6": {
        "accuracy": 0.041403931092674505,
        "precision": 0.03960227446871165,
        "recall": 0.03809523582458495,
        "f1": 0.03740066257683862
      },
      "S7": {
        "accuracy": 0.06625724454849646,
        "precision": 0.06050578463237233,
        "recall": 0.05353702598058845,
        "f1": 0.05587241204108765
      },
      "S8": {
        "accuracy": 0.030267138352263013,
        "precision": 0.025317395602286547,
        "recall": 0.04040610639817232,
        "f1": 0.03147613015243993
      },
      "S9": {
        "accuracy": 0.0,
        "precision": 0.0,
        "recall": 0.0,
        "f1": 0.0
      },
      "S10": {
        "accuracy": 0.0,
        "precision": 0.0,
        "recall": 0.0,
        "f1": 0.0
      },
      "S11": {
        "accuracy": 0.07663401281842461,
        "precision": 0.07421587261419392,
        "recall": 0.08977184693447154,
        "f1": 0.08007979460186293
      },
      "S13": {
        "accuracy": 0.11549974620511569,
        "precision": 0.1184702661950583,
        "recall": 0.11568517309995668,
        "f1": 0.11453008602261702
      },
      "S14": {
        "accuracy": 0.03220839150872148,
        "precision": 0.030665564723798035,
        "recall": 0.02986022812104675,
        "f1": 0.02994375868202655
      },
      "S15": {
        "accuracy": 0.08307574658182797,
        "precision": 0.09984721533867057,
        "recall": 0.0890045687061598,
        "f1": 0.09198813675891421
      },
      "S16": {
        "accuracy": 0.0,
        "precision": 0.0,
        "recall": 0.0,
        "f1": 0.0
      },
      "S17": {
        "accuracy": 0.011712138784007196,
        "precision": 0.011712138784007196,
        "recall": 0.011712138784007196,
        "f1": 0.011712138784007196
      },
      "average": {
        "accuracy": 0.040206860702255015,
        "precision": 0.04151948517260629,
        "recall": 0.041960569928514345,
        "f1": 0.04047877653820224
      }
    },
    "poor_ratio": 0.0
  }
}