{
  "real_subj_cnt": 15,
  "real_path": "stress_slurm/data/wesad_1hz.pickle",
  "sliding_windows": false,
  "syn_subj_cnt": 15,
  "gan_config": {
    "gan_mode": "DPCGAN-e-10",
    "path": "stress_slurm/data/100_subj_DP-cGAN-e-10.csv",
    "eps": 10
  },
  "privacy_config": {
    "l2_norm_clip": 1.0,
    "eps": null,
    "num_unique_windows": null,
    "delta": null,
    "noise_multiplier": null
  },
  "train_config": {
    "nn_mode": "CNN",
    "epochs": 10,
    "batch_size": 50,
    "learning_rate": 0.001,
    "eval_mode": "TSTR",
    "random_seed": 42,
    "data_noise_parameter": null
  },
  "results": {
    "num_runs": 10,
    "mean": {
      "S2": {
        "accuracy": 0.8823529481887817,
        "precision": 0.8823529481887817,
        "recall": 0.8823529481887817,
        "f1": 0.8823529481887817
      },
      "S3": {
        "accuracy": 0.6529411911964417,
        "precision": 0.6549019753932953,
        "recall": 0.6529411911964417,
        "f1": 0.6539069505783093
      },
      "S4": {
        "accuracy": 0.8085714399814605,
        "precision": 0.8003367722034455,
        "recall": 0.8142857253551483,
        "f1": 0.8071495729192805
      },
      "S5": {
        "accuracy": 1.0,
        "precision": 1.0,
        "recall": 1.0,
        "f1": 1.0
      },
      "S6": {
        "accuracy": 1.0,
        "precision": 1.0,
        "recall": 1.0,
        "f1": 1.0
      },
      "S7": {
        "accuracy": 0.9714285731315613,
        "precision": 0.9714285731315613,
        "recall": 0.9714285731315613,
        "f1": 0.9714285731315613
      },
      "S8": {
        "accuracy": 0.8914285778999329,
        "precision": 0.8914285778999329,
        "recall": 0.8914285778999329,
        "f1": 0.8914285778999329
      },
      "S9": {
        "accuracy": 1.0,
        "precision": 1.0,
        "recall": 1.0,
        "f1": 1.0
      },
      "S10": {
        "accuracy": 1.0,
        "precision": 1.0,
        "recall": 1.0,
        "f1": 1.0
      },
      "S11": {
        "accuracy": 0.7361111044883728,
        "precision": 0.7328077971935272,
        "recall": 0.7388888835906983,
        "f1": 0.7358066890785093
      },
      "S13": {
        "accuracy": 0.9944444417953491,
        "precision": 0.9944444417953491,
        "recall": 0.9944444417953491,
        "f1": 0.9944444417953491
      },
      "S14": {
        "accuracy": 0.6944444179534912,
        "precision": 0.6944444179534912,
        "recall": 0.6944444179534912,
        "f1": 0.6944444179534912
      },
      "S15": {
        "accuracy": 0.9722222089767456,
        "precision": 0.9722222089767456,
        "recall": 0.9722222089767456,
        "f1": 0.9722222089767456
      },
      "S16": {
        "accuracy": 0.9527777671813965,
        "precision": 0.9526984035968781,
        "recall": 0.949999988079071,
        "f1": 0.9513301928916921
      },
      "S17": {
        "accuracy": 0.6555555701255799,
        "precision": 0.6536508083343506,
        "recall": 0.6500000119209289,
        "f1": 0.651799700274824
      },
      "average": {
        "accuracy": 0.8808185493946075,
        "precision": 0.8800477949778239,
        "recall": 0.8808291312058767,
        "f1": 0.880420951579232
      }
    },
    "std": {
      "S2": {
        "accuracy": 0.0,
        "precision": 0.0,
        "recall": 0.0,
        "f1": 0.0
      },
      "S3": {
        "accuracy": 0.012401075558480478,
        "precision": 0.012907450685583362,
        "recall": 0.012401075558480478,
        "f1": 0.012267407824918735
      },
      "S4": {
        "accuracy": 0.04477203265916219,
        "precision": 0.034946970293969315,
        "recall": 0.04517539245259918,
        "f1": 0.03906211889757996
      },
      "S5": {
        "accuracy": 0.0,
        "precision": 0.0,
        "recall": 0.0,
        "f1": 0.0
      },
      "S6": {
        "accuracy": 0.0,
        "precision": 0.0,
        "recall": 0.0,
        "f1": 0.0
      },
      "S7": {
        "accuracy": 0.0,
        "precision": 0.0,
        "recall": 0.0,
        "f1": 0.0
      },
      "S8": {
        "accuracy": 0.01807015698103967,
        "precision": 0.01807015698103967,
        "recall": 0.01807015698103967,
        "f1": 0.01807015698103967
      },
      "S9": {
        "accuracy": 0.0,
        "precision": 0.0,
        "recall": 0.0,
        "f1": 0.0
      },
      "S10": {
        "accuracy": 0.0,
        "precision": 0.0,
        "recall": 0.0,
        "f1": 0.0
      },
      "S11": {
        "accuracy": 0.014640181333610516,
        "precision": 0.012307892900264393,
        "recall": 0.014344389603665884,
        "f1": 0.012421245454421559
      },
      "S13": {
        "accuracy": 0.011712145066888415,
        "precision": 0.011712145066888415,
        "recall": 0.011712145066888415,
        "f1": 0.011712145066888415
      },
      "S14": {
        "accuracy": 0.0,
        "precision": 0.0,
        "recall": 0.0,
        "f1": 0.0
      },
      "S15": {
        "accuracy": 0.0,
        "precision": 0.0,
        "recall": 0.0,
        "f1": 0.0
      },
      "S16": {
        "accuracy": 0.022868673387760274,
        "precision": 0.022794953785425082,
        "recall": 0.021911396902203006,
        "f1": 0.021940406512519963
      },
      "S17": {
        "accuracy": 0.014344389603665889,
        "precision": 0.013223286350988418,
        "recall": 0.014344389603665868,
        "f1": 0.013255932880327717
      },
      "average": {
        "accuracy": 0.006006126650996679,
        "precision": 0.005344939500352342,
        "recall": 0.005465741721446672,
        "f1": 0.005236339102279179
      }
    },
    "poor_ratio": 0.0
  }
}