{
  "real_subj_cnt": 15,
  "real_path": "stress_slurm/data/wesad_1hz.pickle",
  "sliding_windows": false,
  "syn_subj_cnt": 10,
  "gan_config": {
    "gan_mode": "DPCGAN-e-1",
    "path": "stress_slurm/data/100_subj_DP-cGAN-e-1.csv",
    "eps": 1
  },
  "privacy_config": {
    "l2_norm_clip": 1.0,
    "eps": null,
    "num_unique_windows": null,
    "delta": null,
    "noise_multiplier": null
  },
  "train_config": {
    "nn_mode": "CNN",
    "epochs": 10,
    "batch_size": 50,
    "learning_rate": 0.001,
    "eval_mode": "TSTR",
    "random_seed": 42,
    "data_noise_parameter": null
  },
  "results": {
    "num_runs": 10,
    "mean": {
      "S2": {
        "accuracy": 0.6970588386058807,
        "precision": 0.6965844571590424,
        "recall": 0.6911764860153198,
        "f1": 0.6937556722192368
      },
      "S3": {
        "accuracy": 0.6705882251262665,
        "precision": 0.6705882251262665,
        "recall": 0.6705882251262665,
        "f1": 0.6705882251262665
      },
      "S4": {
        "accuracy": 0.7285714447498322,
        "precision": 0.7266359567642212,
        "recall": 0.7200000166893006,
        "f1": 0.7231168977758882
      },
      "S5": {
        "accuracy": 0.7428571581840515,
        "precision": 0.7428571581840515,
        "recall": 0.7428571581840515,
        "f1": 0.7428571581840515
      },
      "S6": {
        "accuracy": 0.7142857313156128,
        "precision": 0.7142857313156128,
        "recall": 0.7142857313156128,
        "f1": 0.7142857313156128
      },
      "S7": {
        "accuracy": 0.7428571581840515,
        "precision": 0.7428571581840515,
        "recall": 0.7428571581840515,
        "f1": 0.7428571581840515
      },
      "S8": {
        "accuracy": 0.7428571581840515,
        "precision": 0.7428571581840515,
        "recall": 0.7428571581840515,
        "f1": 0.7428571581840515
      },
      "S9": {
        "accuracy": 0.7142857313156128,
        "precision": 0.713445395231247,
        "recall": 0.7114285886287689,
        "f1": 0.7124223773906622
      },
      "S10": {
        "accuracy": 0.7194444298744201,
        "precision": 0.7185714185237885,
        "recall": 0.7166666567325592,
        "f1": 0.717605623813925
      },
      "S11": {
        "accuracy": 0.6805555343627929,
        "precision": 0.6711538225412369,
        "recall": 0.6583333104848862,
        "f1": 0.6637096543279821
      },
      "S13": {
        "accuracy": 0.7222222089767456,
        "precision": 0.7222222089767456,
        "recall": 0.7222222089767456,
        "f1": 0.7222222089767456
      },
      "S14": {
        "accuracy": 0.6972221970558167,
        "precision": 0.6972221970558167,
        "recall": 0.6972221970558167,
        "f1": 0.6972221970558167
      },
      "S15": {
        "accuracy": 0.7222222089767456,
        "precision": 0.7222222089767456,
        "recall": 0.7222222089767456,
        "f1": 0.7222222089767456
      },
      "S16": {
        "accuracy": 0.6916666448116302,
        "precision": 0.6916666448116302,
        "recall": 0.6916666448116302,
        "f1": 0.6916666448116302
      },
      "S17": {
        "accuracy": 0.699999988079071,
        "precision": 0.7051724016666412,
        "recall": 0.6944444328546524,
        "f1": 0.6992307574311657
      },
      "average": {
        "accuracy": 0.712446310520172,
        "precision": 0.7118894761800766,
        "recall": 0.7092552121480306,
        "f1": 0.7104413115849221
      }
    },
    "std": {
      "S2": {
        "accuracy": 0.027902457703868375,
        "precision": 0.029402583555603736,
        "recall": 0.04650408989023275,
        "f1": 0.03834798697617122
      },
      "S3": {
        "accuracy": 0.01860163218636437,
        "precision": 0.01860163218636437,
        "recall": 0.01860163218636437,
        "f1": 0.01860163218636437
      },
      "S4": {
        "accuracy": 0.04517539245259919,
        "precision": 0.05129594287102103,
        "recall": 0.0722806279241587,
        "f1": 0.06242418449464143
      },
      "S5": {
        "accuracy": 0.0,
        "precision": 0.0,
        "recall": 0.0,
        "f1": 0.0
      },
      "S6": {
        "accuracy": 0.0,
        "precision": 0.0,
        "recall": 0.0,
        "f1": 0.0
      },
      "S7": {
        "accuracy": 0.0,
        "precision": 0.0,
        "recall": 0.0,
        "f1": 0.0
      },
      "S8": {
        "accuracy": 0.0,
        "precision": 0.0,
        "recall": 0.0,
        "f1": 0.0
      },
      "S9": {
        "accuracy": 0.0,
        "precision": 0.002657376026623482,
        "recall": 0.009035078490519842,
        "f1": 0.0058924424898583235
      },
      "S10": {
        "accuracy": 0.008784108800166312,
        "precision": 0.011544813091342403,
        "recall": 0.017568198751688965,
        "f1": 0.014598924126652266
      },
      "S11": {
        "accuracy": 0.04392050630354422,
        "precision": 0.07365132956419203,
        "recall": 0.11419334843190923,
        "f1": 0.09719185640350335
      },
      "S13": {
        "accuracy": 0.0,
        "precision": 0.0,
        "recall": 0.0,
        "f1": 0.0
      },
      "S14": {
        "accuracy": 0.008784108800166312,
        "precision": 0.008784108800166312,
        "recall": 0.008784108800166312,
        "f1": 0.008784108800166312
      },
      "S15": {
        "accuracy": 0.0,
        "precision": 0.0,
        "recall": 0.0,
        "f1": 0.0
      },
      "S16": {
        "accuracy": 0.008784089951522646,
        "precision": 0.008784089951522646,
        "recall": 0.008784089951522646,
        "f1": 0.008784089951522646
      },
      "S17": {
        "accuracy": 0.07027283270404318,
        "precision": 0.053916224766918555,
        "recall": 0.08784104088005397,
        "f1": 0.07270535359743108
      },
      "average": {
        "accuracy": 0.014310460753462782,
        "precision": 0.01607132554756148,
        "recall": 0.02440159984708561,
        "f1": 0.02065082409506522
      }
    },
    "poor_ratio": 0.0
  }
}