{
  "real_subj_cnt": 15,
  "real_path": "stress_slurm/data/wesad_1hz.pickle",
  "sliding_windows": false,
  "syn_subj_cnt": 50,
  "gan_config": {
    "gan_mode": "DPCGAN-e-1",
    "path": "stress_slurm/data/100_subj_DP-cGAN-e-1.csv",
    "eps": 1
  },
  "privacy_config": {
    "l2_norm_clip": 1.0,
    "eps": null,
    "num_unique_windows": null,
    "delta": null,
    "noise_multiplier": null
  },
  "train_config": {
    "nn_mode": "CNN",
    "epochs": 10,
    "batch_size": 50,
    "learning_rate": 0.001,
    "eval_mode": "TSTR",
    "random_seed": 42,
    "data_noise_parameter": null
  },
  "results": {
    "num_runs": 10,
    "mean": {
      "S2": {
        "accuracy": 0.5941176623106003,
        "precision": 0.5941176623106003,
        "recall": 0.5941176623106003,
        "f1": 0.5941176623106003
      },
      "S3": {
        "accuracy": 0.6029411733150483,
        "precision": 0.5988970547914505,
        "recall": 0.5970588207244873,
        "f1": 0.597950085745808
      },
      "S4": {
        "accuracy": 0.6085714416578412,
        "precision": 0.6085714416578412,
        "recall": 0.6085714416578412,
        "f1": 0.6085714416578412
      },
      "S5": {
        "accuracy": 0.6828571557998657,
        "precision": 0.6842857271432876,
        "recall": 0.6828571557998657,
        "f1": 0.6835610895059461
      },
      "S6": {
        "accuracy": 0.6771428734064102,
        "precision": 0.6791596800088883,
        "recall": 0.6771428734064102,
        "f1": 0.6781366621683035
      },
      "S7": {
        "accuracy": 0.7142857283353805,
        "precision": 0.7142857283353805,
        "recall": 0.7142857283353805,
        "f1": 0.7142857283353805
      },
      "S8": {
        "accuracy": 0.6200000124052167,
        "precision": 0.6213852943852544,
        "recall": 0.6200000124052167,
        "f1": 0.6206722815930328
      },
      "S9": {
        "accuracy": 0.6542857319116593,
        "precision": 0.6543723076581955,
        "recall": 0.6514285862445831,
        "f1": 0.6528571569525143
      },
      "S10": {
        "accuracy": 0.6694444328546524,
        "precision": 0.6694444328546524,
        "recall": 0.6694444328546524,
        "f1": 0.6694444328546524
      },
      "S11": {
        "accuracy": 0.6027777597308159,
        "precision": 0.6046031579375267,
        "recall": 0.6027777597308159,
        "f1": 0.6036776039077634
      },
      "S13": {
        "accuracy": 0.6361110985279084,
        "precision": 0.6326164782047272,
        "recall": 0.6249999880790711,
        "f1": 0.6285240356495663
      },
      "S14": {
        "accuracy": 0.7416666448116302,
        "precision": 0.7416666448116302,
        "recall": 0.7416666448116302,
        "f1": 0.7416666448116302
      },
      "S15": {
        "accuracy": 0.7083333253860473,
        "precision": 0.7083333253860473,
        "recall": 0.7083333253860473,
        "f1": 0.7083333253860473
      },
      "S16": {
        "accuracy": 0.6916666448116302,
        "precision": 0.6936507761478424,
        "recall": 0.6916666448116302,
        "f1": 0.6926447376931051
      },
      "S17": {
        "accuracy": 0.5805555464699864,
        "precision": 0.5829146029427648,
        "recall": 0.5722222121432423,
        "f1": 0.577022380223166
      },
      "average": {
        "accuracy": 0.6523171487823128,
        "precision": 0.6525536209717393,
        "recall": 0.6504382192467649,
        "f1": 0.6514310179196905
      }
    },
    "std": {
      "S2": {
        "accuracy": 0.23562069320925902,
        "precision": 0.23562069320925902,
        "recall": 0.23562069320925902,
        "f1": 0.23562069320925902
      },
      "S3": {
        "accuracy": 0.1346032290441255,
        "precision": 0.14327704150146198,
        "recall": 0.14741785337840088,
        "f1": 0.14539589098554537
      },
      "S4": {
        "accuracy": 0.2597923529737656,
        "precision": 0.2597923529737656,
        "recall": 0.2597923529737656,
        "f1": 0.2597923529737656
      },
      "S5": {
        "accuracy": 0.12809435775324005,
        "precision": 0.12570887919248264,
        "recall": 0.12809435775324005,
        "f1": 0.12690441163079338
      },
      "S6": {
        "accuracy": 0.10779168919084127,
        "precision": 0.10815793416230124,
        "recall": 0.10779168919084127,
        "f1": 0.10792522288534437
      },
      "S7": {
        "accuracy": 0.09035079432952019,
        "precision": 0.09035079432952019,
        "recall": 0.09035079432952019,
        "f1": 0.09035079432952019
      },
      "S8": {
        "accuracy": 0.26326056610227067,
        "precision": 0.26099873611814595,
        "recall": 0.26326056610227067,
        "f1": 0.2621562084377697
      },
      "S9": {
        "accuracy": 0.134989711836477,
        "precision": 0.13489018711816148,
        "recall": 0.1385378822073958,
        "f1": 0.13670068058618814
      },
      "S10": {
        "accuracy": 0.1259054930604572,
        "precision": 0.1259054930604572,
        "recall": 0.1259054930604572,
        "f1": 0.1259054930604572
      },
      "S11": {
        "accuracy": 0.18520832149311459,
        "precision": 0.18569309574844767,
        "recall": 0.18520832149311459,
        "f1": 0.18542499646207036
      },
      "S13": {
        "accuracy": 0.22772883753572928,
        "precision": 0.2288938839099698,
        "recall": 0.23323410194158706,
        "f1": 0.2309240124096101
      },
      "S14": {
        "accuracy": 0.10479748248984364,
        "precision": 0.10479748248984364,
        "recall": 0.10479748248984364,
        "f1": 0.10479748248984364
      },
      "S15": {
        "accuracy": 0.03000341894018908,
        "precision": 0.03000341894018908,
        "recall": 0.03000341894018908,
        "f1": 0.03000341894018908
      },
      "S16": {
        "accuracy": 0.008784089951522642,
        "precision": 0.011347938655405343,
        "recall": 0.008784089951522642,
        "f1": 0.009631432573998781
      },
      "S17": {
        "accuracy": 0.25406502455935615,
        "precision": 0.2525195740349606,
        "recall": 0.2583316683476219,
        "f1": 0.2552251902823791
      },
      "average": {
        "accuracy": 0.13218383055132632,
        "precision": 0.1322510858426367,
        "recall": 0.13403415381411052,
        "f1": 0.1331578052400925
      }
    },
    "poor_ratio": 0.0
  }
}