{
  "real_subj_cnt": 15,
  "real_path": "stress_slurm/data/wesad_1hz.pickle",
  "sliding_windows": false,
  "syn_subj_cnt": 30,
  "gan_config": {
    "gan_mode": "DPCGAN-e-1",
    "path": "stress_slurm/data/100_subj_DP-cGAN-e-1.csv",
    "eps": 1
  },
  "privacy_config": {
    "l2_norm_clip": 1.0,
    "eps": null,
    "num_unique_windows": null,
    "delta": null,
    "noise_multiplier": null
  },
  "train_config": {
    "nn_mode": "CNN",
    "epochs": 10,
    "batch_size": 50,
    "learning_rate": 0.001,
    "eval_mode": "TSTR",
    "random_seed": 42,
    "data_noise_parameter": null
  },
  "results": {
    "num_runs": 10,
    "mean": {
      "S2": {
        "accuracy": 0.8470588088035583,
        "precision": 0.850657296180725,
        "recall": 0.8382352769374848,
        "f1": 0.8442772618998469
      },
      "S3": {
        "accuracy": 0.5823529481887817,
        "precision": 0.5835410416126251,
        "recall": 0.5764706015586853,
        "f1": 0.5799014816399951
      },
      "S4": {
        "accuracy": 0.8571428656578064,
        "precision": 0.8645474791526795,
        "recall": 0.8457142949104309,
        "f1": 0.8546642926384704
      },
      "S5": {
        "accuracy": 0.9685714304447174,
        "precision": 0.9773015856742859,
        "recall": 0.9742857158184052,
        "f1": 0.9756924152843144
      },
      "S6": {
        "accuracy": 0.9428571462631226,
        "precision": 0.9428571462631226,
        "recall": 0.9428571462631226,
        "f1": 0.9428571462631226
      },
      "S7": {
        "accuracy": 0.548571452498436,
        "precision": 0.5496962040662765,
        "recall": 0.5514285922050476,
        "f1": 0.5504650297775164
      },
      "S8": {
        "accuracy": 0.8542857229709625,
        "precision": 0.8538655519485474,
        "recall": 0.8514285802841186,
        "f1": 0.8526294069239082
      },
      "S9": {
        "accuracy": 0.9428571462631226,
        "precision": 0.9428571462631226,
        "recall": 0.9428571462631226,
        "f1": 0.9428571462631226
      },
      "S10": {
        "accuracy": 1.0,
        "precision": 1.0,
        "recall": 1.0,
        "f1": 1.0
      },
      "S11": {
        "accuracy": 0.5083333402872086,
        "precision": 0.5081746101379394,
        "recall": 0.5027777820825576,
        "f1": 0.5054180695160103
      },
      "S13": {
        "accuracy": 0.7194444298744201,
        "precision": 0.7199206292629242,
        "recall": 0.7138888716697693,
        "f1": 0.7168622732186123
      },
      "S14": {
        "accuracy": 0.6333333373069763,
        "precision": 0.6295337378978729,
        "recall": 0.6194444477558136,
        "f1": 0.6242704648822032
      },
      "S15": {
        "accuracy": 0.8583333253860473,
        "precision": 0.8587087035179138,
        "recall": 0.8611111044883728,
        "f1": 0.8598934492120422
      },
      "S16": {
        "accuracy": 0.9833333253860473,
        "precision": 0.9833333253860473,
        "recall": 0.9805555462837219,
        "f1": 0.9819248740007612
      },
      "S17": {
        "accuracy": 0.23333333432674408,
        "precision": 0.23082633167505265,
        "recall": 0.22777777910232544,
        "f1": 0.22927230170705398
      },
      "average": {
        "accuracy": 0.7653205742438633,
        "precision": 0.766388052602609,
        "recall": 0.7619221923748652,
        "f1": 0.7640657075484654
      }
    },
    "std": {
      "S2": {
        "accuracy": 0.012401075558480478,
        "precision": 0.0038966223520468858,
        "recall": 0.02499519025601557,
        "f1": 0.014753141014954818
      },
      "S3": {
        "accuracy": 0.023200314850400174,
        "precision": 0.017041777924149553,
        "recall": 0.015188184469694768,
        "f1": 0.014384049738959492
      },
      "S4": {
        "accuracy": 0.0893412472429117,
        "precision": 0.090097428173411,
        "recall": 0.10363024531828287,
        "f1": 0.09578804001670026
      },
      "S5": {
        "accuracy": 0.016218462238948454,
        "precision": 0.022495173685409757,
        "recall": 0.02108184981121295,
        "f1": 0.019094921644157235
      },
      "S6": {
        "accuracy": 0.0,
        "precision": 0.0,
        "recall": 0.0,
        "f1": 0.0
      },
      "S7": {
        "accuracy": 0.032436930894757285,
        "precision": 0.029464551428296674,
        "recall": 0.03576188309618017,
        "f1": 0.03195018995800793
      },
      "S8": {
        "accuracy": 0.009035078490519842,
        "precision": 0.008985005723223997,
        "recall": 0.01204677132069311,
        "f1": 0.009927244334241088
      },
      "S9": {
        "accuracy": 0.0,
        "precision": 0.0,
        "recall": 0.0,
        "f1": 0.0
      },
      "S10": {
        "accuracy": 0.0,
        "precision": 0.0,
        "recall": 0.0,
        "f1": 0.0
      },
      "S11": {
        "accuracy": 0.02942639310523338,
        "precision": 0.02743439303966724,
        "recall": 0.033256093375432,
        "f1": 0.03016285458236636
      },
      "S13": {
        "accuracy": 0.008784108800166309,
        "precision": 0.01188093461746482,
        "recall": 0.013417947829829947,
        "f1": 0.011716860856756483
      },
      "S14": {
        "accuracy": 0.011712145066888412,
        "precision": 0.01544465084248462,
        "recall": 0.034768486813548785,
        "f1": 0.025342332475703246
      },
      "S15": {
        "accuracy": 0.015767957857565375,
        "precision": 0.01588567696020017,
        "recall": 0.018518527348836265,
        "f1": 0.016810673903864735
      },
      "S16": {
        "accuracy": 0.014344389603665889,
        "precision": 0.014344389603665889,
        "recall": 0.013417947829829932,
        "f1": 0.013169433364919209
      },
      "S17": {
        "accuracy": 0.019422384919560606,
        "precision": 0.019736165526678215,
        "recall": 0.021911405298051048,
        "f1": 0.020774460810948896
      },
      "average": {
        "accuracy": 0.009023492543516531,
        "precision": 0.008774943045073418,
        "recall": 0.013123919470845286,
        "f1": 0.010806954190590348
      }
    },
    "poor_ratio": 0.0
  }
}