{
  "real_subj_cnt": 15,
  "real_path": "stress_slurm/data/wesad_1hz.pickle",
  "sliding_windows": false,
  "syn_subj_cnt": 5,
  "gan_config": {
    "gan_mode": "CGAN",
    "path": "stress_slurm/data/100_subj_cGAN.csv",
    "eps": null
  },
  "privacy_config": {
    "l2_norm_clip": 1.0,
    "eps": null,
    "num_unique_windows": null,
    "delta": null,
    "noise_multiplier": null
  },
  "train_config": {
    "nn_mode": "CNN",
    "epochs": 10,
    "batch_size": 50,
    "learning_rate": 0.001,
    "eval_mode": "TSTR",
    "random_seed": 42,
    "data_noise_parameter": null
  },
  "results": {
    "num_runs": 10,
    "mean": {
      "S2": {
        "accuracy": 0.7823529422283173,
        "precision": 0.7850378811359405,
        "recall": 0.7823529422283173,
        "f1": 0.7835426780080171
      },
      "S3": {
        "accuracy": 0.8911764621734619,
        "precision": 0.8894284665584564,
        "recall": 0.8941176414489747,
        "f1": 0.8914829778638346
      },
      "S4": {
        "accuracy": 0.9914285719394684,
        "precision": 0.9914285719394684,
        "recall": 0.9857142865657806,
        "f1": 0.9885300213901017
      },
      "S5": {
        "accuracy": 0.8400000095367431,
        "precision": 0.8445123493671417,
        "recall": 0.8371428668498992,
        "f1": 0.8406359771030696
      },
      "S6": {
        "accuracy": 0.9514285743236541,
        "precision": 0.9543506562709808,
        "recall": 0.9514285743236541,
        "f1": 0.9527896841146063
      },
      "S7": {
        "accuracy": 0.9600000023841858,
        "precision": 0.9627731084823609,
        "recall": 0.9600000023841858,
        "f1": 0.9613664604840823
      },
      "S8": {
        "accuracy": 0.9800000011920929,
        "precision": 0.9828571438789367,
        "recall": 0.9771428585052491,
        "f1": 0.97995859332957
      },
      "S9": {
        "accuracy": 0.9600000023841858,
        "precision": 0.9592111647129059,
        "recall": 0.9457142889499665,
        "f1": 0.9521099191394322
      },
      "S10": {
        "accuracy": 0.9833333253860473,
        "precision": 0.9860317409038544,
        "recall": 0.9777777671813965,
        "f1": 0.9818466274280959
      },
      "S11": {
        "accuracy": 0.8861110985279084,
        "precision": 0.903837251663208,
        "recall": 0.8805555403232574,
        "f1": 0.8917016811299142
      },
      "S13": {
        "accuracy": 0.9916666626930237,
        "precision": 0.9916666626930237,
        "recall": 0.9861111044883728,
        "f1": 0.9888497599224513
      },
      "S14": {
        "accuracy": 0.511111119389534,
        "precision": 0.5057189643383027,
        "recall": 0.5027777850627899,
        "f1": 0.5039678840779993
      },
      "S15": {
        "accuracy": 0.9944444417953491,
        "precision": 0.9944444417953491,
        "recall": 0.9944444417953491,
        "f1": 0.9944444417953491
      },
      "S16": {
        "accuracy": 0.7222222089767456,
        "precision": 0.7218356966972351,
        "recall": 0.7222222149372101,
        "f1": 0.7213445443355215
      },
      "S17": {
        "accuracy": 0.8222222208976746,
        "precision": 0.8258422195911408,
        "recall": 0.8166666686534881,
        "f1": 0.8207267138708799
      },
      "average": {
        "accuracy": 0.8844998429218928,
        "precision": 0.8865984213352203,
        "recall": 0.8809445989131927,
        "f1": 0.8835531975995284
      }
    },
    "std": {
      "S2": {
        "accuracy": 0.02056487057268749,
        "precision": 0.023473353726820925,
        "recall": 0.02056487057268749,
        "f1": 0.018913722152445092
      },
      "S3": {
        "accuracy": 0.019851419625565983,
        "precision": 0.02284327254808372,
        "recall": 0.024802174677770256,
        "f1": 0.017076363311578455
      },
      "S4": {
        "accuracy": 0.013801310364224837,
        "precision": 0.013801310364224837,
        "recall": 0.015058464150866398,
        "f1": 0.013137964374463615
      },
      "S5": {
        "accuracy": 0.04704414590158249,
        "precision": 0.04692500775267528,
        "recall": 0.05048517139351034,
        "f1": 0.04706912768014547
      },
      "S6": {
        "accuracy": 0.02710523547155951,
        "precision": 0.027112771892839865,
        "recall": 0.027105235471559512,
        "f1": 0.025217349903312977
      },
      "S7": {
        "accuracy": 0.014754221391846171,
        "precision": 0.01374576634532953,
        "recall": 0.014754221391846171,
        "f1": 0.013575845561414156
      },
      "S8": {
        "accuracy": 0.013801310364224832,
        "precision": 0.014754221391846168,
        "recall": 0.012046771320693107,
        "f1": 0.0120252445152198
      },
      "S9": {
        "accuracy": 0.03614031396207934,
        "precision": 0.03735744604914701,
        "recall": 0.05462716017139584,
        "f1": 0.04381185490143484
      },
      "S10": {
        "accuracy": 0.023424290133776834,
        "precision": 0.023659738902900313,
        "recall": 0.0255260283793275,
        "f1": 0.02371006402682658
      },
      "S11": {
        "accuracy": 0.05147015798719148,
        "precision": 0.04954010668489202,
        "recall": 0.0490828059899766,
        "f1": 0.04589344085784874
      },
      "S13": {
        "accuracy": 0.013417947829829939,
        "precision": 0.013417947829829939,
        "recall": 0.01464018133361052,
        "f1": 0.01277273809272426
      },
      "S14": {
        "accuracy": 0.039717808452872795,
        "precision": 0.0408796628047169,
        "recall": 0.04620362260486384,
        "f1": 0.04197239356899464
      },
      "S15": {
        "accuracy": 0.017568217600332618,
        "precision": 0.017568217600332618,
        "recall": 0.017568217600332618,
        "f1": 0.017568217600332618
      },
      "S16": {
        "accuracy": 0.05707790886736572,
        "precision": 0.05470229148159865,
        "recall": 0.07522258434232705,
        "f1": 0.06181195923250825
      },
      "S17": {
        "accuracy": 0.049344116660676784,
        "precision": 0.04638114651651332,
        "recall": 0.06307180226271873,
        "f1": 0.051758824959779424
      },
      "average": {
        "accuracy": 0.009912027527114575,
        "precision": 0.011703988846817894,
        "recall": 0.01705837214874122,
        "f1": 0.012354687973150936
      }
    },
    "poor_ratio": 0.0
  }
}