{
  "real_subj_cnt": 15,
  "real_path": "stress_slurm/data/wesad_1hz.pickle",
  "sliding_windows": false,
  "syn_subj_cnt": 100,
  "gan_config": {
    "gan_mode": "CGAN",
    "path": "stress_slurm/data/100_subj_cGAN.csv",
    "eps": null
  },
  "privacy_config": {
    "l2_norm_clip": 1.0,
    "eps": null,
    "num_unique_windows": null,
    "delta": null,
    "noise_multiplier": null
  },
  "train_config": {
    "nn_mode": "CNN",
    "epochs": 10,
    "batch_size": 50,
    "learning_rate": 0.001,
    "eval_mode": "TSTR",
    "random_seed": 42,
    "data_noise_parameter": null
  },
  "results": {
    "num_runs": 10,
    "mean": {
      "S2": {
        "accuracy": 0.8294117510318756,
        "precision": 0.8253577768802642,
        "recall": 0.8323529303073883,
        "f1": 0.8287666460066525
      },
      "S3": {
        "accuracy": 0.855882340669632,
        "precision": 0.8611993849277496,
        "recall": 0.855882340669632,
        "f1": 0.8584653377772933
      },
      "S4": {
        "accuracy": 0.9885714292526245,
        "precision": 0.9885714292526245,
        "recall": 0.9885714292526245,
        "f1": 0.9885714292526245
      },
      "S5": {
        "accuracy": 1.0,
        "precision": 1.0,
        "recall": 1.0,
        "f1": 1.0
      },
      "S6": {
        "accuracy": 0.9685714304447174,
        "precision": 0.9685714304447174,
        "recall": 0.9685714304447174,
        "f1": 0.9685714304447174
      },
      "S7": {
        "accuracy": 0.9285714328289032,
        "precision": 0.9285714328289032,
        "recall": 0.9285714328289032,
        "f1": 0.9285714328289032
      },
      "S8": {
        "accuracy": 0.8942857205867767,
        "precision": 0.8942857205867767,
        "recall": 0.8942857205867767,
        "f1": 0.8942857205867767
      },
      "S9": {
        "accuracy": 0.9314285755157471,
        "precision": 0.9314285755157471,
        "recall": 0.9314285755157471,
        "f1": 0.9314285755157471
      },
      "S10": {
        "accuracy": 0.9805555462837219,
        "precision": 0.9806263327598572,
        "recall": 0.9805555462837219,
        "f1": 0.980553939106251
      },
      "S11": {
        "accuracy": 0.8833333373069763,
        "precision": 0.8848412752151489,
        "recall": 0.875,
        "f1": 0.8798513328147015
      },
      "S13": {
        "accuracy": 0.9638888716697693,
        "precision": 0.9587086915969849,
        "recall": 0.9666666507720947,
        "f1": 0.9626331646058993
      },
      "S14": {
        "accuracy": 0.6111111164093017,
        "precision": 0.6026025772094726,
        "recall": 0.6083333373069764,
        "f1": 0.6052816906671563
      },
      "S15": {
        "accuracy": 0.9388888716697693,
        "precision": 0.9338588416576385,
        "recall": 0.9388888716697693,
        "f1": 0.9363394044033468
      },
      "S16": {
        "accuracy": 0.8638888895511627,
        "precision": 0.8641498208045959,
        "recall": 0.8611111104488373,
        "f1": 0.862505488593361
      },
      "S17": {
        "accuracy": 0.6638888955116272,
        "precision": 0.6602852821350098,
        "recall": 0.6638888955116272,
        "f1": 0.662062406472807
      },
      "average": {
        "accuracy": 0.8868185472488402,
        "precision": 0.8855372381210327,
        "recall": 0.8862738847732544,
        "f1": 0.8858591999384158
      }
    },
    "std": {
      "S2": {
        "accuracy": 0.033390956335232334,
        "precision": 0.03480691328006972,
        "recall": 0.031157351742238572,
        "f1": 0.031952830096299706
      },
      "S3": {
        "accuracy": 0.03236778033572886,
        "precision": 0.02995898314251529,
        "recall": 0.025752788718344976,
        "f1": 0.026752418890989078
      },
      "S4": {
        "accuracy": 0.014754221391846173,
        "precision": 0.014754221391846173,
        "recall": 0.014754221391846173,
        "f1": 0.014754221391846173
      },
      "S5": {
        "accuracy": 0.0,
        "precision": 0.0,
        "recall": 0.0,
        "f1": 0.0
      },
      "S6": {
        "accuracy": 0.02108184981121295,
        "precision": 0.02108184981121295,
        "recall": 0.02108184981121295,
        "f1": 0.02108184981121295
      },
      "S7": {
        "accuracy": 0.015058464150866395,
        "precision": 0.015058464150866395,
        "recall": 0.015058464150866395,
        "f1": 0.015058464150866395
      },
      "S8": {
        "accuracy": 0.023522072950791242,
        "precision": 0.023522072950791242,
        "recall": 0.023522072950791242,
        "f1": 0.023522072950791242
      },
      "S9": {
        "accuracy": 0.01475422139184618,
        "precision": 0.01475422139184618,
        "recall": 0.01475422139184618,
        "f1": 0.01475422139184618
      },
      "S10": {
        "accuracy": 0.02286869430320923,
        "precision": 0.02264316029937661,
        "recall": 0.02286869430320923,
        "f1": 0.0219149269915306
      },
      "S11": {
        "accuracy": 0.017568217600332614,
        "precision": 0.015919026549465313,
        "recall": 0.01964186439892595,
        "f1": 0.01673798052508456
      },
      "S13": {
        "accuracy": 0.022868694303209248,
        "precision": 0.019474562890034894,
        "recall": 0.021911417052245506,
        "f1": 0.01969630052943416
      },
      "S14": {
        "accuracy": 0.08881169372538292,
        "precision": 0.08454178518691542,
        "recall": 0.09392559015217433,
        "f1": 0.08850284255111858
      },
      "S15": {
        "accuracy": 0.036571138110314295,
        "precision": 0.03901889096166626,
        "recall": 0.036571138110314295,
        "f1": 0.03745731813295929
      },
      "S16": {
        "accuracy": 0.040253833892233526,
        "precision": 0.043006261070103594,
        "recall": 0.03207501877862244,
        "f1": 0.03614625089850488
      },
      "S17": {
        "accuracy": 0.020496234120862513,
        "precision": 0.021344007733588494,
        "recall": 0.020496234120862513,
        "f1": 0.020582708248187156
      },
      "average": {
        "accuracy": 0.012503883003333426,
        "precision": 0.012490736233892193,
        "recall": 0.012711527521872096,
        "f1": 0.012449205024434635
      }
    },
    "poor_ratio": 0.0
  }
}