{
  "real_subj_cnt": 15,
  "real_path": "stress_slurm/data/wesad_1hz.pickle",
  "sliding_windows": false,
  "syn_subj_cnt": 10,
  "gan_config": {
    "gan_mode": "DPCGAN-e-10",
    "path": "stress_slurm/data/100_subj_DP-cGAN-e-10.csv",
    "eps": 10
  },
  "privacy_config": {
    "l2_norm_clip": 1.0,
    "eps": null,
    "num_unique_windows": null,
    "delta": null,
    "noise_multiplier": null
  },
  "train_config": {
    "nn_mode": "CNN",
    "epochs": 10,
    "batch_size": 50,
    "learning_rate": 0.001,
    "eval_mode": "TSTR",
    "random_seed": 42,
    "data_noise_parameter": null
  },
  "results": {
    "num_runs": 10,
    "mean": {
      "S2": {
        "accuracy": 1.0,
        "precision": 1.0,
        "recall": 1.0,
        "f1": 1.0
      },
      "S3": {
        "accuracy": 0.48235294222831726,
        "precision": 0.48592114746570586,
        "recall": 0.4794117659330368,
        "f1": 0.4822712320692898
      },
      "S4": {
        "accuracy": 0.6485714435577392,
        "precision": 0.648726350069046,
        "recall": 0.6457143008708954,
        "f1": 0.6471391479299129
      },
      "S5": {
        "accuracy": 0.954285717010498,
        "precision": 0.9504365086555481,
        "recall": 0.9628571450710297,
        "f1": 0.9561898944312374
      },
      "S6": {
        "accuracy": 0.9685714304447174,
        "precision": 0.9633204638957977,
        "recall": 0.9657142877578735,
        "f1": 0.9644237417862204
      },
      "S7": {
        "accuracy": 0.3542857259511948,
        "precision": 0.36572267711162565,
        "recall": 0.348571440577507,
        "f1": 0.3561483051058304
      },
      "S8": {
        "accuracy": 0.46285715103149416,
        "precision": 0.4660206466913223,
        "recall": 0.47142857909202573,
        "f1": 0.46864934150388454
      },
      "S9": {
        "accuracy": 1.0,
        "precision": 1.0,
        "recall": 0.9971428573131561,
        "f1": 0.9985507247253167
      },
      "S10": {
        "accuracy": 0.9166666626930237,
        "precision": 0.9261233150959015,
        "recall": 0.9111111044883728,
        "f1": 0.9176806023562121
      },
      "S11": {
        "accuracy": 0.6527777850627899,
        "precision": 0.6526164710521698,
        "recall": 0.6527777850627899,
        "f1": 0.6525241422323174
      },
      "S13": {
        "accuracy": 0.8777777910232544,
        "precision": 0.886233103275299,
        "recall": 0.8750000119209289,
        "f1": 0.8802502308951381
      },
      "S14": {
        "accuracy": 0.5583333313465119,
        "precision": 0.5647044748067855,
        "recall": 0.5611111134290695,
        "f1": 0.5626801891711638
      },
      "S15": {
        "accuracy": 0.7833333313465118,
        "precision": 0.7803608775138855,
        "recall": 0.7833333313465118,
        "f1": 0.7808049292790591
      },
      "S16": {
        "accuracy": 0.8666666626930237,
        "precision": 0.8666666626930237,
        "recall": 0.8666666626930237,
        "f1": 0.8666666626930237
      },
      "S17": {
        "accuracy": 0.27777777761220934,
        "precision": 0.2766516521573067,
        "recall": 0.27777777761220934,
        "f1": 0.2772070017011847
      },
      "average": {
        "accuracy": 0.7202838501334191,
        "precision": 0.7222336233655612,
        "recall": 0.7199078775445621,
        "f1": 0.7207457430586527
      }
    },
    "std": {
      "S2": {
        "accuracy": 0.0,
        "precision": 0.0,
        "recall": 0.0,
        "f1": 0.0
      },
      "S3": {
        "accuracy": 0.08456414653937917,
        "precision": 0.08367416423688144,
        "recall": 0.08324677823557086,
        "f1": 0.08228290078498166
      },
      "S4": {
        "accuracy": 0.1846980758837794,
        "precision": 0.18227609940616318,
        "recall": 0.18329313259431473,
        "f1": 0.18261207458768736
      },
      "S5": {
        "accuracy": 0.07523206278489174,
        "precision": 0.07498645220535288,
        "recall": 0.0713332655046782,
        "f1": 0.07026545504579243
      },
      "S6": {
        "accuracy": 0.03144299625769731,
        "precision": 0.03508630847603689,
        "recall": 0.02950844278369235,
        "f1": 0.030910157006027613
      },
      "S7": {
        "accuracy": 0.17047353422008962,
        "precision": 0.1730458823225301,
        "recall": 0.1631881953458422,
        "f1": 0.16686870109782054
      },
      "S8": {
        "accuracy": 0.03761604296220715,
        "precision": 0.03278530451797082,
        "recall": 0.036265594492100574,
        "f1": 0.034080943616240124
      },
      "S9": {
        "accuracy": 0.0,
        "precision": 0.0,
        "recall": 0.009035078490519832,
        "f1": 0.004583010824565573
      },
      "S10": {
        "accuracy": 0.0729074873239971,
        "precision": 0.07920525734263233,
        "recall": 0.07267192164768906,
        "f1": 0.07004942182913093
      },
      "S11": {
        "accuracy": 0.03982556890510166,
        "precision": 0.04102263521906223,
        "recall": 0.047664948138271504,
        "f1": 0.0431379782313468
      },
      "S13": {
        "accuracy": 0.07878536276513476,
        "precision": 0.08406812885131264,
        "recall": 0.0743628613331947,
        "f1": 0.07705739222004217
      },
      "S14": {
        "accuracy": 0.06605947996895108,
        "precision": 0.06614451448635297,
        "recall": 0.06521042978044451,
        "f1": 0.0645676970349036
      },
      "S15": {
        "accuracy": 0.0826100325857777,
        "precision": 0.08539739321265438,
        "recall": 0.08958064657646025,
        "f1": 0.08215657874424095
      },
      "S16": {
        "accuracy": 0.011712145066888412,
        "precision": 0.011712145066888412,
        "recall": 0.011712145066888412,
        "f1": 0.011712145066888412
      },
      "S17": {
        "accuracy": 0.06676946683960332,
        "precision": 0.06421272247028595,
        "recall": 0.06676946683960332,
        "f1": 0.06546185271747235
      },
      "average": {
        "accuracy": 0.05415044252933369,
        "precision": 0.05546709702682222,
        "recall": 0.055001934583396105,
        "f1": 0.05437402031360453
      }
    },
    "poor_ratio": 0.0
  }
}