{
  "real_subj_cnt": 15,
  "real_path": "stress_slurm/data/wesad_1hz.pickle",
  "sliding_windows": false,
  "syn_subj_cnt": 50,
  "gan_config": {
    "gan_mode": "CGAN",
    "path": "stress_slurm/data/100_subj_cGAN.csv",
    "eps": null
  },
  "privacy_config": {
    "l2_norm_clip": 1.0,
    "eps": null,
    "num_unique_windows": null,
    "delta": null,
    "noise_multiplier": null
  },
  "train_config": {
    "nn_mode": "CNN",
    "epochs": 10,
    "batch_size": 50,
    "learning_rate": 0.001,
    "eval_mode": "TSTR",
    "random_seed": 42,
    "data_noise_parameter": null
  },
  "results": {
    "num_runs": 10,
    "mean": {
      "S2": {
        "accuracy": 0.8264705836772919,
        "precision": 0.829465240240097,
        "recall": 0.8294117629528046,
        "f1": 0.8294034929453463
      },
      "S3": {
        "accuracy": 0.8852941155433655,
        "precision": 0.8816492617130279,
        "recall": 0.8794117510318756,
        "f1": 0.8803617737086018
      },
      "S4": {
        "accuracy": 0.9714285731315613,
        "precision": 0.9714285731315613,
        "recall": 0.9714285731315613,
        "f1": 0.9714285731315613
      },
      "S5": {
        "accuracy": 0.9942857146263122,
        "precision": 0.9942857146263122,
        "recall": 0.9942857146263122,
        "f1": 0.9942857146263122
      },
      "S6": {
        "accuracy": 0.9285714328289032,
        "precision": 0.9285714328289032,
        "recall": 0.9285714328289032,
        "f1": 0.9285714328289032
      },
      "S7": {
        "accuracy": 0.9285714328289032,
        "precision": 0.9259523868560791,
        "recall": 0.9285714328289032,
        "f1": 0.927243465868591
      },
      "S8": {
        "accuracy": 0.8857142925262451,
        "precision": 0.8861577928066253,
        "recall": 0.888571435213089,
        "f1": 0.8872743723096759
      },
      "S9": {
        "accuracy": 0.908571434020996,
        "precision": 0.905952388048172,
        "recall": 0.908571434020996,
        "f1": 0.9072434670606839
      },
      "S10": {
        "accuracy": 0.9333333194255828,
        "precision": 0.9358730018138885,
        "recall": 0.9333333194255828,
        "f1": 0.9345852755336764
      },
      "S11": {
        "accuracy": 0.8916666746139527,
        "precision": 0.8938888967037201,
        "recall": 0.8888888955116272,
        "f1": 0.8913536848233962
      },
      "S13": {
        "accuracy": 0.9444444179534912,
        "precision": 0.9444444179534912,
        "recall": 0.9444444179534912,
        "f1": 0.9444444179534912
      },
      "S14": {
        "accuracy": 0.4888888865709305,
        "precision": 0.4886529386043549,
        "recall": 0.48611110746860503,
        "f1": 0.487344307432342
      },
      "S15": {
        "accuracy": 0.8611111164093017,
        "precision": 0.8633333384990692,
        "recall": 0.8611111164093017,
        "f1": 0.8622065780040314
      },
      "S16": {
        "accuracy": 0.8277777850627899,
        "precision": 0.8272264122962951,
        "recall": 0.8250000059604645,
        "f1": 0.8260013628289885
      },
      "S17": {
        "accuracy": 0.7416666626930237,
        "precision": 0.743607896566391,
        "recall": 0.7416666626930237,
        "f1": 0.7425954502852438
      },
      "average": {
        "accuracy": 0.86785309612751,
        "precision": 0.8680326461791992,
        "recall": 0.867291937470436,
        "f1": 0.8676228912893897
      }
    },
    "std": {
      "S2": {
        "accuracy": 0.03521232003994524,
        "precision": 0.032906357494625074,
        "recall": 0.03339094816832141,
        "f1": 0.03269606695914716
      },
      "S3": {
        "accuracy": 0.03784363602241382,
        "precision": 0.0296921542481363,
        "recall": 0.04691562964601837,
        "f1": 0.03710895188742516
      },
      "S4": {
        "accuracy": 0.0,
        "precision": 0.0,
        "recall": 0.0,
        "f1": 0.0
      },
      "S5": {
        "accuracy": 0.01807015698103967,
        "precision": 0.01807015698103967,
        "recall": 0.01807015698103967,
        "f1": 0.01807015698103967
      },
      "S6": {
        "accuracy": 0.02020304968684854,
        "precision": 0.02020304968684854,
        "recall": 0.02020304968684854,
        "f1": 0.02020304968684854
      },
      "S7": {
        "accuracy": 0.015058464150866398,
        "precision": 0.014567328135893235,
        "recall": 0.015058464150866398,
        "f1": 0.014220922132294301
      },
      "S8": {
        "accuracy": 0.04665694470061356,
        "precision": 0.04169936085680191,
        "recall": 0.04353953816926956,
        "f1": 0.041580808492769586
      },
      "S9": {
        "accuracy": 0.026255329391422652,
        "precision": 0.023630277010425336,
        "recall": 0.026255329391422652,
        "f1": 0.024612981430298306
      },
      "S10": {
        "accuracy": 0.019422368817504143,
        "precision": 0.013816496090251526,
        "recall": 0.019422368817504143,
        "f1": 0.016408912900704557
      },
      "S11": {
        "accuracy": 0.02762303889423378,
        "precision": 0.02857646217788499,
        "recall": 0.029280362667221043,
        "f1": 0.02845140922090717
      },
      "S13": {
        "accuracy": 0.0,
        "precision": 0.0,
        "recall": 0.0,
        "f1": 0.0
      },
      "S14": {
        "accuracy": 0.026835890175512654,
        "precision": 0.02885150444644239,
        "recall": 0.0327364336404025,
        "f1": 0.03055723787488637
      },
      "S15": {
        "accuracy": 0.04899539548373213,
        "precision": 0.045148742161875144,
        "recall": 0.04899539548373213,
        "f1": 0.047007296249899994
      },
      "S16": {
        "accuracy": 0.03414645029761085,
        "precision": 0.03470962385161641,
        "recall": 0.041512054256718764,
        "f1": 0.03681859082261878
      },
      "S17": {
        "accuracy": 0.034768504274311655,
        "precision": 0.029729432491506596,
        "recall": 0.034768504274311655,
        "f1": 0.03188374474597049
      },
      "average": {
        "accuracy": 0.011843015161300409,
        "precision": 0.011014892465840607,
        "recall": 0.013817308173806107,
        "f1": 0.012306735931827524
      }
    },
    "poor_ratio": 0.0
  }
}