{
  "real_subj_cnt": 15,
  "real_path": "stress_slurm/data/wesad_1hz.pickle",
  "sliding_windows": false,
  "syn_subj_cnt": 5,
  "gan_config": {
    "gan_mode": "CGAN",
    "path": "stress_slurm/data/100_subj_cGAN.csv",
    "eps": null
  },
  "privacy_config": {
    "l2_norm_clip": 1.0,
    "eps": null,
    "num_unique_windows": null,
    "delta": null,
    "noise_multiplier": null
  },
  "train_config": {
    "nn_mode": "CNN",
    "epochs": 10,
    "batch_size": 50,
    "learning_rate": 0.001,
    "eval_mode": "TSTR",
    "random_seed": 42,
    "data_noise_parameter": null
  },
  "results": {
    "num_runs": 10,
    "mean": {
      "S2": {
        "accuracy": 0.7823529422283173,
        "precision": 0.7840463519096375,
        "recall": 0.779411768913269,
        "f1": 0.7816944739579039
      },
      "S3": {
        "accuracy": 0.8911764621734619,
        "precision": 0.8988302171230316,
        "recall": 0.8852941155433655,
        "f1": 0.8919187489940669
      },
      "S4": {
        "accuracy": 0.9857142865657806,
        "precision": 0.9857142865657806,
        "recall": 0.9857142865657806,
        "f1": 0.9857142865657806
      },
      "S5": {
        "accuracy": 0.842857152223587,
        "precision": 0.8470270037651062,
        "recall": 0.8342857241630555,
        "f1": 0.8404257705654123
      },
      "S6": {
        "accuracy": 0.9428571462631226,
        "precision": 0.9427731096744537,
        "recall": 0.9400000035762787,
        "f1": 0.9413664616761752
      },
      "S7": {
        "accuracy": 0.954285717010498,
        "precision": 0.954285717010498,
        "recall": 0.954285717010498,
        "f1": 0.954285717010498
      },
      "S8": {
        "accuracy": 0.9771428585052491,
        "precision": 0.9828571438789367,
        "recall": 0.9771428585052491,
        "f1": 0.97995859332957
      },
      "S9": {
        "accuracy": 0.908571434020996,
        "precision": 0.908151262998581,
        "recall": 0.9057142913341523,
        "f1": 0.9069151179739418
      },
      "S10": {
        "accuracy": 0.977777773141861,
        "precision": 0.9830158710479736,
        "recall": 0.9666666567325592,
        "f1": 0.974685887033543
      },
      "S11": {
        "accuracy": 0.8777777671813964,
        "precision": 0.8818198382854462,
        "recall": 0.8638888776302338,
        "f1": 0.872589852713071
      },
      "S13": {
        "accuracy": 0.9888888835906983,
        "precision": 0.9916666626930237,
        "recall": 0.9861111044883728,
        "f1": 0.9888497599224513
      },
      "S14": {
        "accuracy": 0.5000000149011612,
        "precision": 0.49457745254039764,
        "recall": 0.4916666805744171,
        "f1": 0.49306923794712426
      },
      "S15": {
        "accuracy": 1.0,
        "precision": 1.0,
        "recall": 1.0,
        "f1": 1.0
      },
      "S16": {
        "accuracy": 0.7138888776302338,
        "precision": 0.7191864132881165,
        "recall": 0.7055555522441864,
        "f1": 0.7121605721282152
      },
      "S17": {
        "accuracy": 0.8083333373069763,
        "precision": 0.8169240772724151,
        "recall": 0.7888888955116272,
        "f1": 0.8023543563783748
      },
      "average": {
        "accuracy": 0.8767749768495559,
        "precision": 0.8793916938702265,
        "recall": 0.8709751021862029,
        "f1": 0.8750659224130752
      }
    },
    "std": {
      "S2": {
        "accuracy": 0.0205648705726875,
        "precision": 0.019404447131588263,
        "recall": 0.020797250006108426,
        "f1": 0.019521432024888274
      },
      "S3": {
        "accuracy": 0.019851419625565997,
        "precision": 0.023725530227396856,
        "recall": 0.016695471750761227,
        "f1": 0.017997934178601575
      },
      "S4": {
        "accuracy": 0.015058464150866393,
        "precision": 0.015058464150866393,
        "recall": 0.015058464150866393,
        "f1": 0.015058464150866393
      },
      "S5": {
        "accuracy": 0.05593971154416522,
        "precision": 0.05698944162288241,
        "recall": 0.05181512265914143,
        "f1": 0.052899721454349256
      },
      "S6": {
        "accuracy": 0.030116928301732793,
        "precision": 0.030029391197769515,
        "recall": 0.02841225333540487,
        "f1": 0.02888951610722499
      },
      "S7": {
        "accuracy": 0.014754221391846173,
        "precision": 0.014754221391846173,
        "recall": 0.014754221391846173,
        "f1": 0.014754221391846173
      },
      "S8": {
        "accuracy": 0.012046771320693123,
        "precision": 0.014754221391846171,
        "recall": 0.012046771320693123,
        "f1": 0.012025244515219802
      },
      "S9": {
        "accuracy": 0.06841251019303152,
        "precision": 0.06877540643536106,
        "recall": 0.0713332655046782,
        "f1": 0.0699785583634493
      },
      "S10": {
        "accuracy": 0.025526012524019683,
        "precision": 0.027531536096827014,
        "recall": 0.034146462150166534,
        "f1": 0.02954073674700023
      },
      "S11": {
        "accuracy": 0.0754501732712528,
        "precision": 0.07176446910128526,
        "recall": 0.0660594677156639,
        "f1": 0.06774106900106434
      },
      "S13": {
        "accuracy": 0.014344389603665877,
        "precision": 0.013417947829829946,
        "recall": 0.014640181333610525,
        "f1": 0.012772738092724235
      },
      "S14": {
        "accuracy": 0.0729074948937936,
        "precision": 0.07396593432059209,
        "recall": 0.07296626357008995,
        "f1": 0.07332597172861137
      },
      "S15": {
        "accuracy": 0.0,
        "precision": 0.0,
        "recall": 0.0,
        "f1": 0.0
      },
      "S16": {
        "accuracy": 0.08389727878015471,
        "precision": 0.07574696052862502,
        "recall": 0.08093249578057997,
        "f1": 0.07770190514223042
      },
      "S17": {
        "accuracy": 0.059215842094083,
        "precision": 0.06401247330457795,
        "recall": 0.058852781209107294,
        "f1": 0.05897590927898248
      },
      "average": {
        "accuracy": 0.023548760213612907,
        "precision": 0.024317819167697374,
        "recall": 0.023785310352773408,
        "f1": 0.023709953470119383
      }
    },
    "poor_ratio": 0.0
  }
}