{
  "real_subj_cnt": 15,
  "real_path": "stress_slurm/data/wesad_1hz.pickle",
  "sliding_windows": false,
  "syn_subj_cnt": 15,
  "gan_config": {
    "gan_mode": "DPCGAN-e-10",
    "path": "stress_slurm/data/100_subj_DP-cGAN-e-10.csv",
    "eps": 10
  },
  "privacy_config": {
    "l2_norm_clip": 1.0,
    "eps": null,
    "num_unique_windows": null,
    "delta": null,
    "noise_multiplier": null
  },
  "train_config": {
    "nn_mode": "CNN",
    "epochs": 10,
    "batch_size": 50,
    "learning_rate": 0.001,
    "eval_mode": "TSTR",
    "random_seed": 42,
    "data_noise_parameter": null
  },
  "results": {
    "num_runs": 10,
    "mean": {
      "S2": {
        "accuracy": 0.9735294044017792,
        "precision": 0.9763814568519592,
        "recall": 0.9735294044017792,
        "f1": 0.9749341466347712
      },
      "S3": {
        "accuracy": 0.36470588594675063,
        "precision": 0.3686223641037941,
        "recall": 0.3705882400274277,
        "f1": 0.3695346568670369
      },
      "S4": {
        "accuracy": 0.5171428710222244,
        "precision": 0.518823167681694,
        "recall": 0.5142857283353806,
        "f1": 0.5161941828664791
      },
      "S5": {
        "accuracy": 0.8771428644657135,
        "precision": 0.8750797271728515,
        "recall": 0.8742857217788697,
        "f1": 0.8742281094672629
      },
      "S6": {
        "accuracy": 0.8542857229709625,
        "precision": 0.8606270730495453,
        "recall": 0.8571428656578064,
        "f1": 0.858457928399471
      },
      "S7": {
        "accuracy": 0.2828571513295174,
        "precision": 0.2830242678523064,
        "recall": 0.2942857205867767,
        "f1": 0.2880282049874254
      },
      "S8": {
        "accuracy": 0.45142858326435087,
        "precision": 0.45733403265476225,
        "recall": 0.4600000113248825,
        "f1": 0.45851855108906037
      },
      "S9": {
        "accuracy": 0.9828571438789367,
        "precision": 0.9833204627037049,
        "recall": 0.9857142865657806,
        "f1": 0.9844237405941276
      },
      "S10": {
        "accuracy": 0.9055555462837219,
        "precision": 0.9054718911647797,
        "recall": 0.9055555462837219,
        "f1": 0.9054767631102221
      },
      "S11": {
        "accuracy": 0.5138888895511627,
        "precision": 0.5123016834259033,
        "recall": 0.5027777791023255,
        "f1": 0.5072073540268727
      },
      "S13": {
        "accuracy": 0.7027777791023254,
        "precision": 0.7101032972335816,
        "recall": 0.6972222328186035,
        "f1": 0.7027924408632367
      },
      "S14": {
        "accuracy": 0.5277777731418609,
        "precision": 0.5313003718852997,
        "recall": 0.5305555522441864,
        "f1": 0.5307840385909091
      },
      "S15": {
        "accuracy": 0.6972222328186035,
        "precision": 0.7075831711292266,
        "recall": 0.6916666746139526,
        "f1": 0.6992382253533443
      },
      "S16": {
        "accuracy": 0.8611111044883728,
        "precision": 0.8591591536998748,
        "recall": 0.8638888835906983,
        "f1": 0.8614916232339569
      },
      "S17": {
        "accuracy": 0.24444444626569747,
        "precision": 0.2452574536204338,
        "recall": 0.25000000149011614,
        "f1": 0.24747474871577085
      },
      "average": {
        "accuracy": 0.650448493262132,
        "precision": 0.6529593049486478,
        "recall": 0.6514332432548204,
        "f1": 0.651918980986663
      }
    },
    "std": {
      "S2": {
        "accuracy": 0.037843643743119736,
        "precision": 0.03617228151315696,
        "recall": 0.037843643743119736,
        "f1": 0.036754317752752036
      },
      "S3": {
        "accuracy": 0.1218213675681696,
        "precision": 0.11342254124153284,
        "recall": 0.11781034098310432,
        "f1": 0.11555921540827811
      },
      "S4": {
        "accuracy": 0.23921640923745355,
        "precision": 0.23804205055677502,
        "recall": 0.2431837217300354,
        "f1": 0.2407033433662445
      },
      "S5": {
        "accuracy": 0.12347940603710443,
        "precision": 0.12357490823755336,
        "recall": 0.14138927583841343,
        "f1": 0.13116970755688084
      },
      "S6": {
        "accuracy": 0.1376511661637107,
        "precision": 0.1277333957649206,
        "recall": 0.1158621365283299,
        "f1": 0.12133746976769302
      },
      "S7": {
        "accuracy": 0.09080142844584767,
        "precision": 0.09159959331524689,
        "recall": 0.12638350656258052,
        "f1": 0.10704806670736541
      },
      "S8": {
        "accuracy": 0.055205254481751974,
        "precision": 0.06283880002691253,
        "recall": 0.07672432885414258,
        "f1": 0.06943713898921611
      },
      "S9": {
        "accuracy": 0.027602620728449663,
        "precision": 0.026333445555917045,
        "recall": 0.015058464150866395,
        "f1": 0.019204284639712996
      },
      "S10": {
        "accuracy": 0.07986615221879931,
        "precision": 0.07767500608262255,
        "recall": 0.07986615221879931,
        "f1": 0.07850059347966923
      },
      "S11": {
        "accuracy": 0.13497574542422322,
        "precision": 0.13795821991247287,
        "recall": 0.1501314101598714,
        "f1": 0.1439846166227857
      },
      "S13": {
        "accuracy": 0.20118391355144735,
        "precision": 0.19138261021290942,
        "recall": 0.2000728634295861,
        "f1": 0.19472156005506294
      },
      "S14": {
        "accuracy": 0.06676946408437857,
        "precision": 0.0677526466033875,
        "recall": 0.07685743097921972,
        "f1": 0.07160381767412533
      },
      "S15": {
        "accuracy": 0.1338275262675995,
        "precision": 0.13252611173293782,
        "recall": 0.1431147242688281,
        "f1": 0.1372770793777302
      },
      "S16": {
        "accuracy": 0.0,
        "precision": 0.007583869913160143,
        "recall": 0.008784108800166312,
        "f1": 0.006507239597892057
      },
      "S17": {
        "accuracy": 0.034146463227669954,
        "precision": 0.036512803515815394,
        "recall": 0.05071505313227504,
        "f1": 0.04308580504902661
      },
      "average": {
        "accuracy": 0.09202892197577485,
        "precision": 0.09097728025647694,
        "recall": 0.09746066787891215,
        "f1": 0.09397349158026587
      }
    },
    "poor_ratio": 0.0
  }
}