{
  "real_subj_cnt": 15,
  "real_path": "stress_slurm/data/wesad_1hz.pickle",
  "sliding_windows": false,
  "syn_subj_cnt": 30,
  "gan_config": {
    "gan_mode": "DPCGAN-e-1",
    "path": "stress_slurm/data/100_subj_DP-cGAN-e-1.csv",
    "eps": 1
  },
  "privacy_config": {
    "l2_norm_clip": 1.0,
    "eps": null,
    "num_unique_windows": null,
    "delta": null,
    "noise_multiplier": null
  },
  "train_config": {
    "nn_mode": "CNN",
    "epochs": 10,
    "batch_size": 50,
    "learning_rate": 0.001,
    "eval_mode": "TSTR",
    "random_seed": 42,
    "data_noise_parameter": null
  },
  "results": {
    "num_runs": 10,
    "mean": {
      "S2": {
        "accuracy": 0.6500000163912774,
        "precision": 0.6500000163912774,
        "recall": 0.6500000163912774,
        "f1": 0.6500000163912774
      },
      "S3": {
        "accuracy": 0.6441176384687424,
        "precision": 0.6441176384687424,
        "recall": 0.6441176384687424,
        "f1": 0.6441176384687424
      },
      "S4": {
        "accuracy": 0.68000001385808,
        "precision": 0.6796825535595417,
        "recall": 0.68000001385808,
        "f1": 0.6798390480730534
      },
      "S5": {
        "accuracy": 0.7057143002748489,
        "precision": 0.7046825528144837,
        "recall": 0.7057143002748489,
        "f1": 0.7051911607074303
      },
      "S6": {
        "accuracy": 0.682857158780098,
        "precision": 0.6833976984024048,
        "recall": 0.6857143014669418,
        "f1": 0.6845238248817622
      },
      "S7": {
        "accuracy": 0.7142857283353805,
        "precision": 0.7142857283353805,
        "recall": 0.7142857283353805,
        "f1": 0.7142857283353805
      },
      "S8": {
        "accuracy": 0.6714285852387547,
        "precision": 0.6714285852387547,
        "recall": 0.6714285852387547,
        "f1": 0.6714285852387547
      },
      "S9": {
        "accuracy": 0.6742857307195663,
        "precision": 0.6742857307195663,
        "recall": 0.6742857307195663,
        "f1": 0.6742857307195663
      },
      "S10": {
        "accuracy": 0.6861110985279083,
        "precision": 0.687837827205658,
        "recall": 0.6888888776302338,
        "f1": 0.688356153446909
      },
      "S11": {
        "accuracy": 0.6611110866069794,
        "precision": 0.6601351112127304,
        "recall": 0.6611110866069794,
        "f1": 0.6606164141507953
      },
      "S13": {
        "accuracy": 0.6527777658775449,
        "precision": 0.652702690847218,
        "recall": 0.6527777658775449,
        "f1": 0.6527397141501595
      },
      "S14": {
        "accuracy": 0.724999976158142,
        "precision": 0.724999976158142,
        "recall": 0.724999976158142,
        "f1": 0.724999976158142
      },
      "S15": {
        "accuracy": 0.7111110985279083,
        "precision": 0.7111110985279083,
        "recall": 0.7111110985279083,
        "f1": 0.7111110985279083
      },
      "S16": {
        "accuracy": 0.6972221970558167,
        "precision": 0.6952702462673187,
        "recall": 0.6972221970558167,
        "f1": 0.6962328521434485
      },
      "S17": {
        "accuracy": 0.6527777658775449,
        "precision": 0.6527777658775449,
        "recall": 0.6527777658775449,
        "f1": 0.6527777658775449
      },
      "average": {
        "accuracy": 0.6805866773799061,
        "precision": 0.6804476813351115,
        "recall": 0.6809623388325174,
        "f1": 0.680700380484725
      }
    },
    "std": {
      "S2": {
        "accuracy": 0.17671551990694429,
        "precision": 0.17671551990694429,
        "recall": 0.17671551990694429,
        "f1": 0.17671551990694429
      },
      "S3": {
        "accuracy": 0.10230897702500404,
        "precision": 0.10230897702500404,
        "recall": 0.10230897702500404,
        "f1": 0.10230897702500404
      },
      "S4": {
        "accuracy": 0.1987717432839996,
        "precision": 0.19977564089405736,
        "recall": 0.1987717432839996,
        "f1": 0.19928076179004037
      },
      "S5": {
        "accuracy": 0.1174560298010797,
        "precision": 0.12071870174592833,
        "recall": 0.1174560298010797,
        "f1": 0.11911034236827803
      },
      "S6": {
        "accuracy": 0.09938587282004002,
        "precision": 0.09767653644798331,
        "recall": 0.09035079432952019,
        "f1": 0.0941154118397871
      },
      "S7": {
        "accuracy": 0.09035079432952019,
        "precision": 0.09035079432952019,
        "recall": 0.09035079432952019,
        "f1": 0.09035079432952019
      },
      "S8": {
        "accuracy": 0.22587698052261945,
        "precision": 0.22587698052261945,
        "recall": 0.22587698052261945,
        "f1": 0.22587698052261945
      },
      "S9": {
        "accuracy": 0.12649110829159957,
        "precision": 0.12649110829159957,
        "recall": 0.12649110829159957,
        "f1": 0.12649110829159957
      },
      "S10": {
        "accuracy": 0.11419335785623107,
        "precision": 0.10873296233341133,
        "recall": 0.10540924905606476,
        "f1": 0.10709387084002399
      },
      "S11": {
        "accuracy": 0.10540924905606476,
        "precision": 0.10849555424217229,
        "recall": 0.10540924905606476,
        "f1": 0.1069735407133562
      },
      "S13": {
        "accuracy": 0.2196026110354366,
        "precision": 0.21984001912667567,
        "recall": 0.2196026110354366,
        "f1": 0.21972294116287808
      },
      "S14": {
        "accuracy": 0.0966251591045421,
        "precision": 0.0966251591045421,
        "recall": 0.0966251591045421,
        "f1": 0.0966251591045421
      },
      "S15": {
        "accuracy": 0.03513641635202159,
        "precision": 0.03513641635202159,
        "recall": 0.03513641635202159,
        "f1": 0.03513641635202159
      },
      "S16": {
        "accuracy": 0.008784108800166317,
        "precision": 0.0026114984279512468,
        "recall": 0.008784108800166317,
        "f1": 0.005655525485583409
      },
      "S17": {
        "accuracy": 0.2196026110354366,
        "precision": 0.2196026110354366,
        "recall": 0.2196026110354366,
        "f1": 0.2196026110354366
      },
      "average": {
        "accuracy": 0.11505946689408593,
        "precision": 0.11549901098139202,
        "recall": 0.11387152107470681,
        "f1": 0.11469990610582559
      }
    },
    "poor_ratio": 0.0
  }
}