{
  "real_subj_cnt": 15,
  "real_path": "stress_slurm/data/wesad_1hz.pickle",
  "sliding_windows": false,
  "syn_subj_cnt": 100,
  "gan_config": {
    "gan_mode": "DPCGAN-e-0.1",
    "path": "stress_slurm/data/100_subj_DP-cGAN-e-0.1.csv",
    "eps": 0.1
  },
  "privacy_config": {
    "l2_norm_clip": 1.0,
    "eps": null,
    "num_unique_windows": null,
    "delta": null,
    "noise_multiplier": null
  },
  "train_config": {
    "nn_mode": "CNN",
    "epochs": 10,
    "batch_size": 50,
    "learning_rate": 0.001,
    "eval_mode": "TSTR",
    "random_seed": 42,
    "data_noise_parameter": null
  },
  "results": {
    "num_runs": 10,
    "mean": {
      "S2": {
        "accuracy": 0.7705882310867309,
        "precision": 0.7728163957595825,
        "recall": 0.7705882310867309,
        "f1": 0.771685685323272
      },
      "S3": {
        "accuracy": 0.67058824300766,
        "precision": 0.6738357901573181,
        "recall": 0.6676470637321472,
        "f1": 0.6706627344810214
      },
      "S4": {
        "accuracy": 0.9514285743236541,
        "precision": 0.9542016804218292,
        "recall": 0.9514285743236541,
        "f1": 0.9527950324235507
      },
      "S5": {
        "accuracy": 0.8714285790920258,
        "precision": 0.8713258683681488,
        "recall": 0.8714285790920258,
        "f1": 0.8713416794516032
      },
      "S6": {
        "accuracy": 0.800000011920929,
        "precision": 0.8028355121612549,
        "recall": 0.8028571546077728,
        "f1": 0.8027482672725595
      },
      "S7": {
        "accuracy": 0.9914285719394684,
        "precision": 0.9942016780376435,
        "recall": 0.9914285719394684,
        "f1": 0.9927950300393649
      },
      "S8": {
        "accuracy": 0.9571428596973419,
        "precision": 0.9571428596973419,
        "recall": 0.954285717010498,
        "f1": 0.9556935844226585
      },
      "S9": {
        "accuracy": 0.731428587436676,
        "precision": 0.7315499663352967,
        "recall": 0.731428587436676,
        "f1": 0.7314589127937854
      },
      "S10": {
        "accuracy": 0.8722222208976745,
        "precision": 0.8722222208976745,
        "recall": 0.8722222208976745,
        "f1": 0.8722222208976745
      },
      "S11": {
        "accuracy": 0.8388888895511627,
        "precision": 0.8408079087734223,
        "recall": 0.8333333313465119,
        "f1": 0.8369164903259397
      },
      "S13": {
        "accuracy": 0.9138889014720917,
        "precision": 0.9137301743030548,
        "recall": 0.9111111283302307,
        "f1": 0.9124022073427426
      },
      "S14": {
        "accuracy": 0.6194444417953491,
        "precision": 0.6203174650669098,
        "recall": 0.6166666686534882,
        "f1": 0.6184663570073832
      },
      "S15": {
        "accuracy": 0.7444444417953491,
        "precision": 0.7437301576137543,
        "recall": 0.7416666626930237,
        "f1": 0.7426838784789169
      },
      "S16": {
        "accuracy": 0.6944444179534912,
        "precision": 0.6944444179534912,
        "recall": 0.6944444179534912,
        "f1": 0.6944444179534912
      },
      "S17": {
        "accuracy": 0.9444444417953491,
        "precision": 0.9417835116386414,
        "recall": 0.9444444417953491,
        "f1": 0.9429899879653515
      },
      "average": {
        "accuracy": 0.8247874275843303,
        "precision": 0.8256630404790244,
        "recall": 0.8236654233932494,
        "f1": 0.8246204324119544
      }
    },
    "std": {
      "S2": {
        "accuracy": 0.023200308133717627,
        "precision": 0.020325929583319902,
        "recall": 0.023200308133717627,
        "f1": 0.021545846223545308
      },
      "S3": {
        "accuracy": 0.02320030813371764,
        "precision": 0.02420846608084056,
        "recall": 0.019851419625566004,
        "f1": 0.0209054297712812
      },
      "S4": {
        "accuracy": 0.01928424335658525,
        "precision": 0.01989879772159796,
        "recall": 0.01928424335658525,
        "f1": 0.019092573096461993
      },
      "S5": {
        "accuracy": 0.020203049686848544,
        "precision": 0.02084825524611079,
        "recall": 0.027766435939492785,
        "f1": 0.023841318694555684
      },
      "S6": {
        "accuracy": 0.05714285373687745,
        "precision": 0.05612121116151629,
        "recall": 0.05939986742906389,
        "f1": 0.057094328030877904
      },
      "S7": {
        "accuracy": 0.01928424335658525,
        "precision": 0.01222554070868585,
        "recall": 0.01928424335658525,
        "f1": 0.015590491091382701
      },
      "S8": {
        "accuracy": 0.03868589485907399,
        "precision": 0.03868589485907399,
        "recall": 0.03614031396207934,
        "f1": 0.03714264719774166
      },
      "S9": {
        "accuracy": 0.014754221391846173,
        "precision": 0.017919413270359428,
        "recall": 0.014754221391846173,
        "f1": 0.015604427717209449
      },
      "S10": {
        "accuracy": 0.019422395338540416,
        "precision": 0.019422395338540416,
        "recall": 0.019422395338540416,
        "f1": 0.019422395338540416
      },
      "S11": {
        "accuracy": 0.044981323736557534,
        "precision": 0.05051426153663954,
        "recall": 0.045360918458932455,
        "f1": 0.04649767459021352
      },
      "S13": {
        "accuracy": 0.015767945023852138,
        "precision": 0.015430563063691758,
        "recall": 0.011712145066888408,
        "f1": 0.013030059359104958
      },
      "S14": {
        "accuracy": 0.05863385544747458,
        "precision": 0.05745944985487377,
        "recall": 0.05524606047288206,
        "f1": 0.05621618746623136
      },
      "S15": {
        "accuracy": 0.011712145066888408,
        "precision": 0.011552403799821684,
        "recall": 0.013417947829829947,
        "f1": 0.012101025329686014
      },
      "S16": {
        "accuracy": 0.0,
        "precision": 0.0,
        "recall": 0.0,
        "f1": 0.0
      },
      "S17": {
        "accuracy": 0.03464496577345876,
        "precision": 0.030505286716031147,
        "recall": 0.03928370069995499,
        "f1": 0.03329841737184265
      },
      "average": {
        "accuracy": 0.012855785256857545,
        "precision": 0.013155445040627288,
        "recall": 0.013093912481451423,
        "f1": 0.012907423222403971
      }
    },
    "poor_ratio": 0.0
  }
}