{
  "real_subj_cnt": 15,
  "real_path": "stress_slurm/data/wesad_1hz.pickle",
  "sliding_windows": false,
  "syn_subj_cnt": 50,
  "gan_config": {
    "gan_mode": "DPCGAN-e-1",
    "path": "stress_slurm/data/100_subj_DP-cGAN-e-1.csv",
    "eps": 1
  },
  "privacy_config": {
    "l2_norm_clip": 1.0,
    "eps": null,
    "num_unique_windows": null,
    "delta": null,
    "noise_multiplier": null
  },
  "train_config": {
    "nn_mode": "CNN",
    "epochs": 10,
    "batch_size": 50,
    "learning_rate": 0.001,
    "eval_mode": "TSTR",
    "random_seed": 42,
    "data_noise_parameter": null
  },
  "results": {
    "num_runs": 10,
    "mean": {
      "S2": {
        "accuracy": 0.8558823466300964,
        "precision": 0.8509243667125702,
        "recall": 0.8558823466300964,
        "f1": 0.8533674293044132
      },
      "S3": {
        "accuracy": 0.5558823585510254,
        "precision": 0.5584874033927918,
        "recall": 0.5617647111415863,
        "f1": 0.5601023086841004
      },
      "S4": {
        "accuracy": 0.9057142913341523,
        "precision": 0.9057142913341523,
        "recall": 0.9057142913341523,
        "f1": 0.9057142913341523
      },
      "S5": {
        "accuracy": 1.0,
        "precision": 1.0,
        "recall": 1.0,
        "f1": 1.0
      },
      "S6": {
        "accuracy": 0.9485714316368103,
        "precision": 0.9460317432880402,
        "recall": 0.9514285743236541,
        "f1": 0.9486921529132821
      },
      "S7": {
        "accuracy": 0.6285714477300643,
        "precision": 0.6248461157083511,
        "recall": 0.6314285904169082,
        "f1": 0.6279723092075433
      },
      "S8": {
        "accuracy": 0.8514285802841186,
        "precision": 0.8510084092617035,
        "recall": 0.8485714375972748,
        "f1": 0.8497722642370643
      },
      "S9": {
        "accuracy": 0.9457142889499665,
        "precision": 0.9458730161190033,
        "recall": 0.9485714316368103,
        "f1": 0.9472032209316243
      },
      "S10": {
        "accuracy": 1.0,
        "precision": 1.0,
        "recall": 1.0,
        "f1": 1.0
      },
      "S11": {
        "accuracy": 0.46666666865348816,
        "precision": 0.4694444477558136,
        "recall": 0.4694444477558136,
        "f1": 0.46938573928453575
      },
      "S13": {
        "accuracy": 0.7111110985279083,
        "precision": 0.7099098980426788,
        "recall": 0.7138888776302338,
        "f1": 0.711872134547136
      },
      "S14": {
        "accuracy": 0.6277777850627899,
        "precision": 0.6277777850627899,
        "recall": 0.6277777850627899,
        "f1": 0.6277777850627899
      },
      "S15": {
        "accuracy": 0.9027777910232544,
        "precision": 0.9027777910232544,
        "recall": 0.9027777910232544,
        "f1": 0.9027777910232544
      },
      "S16": {
        "accuracy": 0.9722222089767456,
        "precision": 0.9722222089767456,
        "recall": 0.9722222089767456,
        "f1": 0.9722222089767456
      },
      "S17": {
        "accuracy": 0.19722222536802292,
        "precision": 0.20043114870786666,
        "recall": 0.20000000298023224,
        "f1": 0.2002041963301735
      },
      "average": {
        "accuracy": 0.7713028348485629,
        "precision": 0.7710299083590508,
        "recall": 0.7726314997673034,
        "f1": 0.7718042554557877
      }
    },
    "std": {
      "S2": {
        "accuracy": 0.021701906461316815,
        "precision": 0.021163570090152208,
        "recall": 0.021701906461316815,
        "f1": 0.020783420884372582
      },
      "S3": {
        "accuracy": 0.01669547175076123,
        "precision": 0.015430079393207907,
        "recall": 0.016695479917673495,
        "f1": 0.015690033772829706
      },
      "S4": {
        "accuracy": 0.02710523547155951,
        "precision": 0.02710523547155951,
        "recall": 0.02710523547155951,
        "f1": 0.02710523547155951
      },
      "S5": {
        "accuracy": 0.0,
        "precision": 0.0,
        "recall": 0.0,
        "f1": 0.0
      },
      "S6": {
        "accuracy": 0.01204677132069311,
        "precision": 0.008947902506736044,
        "recall": 0.01380131036422483,
        "f1": 0.01010630769165253
      },
      "S7": {
        "accuracy": 0.08624176356514027,
        "precision": 0.08753256311609718,
        "recall": 0.08566135984801533,
        "f1": 0.0860349609202225
      },
      "S8": {
        "accuracy": 0.018070156981039663,
        "precision": 0.017971101954851573,
        "recall": 0.01928424335658526,
        "f1": 0.01824641932889447
      },
      "S9": {
        "accuracy": 0.009035078490519842,
        "precision": 0.008993152672027065,
        "recall": 0.01204677132069311,
        "f1": 0.009713304893901282
      },
      "S10": {
        "accuracy": 0.0,
        "precision": 0.0,
        "recall": 0.0,
        "f1": 0.0
      },
      "S11": {
        "accuracy": 0.03414646430517618,
        "precision": 0.03386071784231276,
        "recall": 0.035741223637359786,
        "f1": 0.03430420355427944
      },
      "S13": {
        "accuracy": 0.02986021210278143,
        "precision": 0.030149077634604317,
        "recall": 0.03220838351232743,
        "f1": 0.030898186614568297
      },
      "S14": {
        "accuracy": 0.026835877836178492,
        "precision": 0.026835877836178492,
        "recall": 0.026835877836178492,
        "f1": 0.026835877836178492
      },
      "S15": {
        "accuracy": 0.014640181333610522,
        "precision": 0.014640181333610522,
        "recall": 0.014640181333610522,
        "f1": 0.014640181333610522
      },
      "S16": {
        "accuracy": 0.0,
        "precision": 0.0,
        "recall": 0.0,
        "f1": 0.0
      },
      "S17": {
        "accuracy": 0.015767949398977663,
        "precision": 0.01570353279763711,
        "recall": 0.01756820817601079,
        "f1": 0.016591225446860165
      },
      "average": {
        "accuracy": 0.013813304416944469,
        "precision": 0.013865339903362028,
        "recall": 0.015094121175694938,
        "f1": 0.01439693614742206
      }
    },
    "poor_ratio": 0.0
  }
}