{
  "real_subj_cnt": 15,
  "real_path": "stress_slurm/data/wesad_1hz.pickle",
  "sliding_windows": false,
  "syn_subj_cnt": 10,
  "gan_config": {
    "gan_mode": "DPCGAN-e-10",
    "path": "stress_slurm/data/100_subj_DP-cGAN-e-10.csv",
    "eps": 10
  },
  "privacy_config": {
    "l2_norm_clip": 1.0,
    "eps": null,
    "num_unique_windows": null,
    "delta": null,
    "noise_multiplier": null
  },
  "train_config": {
    "nn_mode": "CNN",
    "epochs": 10,
    "batch_size": 50,
    "learning_rate": 0.001,
    "eval_mode": "TSTR",
    "random_seed": 42,
    "data_noise_parameter": null
  },
  "results": {
    "num_runs": 10,
    "mean": {
      "S2": {
        "accuracy": 0.8823529481887817,
        "precision": 0.8798319399356842,
        "recall": 0.8823529481887817,
        "f1": 0.8810741758877378
      },
      "S3": {
        "accuracy": 0.6676470577716828,
        "precision": 0.6666666686534881,
        "recall": 0.6647058844566345,
        "f1": 0.6656716438385022
      },
      "S4": {
        "accuracy": 0.7942857265472412,
        "precision": 0.7966972291469574,
        "recall": 0.7828571557998657,
        "f1": 0.7896407348280837
      },
      "S5": {
        "accuracy": 0.9914285719394684,
        "precision": 0.9942857146263122,
        "recall": 0.9914285719394684,
        "f1": 0.992836439351629
      },
      "S6": {
        "accuracy": 1.0,
        "precision": 1.0,
        "recall": 1.0,
        "f1": 1.0
      },
      "S7": {
        "accuracy": 0.9857142865657806,
        "precision": 0.9942857146263122,
        "recall": 0.9828571438789367,
        "f1": 0.9884886135275789
      },
      "S8": {
        "accuracy": 0.9028571486473084,
        "precision": 0.9047058761119843,
        "recall": 0.8942857205867767,
        "f1": 0.8994202900661487
      },
      "S9": {
        "accuracy": 1.0,
        "precision": 1.0,
        "recall": 1.0,
        "f1": 1.0
      },
      "S10": {
        "accuracy": 1.0,
        "precision": 1.0,
        "recall": 0.9972222208976745,
        "f1": 0.9985915486147139
      },
      "S11": {
        "accuracy": 0.7305555462837219,
        "precision": 0.7339682519435883,
        "recall": 0.7277777671813965,
        "f1": 0.730829414539076
      },
      "S13": {
        "accuracy": 0.9722222089767456,
        "precision": 0.9722222089767456,
        "recall": 0.9722222089767456,
        "f1": 0.9722222089767456
      },
      "S14": {
        "accuracy": 0.6861110985279083,
        "precision": 0.6871428489685059,
        "recall": 0.6833333253860474,
        "f1": 0.685211259548779
      },
      "S15": {
        "accuracy": 0.9499999761581421,
        "precision": 0.9525396645069122,
        "recall": 0.9444444179534912,
        "f1": 0.9484350323913542
      },
      "S16": {
        "accuracy": 0.8888888955116272,
        "precision": 0.8882353007793427,
        "recall": 0.8833333373069763,
        "f1": 0.8857142909546287
      },
      "S17": {
        "accuracy": 0.6916666448116302,
        "precision": 0.6899206221103669,
        "recall": 0.6861110985279083,
        "f1": 0.68798903269064
      },
      "average": {
        "accuracy": 0.8762486739953358,
        "precision": 0.8773668026924133,
        "recall": 0.8728621200720468,
        "f1": 0.8750749790143745
      }
    },
    "std": {
      "S2": {
        "accuracy": 0.0,
        "precision": 0.007972128079870447,
        "recall": 0.0,
        "f1": 0.004043833080033291
      },
      "S3": {
        "accuracy": 0.014207216861400892,
        "precision": 0.013864823971438182,
        "recall": 0.01518815368998853,
        "f1": 0.014217385415209506
      },
      "S4": {
        "accuracy": 0.02950844278369235,
        "precision": 0.032154946018530174,
        "recall": 0.030713361020002064,
        "f1": 0.03028192443337779
      },
      "S5": {
        "accuracy": 0.01380131036422483,
        "precision": 0.01204677132069311,
        "recall": 0.01380131036422483,
        "f1": 0.012154225315360857
      },
      "S6": {
        "accuracy": 0.0,
        "precision": 0.0,
        "recall": 0.0,
        "f1": 0.0
      },
      "S7": {
        "accuracy": 0.015058464150866398,
        "precision": 0.01204677132069311,
        "recall": 0.014754221391846175,
        "f1": 0.01129253544085199
      },
      "S8": {
        "accuracy": 0.01475422139184617,
        "precision": 0.01315154345902783,
        "recall": 0.013801310364224832,
        "f1": 0.011688221553339982
      },
      "S9": {
        "accuracy": 0.0,
        "precision": 0.0,
        "recall": 0.0,
        "f1": 0.0
      },
      "S10": {
        "accuracy": 0.0,
        "precision": 0.0,
        "recall": 0.008784108800166323,
        "f1": 0.004453914351123701
      },
      "S11": {
        "accuracy": 0.013417947829829944,
        "precision": 0.012653148404155868,
        "recall": 0.011712145066888408,
        "f1": 0.011119501681790843
      },
      "S13": {
        "accuracy": 0.0,
        "precision": 0.0,
        "recall": 0.0,
        "f1": 0.0
      },
      "S14": {
        "accuracy": 0.013417919038051174,
        "precision": 0.011365177775263965,
        "recall": 0.01434435882395968,
        "f1": 0.012324024098783116
      },
      "S15": {
        "accuracy": 0.011712145066888408,
        "precision": 0.013034585295435075,
        "recall": 0.0,
        "f1": 0.006425499696428377
      },
      "S16": {
        "accuracy": 0.0,
        "precision": 0.0020668480207071574,
        "recall": 0.017568217600332618,
        "f1": 0.010038981070464923
      },
      "S17": {
        "accuracy": 0.008784089951522646,
        "precision": 0.008940450138605864,
        "recall": 0.013417919038051184,
        "f1": 0.0107037061051497
      },
      "average": {
        "accuracy": 0.0026967701750170692,
        "precision": 0.0030751723697426845,
        "recall": 0.0036715469971891333,
        "f1": 0.0027729723184240665
      }
    },
    "poor_ratio": 0.0
  }
}