{
  "real_subj_cnt": 15,
  "real_path": "stress_slurm/data/wesad_1hz.pickle",
  "sliding_windows": false,
  "syn_subj_cnt": 30,
  "gan_config": {
    "gan_mode": "DPCGAN-e-10",
    "path": "stress_slurm/data/100_subj_DP-cGAN-e-10.csv",
    "eps": 10
  },
  "privacy_config": {
    "l2_norm_clip": 1.0,
    "eps": null,
    "num_unique_windows": null,
    "delta": null,
    "noise_multiplier": null
  },
  "train_config": {
    "nn_mode": "CNN",
    "epochs": 10,
    "batch_size": 50,
    "learning_rate": 0.001,
    "eval_mode": "TSTR",
    "random_seed": 42,
    "data_noise_parameter": null
  },
  "results": {
    "num_runs": 10,
    "mean": {
      "S2": {
        "accuracy": 0.9941176414489746,
        "precision": 0.9941176414489746,
        "recall": 0.9941176414489746,
        "f1": 0.9941176414489746
      },
      "S3": {
        "accuracy": 0.4588235318660736,
        "precision": 0.4600713044404984,
        "recall": 0.4588235318660736,
        "f1": 0.45943810641234484
      },
      "S4": {
        "accuracy": 0.7171428710222244,
        "precision": 0.717056292295456,
        "recall": 0.7142857283353805,
        "f1": 0.7156302667110127
      },
      "S5": {
        "accuracy": 0.9771428585052491,
        "precision": 0.9773015856742859,
        "recall": 0.9685714304447174,
        "f1": 0.9727494379066581
      },
      "S6": {
        "accuracy": 0.954285717010498,
        "precision": 0.9539495825767517,
        "recall": 0.9514285743236541,
        "f1": 0.9526708102757079
      },
      "S7": {
        "accuracy": 0.3400000110268593,
        "precision": 0.3409644037485123,
        "recall": 0.34000000953674314,
        "f1": 0.34027395379258085
      },
      "S8": {
        "accuracy": 0.4800000101327896,
        "precision": 0.4850535035133362,
        "recall": 0.4857142984867096,
        "f1": 0.48528471194140793
      },
      "S9": {
        "accuracy": 0.9971428573131561,
        "precision": 0.9971428573131561,
        "recall": 0.9971428573131561,
        "f1": 0.9971428573131561
      },
      "S10": {
        "accuracy": 0.9499999940395355,
        "precision": 0.947443151473999,
        "recall": 0.94722221493721,
        "f1": 0.9472967112151391
      },
      "S11": {
        "accuracy": 0.6222222208976745,
        "precision": 0.6263170272111893,
        "recall": 0.625,
        "f1": 0.6255991788169671
      },
      "S13": {
        "accuracy": 0.8472222208976745,
        "precision": 0.8524988055229187,
        "recall": 0.8444444417953492,
        "f1": 0.8483463038114041
      },
      "S14": {
        "accuracy": 0.57222221493721,
        "precision": 0.5736915528774261,
        "recall": 0.5749999940395355,
        "f1": 0.5742871987393128
      },
      "S15": {
        "accuracy": 0.7888888895511628,
        "precision": 0.7911746978759766,
        "recall": 0.7805555522441864,
        "f1": 0.7855972011751087
      },
      "S16": {
        "accuracy": 0.8638888835906983,
        "precision": 0.8663492023944854,
        "recall": 0.8638888835906983,
        "f1": 0.8651017167943736
      },
      "S17": {
        "accuracy": 0.24722222238779068,
        "precision": 0.24722222238779068,
        "recall": 0.24722222238779068,
        "f1": 0.24722222238779068
      },
      "average": {
        "accuracy": 0.7206881429751715,
        "precision": 0.7220235887169838,
        "recall": 0.7195611587166786,
        "f1": 0.7207172212494626
      }
    },
    "std": {
      "S2": {
        "accuracy": 0.01240110069000536,
        "precision": 0.01240110069000536,
        "recall": 0.01240110069000536,
        "f1": 0.01240110069000536
      },
      "S3": {
        "accuracy": 0.06960093447616214,
        "precision": 0.06877044009494616,
        "recall": 0.06960093447616214,
        "f1": 0.06916500465494108
      },
      "S4": {
        "accuracy": 0.08131571583900037,
        "precision": 0.08158950181250618,
        "recall": 0.0903507943295202,
        "f1": 0.08609899066101956
      },
      "S5": {
        "accuracy": 0.05520524145689934,
        "precision": 0.055097886797807465,
        "recall": 0.05462716017139584,
        "f1": 0.0532053516286854
      },
      "S6": {
        "accuracy": 0.030713361020002057,
        "precision": 0.031554094675807165,
        "recall": 0.03821409800366952,
        "f1": 0.03486360271618342
      },
      "S7": {
        "accuracy": 0.1376511758205713,
        "precision": 0.14122039687746826,
        "recall": 0.14408992158944178,
        "f1": 0.14217791160059495
      },
      "S8": {
        "accuracy": 0.03243693497821418,
        "precision": 0.029782557550143106,
        "recall": 0.042591781789333046,
        "f1": 0.03596293794552742
      },
      "S9": {
        "accuracy": 0.009035078490519837,
        "precision": 0.009035078490519837,
        "recall": 0.009035078490519837,
        "f1": 0.009035078490519837
      },
      "S10": {
        "accuracy": 0.06651217181508842,
        "precision": 0.06829693771118334,
        "recall": 0.06605948331075705,
        "f1": 0.0669184772482138
      },
      "S11": {
        "accuracy": 0.05885277558257611,
        "precision": 0.05491582597358357,
        "recall": 0.060362989635513446,
        "f1": 0.05736070550939935
      },
      "S13": {
        "accuracy": 0.11130384702323705,
        "precision": 0.10957877097637445,
        "recall": 0.12086791767243915,
        "f1": 0.1150266239560842
      },
      "S14": {
        "accuracy": 0.07314228527522312,
        "precision": 0.07184067767742315,
        "recall": 0.07057717838314209,
        "f1": 0.07089536836920839
      },
      "S15": {
        "accuracy": 0.06702577582757406,
        "precision": 0.0668307967354848,
        "recall": 0.0757337203708549,
        "f1": 0.06996715685082176
      },
      "S16": {
        "accuracy": 0.008784108800166309,
        "precision": 0.011068201896615948,
        "recall": 0.008784108800166309,
        "f1": 0.009186053719012734
      },
      "S17": {
        "accuracy": 0.008784104088005397,
        "precision": 0.008784104088005397,
        "recall": 0.008784104088005397,
        "f1": 0.008784104088005397
      },
      "average": {
        "accuracy": 0.044843267007264404,
        "precision": 0.04467440401074065,
        "recall": 0.04812566338301927,
        "f1": 0.046279387115475225
      }
    },
    "poor_ratio": 0.0
  }
}