{
  "real_subj_cnt": 15,
  "real_path": "stress_slurm/data/wesad_1hz.pickle",
  "sliding_windows": false,
  "syn_subj_cnt": 10,
  "gan_config": {
    "gan_mode": "CGAN",
    "path": "stress_slurm/data/100_subj_cGAN.csv",
    "eps": null
  },
  "privacy_config": {
    "l2_norm_clip": 1.0,
    "eps": null,
    "num_unique_windows": null,
    "delta": null,
    "noise_multiplier": null
  },
  "train_config": {
    "nn_mode": "CNN",
    "epochs": 10,
    "batch_size": 50,
    "learning_rate": 0.001,
    "eval_mode": "TSTR",
    "random_seed": 42,
    "data_noise_parameter": null
  },
  "results": {
    "num_runs": 10,
    "mean": {
      "S2": {
        "accuracy": 0.805882352590561,
        "precision": 0.8095492780208587,
        "recall": 0.8117647051811219,
        "f1": 0.8106055416358442
      },
      "S3": {
        "accuracy": 0.8941176295280456,
        "precision": 0.8841263890266419,
        "recall": 0.8911764562129975,
        "f1": 0.8874464279804182
      },
      "S4": {
        "accuracy": 0.9828571438789367,
        "precision": 0.9800793647766113,
        "recall": 0.9800000011920929,
        "f1": 0.9799994172189672
      },
      "S5": {
        "accuracy": 0.9457142889499665,
        "precision": 0.9489549994468689,
        "recall": 0.954285717010498,
        "f1": 0.9515061851810062
      },
      "S6": {
        "accuracy": 0.9685714304447174,
        "precision": 0.9685714304447174,
        "recall": 0.9685714304447174,
        "f1": 0.9685714304447174
      },
      "S7": {
        "accuracy": 0.9514285743236541,
        "precision": 0.9514285743236541,
        "recall": 0.9514285743236541,
        "f1": 0.9514285743236541
      },
      "S8": {
        "accuracy": 0.9771428585052491,
        "precision": 0.9775350034236908,
        "recall": 0.9857142865657806,
        "f1": 0.9815274204847327
      },
      "S9": {
        "accuracy": 0.9714285731315613,
        "precision": 0.9714285731315613,
        "recall": 0.9714285731315613,
        "f1": 0.9714285731315613
      },
      "S10": {
        "accuracy": 0.9916666626930237,
        "precision": 0.9889639616012573,
        "recall": 0.9888888835906983,
        "f1": 0.9888883491217259
      },
      "S11": {
        "accuracy": 0.8583333253860473,
        "precision": 0.8559309244155884,
        "recall": 0.8583333253860473,
        "f1": 0.8571156701097168
      },
      "S13": {
        "accuracy": 0.9944444417953491,
        "precision": 0.9945195198059082,
        "recall": 0.9972222208976745,
        "f1": 0.9958523587116629
      },
      "S14": {
        "accuracy": 0.5388889074325561,
        "precision": 0.5367369472980499,
        "recall": 0.544444453716278,
        "f1": 0.5403997312656436
      },
      "S15": {
        "accuracy": 0.9972222208976745,
        "precision": 0.9972222208976745,
        "recall": 0.9972222208976745,
        "f1": 0.9972222208976745
      },
      "S16": {
        "accuracy": 0.8666666626930237,
        "precision": 0.8695023596286774,
        "recall": 0.8694444417953491,
        "f1": 0.869439619722694
      },
      "S17": {
        "accuracy": 0.8194444417953491,
        "precision": 0.8201930463314057,
        "recall": 0.82222221493721,
        "f1": 0.8210978142391863
      },
      "average": {
        "accuracy": 0.9042539676030478,
        "precision": 0.9036495061715444,
        "recall": 0.9061431670188904,
        "f1": 0.9048352889646137
      }
    },
    "std": {
      "S2": {
        "accuracy": 0.02056488572756721,
        "precision": 0.018476381589901555,
        "recall": 0.015188184469694766,
        "f1": 0.015581769473659973
      },
      "S3": {
        "accuracy": 0.031616686542429835,
        "precision": 0.0404099080165331,
        "recall": 0.031157339238836495,
        "f1": 0.033577051880653304
      },
      "S4": {
        "accuracy": 0.014754221391846173,
        "precision": 0.013748725989017265,
        "recall": 0.013801310364224825,
        "f1": 0.012046847889404787
      },
      "S5": {
        "accuracy": 0.009035078490519842,
        "precision": 0.01166933297002603,
        "recall": 0.01997731020297662,
        "f1": 0.01219739109783592
      },
      "S6": {
        "accuracy": 0.009035078490519832,
        "precision": 0.009035078490519832,
        "recall": 0.009035078490519832,
        "f1": 0.009035078490519832
      },
      "S7": {
        "accuracy": 0.019284243356585247,
        "precision": 0.019284243356585247,
        "recall": 0.019284243356585247,
        "f1": 0.019284243356585247
      },
      "S8": {
        "accuracy": 0.02625532939142265,
        "precision": 0.02198655148531879,
        "recall": 0.020203049686848547,
        "f1": 0.019037372637766933
      },
      "S9": {
        "accuracy": 0.0,
        "precision": 0.0,
        "recall": 0.0,
        "f1": 0.0
      },
      "S10": {
        "accuracy": 0.013417947829829944,
        "precision": 0.014249112666927133,
        "recall": 0.014344389603665889,
        "f1": 0.01276346757710454
      },
      "S11": {
        "accuracy": 0.01576795785756537,
        "precision": 0.011967361013220792,
        "recall": 0.01576795785756537,
        "f1": 0.013445259489935937
      },
      "S13": {
        "accuracy": 0.011712145066888419,
        "precision": 0.011555221819577573,
        "recall": 0.008784108800166312,
        "f1": 0.009352531638432152
      },
      "S14": {
        "accuracy": 0.019422395338540396,
        "precision": 0.01938489565452259,
        "recall": 0.03260521615972134,
        "f1": 0.024880856910546333
      },
      "S15": {
        "accuracy": 0.008784108800166317,
        "precision": 0.008784108800166317,
        "recall": 0.008784108800166317,
        "f1": 0.008784108800166317
      },
      "S16": {
        "accuracy": 0.011712145066888412,
        "precision": 0.012730049558171683,
        "recall": 0.013417947829829942,
        "f1": 0.011738184420549259
      },
      "S17": {
        "accuracy": 0.019641836301031012,
        "precision": 0.02095221599637817,
        "recall": 0.019422368817504126,
        "f1": 0.017629849925605526
      },
      "average": {
        "accuracy": 0.005542341917839217,
        "precision": 0.00525967212352945,
        "recall": 0.005767950202702397,
        "f1": 0.003986587461563359
      }
    },
    "poor_ratio": 0.0
  }
}