{
  "real_subj_cnt": 15,
  "real_path": "stress_slurm/data/wesad_1hz.pickle",
  "sliding_windows": false,
  "syn_subj_cnt": 5,
  "gan_config": {
    "gan_mode": "DPCGAN-e-10",
    "path": "stress_slurm/data/100_subj_DP-cGAN-e-10.csv",
    "eps": 10
  },
  "privacy_config": {
    "l2_norm_clip": 1.0,
    "eps": null,
    "num_unique_windows": null,
    "delta": null,
    "noise_multiplier": null
  },
  "train_config": {
    "nn_mode": "CNN",
    "epochs": 10,
    "batch_size": 50,
    "learning_rate": 0.001,
    "eval_mode": "TSTR",
    "random_seed": 42,
    "data_noise_parameter": null
  },
  "results": {
    "num_runs": 10,
    "mean": {
      "S2": {
        "accuracy": 1.0,
        "precision": 1.0,
        "recall": 1.0,
        "f1": 1.0
      },
      "S3": {
        "accuracy": 0.4558823585510254,
        "precision": 0.45393956303596494,
        "recall": 0.45000000596046447,
        "f1": 0.45186777658275534
      },
      "S4": {
        "accuracy": 0.4828571557998657,
        "precision": 0.4921509325504303,
        "recall": 0.5028571575880051,
        "f1": 0.4968903107543367
      },
      "S5": {
        "accuracy": 0.9657142877578735,
        "precision": 0.9652858376502991,
        "recall": 0.9600000023841858,
        "f1": 0.9622438678193719
      },
      "S6": {
        "accuracy": 0.9742857158184052,
        "precision": 0.974444442987442,
        "recall": 0.9771428585052491,
        "f1": 0.9757746478000631
      },
      "S7": {
        "accuracy": 0.4257142975926399,
        "precision": 0.4271929919719696,
        "recall": 0.42857144176959994,
        "f1": 0.4276360842437147
      },
      "S8": {
        "accuracy": 0.42000000476837157,
        "precision": 0.42608638405799865,
        "recall": 0.4285714328289032,
        "f1": 0.4272776796283793
      },
      "S9": {
        "accuracy": 1.0,
        "precision": 1.0,
        "recall": 1.0,
        "f1": 1.0
      },
      "S10": {
        "accuracy": 0.8944444298744202,
        "precision": 0.8944401443004608,
        "recall": 0.8944444298744202,
        "f1": 0.8944047725010295
      },
      "S11": {
        "accuracy": 0.6361111223697662,
        "precision": 0.6385311841964721,
        "recall": 0.6361111223697662,
        "f1": 0.6372548465561322
      },
      "S13": {
        "accuracy": 0.8944444298744202,
        "precision": 0.889717435836792,
        "recall": 0.8944444358348846,
        "f1": 0.8916661352462528
      },
      "S14": {
        "accuracy": 0.536111107468605,
        "precision": 0.5345388263463974,
        "recall": 0.5333333283662796,
        "f1": 0.5339046438819233
      },
      "S15": {
        "accuracy": 0.7916666686534881,
        "precision": 0.7943861722946167,
        "recall": 0.7944444417953491,
        "f1": 0.7941400966651677
      },
      "S16": {
        "accuracy": 0.8611111044883728,
        "precision": 0.8611111044883728,
        "recall": 0.8611111044883728,
        "f1": 0.8611111044883728
      },
      "S17": {
        "accuracy": 0.25555555522441864,
        "precision": 0.2537301599979401,
        "recall": 0.25277777910232546,
        "f1": 0.25324726264300834
      },
      "average": {
        "accuracy": 0.7062598825494448,
        "precision": 0.7070370119810104,
        "recall": 0.7075873027245204,
        "f1": 0.7071612819207005
      }
    },
    "std": {
      "S2": {
        "accuracy": 0.0,
        "precision": 0.0,
        "recall": 0.0,
        "f1": 0.0
      },
      "S3": {
        "accuracy": 0.0953050091886811,
        "precision": 0.09664378232400492,
        "recall": 0.09808822186552371,
        "f1": 0.09722115607715086
      },
      "S4": {
        "accuracy": 0.22675868647474673,
        "precision": 0.220572646818688,
        "recall": 0.21892336184574912,
        "f1": 0.21923555577103745
      },
      "S5": {
        "accuracy": 0.05682450667080974,
        "precision": 0.055464203704390966,
        "recall": 0.0715237418531138,
        "f1": 0.061338572811745325
      },
      "S6": {
        "accuracy": 0.03676239602901656,
        "precision": 0.03661475110598285,
        "recall": 0.03512207202958178,
        "f1": 0.03563220526639134
      },
      "S7": {
        "accuracy": 0.22272279753510685,
        "precision": 0.21792605520184488,
        "recall": 0.22172279907588133,
        "f1": 0.21938183384919038
      },
      "S8": {
        "accuracy": 0.027105235471559512,
        "precision": 0.02421042225623963,
        "recall": 0.026937399582464723,
        "f1": 0.0251402273020071
      },
      "S9": {
        "accuracy": 0.0,
        "precision": 0.0,
        "recall": 0.0,
        "f1": 0.0
      },
      "S10": {
        "accuracy": 0.08050765681616408,
        "precision": 0.07943177422058195,
        "recall": 0.08050765681616408,
        "f1": 0.07967726503221591
      },
      "S11": {
        "accuracy": 0.0606463799759496,
        "precision": 0.06635109800537696,
        "recall": 0.0606463799759496,
        "f1": 0.0631573313283111
      },
      "S13": {
        "accuracy": 0.102104050096071,
        "precision": 0.11144791475048281,
        "recall": 0.09693518716501402,
        "f1": 0.10287829260064077
      },
      "S14": {
        "accuracy": 0.0628675712751126,
        "precision": 0.06048031716136164,
        "recall": 0.06388217540867275,
        "f1": 0.062051242761398485
      },
      "S15": {
        "accuracy": 0.0890527103013834,
        "precision": 0.08780984346939119,
        "recall": 0.09369712205246122,
        "f1": 0.08947723576783531
      },
      "S16": {
        "accuracy": 0.0,
        "precision": 0.0,
        "recall": 0.0,
        "f1": 0.0
      },
      "S17": {
        "accuracy": 0.03884476983912122,
        "precision": 0.03337750319460093,
        "recall": 0.030569584057967423,
        "f1": 0.0319491310724489
      },
      "average": {
        "accuracy": 0.06431042353988632,
        "precision": 0.06279101191691752,
        "recall": 0.06285553365663604,
        "f1": 0.06261937305656873
      }
    },
    "poor_ratio": 0.0
  }
}