{
  "real_subj_cnt": 15,
  "real_path": "stress_slurm/data/wesad_1hz.pickle",
  "sliding_windows": false,
  "syn_subj_cnt": 5,
  "gan_config": {
    "gan_mode": "DPCGAN-e-0.1",
    "path": "stress_slurm/data/100_subj_DP-cGAN-e-0.1.csv",
    "eps": 0.1
  },
  "privacy_config": {
    "l2_norm_clip": 1.0,
    "eps": null,
    "num_unique_windows": null,
    "delta": null,
    "noise_multiplier": null
  },
  "train_config": {
    "nn_mode": "CNN",
    "epochs": 10,
    "batch_size": 50,
    "learning_rate": 0.001,
    "eval_mode": "TSTR",
    "random_seed": 42,
    "data_noise_parameter": null
  },
  "results": {
    "num_runs": 10,
    "mean": {
      "S2": {
        "accuracy": 0.7058823704719543,
        "precision": 0.7058823704719543,
        "recall": 0.7058823704719543,
        "f1": 0.7058823704719543
      },
      "S3": {
        "accuracy": 0.95,
        "precision": 0.9529411792755127,
        "recall": 0.95,
        "f1": 0.9514486405174406
      },
      "S4": {
        "accuracy": 1.0,
        "precision": 1.0,
        "recall": 1.0,
        "f1": 1.0
      },
      "S5": {
        "accuracy": 0.7685714423656463,
        "precision": 0.7724853694438935,
        "recall": 0.7657142996788024,
        "f1": 0.7690171849235009
      },
      "S6": {
        "accuracy": 0.7200000166893006,
        "precision": 0.7225592195987701,
        "recall": 0.7142857313156128,
        "f1": 0.7183315221200504
      },
      "S7": {
        "accuracy": 0.9400000035762787,
        "precision": 0.9484687149524689,
        "recall": 0.9428571462631226,
        "f1": 0.9455859785525463
      },
      "S8": {
        "accuracy": 0.9000000059604645,
        "precision": 0.9056667566299439,
        "recall": 0.9028571486473084,
        "f1": 0.9041289736504007
      },
      "S9": {
        "accuracy": 0.708571445941925,
        "precision": 0.708571445941925,
        "recall": 0.708571445941925,
        "f1": 0.708571445941925
      },
      "S10": {
        "accuracy": 0.7777777850627899,
        "precision": 0.7837981402873992,
        "recall": 0.772222226858139,
        "f1": 0.7776654173771821
      },
      "S11": {
        "accuracy": 0.9694444298744201,
        "precision": 0.9692016661167144,
        "recall": 0.9611110985279083,
        "f1": 0.9650603487002771
      },
      "S13": {
        "accuracy": 0.7861111223697662,
        "precision": 0.7913190841674804,
        "recall": 0.7777777850627899,
        "f1": 0.7843183830720666
      },
      "S14": {
        "accuracy": 0.5166666746139527,
        "precision": 0.519369375705719,
        "recall": 0.5222222328186035,
        "f1": 0.5207762641158687
      },
      "S15": {
        "accuracy": 0.7222222089767456,
        "precision": 0.7222222089767456,
        "recall": 0.7222222089767456,
        "f1": 0.7222222089767456
      },
      "S16": {
        "accuracy": 0.6444444537162781,
        "precision": 0.6427972078323364,
        "recall": 0.6444444477558136,
        "f1": 0.6435301163385008
      },
      "S17": {
        "accuracy": 0.8500000059604644,
        "precision": 0.8552501857280731,
        "recall": 0.850000011920929,
        "f1": 0.8521258517071801
      },
      "average": {
        "accuracy": 0.7973127977053325,
        "precision": 0.800035528341929,
        "recall": 0.7960112102826435,
        "f1": 0.7979109804310426
      }
    },
    "std": {
      "S2": {
        "accuracy": 0.0,
        "precision": 0.0,
        "recall": 0.0,
        "f1": 0.0
      },
      "S3": {
        "accuracy": 0.019851423550447878,
        "precision": 0.024802176248485824,
        "recall": 0.019851423550447878,
        "f1": 0.021939512093558544
      },
      "S4": {
        "accuracy": 0.0,
        "precision": 0.0,
        "recall": 0.0,
        "f1": 0.0
      },
      "S5": {
        "accuracy": 0.009035078490519838,
        "precision": 0.013293946766027954,
        "recall": 0.012046771320693104,
        "f1": 0.010156373152966523
      },
      "S6": {
        "accuracy": 0.022537445449423935,
        "precision": 0.019036311666833203,
        "recall": 0.023328472350306783,
        "f1": 0.020073779529899024
      },
      "S7": {
        "accuracy": 0.03420625509651576,
        "precision": 0.03194452150126839,
        "recall": 0.03011692830173279,
        "f1": 0.029928919637046986
      },
      "S8": {
        "accuracy": 0.027766435939492785,
        "precision": 0.02622434679023709,
        "recall": 0.027602620728449677,
        "f1": 0.024363674541778128
      },
      "S9": {
        "accuracy": 0.01204677132069311,
        "precision": 0.01204677132069311,
        "recall": 0.01204677132069311,
        "f1": 0.01204677132069311
      },
      "S10": {
        "accuracy": 0.032075018778622434,
        "precision": 0.03680196227846577,
        "recall": 0.034146465382683525,
        "f1": 0.03172268320619565
      },
      "S11": {
        "accuracy": 0.008784108800166323,
        "precision": 0.008715686381801414,
        "recall": 0.019422380183663917,
        "f1": 0.012158845196408046
      },
      "S13": {
        "accuracy": 0.026352314532838456,
        "precision": 0.03065969903439479,
        "recall": 0.02928035010146196,
        "f1": 0.02725362415622904
      },
      "S14": {
        "accuracy": 0.014344389603665889,
        "precision": 0.011752713880765951,
        "recall": 0.01171214506688841,
        "f1": 0.011340874120626976
      },
      "S15": {
        "accuracy": 0.0,
        "precision": 0.0,
        "recall": 0.0,
        "f1": 0.0
      },
      "S16": {
        "accuracy": 0.01756821760033262,
        "precision": 0.020488259860574305,
        "recall": 0.021911401939712666,
        "f1": 0.01953222375146504
      },
      "S17": {
        "accuracy": 0.041820701755247734,
        "precision": 0.04400606087759336,
        "recall": 0.05270462697137773,
        "f1": 0.04324629179277806
      },
      "average": {
        "accuracy": 0.006607371665391179,
        "precision": 0.008249441718184439,
        "recall": 0.009657482408091158,
        "f1": 0.007592557765569521
      }
    },
    "poor_ratio": 0.0
  }
}