{
  "real_subj_cnt": 15,
  "real_path": "stress_slurm/data/wesad_1hz.pickle",
  "sliding_windows": false,
  "syn_subj_cnt": 1,
  "gan_config": {
    "gan_mode": "DPCGAN-e-10",
    "path": "stress_slurm/data/100_subj_DP-cGAN-e-10.csv",
    "eps": 10
  },
  "privacy_config": {
    "l2_norm_clip": 1.0,
    "eps": null,
    "num_unique_windows": null,
    "delta": null,
    "noise_multiplier": null
  },
  "train_config": {
    "nn_mode": "CNN",
    "epochs": 10,
    "batch_size": 50,
    "learning_rate": 0.001,
    "eval_mode": "TSTR",
    "random_seed": 42,
    "data_noise_parameter": null
  },
  "results": {
    "num_runs": 10,
    "mean": {
      "S2": {
        "accuracy": 0.9911764681339263,
        "precision": 0.9850000023841858,
        "recall": 0.9941176474094391,
        "f1": 0.9888615904409246
      },
      "S3": {
        "accuracy": 0.364705890417099,
        "precision": 0.36469810605049136,
        "recall": 0.3441176563501358,
        "f1": 0.35269217386140833
      },
      "S4": {
        "accuracy": 0.26285715252161024,
        "precision": 0.283443820476532,
        "recall": 0.2571428656578064,
        "f1": 0.2664227895426851
      },
      "S5": {
        "accuracy": 0.8600000083446503,
        "precision": 0.8762615978717804,
        "recall": 0.8457142949104309,
        "f1": 0.8582067195939779
      },
      "S6": {
        "accuracy": 0.9800000011920929,
        "precision": 0.9805426836013794,
        "recall": 0.9657142877578735,
        "f1": 0.9725642319665612
      },
      "S7": {
        "accuracy": 0.37714286595582963,
        "precision": 0.39463845640420914,
        "recall": 0.3571428656578064,
        "f1": 0.3675287858161348
      },
      "S8": {
        "accuracy": 0.36857143640518186,
        "precision": 0.37737663090229034,
        "recall": 0.37142857909202576,
        "f1": 0.3739125948066487
      },
      "S9": {
        "accuracy": 1.0,
        "precision": 1.0,
        "recall": 0.9885714292526245,
        "f1": 0.9939393943225276
      },
      "S10": {
        "accuracy": 0.8333333134651184,
        "precision": 0.8499999821186066,
        "recall": 0.8333333134651184,
        "f1": 0.8409090718454566
      },
      "S11": {
        "accuracy": 0.6694444477558136,
        "precision": 0.6727866172790528,
        "recall": 0.6416666686534882,
        "f1": 0.6513635974092813
      },
      "S13": {
        "accuracy": 0.8611111104488373,
        "precision": 0.8671240687370301,
        "recall": 0.8111111044883728,
        "f1": 0.8303385946648227
      },
      "S14": {
        "accuracy": 0.46666666567325593,
        "precision": 0.4640370935201645,
        "recall": 0.45277777314186096,
        "f1": 0.4571616203487179
      },
      "S15": {
        "accuracy": 0.7666666626930236,
        "precision": 0.792335855960846,
        "recall": 0.75,
        "f1": 0.7665409977655957
      },
      "S16": {
        "accuracy": 0.8611111044883728,
        "precision": 0.8611111044883728,
        "recall": 0.8611111044883728,
        "f1": 0.8611111044883728
      },
      "S17": {
        "accuracy": 0.24444444626569747,
        "precision": 0.24972436726093292,
        "recall": 0.25277777910232546,
        "f1": 0.2511323010939028
      },
      "average": {
        "accuracy": 0.6604821049173674,
        "precision": 0.6679386924703916,
        "recall": 0.6484484912951787,
        "f1": 0.6555123711978011
      }
    },
    "std": {
      "S2": {
        "accuracy": 0.02790245770386838,
        "precision": 0.047434157363068226,
        "recall": 0.01860163218636437,
        "f1": 0.026356047814645123
      },
      "S3": {
        "accuracy": 0.07619356105743291,
        "precision": 0.07972343860401639,
        "recall": 0.07970774671641188,
        "f1": 0.0745806941795171
      },
      "S4": {
        "accuracy": 0.1218154496447465,
        "precision": 0.12516903374407667,
        "recall": 0.10345505984837412,
        "f1": 0.10866379430503599
      },
      "S5": {
        "accuracy": 0.14090732030863834,
        "precision": 0.12457684748986068,
        "recall": 0.09823844715959953,
        "f1": 0.10249253081278246
      },
      "S6": {
        "accuracy": 0.02352207295079125,
        "precision": 0.029138576500294094,
        "recall": 0.03512207202958176,
        "f1": 0.023087846792537704
      },
      "S7": {
        "accuracy": 0.17342750388810182,
        "precision": 0.17705872394823183,
        "recall": 0.18082702445735582,
        "f1": 0.16129727709718825
      },
      "S8": {
        "accuracy": 0.031442996257697316,
        "precision": 0.034559622159532795,
        "recall": 0.05714285373687745,
        "f1": 0.045598020351575536
      },
      "S9": {
        "accuracy": 0.0,
        "precision": 0.0,
        "recall": 0.03614031396207935,
        "f1": 0.019165317940960738
      },
      "S10": {
        "accuracy": 0.0,
        "precision": 0.0527046339523542,
        "recall": 0.0,
        "f1": 0.023956651484976787
      },
      "S11": {
        "accuracy": 0.07225782301167487,
        "precision": 0.06875121280675667,
        "recall": 0.1595443261132196,
        "f1": 0.10938208049635999
      },
      "S13": {
        "accuracy": 0.11490437796167992,
        "precision": 0.1229652409891874,
        "recall": 0.15973227863933867,
        "f1": 0.12495541803909563
      },
      "S14": {
        "accuracy": 0.05677670380670576,
        "precision": 0.06134262233827245,
        "recall": 0.058633852623704595,
        "f1": 0.05258563970911929
      },
      "S15": {
        "accuracy": 0.06441676416879831,
        "precision": 0.09345296552959267,
        "recall": 0.07522259167915182,
        "f1": 0.06285657549472133
      },
      "S16": {
        "accuracy": 0.0,
        "precision": 0.0,
        "recall": 0.0,
        "f1": 0.0
      },
      "S17": {
        "accuracy": 0.017568211317451756,
        "precision": 0.030900149401385073,
        "recall": 0.04233010753129772,
        "f1": 0.03625161340133074
      },
      "average": {
        "accuracy": 0.044619110913700216,
        "precision": 0.04841959283213007,
        "recall": 0.05406229555372579,
        "f1": 0.0423015155353084
      }
    },
    "poor_ratio": 0.0
  }
}