{
  "real_subj_cnt": 15,
  "real_path": "stress_slurm/data/wesad_1hz.pickle",
  "sliding_windows": false,
  "syn_subj_cnt": 100,
  "gan_config": {
    "gan_mode": "DPCGAN-e-1",
    "path": "stress_slurm/data/100_subj_DP-cGAN-e-1.csv",
    "eps": 1
  },
  "privacy_config": {
    "l2_norm_clip": 1.0,
    "eps": null,
    "num_unique_windows": null,
    "delta": null,
    "noise_multiplier": null
  },
  "train_config": {
    "nn_mode": "CNN",
    "epochs": 10,
    "batch_size": 50,
    "learning_rate": 0.001,
    "eval_mode": "TSTR",
    "random_seed": 42,
    "data_noise_parameter": null
  },
  "results": {
    "num_runs": 10,
    "mean": {
      "S2": {
        "accuracy": 0.25588236153125765,
        "precision": 0.2690550282597542,
        "recall": 0.282352951169014,
        "f1": 0.27444981798195717
      },
      "S3": {
        "accuracy": 0.39117648005485534,
        "precision": 0.3835847407579422,
        "recall": 0.397058829665184,
        "f1": 0.38844998481587867
      },
      "S4": {
        "accuracy": 0.20857143104076387,
        "precision": 0.21617885082960128,
        "recall": 0.22000000327825547,
        "f1": 0.21802664077651018
      },
      "S5": {
        "accuracy": 0.5200000137090683,
        "precision": 0.5182629197835922,
        "recall": 0.5285714417695999,
        "f1": 0.5230494570125701
      },
      "S6": {
        "accuracy": 0.6114285856485366,
        "precision": 0.6203205287456512,
        "recall": 0.6428571611642837,
        "f1": 0.630436942459113
      },
      "S7": {
        "accuracy": 0.6771428763866425,
        "precision": 0.6837390542030335,
        "recall": 0.6857143044471741,
        "f1": 0.6843914531104255
      },
      "S8": {
        "accuracy": 0.3200000114738941,
        "precision": 0.3238635614514351,
        "recall": 0.33428572565317155,
        "f1": 0.32795666667098006
      },
      "S9": {
        "accuracy": 0.5771428734064102,
        "precision": 0.5884822994470597,
        "recall": 0.6000000208616256,
        "f1": 0.5937129791033919
      },
      "S10": {
        "accuracy": 0.5416666805744171,
        "precision": 0.5368960201740265,
        "recall": 0.544444453716278,
        "f1": 0.5404981447527284
      },
      "S11": {
        "accuracy": 0.3833333387970924,
        "precision": 0.3845523878931999,
        "recall": 0.38333333283662796,
        "f1": 0.38379035282643864
      },
      "S13": {
        "accuracy": 0.5722222127020359,
        "precision": 0.5769475102424622,
        "recall": 0.6111111089587211,
        "f1": 0.5916884080027727
      },
      "S14": {
        "accuracy": 0.9027777731418609,
        "precision": 0.8945791780948639,
        "recall": 0.9111111044883728,
        "f1": 0.9024983360278988
      },
      "S15": {
        "accuracy": 0.6666666626930237,
        "precision": 0.667818820476532,
        "recall": 0.6638888895511628,
        "f1": 0.6657196378131068
      },
      "S16": {
        "accuracy": 0.7611111104488373,
        "precision": 0.7644814431667328,
        "recall": 0.772222226858139,
        "f1": 0.7677211527302374
      },
      "S17": {
        "accuracy": 0.13611111361533404,
        "precision": 0.14097341597080232,
        "recall": 0.14444444626569747,
        "f1": 0.1425819786578571
      },
      "average": {
        "accuracy": 0.5016822350149354,
        "precision": 0.5046490506331126,
        "recall": 0.5147597333788871,
        "f1": 0.5089981301827912
      }
    },
    "std": {
      "S2": {
        "accuracy": 0.1611247019009666,
        "precision": 0.1605531003892659,
        "recall": 0.180881693873945,
        "f1": 0.1679991050983581
      },
      "S3": {
        "accuracy": 0.08324678373425924,
        "precision": 0.0689101900087037,
        "recall": 0.09222983627829451,
        "f1": 0.07260528036048614
      },
      "S4": {
        "accuracy": 0.01928424335658525,
        "precision": 0.01598237013565018,
        "recall": 0.01928424654555445,
        "f1": 0.017277905886537964
      },
      "S5": {
        "accuracy": 0.11332933909917467,
        "precision": 0.09758593004281847,
        "recall": 0.10454523736738608,
        "f1": 0.09992127072430519
      },
      "S6": {
        "accuracy": 0.1279172126205384,
        "precision": 0.12096127501865486,
        "recall": 0.09159706924747404,
        "f1": 0.10549954541487225
      },
      "S7": {
        "accuracy": 0.0797387978717093,
        "precision": 0.07428336446024357,
        "recall": 0.06172133630595822,
        "f1": 0.06656664882484271
      },
      "S8": {
        "accuracy": 0.1879837005848924,
        "precision": 0.1718352341918845,
        "recall": 0.18371328228744865,
        "f1": 0.17477445551691442
      },
      "S9": {
        "accuracy": 0.12031704581281143,
        "precision": 0.10833597217005558,
        "recall": 0.09523809452851648,
        "f1": 0.10117440756193488
      },
      "S10": {
        "accuracy": 0.02360657138925148,
        "precision": 0.027429234461650298,
        "recall": 0.035136415304878044,
        "f1": 0.02995961795128209
      },
      "S11": {
        "accuracy": 0.10702358281715829,
        "precision": 0.10399427403795718,
        "recall": 0.09424452405990591,
        "f1": 0.09875681700314595
      },
      "S13": {
        "accuracy": 0.19519255791431683,
        "precision": 0.17800189461917898,
        "recall": 0.16769231176582924,
        "f1": 0.17013300133882764
      },
      "S14": {
        "accuracy": 0.10414093733947344,
        "precision": 0.09763241852696934,
        "recall": 0.09604668141830083,
        "f1": 0.09571322745551754
      },
      "S15": {
        "accuracy": 0.03703702489535095,
        "precision": 0.03517433297530222,
        "recall": 0.0357412102548045,
        "f1": 0.0339283535718852
      },
      "S16": {
        "accuracy": 0.07545018595005194,
        "precision": 0.07092046688203328,
        "recall": 0.07724687063742487,
        "f1": 0.07020678233916464
      },
      "S17": {
        "accuracy": 0.07796494284432887,
        "precision": 0.0838364246685233,
        "recall": 0.090532640677595,
        "f1": 0.08682451637305925
      },
      "average": {
        "accuracy": 0.05858678613154285,
        "precision": 0.055243866787259045,
        "recall": 0.05320103828535062,
        "f1": 0.052447940213265515
      }
    },
    "poor_ratio": 0.0
  }
}