{
  "real_subj_cnt": 15,
  "real_path": "stress_slurm/data/wesad_1hz.pickle",
  "sliding_windows": false,
  "syn_subj_cnt": 1,
  "gan_config": {
    "gan_mode": "CGAN",
    "path": "stress_slurm/data/100_subj_cGAN.csv",
    "eps": null
  },
  "privacy_config": {
    "l2_norm_clip": 1.0,
    "eps": null,
    "num_unique_windows": null,
    "delta": null,
    "noise_multiplier": null
  },
  "train_config": {
    "nn_mode": "CNN",
    "epochs": 10,
    "batch_size": 50,
    "learning_rate": 0.001,
    "eval_mode": "TSTR",
    "random_seed": 42,
    "data_noise_parameter": null
  },
  "results": {
    "num_runs": 10,
    "mean": {
      "S2": {
        "accuracy": 0.8029411733150482,
        "precision": 0.7735680401325226,
        "recall": 0.8029411733150482,
        "f1": 0.7868457001664885
      },
      "S3": {
        "accuracy": 0.7147058844566345,
        "precision": 0.7142107427120209,
        "recall": 0.7970588207244873,
        "f1": 0.7466572487614087
      },
      "S4": {
        "accuracy": 0.9771428585052491,
        "precision": 0.974907374382019,
        "recall": 0.9885714292526245,
        "f1": 0.9815257186140484
      },
      "S5": {
        "accuracy": 0.7942857265472412,
        "precision": 0.7920648694038391,
        "recall": 0.8285714387893677,
        "f1": 0.8074134599820519
      },
      "S6": {
        "accuracy": 0.754285728931427,
        "precision": 0.7292483925819397,
        "recall": 0.7885714411735535,
        "f1": 0.7538684763088191
      },
      "S7": {
        "accuracy": 0.9885714292526245,
        "precision": 0.9669262588024139,
        "recall": 0.9828571438789367,
        "f1": 0.9733720461940418
      },
      "S8": {
        "accuracy": 0.9714285731315613,
        "precision": 0.947868537902832,
        "recall": 0.9771428585052491,
        "f1": 0.9610582648658749
      },
      "S9": {
        "accuracy": 0.597142881155014,
        "precision": 0.6221595644950867,
        "recall": 0.6685714483261108,
        "f1": 0.6421914986462289
      },
      "S10": {
        "accuracy": 0.8805555582046509,
        "precision": 0.8775375485420227,
        "recall": 0.8916666686534882,
        "f1": 0.8842520261488384
      },
      "S11": {
        "accuracy": 0.7777777731418609,
        "precision": 0.7598406672477722,
        "recall": 0.8027777791023254,
        "f1": 0.7778497737420144
      },
      "S13": {
        "accuracy": 0.8972222328186035,
        "precision": 0.8959765434265137,
        "recall": 0.9083333373069763,
        "f1": 0.9019687723764601
      },
      "S14": {
        "accuracy": 0.4138888880610466,
        "precision": 0.40529942512512207,
        "recall": 0.43333333134651186,
        "f1": 0.41807035323574315
      },
      "S15": {
        "accuracy": 0.7361111044883728,
        "precision": 0.730933153629303,
        "recall": 0.7444444417953491,
        "f1": 0.7372109817945014
      },
      "S16": {
        "accuracy": 0.5166666686534882,
        "precision": 0.5166004538536072,
        "recall": 0.5305555522441864,
        "f1": 0.5215408845099474
      },
      "S17": {
        "accuracy": 0.9333333253860474,
        "precision": 0.908573716878891,
        "recall": 0.9361110985279083,
        "f1": 0.9207559870019996
      },
      "average": {
        "accuracy": 0.783737320403258,
        "precision": 0.7743810192743937,
        "recall": 0.8054338641961415,
        "f1": 0.7876387461565645
      }
    },
    "std": {
      "S2": {
        "accuracy": 0.039338040824703074,
        "precision": 0.0417701995234627,
        "recall": 0.039338040824703074,
        "f1": 0.025466767396296202
      },
      "S3": {
        "accuracy": 0.0899079002749433,
        "precision": 0.06877393554049101,
        "recall": 0.13616513814460637,
        "f1": 0.07485653723345635
      },
      "S4": {
        "accuracy": 0.018070156981039674,
        "precision": 0.015509328638326813,
        "recall": 0.01997731020297662,
        "f1": 0.01186596057204899
      },
      "S5": {
        "accuracy": 0.02950844278369234,
        "precision": 0.04440439701466144,
        "recall": 0.05870870129086923,
        "f1": 0.020100174509527394
      },
      "S6": {
        "accuracy": 0.04704414590158249,
        "precision": 0.04821265058100595,
        "recall": 0.08432739924485182,
        "f1": 0.03456018786816502
      },
      "S7": {
        "accuracy": 0.02409354264138623,
        "precision": 0.0523767735468375,
        "recall": 0.04507489089884785,
        "f1": 0.031904761786489245
      },
      "S8": {
        "accuracy": 0.0329914419872496,
        "precision": 0.05006591653781746,
        "recall": 0.03243692447789691,
        "f1": 0.022952683837907367
      },
      "S9": {
        "accuracy": 0.0414039310926745,
        "precision": 0.04038951034955893,
        "recall": 0.11041048291379867,
        "f1": 0.06731070275527452
      },
      "S10": {
        "accuracy": 0.013417947829829949,
        "precision": 0.019410687618028274,
        "recall": 0.024322081553616152,
        "f1": 0.01361746739046952
      },
      "S11": {
        "accuracy": 0.05856070020291889,
        "precision": 0.045224054377140534,
        "recall": 0.07905694336580678,
        "f1": 0.037409940532094434
      },
      "S13": {
        "accuracy": 0.013417947829829939,
        "precision": 0.010544558534620404,
        "recall": 0.022868673387760236,
        "f1": 0.012842875976673277
      },
      "S14": {
        "accuracy": 0.08827915800781937,
        "precision": 0.08534282657724993,
        "recall": 0.09728833547998526,
        "f1": 0.08950395165923145
      },
      "S15": {
        "accuracy": 0.014640181333610525,
        "precision": 0.019171844983238973,
        "recall": 0.025526028379327527,
        "f1": 0.013334717570726063
      },
      "S16": {
        "accuracy": 0.051052040903346176,
        "precision": 0.0539039210838858,
        "recall": 0.09300832342705975,
        "f1": 0.06680594450049433
      },
      "S17": {
        "accuracy": 0.01434435882395968,
        "precision": 0.038555973701910884,
        "recall": 0.04352836688148816,
        "f1": 0.018986553904286222
      },
      "average": {
        "accuracy": 0.012173658668661144,
        "precision": 0.02085072235220241,
        "recall": 0.04958413697564322,
        "f1": 0.01922791431931542
      }
    },
    "poor_ratio": 0.0
  }
}