{
  "real_subj_cnt": 15,
  "real_path": "stress_slurm/data/wesad_1hz.pickle",
  "sliding_windows": false,
  "syn_subj_cnt": 100,
  "gan_config": {
    "gan_mode": "DPCGAN-e-1",
    "path": "stress_slurm/data/100_subj_DP-cGAN-e-1.csv",
    "eps": 1
  },
  "privacy_config": {
    "l2_norm_clip": 1.0,
    "eps": null,
    "num_unique_windows": null,
    "delta": null,
    "noise_multiplier": null
  },
  "train_config": {
    "nn_mode": "CNN",
    "epochs": 10,
    "batch_size": 50,
    "learning_rate": 0.001,
    "eval_mode": "TSTR",
    "random_seed": 42,
    "data_noise_parameter": null
  },
  "results": {
    "num_runs": 10,
    "mean": {
      "S2": {
        "accuracy": 0.37058823704719546,
        "precision": 0.3731933325529099,
        "recall": 0.37058823704719546,
        "f1": 0.37182244057764285
      },
      "S3": {
        "accuracy": 0.43823530077934264,
        "precision": 0.4403098523616791,
        "recall": 0.4529411792755127,
        "f1": 0.4461487570255952
      },
      "S4": {
        "accuracy": 0.19142857287079096,
        "precision": 0.19666666854172946,
        "recall": 0.20000000167638063,
        "f1": 0.1982535229144534
      },
      "S5": {
        "accuracy": 0.5542857319116592,
        "precision": 0.548348355293274,
        "recall": 0.5485714465379715,
        "f1": 0.547880722836075
      },
      "S6": {
        "accuracy": 0.654285728931427,
        "precision": 0.6533454865217209,
        "recall": 0.6600000143051148,
        "f1": 0.6563827053183244
      },
      "S7": {
        "accuracy": 0.6600000143051148,
        "precision": 0.6624199092388153,
        "recall": 0.6714285880327224,
        "f1": 0.6665911564151886
      },
      "S8": {
        "accuracy": 0.4000000113621354,
        "precision": 0.40624525863677263,
        "recall": 0.414285727776587,
        "f1": 0.40956495934942866
      },
      "S9": {
        "accuracy": 0.6142857313156128,
        "precision": 0.6190507769584656,
        "recall": 0.6314285874366761,
        "f1": 0.6248826922671659
      },
      "S10": {
        "accuracy": 0.5083333373069763,
        "precision": 0.515163454413414,
        "recall": 0.5222222179174423,
        "f1": 0.5180614235081908
      },
      "S11": {
        "accuracy": 0.3972222194075584,
        "precision": 0.39518209248781205,
        "recall": 0.40277778059244157,
        "f1": 0.3969636991442238
      },
      "S13": {
        "accuracy": 0.5583333287388086,
        "precision": 0.5704413425177336,
        "recall": 0.5777777772396803,
        "f1": 0.5738029423525608
      },
      "S14": {
        "accuracy": 0.8388888835906982,
        "precision": 0.8365384578704834,
        "recall": 0.8499999940395355,
        "f1": 0.8429999952793121
      },
      "S15": {
        "accuracy": 0.6861111104488373,
        "precision": 0.679846441745758,
        "recall": 0.6833333313465119,
        "f1": 0.6811058811724366
      },
      "S16": {
        "accuracy": 0.7388888835906983,
        "precision": 0.7312751889228821,
        "recall": 0.7416666626930237,
        "f1": 0.7358512200083882
      },
      "S17": {
        "accuracy": 0.1833333360031247,
        "precision": 0.19527424201369287,
        "recall": 0.19166666846722363,
        "f1": 0.19331455680625403
      },
      "average": {
        "accuracy": 0.5196146951739987,
        "precision": 0.5215533906718095,
        "recall": 0.5279125476256012,
        "f1": 0.5242417783316827
      }
    },
    "std": {
      "S2": {
        "accuracy": 0.20149383922490052,
        "precision": 0.19285997373501843,
        "recall": 0.18970017778285422,
        "f1": 0.19118950511290583
      },
      "S3": {
        "accuracy": 0.09139232088689798,
        "precision": 0.08299257162516459,
        "recall": 0.08680761686970039,
        "f1": 0.08357336163332744
      },
      "S4": {
        "accuracy": 0.067410813264314,
        "precision": 0.06429039541326988,
        "recall": 0.06317380569638732,
        "f1": 0.0636883706634672
      },
      "S5": {
        "accuracy": 0.1257719972170548,
        "precision": 0.13110458331603556,
        "recall": 0.12763326616610485,
        "f1": 0.12757194822482035
      },
      "S6": {
        "accuracy": 0.1200529036894327,
        "precision": 0.10819355599998697,
        "recall": 0.10812775439504571,
        "f1": 0.10791608795893137
      },
      "S7": {
        "accuracy": 0.164102730070635,
        "precision": 0.15654560465090087,
        "recall": 0.14952684218280493,
        "f1": 0.15292982678200318
      },
      "S8": {
        "accuracy": 0.2390457297578286,
        "precision": 0.23324915241831468,
        "recall": 0.22787593576569304,
        "f1": 0.22948554170280058
      },
      "S9": {
        "accuracy": 0.1531231949061785,
        "precision": 0.13644907593286051,
        "recall": 0.12595216057092223,
        "f1": 0.13089572870419502
      },
      "S10": {
        "accuracy": 0.052460063039622404,
        "precision": 0.059908942633622016,
        "recall": 0.058267156021589626,
        "f1": 0.05587431669413217
      },
      "S11": {
        "accuracy": 0.06683363795882946,
        "precision": 0.06499306731732768,
        "recall": 0.0982092777404396,
        "f1": 0.07773539676447852
      },
      "S13": {
        "accuracy": 0.28341501806023156,
        "precision": 0.2633922926860268,
        "recall": 0.2621531589606809,
        "f1": 0.26242210714475267
      },
      "S14": {
        "accuracy": 0.12199755362153214,
        "precision": 0.11756776340777,
        "recall": 0.11799653492220928,
        "f1": 0.11691044534973138
      },
      "S15": {
        "accuracy": 0.034768475173040984,
        "precision": 0.03546247754370182,
        "recall": 0.04757493109411463,
        "f1": 0.03775358595341508
      },
      "S16": {
        "accuracy": 0.05270463185806378,
        "precision": 0.047265051696318006,
        "recall": 0.06810435124189432,
        "f1": 0.0537921292928365
      },
      "S17": {
        "accuracy": 0.12573515158495777,
        "precision": 0.11281930870731981,
        "recall": 0.10674283572641541,
        "f1": 0.10950277434089153
      },
      "average": {
        "accuracy": 0.09098922128680557,
        "precision": 0.08824469945045466,
        "recall": 0.08529389473012235,
        "f1": 0.0860897659338035
      }
    },
    "poor_ratio": 0.0
  }
}