{
  "real_subj_cnt": 15,
  "real_path": "stress_slurm/data/wesad_1hz.pickle",
  "sliding_windows": false,
  "syn_subj_cnt": 50,
  "gan_config": {
    "gan_mode": "DPCGAN-e-10",
    "path": "stress_slurm/data/100_subj_DP-cGAN-e-10.csv",
    "eps": 10
  },
  "privacy_config": {
    "l2_norm_clip": 1.0,
    "eps": null,
    "num_unique_windows": null,
    "delta": null,
    "noise_multiplier": null
  },
  "train_config": {
    "nn_mode": "CNN",
    "epochs": 10,
    "batch_size": 50,
    "learning_rate": 0.001,
    "eval_mode": "TSTR",
    "random_seed": 42,
    "data_noise_parameter": null
  },
  "results": {
    "num_runs": 10,
    "mean": {
      "S2": {
        "accuracy": 0.9941176414489746,
        "precision": 0.9970588207244873,
        "recall": 0.9941176414489746,
        "f1": 0.9955662819664152
      },
      "S3": {
        "accuracy": 0.4705882459878922,
        "precision": 0.46740022003650666,
        "recall": 0.4705882459878922,
        "f1": 0.46892584156228106
      },
      "S4": {
        "accuracy": 0.7685714423656463,
        "precision": 0.7618033051490783,
        "recall": 0.7600000143051148,
        "f1": 0.7604802352151185
      },
      "S5": {
        "accuracy": 0.9314285755157471,
        "precision": 0.9332581460475922,
        "recall": 0.9428571462631226,
        "f1": 0.9378925628552617
      },
      "S6": {
        "accuracy": 0.9400000035762787,
        "precision": 0.9355847954750061,
        "recall": 0.9457142889499665,
        "f1": 0.9404746301964432
      },
      "S7": {
        "accuracy": 0.40000001043081285,
        "precision": 0.3987541437149048,
        "recall": 0.3942857250571251,
        "f1": 0.396336159605117
      },
      "S8": {
        "accuracy": 0.5457143098115921,
        "precision": 0.5460435062646866,
        "recall": 0.542857164144516,
        "f1": 0.5442158261666206
      },
      "S9": {
        "accuracy": 0.9942857146263122,
        "precision": 0.9915079355239869,
        "recall": 0.9914285719394684,
        "f1": 0.9914279879663427
      },
      "S10": {
        "accuracy": 0.9611111044883728,
        "precision": 0.961261260509491,
        "recall": 0.9666666626930237,
        "f1": 0.9639269383210003
      },
      "S11": {
        "accuracy": 0.6138888895511627,
        "precision": 0.6098088026046753,
        "recall": 0.6083333313465118,
        "f1": 0.6087844627100873
      },
      "S13": {
        "accuracy": 0.8527777791023254,
        "precision": 0.8520842075347901,
        "recall": 0.8583333373069764,
        "f1": 0.8548219840962646
      },
      "S14": {
        "accuracy": 0.6305555462837219,
        "precision": 0.623096364736557,
        "recall": 0.6277777671813964,
        "f1": 0.6253549018422911
      },
      "S15": {
        "accuracy": 0.8083333313465119,
        "precision": 0.8088800370693207,
        "recall": 0.8277777850627899,
        "f1": 0.8170418888006635
      },
      "S16": {
        "accuracy": 0.8722222208976745,
        "precision": 0.8722222208976745,
        "recall": 0.8722222208976745,
        "f1": 0.8722222208976745
      },
      "S17": {
        "accuracy": 0.26666666865348815,
        "precision": 0.26666666865348815,
        "recall": 0.26666666865348815,
        "f1": 0.26666666865348815
      },
      "average": {
        "accuracy": 0.7366840989391009,
        "precision": 0.7350286956628164,
        "recall": 0.7379751047492027,
        "f1": 0.7362759060570047
      }
    },
    "std": {
      "S2": {
        "accuracy": 0.01240110069000535,
        "precision": 0.009300825517504012,
        "recall": 0.01240110069000535,
        "f1": 0.009951226565894715
      },
      "S3": {
        "accuracy": 0.05545936261825802,
        "precision": 0.06032966900032047,
        "recall": 0.06353667892391904,
        "f1": 0.06181908010256819
      },
      "S4": {
        "accuracy": 0.05626306517119095,
        "precision": 0.06154696252563058,
        "recall": 0.04704414590158249,
        "f1": 0.05143992920952242
      },
      "S5": {
        "accuracy": 0.08852532835107703,
        "precision": 0.08624209003927776,
        "recall": 0.07737178971814797,
        "f1": 0.08124393312574175
      },
      "S6": {
        "accuracy": 0.041403931092674505,
        "precision": 0.047019711864027224,
        "recall": 0.0414039310926745,
        "f1": 0.04261880279259544
      },
      "S7": {
        "accuracy": 0.1730085939282545,
        "precision": 0.17614850146931998,
        "recall": 0.16539652334382454,
        "f1": 0.17037961758090195
      },
      "S8": {
        "accuracy": 0.0493954410120788,
        "precision": 0.051206689381545,
        "recall": 0.053874809701642,
        "f1": 0.05167442158506719
      },
      "S9": {
        "accuracy": 0.012046771320693121,
        "precision": 0.013675228822302609,
        "recall": 0.01380131036422483,
        "f1": 0.012047463431489712
      },
      "S10": {
        "accuracy": 0.06829292968785566,
        "precision": 0.06832080215683846,
        "recall": 0.07027284526980561,
        "f1": 0.0690557065739093
      },
      "S11": {
        "accuracy": 0.04233011144266176,
        "precision": 0.04008643100645101,
        "recall": 0.04977659842479487,
        "f1": 0.04340807568386456
      },
      "S13": {
        "accuracy": 0.0888599574118064,
        "precision": 0.08803746691880325,
        "recall": 0.08631497923457794,
        "f1": 0.0854953042552806
      },
      "S14": {
        "accuracy": 0.07178165657098966,
        "precision": 0.07095867153000722,
        "recall": 0.0670257785722635,
        "f1": 0.06863174765571797
      },
      "S15": {
        "accuracy": 0.10754302891977471,
        "precision": 0.10430477622930417,
        "recall": 0.07612890427089211,
        "f1": 0.08712242686112934
      },
      "S16": {
        "accuracy": 0.01434438960366587,
        "precision": 0.01434438960366587,
        "recall": 0.01434438960366587,
        "f1": 0.01434438960366587
      },
      "S17": {
        "accuracy": 0.0351364226349028,
        "precision": 0.0351364226349028,
        "recall": 0.0351364226349028,
        "f1": 0.0351364226349028
      },
      "average": {
        "accuracy": 0.04493795702896589,
        "precision": 0.0472586135082451,
        "recall": 0.04444479865968353,
        "f1": 0.04540454400014484
      }
    },
    "poor_ratio": 0.0
  }
}