{
  "real_subj_cnt": 15,
  "real_path": "stress_slurm/data/wesad_1hz.pickle",
  "sliding_windows": false,
  "syn_subj_cnt": 1,
  "gan_config": {
    "gan_mode": "DPCGAN-e-1",
    "path": "stress_slurm/data/100_subj_DP-cGAN-e-1.csv",
    "eps": 1
  },
  "privacy_config": {
    "l2_norm_clip": 1.0,
    "eps": null,
    "num_unique_windows": null,
    "delta": null,
    "noise_multiplier": null
  },
  "train_config": {
    "nn_mode": "Transformer",
    "epochs": 110,
    "batch_size": 50,
    "learning_rate": 0.0001,
    "eval_mode": "TSTR",
    "random_seed": 42,
    "data_noise_parameter": null
  },
  "results": {
    "num_runs": 10,
    "mean": {
      "S2": {
        "accuracy": 0.3823529487475753,
        "precision": 0.38123044427484276,
        "recall": 0.3794117709621787,
        "f1": 0.38025344039348774
      },
      "S3": {
        "accuracy": 0.6147058814764023,
        "precision": 0.6180265635251999,
        "recall": 0.6117647081613541,
        "f1": 0.6147511315860691
      },
      "S4": {
        "accuracy": 0.608571445941925,
        "precision": 0.6109103739261628,
        "recall": 0.6114285886287689,
        "f1": 0.6111358137839569
      },
      "S5": {
        "accuracy": 0.5171428710222244,
        "precision": 0.5201801925897598,
        "recall": 0.5142857283353806,
        "f1": 0.5169658251938459
      },
      "S6": {
        "accuracy": 0.4857142984867096,
        "precision": 0.48531581461429596,
        "recall": 0.4800000131130219,
        "f1": 0.48252589204285723
      },
      "S7": {
        "accuracy": 0.5514285849407315,
        "precision": 0.5623214351013303,
        "recall": 0.5428571568801999,
        "f1": 0.5517033987882553
      },
      "S8": {
        "accuracy": 0.5171428725123406,
        "precision": 0.5185714438557625,
        "recall": 0.5142857298254967,
        "f1": 0.5163326380250315
      },
      "S9": {
        "accuracy": 0.41714286953210833,
        "precision": 0.4179832056164742,
        "recall": 0.41714286953210833,
        "f1": 0.41755694818300154
      },
      "S10": {
        "accuracy": 0.5083333238959312,
        "precision": 0.5049048975110054,
        "recall": 0.49722221344709394,
        "f1": 0.5003913817654643
      },
      "S11": {
        "accuracy": 0.44999999850988387,
        "precision": 0.45388888865709304,
        "recall": 0.4472222223877907,
        "f1": 0.4502525252621036
      },
      "S13": {
        "accuracy": 0.44722222685813906,
        "precision": 0.44328003376722336,
        "recall": 0.43055556118488314,
        "f1": 0.43593047112324446
      },
      "S14": {
        "accuracy": 0.6611110955476761,
        "precision": 0.6604663342237472,
        "recall": 0.6583333164453506,
        "f1": 0.6593280991031543
      },
      "S15": {
        "accuracy": 0.5944444388151169,
        "precision": 0.5958333283662796,
        "recall": 0.5888888865709305,
        "f1": 0.5921568592630042
      },
      "S16": {
        "accuracy": 0.5194444477558136,
        "precision": 0.5176984161138535,
        "recall": 0.5166666686534882,
        "f1": 0.5171752765464348
      },
      "S17": {
        "accuracy": 0.519444440305233,
        "precision": 0.5240810379385948,
        "recall": 0.5222222179174423,
        "f1": 0.5231114905629944
      },
      "average": {
        "accuracy": 0.5196134496231875,
        "precision": 0.5209794940054417,
        "recall": 0.5154858434696992,
        "f1": 0.5179714127748604
      }
    },
    "std": {
      "S2": {
        "accuracy": 0.2340654232281199,
        "precision": 0.23574402448533832,
        "recall": 0.2379143367092892,
        "f1": 0.23682390821858312
      },
      "S3": {
        "accuracy": 0.11801413130446102,
        "precision": 0.12038847244706893,
        "recall": 0.11666254669023188,
        "f1": 0.11804052889438993
      },
      "S4": {
        "accuracy": 0.1518144255979686,
        "precision": 0.14886434474173554,
        "recall": 0.14518734770855365,
        "f1": 0.14696001925005475
      },
      "S5": {
        "accuracy": 0.22874993589773376,
        "precision": 0.22885939546739728,
        "recall": 0.23015326224227925,
        "f1": 0.22938087298760246
      },
      "S6": {
        "accuracy": 0.1970301042225419,
        "precision": 0.1978135141429372,
        "recall": 0.20149104120822037,
        "f1": 0.1996590316608945
      },
      "S7": {
        "accuracy": 0.26736304223277807,
        "precision": 0.27181266179939384,
        "recall": 0.26598553026451843,
        "f1": 0.2677493334109504
      },
      "S8": {
        "accuracy": 0.17687127679558942,
        "precision": 0.17664677589291627,
        "recall": 0.17766436830207807,
        "f1": 0.17704971388327365
      },
      "S9": {
        "accuracy": 0.21346934762964104,
        "precision": 0.21291029222228808,
        "recall": 0.21346934762964104,
        "f1": 0.2131899147058781
      },
      "S10": {
        "accuracy": 0.22301170544658752,
        "precision": 0.22364181524203072,
        "recall": 0.23220256994650354,
        "f1": 0.22803703418890311
      },
      "S11": {
        "accuracy": 0.1770432314336525,
        "precision": 0.17529222625757523,
        "recall": 0.17880202109579668,
        "f1": 0.17690410301515472
      },
      "S13": {
        "accuracy": 0.2141472666022162,
        "precision": 0.21457851578957254,
        "recall": 0.22462054168158985,
        "f1": 0.21991123820499492
      },
      "S14": {
        "accuracy": 0.1012609037434915,
        "precision": 0.10112897290125424,
        "recall": 0.09976824103512999,
        "f1": 0.1001298021631267
      },
      "S15": {
        "accuracy": 0.15614965866824965,
        "precision": 0.1563759776779824,
        "recall": 0.15647874081684357,
        "f1": 0.156045893700336
      },
      "S16": {
        "accuracy": 0.1434737042392511,
        "precision": 0.14533325426708582,
        "recall": 0.14651881527800692,
        "f1": 0.1459264710959685
      },
      "S17": {
        "accuracy": 0.21756303237127664,
        "precision": 0.21607540683578377,
        "recall": 0.21348566370811922,
        "f1": 0.21476372279118577
      },
      "average": {
        "accuracy": 0.1685913339163062,
        "precision": 0.16781332398673487,
        "recall": 0.1694350761555792,
        "f1": 0.16851847107308132
      }
    },
    "poor_ratio": 0.1
  }
}