{
  "real_subj_cnt": 15,
  "real_path": "stress_slurm/data/wesad_1hz.pickle",
  "sliding_windows": false,
  "syn_subj_cnt": 5,
  "gan_config": {
    "gan_mode": "DPCGAN-e-10",
    "path": "stress_slurm/data/100_subj_DP-cGAN-e-10.csv",
    "eps": 10
  },
  "privacy_config": {
    "l2_norm_clip": 1.0,
    "eps": null,
    "num_unique_windows": null,
    "delta": null,
    "noise_multiplier": null
  },
  "train_config": {
    "nn_mode": "Transformer",
    "epochs": 110,
    "batch_size": 50,
    "learning_rate": 0.0001,
    "eval_mode": "TSTR",
    "random_seed": 42,
    "data_noise_parameter": null
  },
  "results": {
    "num_runs": 10,
    "mean": {
      "S2": {
        "accuracy": 0.6764705896377563,
        "precision": 0.6764705896377563,
        "recall": 0.6764705896377563,
        "f1": 0.6764705896377563
      },
      "S3": {
        "accuracy": 0.8058823466300964,
        "precision": 0.804963231086731,
        "recall": 0.7999999940395355,
        "f1": 0.8024064119744454
      },
      "S4": {
        "accuracy": 0.9285714298486709,
        "precision": 0.9285714298486709,
        "recall": 0.9285714298486709,
        "f1": 0.9285714298486709
      },
      "S5": {
        "accuracy": 0.5714285880327225,
        "precision": 0.5714285880327225,
        "recall": 0.5714285880327225,
        "f1": 0.5714285880327225
      },
      "S6": {
        "accuracy": 0.7885714411735535,
        "precision": 0.7900433003902435,
        "recall": 0.7857142984867096,
        "f1": 0.7878151376818703
      },
      "S7": {
        "accuracy": 0.4371428698301315,
        "precision": 0.43873017132282255,
        "recall": 0.4400000125169754,
        "f1": 0.43935614937686934
      },
      "S8": {
        "accuracy": 0.7828571557998657,
        "precision": 0.7820168197154999,
        "recall": 0.7800000131130218,
        "f1": 0.7809938018749152
      },
      "S9": {
        "accuracy": 0.8342857241630555,
        "precision": 0.8319047689437866,
        "recall": 0.8342857241630555,
        "f1": 0.8330784792430437
      },
      "S10": {
        "accuracy": 0.975,
        "precision": 0.975,
        "recall": 0.975,
        "f1": 0.975
      },
      "S11": {
        "accuracy": 0.5944444507360458,
        "precision": 0.5914141446352005,
        "recall": 0.5861111134290695,
        "f1": 0.5886473457225103
      },
      "S13": {
        "accuracy": 0.672222226858139,
        "precision": 0.672222226858139,
        "recall": 0.672222226858139,
        "f1": 0.672222226858139
      },
      "S14": {
        "accuracy": 0.6944444358348847,
        "precision": 0.6944444358348847,
        "recall": 0.6944444358348847,
        "f1": 0.6944444358348847
      },
      "S15": {
        "accuracy": 0.82222221493721,
        "precision": 0.82222221493721,
        "recall": 0.82222221493721,
        "f1": 0.82222221493721
      },
      "S16": {
        "accuracy": 0.9416666507720948,
        "precision": 0.9416666507720948,
        "recall": 0.9416666507720948,
        "f1": 0.9416666507720948
      },
      "S17": {
        "accuracy": 0.347222226858139,
        "precision": 0.347222226858139,
        "recall": 0.347222226858139,
        "f1": 0.347222226858139
      },
      "average": {
        "accuracy": 0.724828823407491,
        "precision": 0.7245547199249268,
        "recall": 0.7236906345685323,
        "f1": 0.724103045910218
      }
    },
    "std": {
      "S2": {
        "accuracy": 0.09403591490246017,
        "precision": 0.09403591490246017,
        "recall": 0.09403591490246017,
        "f1": 0.09403591490246017
      },
      "S3": {
        "accuracy": 0.0911290149065471,
        "precision": 0.0906467234024803,
        "recall": 0.08964022694640304,
        "f1": 0.08978765090094659
      },
      "S4": {
        "accuracy": 0.15605685350644932,
        "precision": 0.15605685350644932,
        "recall": 0.15605685350644932,
        "f1": 0.15605685350644932
      },
      "S5": {
        "accuracy": 0.09897433934448804,
        "precision": 0.09897433934448804,
        "recall": 0.09897433934448804,
        "f1": 0.09897433934448804
      },
      "S6": {
        "accuracy": 0.10707404559926208,
        "precision": 0.1064753151641388,
        "recall": 0.10879675217040655,
        "f1": 0.10745883871059585
      },
      "S7": {
        "accuracy": 0.09623290777641647,
        "precision": 0.09620672250684995,
        "recall": 0.09637418411300767,
        "f1": 0.09626837931278934
      },
      "S8": {
        "accuracy": 0.0895440653183244,
        "precision": 0.09029536248502755,
        "recall": 0.09238585592406136,
        "f1": 0.09130607943073271
      },
      "S9": {
        "accuracy": 0.1050213175656906,
        "precision": 0.10471499042659001,
        "recall": 0.1050213175656906,
        "f1": 0.10479852657823044
      },
      "S10": {
        "accuracy": 0.07905694150420949,
        "precision": 0.07905694150420949,
        "recall": 0.07905694150420949,
        "f1": 0.07905694150420949
      },
      "S11": {
        "accuracy": 0.09816562266190167,
        "precision": 0.09613517310656651,
        "recall": 0.0948339872117716,
        "f1": 0.09509024131321117
      },
      "S13": {
        "accuracy": 0.07499428217310805,
        "precision": 0.07499428217310805,
        "recall": 0.07499428217310805,
        "f1": 0.07499428217310805
      },
      "S14": {
        "accuracy": 0.034644971083464496,
        "precision": 0.034644971083464496,
        "recall": 0.034644971083464496,
        "f1": 0.034644971083464496
      },
      "S15": {
        "accuracy": 0.019422368817504143,
        "precision": 0.019422368817504143,
        "recall": 0.019422368817504143,
        "f1": 0.019422368817504143
      },
      "S16": {
        "accuracy": 0.042330108400491756,
        "precision": 0.042330108400491756,
        "recall": 0.042330108400491756,
        "f1": 0.042330108400491756
      },
      "S17": {
        "accuracy": 0.10896853855793685,
        "precision": 0.10896853855793685,
        "recall": 0.10896853855793685,
        "f1": 0.10896853855793685
      },
      "average": {
        "accuracy": 0.07192219869579385,
        "precision": 0.07185066953649279,
        "recall": 0.07208472620408857,
        "f1": 0.07196109722087274
      }
    },
    "poor_ratio": 0.0
  }
}