{
  "real_subj_cnt": 15,
  "real_path": "stress_slurm/data/wesad_1hz.pickle",
  "sliding_windows": false,
  "syn_subj_cnt": 5,
  "gan_config": {
    "gan_mode": "DPCGAN-e-1",
    "path": "stress_slurm/data/100_subj_DP-cGAN-e-1.csv",
    "eps": 1
  },
  "privacy_config": {
    "l2_norm_clip": 1.0,
    "eps": null,
    "num_unique_windows": null,
    "delta": null,
    "noise_multiplier": null
  },
  "train_config": {
    "nn_mode": "Transformer",
    "epochs": 110,
    "batch_size": 50,
    "learning_rate": 0.0001,
    "eval_mode": "TSTR",
    "random_seed": 42,
    "data_noise_parameter": null
  },
  "results": {
    "num_runs": 10,
    "mean": {
      "S2": {
        "accuracy": 0.4205882467329502,
        "precision": 0.39444445446133614,
        "recall": 0.3735294215381145,
        "f1": 0.3807692406092875
      },
      "S3": {
        "accuracy": 0.6147058814764023,
        "precision": 0.6280748665332794,
        "recall": 0.6441176474094391,
        "f1": 0.6350678736014557
      },
      "S4": {
        "accuracy": 0.702857157588005,
        "precision": 0.7054762035608292,
        "recall": 0.7200000137090683,
        "f1": 0.7121602475926689
      },
      "S5": {
        "accuracy": 0.5400000140070915,
        "precision": 0.5207142993807793,
        "recall": 0.4971428707242012,
        "f1": 0.5057142994004833
      },
      "S6": {
        "accuracy": 0.5314285844564438,
        "precision": 0.47666667848825456,
        "recall": 0.4657142970710993,
        "f1": 0.46851064972292794
      },
      "S7": {
        "accuracy": 0.551428584009409,
        "precision": 0.5271428681910038,
        "recall": 0.5028571553528309,
        "f1": 0.5111051336044877
      },
      "S8": {
        "accuracy": 0.605714300274849,
        "precision": 0.598095253109932,
        "recall": 0.5828571587800979,
        "f1": 0.5894931031842633
      },
      "S9": {
        "accuracy": 0.502857156097889,
        "precision": 0.47587302774190904,
        "recall": 0.45428572595119476,
        "f1": 0.4616172623994004
      },
      "S10": {
        "accuracy": 0.5222222194075584,
        "precision": 0.5147664859890938,
        "recall": 0.5027777776122093,
        "f1": 0.5080810187336837
      },
      "S11": {
        "accuracy": 0.4611111119389534,
        "precision": 0.4719696953892708,
        "recall": 0.48055555373430253,
        "f1": 0.475833331644535
      },
      "S13": {
        "accuracy": 0.4833333268761635,
        "precision": 0.45228757709264755,
        "recall": 0.43055555075407026,
        "f1": 0.4375262007318853
      },
      "S14": {
        "accuracy": 0.6777777552604676,
        "precision": 0.6777777552604676,
        "recall": 0.6777777552604676,
        "f1": 0.6777777552604676
      },
      "S15": {
        "accuracy": 0.638888880610466,
        "precision": 0.6224999904632569,
        "recall": 0.6083333283662796,
        "f1": 0.6133333264846881
      },
      "S16": {
        "accuracy": 0.5638888776302338,
        "precision": 0.5606122136116027,
        "recall": 0.5527777701616288,
        "f1": 0.5563529292896526
      },
      "S17": {
        "accuracy": 0.6027777746319771,
        "precision": 0.6013513460755349,
        "recall": 0.6027777746319771,
        "f1": 0.6020547902806097
      },
      "average": {
        "accuracy": 0.5613053247332573,
        "precision": 0.5485168476899465,
        "recall": 0.5397373200704654,
        "f1": 0.542359810836033
      }
    },
    "std": {
      "S2": {
        "accuracy": 0.25642456808294484,
        "precision": 0.23667216768079738,
        "recall": 0.24096516084520508,
        "f1": 0.23741179770961995
      },
      "S3": {
        "accuracy": 0.09749850533098094,
        "precision": 0.07255416056217898,
        "recall": 0.06994532837364373,
        "f1": 0.06685212680811224
      },
      "S4": {
        "accuracy": 0.11041049028312315,
        "precision": 0.10377147359473622,
        "recall": 0.10061038472114087,
        "f1": 0.10053266501963264
      },
      "S5": {
        "accuracy": 0.22394120133009515,
        "precision": 0.2125445171688001,
        "recall": 0.2218046003763009,
        "f1": 0.2155202574142034
      },
      "S6": {
        "accuracy": 0.17100477244125384,
        "precision": 0.19229882510044202,
        "recall": 0.21383021010619666,
        "f1": 0.2079967401315355
      },
      "S7": {
        "accuracy": 0.24873375867095038,
        "precision": 0.23965678807591126,
        "recall": 0.2545548814462042,
        "f1": 0.24693080243418633
      },
      "S8": {
        "accuracy": 0.14241200743507304,
        "precision": 0.13616050572494778,
        "recall": 0.1361605046131947,
        "f1": 0.1340479364322102
      },
      "S9": {
        "accuracy": 0.2047951292215322,
        "precision": 0.19116542423941402,
        "recall": 0.20666886652492863,
        "f1": 0.1989274463336312
      },
      "S10": {
        "accuracy": 0.22898654486280953,
        "precision": 0.22429150894411723,
        "recall": 0.21811402342578176,
        "f1": 0.22002058222522128
      },
      "S11": {
        "accuracy": 0.18341748333527352,
        "precision": 0.17434791225176582,
        "recall": 0.17175863086497134,
        "f1": 0.17265998311236483
      },
      "S13": {
        "accuracy": 0.2335830464891213,
        "precision": 0.21844529939118548,
        "recall": 0.23323409947672255,
        "f1": 0.22633295184825847
      },
      "S14": {
        "accuracy": 0.05105203225499463,
        "precision": 0.05105203225499463,
        "recall": 0.05105203225499463,
        "f1": 0.05105203225499463
      },
      "S15": {
        "accuracy": 0.11264374384698804,
        "precision": 0.11314837037010296,
        "recall": 0.13058509423452894,
        "f1": 0.12036181609205415
      },
      "S16": {
        "accuracy": 0.14407001338059386,
        "precision": 0.13773994200305392,
        "recall": 0.1331853491268176,
        "f1": 0.13459931693202715
      },
      "S17": {
        "accuracy": 0.15986640579444528,
        "precision": 0.16067156788518377,
        "recall": 0.15986640579444528,
        "f1": 0.16025914055340892
      },
      "average": {
        "accuracy": 0.14773595270726164,
        "precision": 0.14402889878049704,
        "recall": 0.14738355806193879,
        "f1": 0.14579081947419964
      }
    },
    "poor_ratio": 0.0
  }
}