{
  "real_subj_cnt": 15,
  "real_path": "stress_slurm/data/wesad_1hz.pickle",
  "sliding_windows": false,
  "syn_subj_cnt": 10,
  "gan_config": {
    "gan_mode": "DPCGAN-e-10",
    "path": "stress_slurm/data/100_subj_DP-cGAN-e-10.csv",
    "eps": 10
  },
  "privacy_config": {
    "l2_norm_clip": 1.0,
    "eps": null,
    "num_unique_windows": null,
    "delta": null,
    "noise_multiplier": null
  },
  "train_config": {
    "nn_mode": "Transformer",
    "epochs": 110,
    "batch_size": 50,
    "learning_rate": 0.0001,
    "eval_mode": "TSTR",
    "random_seed": 42,
    "data_noise_parameter": null
  },
  "results": {
    "num_runs": 10,
    "mean": {
      "S2": {
        "accuracy": 0.5941176474094391,
        "precision": 0.5925210118293762,
        "recall": 0.5941176474094391,
        "f1": 0.5933077598188985
      },
      "S3": {
        "accuracy": 0.6382352948188782,
        "precision": 0.6299867361783982,
        "recall": 0.6411764740943908,
        "f1": 0.6353225388212389
      },
      "S4": {
        "accuracy": 0.71714286506176,
        "precision": 0.7090048909187316,
        "recall": 0.7200000077486038,
        "f1": 0.7142259032606173
      },
      "S5": {
        "accuracy": 0.48000000715255736,
        "precision": 0.47552124261856077,
        "recall": 0.48000000715255736,
        "f1": 0.47769841982258693
      },
      "S6": {
        "accuracy": 0.5914285898208618,
        "precision": 0.5914285898208618,
        "recall": 0.5914285898208618,
        "f1": 0.5914285898208618
      },
      "S7": {
        "accuracy": 0.3371428668498993,
        "precision": 0.3371428668498993,
        "recall": 0.3371428668498993,
        "f1": 0.3371428668498993
      },
      "S8": {
        "accuracy": 0.6057143062353134,
        "precision": 0.607119283080101,
        "recall": 0.6114285916090012,
        "f1": 0.6092298439554109
      },
      "S9": {
        "accuracy": 0.6428571611642837,
        "precision": 0.6428571611642837,
        "recall": 0.6428571611642837,
        "f1": 0.6428571611642837
      },
      "S10": {
        "accuracy": 0.8027777731418609,
        "precision": 0.8045045018196106,
        "recall": 0.8055555522441864,
        "f1": 0.8050228280608616
      },
      "S11": {
        "accuracy": 0.425,
        "precision": 0.4237987995147705,
        "recall": 0.425,
        "f1": 0.4243911723618347
      },
      "S13": {
        "accuracy": 0.55,
        "precision": 0.55,
        "recall": 0.55,
        "f1": 0.55
      },
      "S14": {
        "accuracy": 0.5777777671813965,
        "precision": 0.5814363062381744,
        "recall": 0.5888888776302338,
        "f1": 0.584920625436123
      },
      "S15": {
        "accuracy": 0.7250000089406967,
        "precision": 0.7250000089406967,
        "recall": 0.7250000089406967,
        "f1": 0.7250000089406967
      },
      "S16": {
        "accuracy": 0.85,
        "precision": 0.8364535272121429,
        "recall": 0.85,
        "f1": 0.8428215622486173
      },
      "S17": {
        "accuracy": 0.20000000298023224,
        "precision": 0.19637992084026337,
        "recall": 0.20277778208255767,
        "f1": 0.19937882184382794
      },
      "average": {
        "accuracy": 0.5824796193838119,
        "precision": 0.580210323135058,
        "recall": 0.5843582377831141,
        "f1": 0.5821832068270505
      }
    },
    "std": {
      "S2": {
        "accuracy": 0.1472547610514221,
        "precision": 0.14776563686377053,
        "recall": 0.1472547610514221,
        "f1": 0.14749252331451337
      },
      "S3": {
        "accuracy": 0.15379974590648915,
        "precision": 0.15141083305090364,
        "recall": 0.15735217493507,
        "f1": 0.15358757619712918
      },
      "S4": {
        "accuracy": 0.21902691416865497,
        "precision": 0.21377646470762177,
        "recall": 0.2224579246407366,
        "f1": 0.21732749497376344
      },
      "S5": {
        "accuracy": 0.14177367156766693,
        "precision": 0.1297347371001442,
        "recall": 0.14177367156766693,
        "f1": 0.13553571530800143
      },
      "S6": {
        "accuracy": 0.15181442360373298,
        "precision": 0.15181442360373298,
        "recall": 0.15181442360373298,
        "f1": 0.15181442360373298
      },
      "S7": {
        "accuracy": 0.048187085282772456,
        "precision": 0.048187085282772456,
        "recall": 0.048187085282772456,
        "f1": 0.048187085282772456
      },
      "S8": {
        "accuracy": 0.13319720802074783,
        "precision": 0.13226654751228029,
        "recall": 0.13210316678505232,
        "f1": 0.13213620019231942
      },
      "S9": {
        "accuracy": 0.11605768987604,
        "precision": 0.11605768987604,
        "recall": 0.11605768987604,
        "f1": 0.11605768987604
      },
      "S10": {
        "accuracy": 0.19265045684938065,
        "precision": 0.18827974456951724,
        "recall": 0.1856475702260744,
        "f1": 0.18697893304420146
      },
      "S11": {
        "accuracy": 0.05863385136869653,
        "precision": 0.058313408568475826,
        "recall": 0.05863385136869653,
        "f1": 0.05844080651133248
      },
      "S13": {
        "accuracy": 0.09147473739303263,
        "precision": 0.09147473739303263,
        "recall": 0.09147473739303263,
        "f1": 0.09147473739303263
      },
      "S14": {
        "accuracy": 0.09147473176194905,
        "precision": 0.0887081486306764,
        "recall": 0.08764562580992423,
        "f1": 0.08742575630887449
      },
      "S15": {
        "accuracy": 0.14430786340407403,
        "precision": 0.14430786340407403,
        "recall": 0.14430786340407403,
        "f1": 0.14430786340407403
      },
      "S16": {
        "accuracy": 0.13808408698088298,
        "precision": 0.13237097240579015,
        "recall": 0.13808408698088298,
        "f1": 0.13361100654052807
      },
      "S17": {
        "accuracy": 0.11697489684866345,
        "precision": 0.10882590631806079,
        "recall": 0.12426049995501763,
        "f1": 0.11589548752012653
      },
      "average": {
        "accuracy": 0.11345892757642043,
        "precision": 0.1107784650248514,
        "recall": 0.11510227304025779,
        "f1": 0.1126945973925629
      }
    },
    "poor_ratio": 0.0
  }
}