{
  "real_subj_cnt": 15,
  "real_path": "stress_slurm/data/wesad_1hz.pickle",
  "sliding_windows": false,
  "syn_subj_cnt": 30,
  "gan_config": {
    "gan_mode": "DPCGAN-e-10",
    "path": "stress_slurm/data/100_subj_DP-cGAN-e-10.csv",
    "eps": 10
  },
  "privacy_config": {
    "l2_norm_clip": 1.0,
    "eps": null,
    "num_unique_windows": null,
    "delta": null,
    "noise_multiplier": null
  },
  "train_config": {
    "nn_mode": "Transformer",
    "epochs": 110,
    "batch_size": 50,
    "learning_rate": 0.0001,
    "eval_mode": "TSTR",
    "random_seed": 42,
    "data_noise_parameter": null
  },
  "results": {
    "num_runs": 10,
    "mean": {
      "S2": {
        "accuracy": 0.6000000089406967,
        "precision": 0.6000000089406967,
        "recall": 0.6000000089406967,
        "f1": 0.6000000089406967
      },
      "S3": {
        "accuracy": 0.6441176563501358,
        "precision": 0.6426890850067138,
        "recall": 0.6441176563501358,
        "f1": 0.6433930187127942
      },
      "S4": {
        "accuracy": 0.714285722374916,
        "precision": 0.710000005364418,
        "recall": 0.7028571486473083,
        "f1": 0.7061538517651473
      },
      "S5": {
        "accuracy": 0.4400000095367432,
        "precision": 0.4413492143154144,
        "recall": 0.442857152223587,
        "f1": 0.44209256397899804
      },
      "S6": {
        "accuracy": 0.5800000160932541,
        "precision": 0.5784127146005631,
        "recall": 0.5800000160932541,
        "f1": 0.579195187168565
      },
      "S7": {
        "accuracy": 0.34000000953674314,
        "precision": 0.34000000953674314,
        "recall": 0.34000000953674314,
        "f1": 0.34000000953674314
      },
      "S8": {
        "accuracy": 0.6028571635484695,
        "precision": 0.605482640862465,
        "recall": 0.6085714489221573,
        "f1": 0.606984144711384
      },
      "S9": {
        "accuracy": 0.6657143056392669,
        "precision": 0.6657143056392669,
        "recall": 0.6657143056392669,
        "f1": 0.6657143056392669
      },
      "S10": {
        "accuracy": 0.7999999940395355,
        "precision": 0.7999999940395355,
        "recall": 0.7999999940395355,
        "f1": 0.7999999940395355
      },
      "S11": {
        "accuracy": 0.43888888955116273,
        "precision": 0.43738095462322235,
        "recall": 0.4361111134290695,
        "f1": 0.4367370914831163
      },
      "S13": {
        "accuracy": 0.5527777820825577,
        "precision": 0.5527777820825577,
        "recall": 0.5527777820825577,
        "f1": 0.5527777820825577
      },
      "S14": {
        "accuracy": 0.6111111044883728,
        "precision": 0.6097597539424896,
        "recall": 0.6111111044883728,
        "f1": 0.610426173395367
      },
      "S15": {
        "accuracy": 0.7361111164093017,
        "precision": 0.7340090155601502,
        "recall": 0.7361111164093017,
        "f1": 0.7350456680426524
      },
      "S16": {
        "accuracy": 0.8555555582046509,
        "precision": 0.8531531572341919,
        "recall": 0.8555555582046509,
        "f1": 0.8543379029283203
      },
      "S17": {
        "accuracy": 0.19444444850087167,
        "precision": 0.1959064371883869,
        "recall": 0.197222226113081,
        "f1": 0.19654655072693844
      },
      "average": {
        "accuracy": 0.5850575856864453,
        "precision": 0.5844423385957878,
        "recall": 0.5848671094079813,
        "f1": 0.5846269502101389
      }
    },
    "std": {
      "S2": {
        "accuracy": 0.11365786034110092,
        "precision": 0.11365786034110092,
        "recall": 0.11365786034110092,
        "f1": 0.11365786034110092
      },
      "S3": {
        "accuracy": 0.13403076513569798,
        "precision": 0.1358019532473245,
        "recall": 0.13403076513569798,
        "f1": 0.13491319619138323
      },
      "S4": {
        "accuracy": 0.23866597867433886,
        "precision": 0.2424412856678803,
        "recall": 0.2502425108507885,
        "f1": 0.24641545750398033
      },
      "S5": {
        "accuracy": 0.07401661265159726,
        "precision": 0.07562663823149568,
        "recall": 0.07766432266939434,
        "f1": 0.07660081225648906
      },
      "S6": {
        "accuracy": 0.1393538733463785,
        "precision": 0.1395526121494436,
        "recall": 0.1393538733463785,
        "f1": 0.13943209662940018
      },
      "S7": {
        "accuracy": 0.02841225333540487,
        "precision": 0.02841225333540487,
        "recall": 0.02841225333540487,
        "f1": 0.02841225333540487
      },
      "S8": {
        "accuracy": 0.11384836865546191,
        "precision": 0.11186430078795905,
        "recall": 0.11028719434939975,
        "f1": 0.11099313560471817
      },
      "S9": {
        "accuracy": 0.08523676000621459,
        "precision": 0.08523676000621459,
        "recall": 0.08523676000621459,
        "f1": 0.08523676000621459
      },
      "S10": {
        "accuracy": 0.16186499133385085,
        "precision": 0.16186499133385085,
        "recall": 0.16186499133385085,
        "f1": 0.16186499133385085
      },
      "S11": {
        "accuracy": 0.06113916360250455,
        "precision": 0.06040726087595851,
        "recall": 0.06007825413142149,
        "f1": 0.06020720299340513
      },
      "S13": {
        "accuracy": 0.059215839764070376,
        "precision": 0.059215839764070376,
        "recall": 0.059215839764070376,
        "f1": 0.059215839764070376
      },
      "S14": {
        "accuracy": 0.08384615259179987,
        "precision": 0.08591918044878293,
        "recall": 0.08384615259179987,
        "f1": 0.08487630640399764
      },
      "S15": {
        "accuracy": 0.08410139507923464,
        "precision": 0.08320212695259105,
        "recall": 0.08410139507923464,
        "f1": 0.08358076220719311
      },
      "S16": {
        "accuracy": 0.07267191455964334,
        "precision": 0.07183986930206203,
        "recall": 0.07267191455964334,
        "f1": 0.07215148863049173
      },
      "S17": {
        "accuracy": 0.06804138208194245,
        "precision": 0.06885673527204247,
        "recall": 0.06984452662356926,
        "f1": 0.0693078451458804
      },
      "average": {
        "accuracy": 0.09040811103473065,
        "precision": 0.09059103068189639,
        "recall": 0.09046030928265028,
        "f1": 0.09053179181848121
      }
    },
    "poor_ratio": 0.0
  }
}