{
  "real_subj_cnt": 15,
  "real_path": "stress_slurm/data/wesad_1hz.pickle",
  "sliding_windows": false,
  "syn_subj_cnt": 5,
  "gan_config": {
    "gan_mode": "DPCGAN-e-1",
    "path": "stress_slurm/data/100_subj_DP-cGAN-e-1.csv",
    "eps": 1
  },
  "privacy_config": {
    "l2_norm_clip": 1.0,
    "eps": null,
    "num_unique_windows": null,
    "delta": null,
    "noise_multiplier": null
  },
  "train_config": {
    "nn_mode": "Transformer",
    "epochs": 110,
    "batch_size": 50,
    "learning_rate": 0.0001,
    "eval_mode": "TSTR",
    "random_seed": 42
  },
  "results": {
    "num_runs": 10,
    "mean": {
      "S2": {
        "accuracy": 0.376470597833395,
        "precision": 0.376470597833395,
        "recall": 0.376470597833395,
        "f1": 0.376470597833395
      },
      "S3": {
        "accuracy": 0.6411764681339264,
        "precision": 0.6400178253650666,
        "recall": 0.6382352948188782,
        "f1": 0.639113257630521
      },
      "S4": {
        "accuracy": 0.731428587436676,
        "precision": 0.7296031892299653,
        "recall": 0.731428587436676,
        "f1": 0.7305030334069127
      },
      "S5": {
        "accuracy": 0.5142857283353806,
        "precision": 0.5142857283353806,
        "recall": 0.5142857283353806,
        "f1": 0.5142857283353806
      },
      "S6": {
        "accuracy": 0.4914285808801651,
        "precision": 0.4914285808801651,
        "recall": 0.4914285808801651,
        "f1": 0.4914285808801651
      },
      "S7": {
        "accuracy": 0.5828571572899819,
        "precision": 0.5828571572899819,
        "recall": 0.5828571572899819,
        "f1": 0.5828571572899819
      },
      "S8": {
        "accuracy": 0.5771428734064102,
        "precision": 0.5771428734064102,
        "recall": 0.5771428734064102,
        "f1": 0.5771428734064102
      },
      "S9": {
        "accuracy": 0.44285715371370316,
        "precision": 0.444126994907856,
        "recall": 0.44571429640054705,
        "f1": 0.4449094674758579
      },
      "S10": {
        "accuracy": 0.5333333253860474,
        "precision": 0.5333333253860474,
        "recall": 0.5333333253860474,
        "f1": 0.5333333253860474
      },
      "S11": {
        "accuracy": 0.46944444477558134,
        "precision": 0.4708730190992355,
        "recall": 0.46944444477558134,
        "f1": 0.47014867153474676
      },
      "S13": {
        "accuracy": 0.4361111059784889,
        "precision": 0.4376876845955849,
        "recall": 0.43888888508081436,
        "f1": 0.4382800574426491
      },
      "S14": {
        "accuracy": 0.6833333134651184,
        "precision": 0.6833333134651184,
        "recall": 0.6833333134651184,
        "f1": 0.6833333134651184
      },
      "S15": {
        "accuracy": 0.6388888865709305,
        "precision": 0.6388888865709305,
        "recall": 0.6388888865709305,
        "f1": 0.6388888865709305
      },
      "S16": {
        "accuracy": 0.5555555522441864,
        "precision": 0.5567567527294159,
        "recall": 0.5583333253860474,
        "f1": 0.5575342406417219
      },
      "S17": {
        "accuracy": 0.6083333343267441,
        "precision": 0.6098412722349167,
        "recall": 0.6083333343267441,
        "f1": 0.6090766839903277
      },
      "average": {
        "accuracy": 0.5521764739851156,
        "precision": 0.5524431467552979,
        "recall": 0.5525412420928478,
        "f1": 0.5524870583526778
      }
    },
    "std": {
      "S2": {
        "accuracy": 0.19938390673936277,
        "precision": 0.19938390673936277,
        "recall": 0.19938390673936277,
        "f1": 0.19938390673936277
      },
      "S3": {
        "accuracy": 0.05849581968644512,
        "precision": 0.05912502085936461,
        "recall": 0.06051489730036705,
        "f1": 0.05976796470736251
      },
      "S4": {
        "accuracy": 0.07523206278489174,
        "precision": 0.07742428311596017,
        "recall": 0.07523206278489174,
        "f1": 0.07629691760459911
      },
      "S5": {
        "accuracy": 0.1875972954109499,
        "precision": 0.1875972954109499,
        "recall": 0.1875972954109499,
        "f1": 0.1875972954109499
      },
      "S6": {
        "accuracy": 0.14986010562769736,
        "precision": 0.14986010562769736,
        "recall": 0.14986010562769736,
        "f1": 0.14986010562769736
      },
      "S7": {
        "accuracy": 0.16779212276299563,
        "precision": 0.16779212276299563,
        "recall": 0.16779212276299563,
        "f1": 0.16779212276299563
      },
      "S8": {
        "accuracy": 0.12181544677106335,
        "precision": 0.12181544677106335,
        "recall": 0.12181544677106335,
        "f1": 0.12181544677106335
      },
      "S9": {
        "accuracy": 0.17982102827144647,
        "precision": 0.18064859300163963,
        "recall": 0.18180251800532968,
        "f1": 0.18120097109580452
      },
      "S10": {
        "accuracy": 0.18601664695301445,
        "precision": 0.18601664695301445,
        "recall": 0.18601664695301445,
        "f1": 0.18601664695301445
      },
      "S11": {
        "accuracy": 0.1299269085207193,
        "precision": 0.13037795735065916,
        "recall": 0.1299269085207193,
        "f1": 0.13012985351901182
      },
      "S13": {
        "accuracy": 0.18796523753845998,
        "precision": 0.18785010710675967,
        "recall": 0.18785117398778275,
        "f1": 0.18784103353445242
      },
      "S14": {
        "accuracy": 0.04934412113452079,
        "precision": 0.04934412113452079,
        "recall": 0.04934412113452079,
        "f1": 0.04934412113452079
      },
      "S15": {
        "accuracy": 0.0953299039956244,
        "precision": 0.0953299039956244,
        "recall": 0.0953299039956244,
        "f1": 0.0953299039956244
      },
      "S16": {
        "accuracy": 0.11929719946679221,
        "precision": 0.11935765876653719,
        "recall": 0.11962015808742561,
        "f1": 0.1194611820191328
      },
      "S17": {
        "accuracy": 0.13058509578418134,
        "precision": 0.12963512852344042,
        "recall": 0.13058509578418134,
        "f1": 0.1300958269180397
      },
      "average": {
        "accuracy": 0.11698089273765408,
        "precision": 0.11695115886796431,
        "recall": 0.11718488132628503,
        "f1": 0.1170682445901579
      }
    },
    "poor_ratio": 0.4
  }
}