{
  "real_subj_cnt": 15,
  "real_path": "stress_slurm/data/wesad_1hz.pickle",
  "sliding_windows": false,
  "syn_subj_cnt": 1,
  "gan_config": {
    "gan_mode": "CGAN",
    "path": "stress_slurm/data/100_subj_cGAN.csv",
    "eps": null
  },
  "privacy_config": {
    "l2_norm_clip": 1.0,
    "eps": null,
    "num_unique_windows": null,
    "delta": null,
    "noise_multiplier": null
  },
  "train_config": {
    "nn_mode": "Transformer",
    "epochs": 110,
    "batch_size": 50,
    "learning_rate": 0.0001,
    "eval_mode": "TSTR",
    "random_seed": 42,
    "data_noise_parameter": null
  },
  "results": {
    "num_runs": 10,
    "mean": {
      "S2": {
        "accuracy": 0.5970588356256485,
        "precision": 0.5970588356256485,
        "recall": 0.5970588356256485,
        "f1": 0.5970588356256485
      },
      "S3": {
        "accuracy": 0.6852941155433655,
        "precision": 0.6852941155433655,
        "recall": 0.6852941155433655,
        "f1": 0.6852941155433655
      },
      "S4": {
        "accuracy": 0.9200000017881393,
        "precision": 0.9200000017881393,
        "recall": 0.9200000017881393,
        "f1": 0.9200000017881393
      },
      "S5": {
        "accuracy": 0.7114285856485367,
        "precision": 0.7114285856485367,
        "recall": 0.7114285856485367,
        "f1": 0.7114285856485367
      },
      "S6": {
        "accuracy": 0.8885714322328567,
        "precision": 0.8885714322328567,
        "recall": 0.8885714322328567,
        "f1": 0.8885714322328567
      },
      "S7": {
        "accuracy": 0.7514285832643509,
        "precision": 0.7514285832643509,
        "recall": 0.7514285832643509,
        "f1": 0.7514285832643509
      },
      "S8": {
        "accuracy": 0.8314285784959793,
        "precision": 0.8314285784959793,
        "recall": 0.8314285784959793,
        "f1": 0.8314285784959793
      },
      "S9": {
        "accuracy": 0.8971428602933884,
        "precision": 0.8971428602933884,
        "recall": 0.8971428602933884,
        "f1": 0.8971428602933884
      },
      "S10": {
        "accuracy": 0.9222222208976746,
        "precision": 0.9222222208976746,
        "recall": 0.9222222208976746,
        "f1": 0.9222222208976746
      },
      "S11": {
        "accuracy": 0.6861110955476761,
        "precision": 0.6861110955476761,
        "recall": 0.6861110955476761,
        "f1": 0.6861110955476761
      },
      "S13": {
        "accuracy": 0.7833333373069763,
        "precision": 0.7833333373069763,
        "recall": 0.7833333373069763,
        "f1": 0.7833333373069763
      },
      "S14": {
        "accuracy": 0.6805555433034897,
        "precision": 0.6805555433034897,
        "recall": 0.6805555433034897,
        "f1": 0.6805555433034897
      },
      "S15": {
        "accuracy": 0.8944444417953491,
        "precision": 0.8944444417953491,
        "recall": 0.8944444417953491,
        "f1": 0.8944444417953491
      },
      "S16": {
        "accuracy": 0.8388888865709305,
        "precision": 0.8388888865709305,
        "recall": 0.8388888865709305,
        "f1": 0.8388888865709305
      },
      "S17": {
        "accuracy": 0.5666666716337204,
        "precision": 0.5676426440477371,
        "recall": 0.5694444507360459,
        "f1": 0.5685312062166358
      },
      "average": {
        "accuracy": 0.7769716793298722,
        "precision": 0.7770367441574733,
        "recall": 0.7771568646033605,
        "f1": 0.7770959816353998
      }
    },
    "std": {
      "S2": {
        "accuracy": 0.10833222520164447,
        "precision": 0.10833222520164447,
        "recall": 0.10833222520164447,
        "f1": 0.10833222520164447
      },
      "S3": {
        "accuracy": 0.1379882345138888,
        "precision": 0.1379882345138888,
        "recall": 0.1379882345138888,
        "f1": 0.1379882345138888
      },
      "S4": {
        "accuracy": 0.2332069583760715,
        "precision": 0.2332069583760715,
        "recall": 0.2332069583760715,
        "f1": 0.2332069583760715
      },
      "S5": {
        "accuracy": 0.16075219988966194,
        "precision": 0.16075219988966194,
        "recall": 0.16075219988966194,
        "f1": 0.16075219988966194
      },
      "S6": {
        "accuracy": 0.21399980584246603,
        "precision": 0.21399980584246603,
        "recall": 0.21399980584246603,
        "f1": 0.21399980584246603
      },
      "S7": {
        "accuracy": 0.21169866428868842,
        "precision": 0.21169866428868842,
        "recall": 0.21169866428868842,
        "f1": 0.21169866428868842
      },
      "S8": {
        "accuracy": 0.20446267992455863,
        "precision": 0.20446267992455863,
        "recall": 0.20446267992455863,
        "f1": 0.20446267992455863
      },
      "S9": {
        "accuracy": 0.21516222510250704,
        "precision": 0.21516222510250704,
        "recall": 0.21516222510250704,
        "f1": 0.21516222510250704
      },
      "S10": {
        "accuracy": 0.22672898684126824,
        "precision": 0.22672898684126824,
        "recall": 0.22672898684126824,
        "f1": 0.22672898684126824
      },
      "S11": {
        "accuracy": 0.1416696909417423,
        "precision": 0.1416696909417423,
        "recall": 0.1416696909417423,
        "f1": 0.1416696909417423
      },
      "S13": {
        "accuracy": 0.19236097308607664,
        "precision": 0.19236097308607664,
        "recall": 0.19236097308607664,
        "f1": 0.19236097308607664
      },
      "S14": {
        "accuracy": 0.14359316951676435,
        "precision": 0.14359316951676435,
        "recall": 0.14359316951676435,
        "f1": 0.14359316951676435
      },
      "S15": {
        "accuracy": 0.22559173444062947,
        "precision": 0.22559173444062947,
        "recall": 0.22559173444062947,
        "f1": 0.22559173444062947
      },
      "S16": {
        "accuracy": 0.20487876374219388,
        "precision": 0.20487876374219388,
        "recall": 0.20487876374219388,
        "f1": 0.20487876374219388
      },
      "S17": {
        "accuracy": 0.13430714899553914,
        "precision": 0.13492432339781685,
        "recall": 0.1362401822080477,
        "f1": 0.13554490570052488
      },
      "average": {
        "accuracy": 0.1750893093318845,
        "precision": 0.1751151185498889,
        "recall": 0.17516339161562175,
        "f1": 0.17513882314460258
      }
    },
    "poor_ratio": 0.1
  }
}