{
  "real_subj_cnt": 15,
  "real_path": "stress_slurm/data/wesad_1hz.pickle",
  "sliding_windows": false,
  "syn_subj_cnt": 15,
  "gan_config": {
    "gan_mode": "DPCGAN-e-10",
    "path": "stress_slurm/data/100_subj_DP-cGAN-e-10.csv",
    "eps": 10
  },
  "privacy_config": {
    "l2_norm_clip": 1.0,
    "eps": null,
    "num_unique_windows": null,
    "delta": null,
    "noise_multiplier": null
  },
  "train_config": {
    "nn_mode": "Transformer",
    "epochs": 110,
    "batch_size": 50,
    "learning_rate": 0.0001,
    "eval_mode": "TSTR",
    "random_seed": 42,
    "data_noise_parameter": null
  },
  "results": {
    "num_runs": 10,
    "mean": {
      "S2": {
        "accuracy": 0.870588231086731,
        "precision": 0.8655946016311645,
        "recall": 0.8735294044017792,
        "f1": 0.869470419299091
      },
      "S3": {
        "accuracy": 0.7323529303073884,
        "precision": 0.7302520930767059,
        "recall": 0.7323529303073884,
        "f1": 0.7312872882563886
      },
      "S4": {
        "accuracy": 1.0,
        "precision": 1.0,
        "recall": 1.0,
        "f1": 1.0
      },
      "S5": {
        "accuracy": 0.9828571438789367,
        "precision": 0.9735714316368103,
        "recall": 0.9857142865657806,
        "f1": 0.9792380973498027
      },
      "S6": {
        "accuracy": 0.9685714304447174,
        "precision": 0.9685714304447174,
        "recall": 0.9685714304447174,
        "f1": 0.9685714304447174
      },
      "S7": {
        "accuracy": 0.8257142961025238,
        "precision": 0.8257142961025238,
        "recall": 0.8257142961025238,
        "f1": 0.8257142961025238
      },
      "S8": {
        "accuracy": 0.9285714328289032,
        "precision": 0.9234834849834442,
        "recall": 0.9314285755157471,
        "f1": 0.9273630700113328
      },
      "S9": {
        "accuracy": 0.9714285731315613,
        "precision": 0.9714285731315613,
        "recall": 0.9714285731315613,
        "f1": 0.9714285731315613
      },
      "S10": {
        "accuracy": 1.0,
        "precision": 1.0,
        "recall": 1.0,
        "f1": 1.0
      },
      "S11": {
        "accuracy": 0.7750000119209289,
        "precision": 0.772417426109314,
        "recall": 0.7722222328186035,
        "f1": 0.7722902962426036
      },
      "S13": {
        "accuracy": 0.8583333373069764,
        "precision": 0.8569069087505341,
        "recall": 0.8638888955116272,
        "f1": 0.860350080270395
      },
      "S14": {
        "accuracy": 0.7333333313465118,
        "precision": 0.7363575637340546,
        "recall": 0.7361111044883728,
        "f1": 0.7361544625631675
      },
      "S15": {
        "accuracy": 0.9583333253860473,
        "precision": 0.9536786735057831,
        "recall": 0.9611111044883728,
        "f1": 0.9573439819456198
      },
      "S16": {
        "accuracy": 0.9972222208976745,
        "precision": 0.9972222208976745,
        "recall": 0.9972222208976745,
        "f1": 0.9972222208976745
      },
      "S17": {
        "accuracy": 0.5333333313465118,
        "precision": 0.5363470613956451,
        "recall": 0.5361111104488373,
        "f1": 0.5362086519238334
      },
      "average": {
        "accuracy": 0.8757093063990276,
        "precision": 0.8741030510266622,
        "recall": 0.8770270776748657,
        "f1": 0.8755095245625807
      }
    },
    "std": {
      "S2": {
        "accuracy": 0.03161670256069836,
        "precision": 0.03334298474143337,
        "recall": 0.04395393649056116,
        "f1": 0.03811227699067347
      },
      "S3": {
        "accuracy": 0.021701909153976115,
        "precision": 0.022391451137997443,
        "recall": 0.021701909153976115,
        "f1": 0.021802839665583627
      },
      "S4": {
        "accuracy": 0.0,
        "precision": 0.0,
        "recall": 0.0,
        "f1": 0.0
      },
      "S5": {
        "accuracy": 0.027602620728449663,
        "precision": 0.04949288619651831,
        "recall": 0.02428104385555971,
        "f1": 0.03485071956956616
      },
      "S6": {
        "accuracy": 0.009035078490519832,
        "precision": 0.009035078490519832,
        "recall": 0.009035078490519832,
        "f1": 0.009035078490519832
      },
      "S7": {
        "accuracy": 0.1002943453888538,
        "precision": 0.1002943453888538,
        "recall": 0.1002943453888538,
        "f1": 0.1002943453888538
      },
      "S8": {
        "accuracy": 0.02020304968684854,
        "precision": 0.01900396817092576,
        "recall": 0.027602620728449666,
        "f1": 0.021759465091293225
      },
      "S9": {
        "accuracy": 0.0,
        "precision": 0.0,
        "recall": 0.0,
        "f1": 0.0
      },
      "S10": {
        "accuracy": 0.0,
        "precision": 0.0,
        "recall": 0.0,
        "f1": 0.0
      },
      "S11": {
        "accuracy": 0.0686060480505417,
        "precision": 0.06945035601829139,
        "recall": 0.06778890525877458,
        "f1": 0.06844452149976217
      },
      "S13": {
        "accuracy": 0.06064637724588719,
        "precision": 0.06063000867500455,
        "recall": 0.05921583401670227,
        "f1": 0.05967266736999185
      },
      "S14": {
        "accuracy": 0.03971780521061437,
        "precision": 0.03454155752760589,
        "recall": 0.032736440664876645,
        "f1": 0.03277833548469051
      },
      "S15": {
        "accuracy": 0.052785900084615735,
        "precision": 0.05546761622538345,
        "recall": 0.047574934187589436,
        "f1": 0.05137673633264975
      },
      "S16": {
        "accuracy": 0.008784108800166312,
        "precision": 0.008784108800166312,
        "recall": 0.008784108800166312,
        "f1": 0.008784108800166312
      },
      "S17": {
        "accuracy": 0.06252571997443569,
        "precision": 0.06192454451022406,
        "recall": 0.06007825642798879,
        "f1": 0.06091121413546864
      },
      "average": {
        "accuracy": 0.01573247893358744,
        "precision": 0.015992174111094878,
        "recall": 0.016468722013834747,
        "f1": 0.016135810218153027
      }
    },
    "poor_ratio": 0.0
  }
}