{
  "real_subj_cnt": 15,
  "real_path": "stress_slurm/data/wesad_1hz.pickle",
  "sliding_windows": false,
  "syn_subj_cnt": 100,
  "gan_config": {
    "gan_mode": "DPCGAN-e-1",
    "path": "stress_slurm/data/100_subj_DP-cGAN-e-1.csv",
    "eps": 1
  },
  "privacy_config": {
    "l2_norm_clip": 1.0,
    "eps": null,
    "num_unique_windows": null,
    "delta": null,
    "noise_multiplier": null
  },
  "train_config": {
    "nn_mode": "Transformer",
    "epochs": 110,
    "batch_size": 50,
    "learning_rate": 0.0001,
    "eval_mode": "TSTR",
    "random_seed": 42,
    "data_noise_parameter": null
  },
  "results": {
    "num_runs": 10,
    "mean": {
      "S2": {
        "accuracy": 0.8323529243469239,
        "precision": 0.8323529243469239,
        "recall": 0.8323529243469239,
        "f1": 0.8323529243469239
      },
      "S3": {
        "accuracy": 0.8235294044017791,
        "precision": 0.8250167071819305,
        "recall": 0.8176470518112182,
        "f1": 0.8212387205528942
      },
      "S4": {
        "accuracy": 0.9714285731315613,
        "precision": 0.9714285731315613,
        "recall": 0.9714285731315613,
        "f1": 0.9714285731315613
      },
      "S5": {
        "accuracy": 0.9285714328289032,
        "precision": 0.9233204662799835,
        "recall": 0.9285714328289032,
        "f1": 0.9258730194450896
      },
      "S6": {
        "accuracy": 0.9428571462631226,
        "precision": 0.9428571462631226,
        "recall": 0.9428571462631226,
        "f1": 0.9428571462631226
      },
      "S7": {
        "accuracy": 0.6828571617603302,
        "precision": 0.6839827001094818,
        "recall": 0.6800000190734863,
        "f1": 0.6819327907965463
      },
      "S8": {
        "accuracy": 0.9142857193946838,
        "precision": 0.9142857193946838,
        "recall": 0.9142857193946838,
        "f1": 0.9142857193946838
      },
      "S9": {
        "accuracy": 0.9428571462631226,
        "precision": 0.9428571462631226,
        "recall": 0.9428571462631226,
        "f1": 0.9428571462631226
      },
      "S10": {
        "accuracy": 1.0,
        "precision": 1.0,
        "recall": 1.0,
        "f1": 1.0
      },
      "S11": {
        "accuracy": 0.7055555641651153,
        "precision": 0.7024603247642517,
        "recall": 0.6833333373069763,
        "f1": 0.6926816510307935
      },
      "S13": {
        "accuracy": 0.7555555582046509,
        "precision": 0.7555555582046509,
        "recall": 0.7555555582046509,
        "f1": 0.7555555582046509
      },
      "S14": {
        "accuracy": 0.7194444298744201,
        "precision": 0.7245238125324249,
        "recall": 0.7166666567325592,
        "f1": 0.7205399024583496
      },
      "S15": {
        "accuracy": 0.8805555582046509,
        "precision": 0.8805555582046509,
        "recall": 0.8805555582046509,
        "f1": 0.8805555582046509
      },
      "S16": {
        "accuracy": 1.0,
        "precision": 1.0,
        "recall": 1.0,
        "f1": 1.0
      },
      "S17": {
        "accuracy": 0.48055554628372193,
        "precision": 0.48055554628372193,
        "recall": 0.48055554628372193,
        "f1": 0.48055554628372193
      },
      "average": {
        "accuracy": 0.8386937443415323,
        "precision": 0.8386501455307007,
        "recall": 0.836444444656372,
        "f1": 0.8375142837584073
      }
    },
    "std": {
      "S2": {
        "accuracy": 0.06510570322795348,
        "precision": 0.06510570322795348,
        "recall": 0.06510570322795348,
        "f1": 0.06510570322795348
      },
      "S3": {
        "accuracy": 0.024014603890026624,
        "precision": 0.020751320512335043,
        "recall": 0.023200314850400184,
        "f1": 0.020397874354604984
      },
      "S4": {
        "accuracy": 0.0,
        "precision": 0.0,
        "recall": 0.0,
        "f1": 0.0
      },
      "S5": {
        "accuracy": 0.0635317298519104,
        "precision": 0.06174070919972173,
        "recall": 0.0635317298519104,
        "f1": 0.062065314873559464
      },
      "S6": {
        "accuracy": 0.0,
        "precision": 0.0,
        "recall": 0.0,
        "f1": 0.0
      },
      "S7": {
        "accuracy": 0.03676239602901656,
        "precision": 0.037030911443753575,
        "recall": 0.03761603139244587,
        "f1": 0.03679876841605793
      },
      "S8": {
        "accuracy": 0.0,
        "precision": 0.0,
        "recall": 0.0,
        "f1": 0.0
      },
      "S9": {
        "accuracy": 0.0,
        "precision": 0.0,
        "recall": 0.0,
        "f1": 0.0
      },
      "S10": {
        "accuracy": 0.0,
        "precision": 0.0,
        "recall": 0.0,
        "f1": 0.0
      },
      "S11": {
        "accuracy": 0.07075916504768977,
        "precision": 0.06810139303677239,
        "recall": 0.07196058416489803,
        "f1": 0.06971627373594455
      },
      "S13": {
        "accuracy": 0.011712145066888412,
        "precision": 0.011712145066888412,
        "recall": 0.011712145066888412,
        "f1": 0.011712145066888412
      },
      "S14": {
        "accuracy": 0.030569596093784936,
        "precision": 0.027628600430599042,
        "recall": 0.0341464675376947,
        "f1": 0.03068819022091597
      },
      "S15": {
        "accuracy": 0.013417947829829942,
        "precision": 0.013417947829829942,
        "recall": 0.013417947829829942,
        "f1": 0.013417947829829942
      },
      "S16": {
        "accuracy": 0.0,
        "precision": 0.0,
        "recall": 0.0,
        "f1": 0.0
      },
      "S17": {
        "accuracy": 0.013417947829829958,
        "precision": 0.013417947829829958,
        "recall": 0.013417947829829958,
        "f1": 0.013417947829829958
      },
      "average": {
        "accuracy": 0.010895110258769809,
        "precision": 0.010307929620305856,
        "recall": 0.010263636486281777,
        "f1": 0.010191334805620886
      }
    },
    "poor_ratio": 0.0
  }
}