{
  "real_subj_cnt": 15,
  "real_path": "stress_slurm/data/wesad_1hz.pickle",
  "sliding_windows": false,
  "syn_subj_cnt": 30,
  "gan_config": {
    "gan_mode": "CGAN",
    "path": "stress_slurm/data/100_subj_cGAN.csv",
    "eps": null
  },
  "privacy_config": {
    "l2_norm_clip": 1.0,
    "eps": null,
    "num_unique_windows": null,
    "delta": null,
    "noise_multiplier": null
  },
  "train_config": {
    "nn_mode": "Transformer",
    "epochs": 110,
    "batch_size": 50,
    "learning_rate": 0.0001,
    "eval_mode": "TSTR",
    "random_seed": 42,
    "data_noise_parameter": null
  },
  "results": {
    "num_runs": 10,
    "mean": {
      "S2": {
        "accuracy": 0.7499999940395355,
        "precision": 0.7505405068397522,
        "recall": 0.7382352888584137,
        "f1": 0.7442027379167866
      },
      "S3": {
        "accuracy": 0.8470588147640228,
        "precision": 0.8435189008712769,
        "recall": 0.8441176414489746,
        "f1": 0.8437068837677437
      },
      "S4": {
        "accuracy": 0.9628571450710297,
        "precision": 0.9628571450710297,
        "recall": 0.9628571450710297,
        "f1": 0.9628571450710297
      },
      "S5": {
        "accuracy": 0.8028571546077728,
        "precision": 0.8001587390899658,
        "recall": 0.8028571546077728,
        "f1": 0.8014889439025868
      },
      "S6": {
        "accuracy": 0.9400000035762787,
        "precision": 0.9402381002902984,
        "recall": 0.9428571462631226,
        "f1": 0.9415291793028103
      },
      "S7": {
        "accuracy": 0.8971428632736206,
        "precision": 0.894603180885315,
        "recall": 0.8971428632736206,
        "f1": 0.8958551369934085
      },
      "S8": {
        "accuracy": 0.9600000023841858,
        "precision": 0.9600000023841858,
        "recall": 0.9600000023841858,
        "f1": 0.9600000023841858
      },
      "S9": {
        "accuracy": 0.9628571450710297,
        "precision": 0.9628571450710297,
        "recall": 0.9628571450710297,
        "f1": 0.9628571450710297
      },
      "S10": {
        "accuracy": 0.9722222208976745,
        "precision": 0.9722222208976745,
        "recall": 0.9722222208976745,
        "f1": 0.9722222208976745
      },
      "S11": {
        "accuracy": 0.9,
        "precision": 0.9026941239833832,
        "recall": 0.9027777791023255,
        "f1": 0.9026989959288256
      },
      "S13": {
        "accuracy": 0.9305555403232575,
        "precision": 0.9305555403232575,
        "recall": 0.9305555403232575,
        "f1": 0.9305555403232575
      },
      "S14": {
        "accuracy": 0.6638888895511628,
        "precision": 0.6638996183872223,
        "recall": 0.6638888895511628,
        "f1": 0.6638722773748391
      },
      "S15": {
        "accuracy": 0.9833333313465118,
        "precision": 0.983408409357071,
        "recall": 0.9861111104488373,
        "f1": 0.9847412482628256
      },
      "S16": {
        "accuracy": 0.8388888835906982,
        "precision": 0.8388888835906982,
        "recall": 0.8388888835906982,
        "f1": 0.8388888835906982
      },
      "S17": {
        "accuracy": 0.8111111223697662,
        "precision": 0.8111111223697662,
        "recall": 0.8111111223697662,
        "f1": 0.8111111223697662
      },
      "average": {
        "accuracy": 0.881518207391103,
        "precision": 0.8811702426274618,
        "recall": 0.881098662217458,
        "f1": 0.8811058308771645
      }
    },
    "std": {
      "S2": {
        "accuracy": 0.07103615834300839,
        "precision": 0.07071849466370507,
        "recall": 0.08255111369646624,
        "f1": 0.07646846130220816
      },
      "S3": {
        "accuracy": 0.07818589664424061,
        "precision": 0.0704005905936274,
        "recall": 0.08090463451528054,
        "f1": 0.0751601432726055
      },
      "S4": {
        "accuracy": 0.023522072950791242,
        "precision": 0.023522072950791242,
        "recall": 0.023522072950791242,
        "f1": 0.023522072950791242
      },
      "S5": {
        "accuracy": 0.08459587301941636,
        "precision": 0.07885709375741745,
        "recall": 0.08459587301941636,
        "f1": 0.08162503105123992
      },
      "S6": {
        "accuracy": 0.02108184981121295,
        "precision": 0.020770309728320047,
        "recall": 0.01904761791229248,
        "f1": 0.01950504320962898
      },
      "S7": {
        "accuracy": 0.06625724226381213,
        "precision": 0.0660134245380297,
        "recall": 0.06625724226381213,
        "f1": 0.06601172854736335
      },
      "S8": {
        "accuracy": 0.019977310202976627,
        "precision": 0.019977310202976627,
        "recall": 0.019977310202976627,
        "f1": 0.019977310202976627
      },
      "S9": {
        "accuracy": 0.019284243356585257,
        "precision": 0.019284243356585257,
        "recall": 0.019284243356585257,
        "f1": 0.019284243356585257
      },
      "S10": {
        "accuracy": 0.03464497108346166,
        "precision": 0.03464497108346166,
        "recall": 0.03464497108346166,
        "f1": 0.03464497108346166
      },
      "S11": {
        "accuracy": 0.04182069999568576,
        "precision": 0.04388890229846861,
        "recall": 0.04766495392758416,
        "f1": 0.04533434046406693
      },
      "S13": {
        "accuracy": 0.04943090232657239,
        "precision": 0.04943090232657239,
        "recall": 0.04943090232657239,
        "f1": 0.04943090232657239
      },
      "S14": {
        "accuracy": 0.10264840219665929,
        "precision": 0.10243243941763208,
        "recall": 0.10264840219665929,
        "f1": 0.10249519516590742
      },
      "S15": {
        "accuracy": 0.02986021333495647,
        "precision": 0.029830101031825495,
        "recall": 0.030003428137386948,
        "f1": 0.02960897203495608
      },
      "S16": {
        "accuracy": 0.13146843598623356,
        "precision": 0.13146843598623356,
        "recall": 0.13146843598623356,
        "f1": 0.13146843598623356
      },
      "S17": {
        "accuracy": 0.06904204122558892,
        "precision": 0.06904204122558892,
        "recall": 0.06904204122558892,
        "f1": 0.06904204122558892
      },
      "average": {
        "accuracy": 0.019383888548469064,
        "precision": 0.019237843115253072,
        "recall": 0.019056884702027443,
        "f1": 0.01912821021987985
      }
    },
    "poor_ratio": 0.0
  }
}