{
  "real_subj_cnt": 15,
  "real_path": "stress_slurm/data/wesad_1hz.pickle",
  "sliding_windows": false,
  "syn_subj_cnt": 1,
  "gan_config": {
    "gan_mode": "DPCGAN-e-10",
    "path": "stress_slurm/data/100_subj_DP-cGAN-e-10.csv",
    "eps": 10
  },
  "privacy_config": {
    "l2_norm_clip": 1.0,
    "eps": null,
    "num_unique_windows": null,
    "delta": null,
    "noise_multiplier": null
  },
  "train_config": {
    "nn_mode": "Transformer",
    "epochs": 110,
    "batch_size": 50,
    "learning_rate": 0.0001,
    "eval_mode": "TSTR",
    "random_seed": 42,
    "data_noise_parameter": null
  },
  "results": {
    "num_runs": 10,
    "mean": {
      "S2": {
        "accuracy": 0.4823529481887817,
        "precision": 0.48109244406223295,
        "recall": 0.4823529481887817,
        "f1": 0.4817135620382598
      },
      "S3": {
        "accuracy": 0.6205882370471955,
        "precision": 0.6209218263626098,
        "recall": 0.6205882370471955,
        "f1": 0.6207364734999892
      },
      "S4": {
        "accuracy": 0.71142857670784,
        "precision": 0.7132467597723007,
        "recall": 0.7085714340209961,
        "f1": 0.7108403420920087
      },
      "S5": {
        "accuracy": 0.4257142961025238,
        "precision": 0.41887681037187574,
        "recall": 0.4200000107288361,
        "f1": 0.41939310169976063
      },
      "S6": {
        "accuracy": 0.5400000125169754,
        "precision": 0.5430765748023987,
        "recall": 0.5428571552038193,
        "f1": 0.5429528007749611
      },
      "S7": {
        "accuracy": 0.3200000137090683,
        "precision": 0.3200000137090683,
        "recall": 0.3200000137090683,
        "f1": 0.3200000137090683
      },
      "S8": {
        "accuracy": 0.5400000125169754,
        "precision": 0.5392063617706299,
        "recall": 0.5400000125169754,
        "f1": 0.5395975980546308
      },
      "S9": {
        "accuracy": 0.6000000149011612,
        "precision": 0.6000000149011612,
        "recall": 0.6000000149011612,
        "f1": 0.6000000149011612
      },
      "S10": {
        "accuracy": 0.7361111134290695,
        "precision": 0.7363363355398178,
        "recall": 0.7388888895511627,
        "f1": 0.7375951292887708
      },
      "S11": {
        "accuracy": 0.41111111342906953,
        "precision": 0.4121428608894348,
        "recall": 0.41111111342906953,
        "f1": 0.41161972132201613
      },
      "S13": {
        "accuracy": 0.4750000059604645,
        "precision": 0.4752924025058746,
        "recall": 0.47777778208255767,
        "f1": 0.4765015060902512
      },
      "S14": {
        "accuracy": 0.6083333313465118,
        "precision": 0.6045588761568069,
        "recall": 0.6111111104488373,
        "f1": 0.6074632027361311
      },
      "S15": {
        "accuracy": 0.636111107468605,
        "precision": 0.6398128867149353,
        "recall": 0.6444444417953491,
        "f1": 0.6420547916848951
      },
      "S16": {
        "accuracy": 0.7527777761220932,
        "precision": 0.7492721319198609,
        "recall": 0.7416666656732559,
        "f1": 0.7453174592614665
      },
      "S17": {
        "accuracy": 0.21666666865348816,
        "precision": 0.21722222417593,
        "recall": 0.21666666865348816,
        "f1": 0.21694053405217056
      },
      "average": {
        "accuracy": 0.5384130152066549,
        "precision": 0.5380705682436625,
        "recall": 0.5384024331967037,
        "f1": 0.5381817500803694
      }
    },
    "std": {
      "S2": {
        "accuracy": 0.14488590501439463,
        "precision": 0.14533806946242803,
        "recall": 0.14488590501439463,
        "f1": 0.1451017558321977
      },
      "S3": {
        "accuracy": 0.18417286534820074,
        "precision": 0.18245396084611734,
        "recall": 0.18207336267900442,
        "f1": 0.18226030809433177
      },
      "S4": {
        "accuracy": 0.28330731940896403,
        "precision": 0.2820801094620575,
        "recall": 0.28754965790800574,
        "f1": 0.2848640171029098
      },
      "S5": {
        "accuracy": 0.15085546678597822,
        "precision": 0.1586569674892724,
        "recall": 0.15996031932813787,
        "f1": 0.15929315065965638
      },
      "S6": {
        "accuracy": 0.22635833505172104,
        "precision": 0.22305641030131979,
        "recall": 0.22294666653017278,
        "f1": 0.22300308683128564
      },
      "S7": {
        "accuracy": 0.11412687589499325,
        "precision": 0.11412687589499325,
        "recall": 0.11412687589499325,
        "f1": 0.11412687589499325
      },
      "S8": {
        "accuracy": 0.21399981088247175,
        "precision": 0.21505974409962125,
        "recall": 0.21399981088247175,
        "f1": 0.21453422696712215
      },
      "S9": {
        "accuracy": 0.2204921294956539,
        "precision": 0.2204921294956539,
        "recall": 0.2204921294956539,
        "f1": 0.2204921294956539
      },
      "S10": {
        "accuracy": 0.2766179477306836,
        "precision": 0.27382084780338983,
        "recall": 0.2715979253517656,
        "f1": 0.2727115398650678
      },
      "S11": {
        "accuracy": 0.11018130045957736,
        "precision": 0.10970836509572607,
        "recall": 0.11018130045957736,
        "f1": 0.10993631698688577
      },
      "S13": {
        "accuracy": 0.15846593481643184,
        "precision": 0.15840597642294074,
        "recall": 0.15811387812173394,
        "f1": 0.15821518195889922
      },
      "S14": {
        "accuracy": 0.12033474741819251,
        "precision": 0.1274662501189137,
        "recall": 0.11712138784007349,
        "f1": 0.12216729526399678
      },
      "S15": {
        "accuracy": 0.1719581823062211,
        "precision": 0.16670617812316785,
        "recall": 0.16026812351804526,
        "f1": 0.16354589520224264
      },
      "S16": {
        "accuracy": 0.22007060228369602,
        "precision": 0.22267518734611003,
        "recall": 0.22870558023415816,
        "f1": 0.225621659823118
      },
      "S17": {
        "accuracy": 0.10702357602742475,
        "precision": 0.10690976291295361,
        "recall": 0.10702357602742475,
        "f1": 0.10696388003364099
      },
      "average": {
        "accuracy": 0.16899560212829468,
        "precision": 0.1694563356602867,
        "recall": 0.16864796810016683,
        "f1": 0.1691137230494855
      }
    },
    "poor_ratio": 0.0
  }
}