{
  "real_subj_cnt": 15,
  "real_path": "stress_slurm/data/wesad_1hz.pickle",
  "sliding_windows": false,
  "syn_subj_cnt": 50,
  "gan_config": {
    "gan_mode": "DPCGAN-e-10",
    "path": "stress_slurm/data/100_subj_DP-cGAN-e-10.csv",
    "eps": 10
  },
  "privacy_config": {
    "l2_norm_clip": 1.0,
    "eps": null,
    "num_unique_windows": null,
    "delta": null,
    "noise_multiplier": null
  },
  "train_config": {
    "nn_mode": "Transformer",
    "epochs": 110,
    "batch_size": 50,
    "learning_rate": 0.0001,
    "eval_mode": "TSTR",
    "random_seed": 42,
    "data_noise_parameter": null
  },
  "results": {
    "num_runs": 10,
    "mean": {
      "S2": {
        "accuracy": 0.5911764740943909,
        "precision": 0.5911764740943909,
        "recall": 0.5911764740943909,
        "f1": 0.5911764740943909
      },
      "S3": {
        "accuracy": 0.5970588222146034,
        "precision": 0.5963025197386742,
        "recall": 0.5970588222146034,
        "f1": 0.5966751905245407
      },
      "S4": {
        "accuracy": 0.7285714358091354,
        "precision": 0.7285714358091354,
        "recall": 0.7285714358091354,
        "f1": 0.7285714358091354
      },
      "S5": {
        "accuracy": 0.4371428668498993,
        "precision": 0.4371428668498993,
        "recall": 0.4371428668498993,
        "f1": 0.4371428668498993
      },
      "S6": {
        "accuracy": 0.5800000160932541,
        "precision": 0.5800000160932541,
        "recall": 0.5800000160932541,
        "f1": 0.5800000160932541
      },
      "S7": {
        "accuracy": 0.3342857241630554,
        "precision": 0.3342857241630554,
        "recall": 0.3342857241630554,
        "f1": 0.3342857241630554
      },
      "S8": {
        "accuracy": 0.5800000160932541,
        "precision": 0.5809523969888687,
        "recall": 0.5828571587800979,
        "f1": 0.5818913640702346
      },
      "S9": {
        "accuracy": 0.6371428728103637,
        "precision": 0.6371428728103637,
        "recall": 0.6371428728103637,
        "f1": 0.6371428728103637
      },
      "S10": {
        "accuracy": 0.7694444507360458,
        "precision": 0.7694444507360458,
        "recall": 0.7694444507360458,
        "f1": 0.7694444507360458
      },
      "S11": {
        "accuracy": 0.43333333134651186,
        "precision": 0.4323573559522629,
        "recall": 0.43333333134651186,
        "f1": 0.4328386588903278
      },
      "S13": {
        "accuracy": 0.5166666656732559,
        "precision": 0.5166666656732559,
        "recall": 0.5166666656732559,
        "f1": 0.5166666656732559
      },
      "S14": {
        "accuracy": 0.5638888955116272,
        "precision": 0.5629879921674729,
        "recall": 0.5638888955116272,
        "f1": 0.5634322732519221
      },
      "S15": {
        "accuracy": 0.6805555582046509,
        "precision": 0.6805555582046509,
        "recall": 0.6805555582046509,
        "f1": 0.6805555582046509
      },
      "S16": {
        "accuracy": 0.7861111104488373,
        "precision": 0.784834834933281,
        "recall": 0.7861111104488373,
        "f1": 0.7854642310829721
      },
      "S17": {
        "accuracy": 0.21111111640930175,
        "precision": 0.21111111640930175,
        "recall": 0.21111111640930175,
        "f1": 0.21111111640930175
      },
      "average": {
        "accuracy": 0.5630992904305459,
        "precision": 0.5629021520415941,
        "recall": 0.5632897666096687,
        "f1": 0.56309325991089
      }
    },
    "std": {
      "S2": {
        "accuracy": 0.19433043915340864,
        "precision": 0.19433043915340864,
        "recall": 0.19433043915340864,
        "f1": 0.19433043915340864
      },
      "S3": {
        "accuracy": 0.22657453789633822,
        "precision": 0.22781641176601178,
        "recall": 0.22657453789633822,
        "f1": 0.22720217597104572
      },
      "S4": {
        "accuracy": 0.27213775073039076,
        "precision": 0.27213775073039076,
        "recall": 0.27213775073039076,
        "f1": 0.27213775073039076
      },
      "S5": {
        "accuracy": 0.10609541292128077,
        "precision": 0.10609541292128077,
        "recall": 0.10609541292128077,
        "f1": 0.10609541292128077
      },
      "S6": {
        "accuracy": 0.20428516049251264,
        "precision": 0.20428516049251264,
        "recall": 0.20428516049251264,
        "f1": 0.20428516049251264
      },
      "S7": {
        "accuracy": 0.0447720326591622,
        "precision": 0.0447720326591622,
        "recall": 0.0447720326591622,
        "f1": 0.0447720326591622
      },
      "S8": {
        "accuracy": 0.19144989408498475,
        "precision": 0.19189944644119486,
        "recall": 0.192936493451154,
        "f1": 0.1923877985135031
      },
      "S9": {
        "accuracy": 0.1633270862770377,
        "precision": 0.1633270862770377,
        "recall": 0.1633270862770377,
        "f1": 0.1633270862770377
      },
      "S10": {
        "accuracy": 0.25325385407929346,
        "precision": 0.25325385407929346,
        "recall": 0.25325385407929346,
        "f1": 0.25325385407929346
      },
      "S11": {
        "accuracy": 0.06702578214035972,
        "precision": 0.06825407524478505,
        "recall": 0.06702578214035972,
        "f1": 0.06763352985536115
      },
      "S13": {
        "accuracy": 0.13993433320360213,
        "precision": 0.13993433320360213,
        "recall": 0.13993433320360213,
        "f1": 0.13993433320360213
      },
      "S14": {
        "accuracy": 0.1532959763643305,
        "precision": 0.15482036870775218,
        "recall": 0.1532959763643305,
        "f1": 0.15406391481042728
      },
      "S15": {
        "accuracy": 0.19521452802589243,
        "precision": 0.19521452802589243,
        "recall": 0.19521452802589243,
        "f1": 0.19521452802589243
      },
      "S16": {
        "accuracy": 0.21756303941065366,
        "precision": 0.2196365327274267,
        "recall": 0.21756303941065366,
        "f1": 0.21860713389076178
      },
      "S17": {
        "accuracy": 0.08302411981401515,
        "precision": 0.08302411981401515,
        "recall": 0.08302411981401515,
        "f1": 0.08302411981401515
      },
      "average": {
        "accuracy": 0.15910923672968805,
        "precision": 0.15955605204184733,
        "recall": 0.15921269117916448,
        "f1": 0.15938623277800643
      }
    },
    "poor_ratio": 0.1
  }
}