{
  "real_subj_cnt": 15,
  "real_path": "stress_slurm/data/wesad_1hz.pickle",
  "sliding_windows": false,
  "syn_subj_cnt": 30,
  "gan_config": {
    "gan_mode": "DPCGAN-e-1",
    "path": "stress_slurm/data/100_subj_DP-cGAN-e-1.csv",
    "eps": 1
  },
  "privacy_config": {
    "l2_norm_clip": 1.0,
    "eps": null,
    "num_unique_windows": null,
    "delta": null,
    "noise_multiplier": null
  },
  "train_config": {
    "nn_mode": "Transformer",
    "epochs": 110,
    "batch_size": 50,
    "learning_rate": 0.0001,
    "eval_mode": "TSTR",
    "random_seed": 42,
    "data_noise_parameter": null
  },
  "results": {
    "num_runs": 10,
    "mean": {
      "S2": {
        "accuracy": 0.6176470577716827,
        "precision": 0.6176470577716827,
        "recall": 0.6176470577716827,
        "f1": 0.6176470577716827
      },
      "S3": {
        "accuracy": 0.7970588147640228,
        "precision": 0.7970588147640228,
        "recall": 0.7970588147640228,
        "f1": 0.7970588147640228
      },
      "S4": {
        "accuracy": 0.9714285731315613,
        "precision": 0.9714285731315613,
        "recall": 0.9714285731315613,
        "f1": 0.9714285731315613
      },
      "S5": {
        "accuracy": 0.7742857277393341,
        "precision": 0.7742857277393341,
        "recall": 0.7742857277393341,
        "f1": 0.7742857277393341
      },
      "S6": {
        "accuracy": 0.9428571462631226,
        "precision": 0.9428571462631226,
        "recall": 0.9428571462631226,
        "f1": 0.9428571462631226
      },
      "S7": {
        "accuracy": 0.7914285838603974,
        "precision": 0.7914285838603974,
        "recall": 0.7914285838603974,
        "f1": 0.7914285838603974
      },
      "S8": {
        "accuracy": 0.9114285767078399,
        "precision": 0.9114285767078399,
        "recall": 0.9114285767078399,
        "f1": 0.9114285767078399
      },
      "S9": {
        "accuracy": 0.9428571462631226,
        "precision": 0.9428571462631226,
        "recall": 0.9428571462631226,
        "f1": 0.9428571462631226
      },
      "S10": {
        "accuracy": 1.0,
        "precision": 1.0,
        "recall": 1.0,
        "f1": 1.0
      },
      "S11": {
        "accuracy": 0.7638889014720917,
        "precision": 0.7638889014720917,
        "recall": 0.7638889014720917,
        "f1": 0.7638889014720917
      },
      "S13": {
        "accuracy": 0.8055555641651153,
        "precision": 0.8055555641651153,
        "recall": 0.8055555641651153,
        "f1": 0.8055555641651153
      },
      "S14": {
        "accuracy": 0.7611111044883728,
        "precision": 0.7611111044883728,
        "recall": 0.7611111044883728,
        "f1": 0.7611111044883728
      },
      "S15": {
        "accuracy": 0.9638888835906982,
        "precision": 0.9611861824989318,
        "recall": 0.9638888835906982,
        "f1": 0.9625190214046866
      },
      "S16": {
        "accuracy": 0.9805555462837219,
        "precision": 0.9805555462837219,
        "recall": 0.9805555462837219,
        "f1": 0.9805555462837219
      },
      "S17": {
        "accuracy": 0.5388889014720917,
        "precision": 0.5388889014720917,
        "recall": 0.5388889014720917,
        "f1": 0.5388889014720917
      },
      "average": {
        "accuracy": 0.8375253685315449,
        "precision": 0.8373451884587606,
        "recall": 0.8375253685315449,
        "f1": 0.8374340443858109
      }
    },
    "std": {
      "S2": {
        "accuracy": 0.024014595778858845,
        "precision": 0.024014595778858845,
        "recall": 0.024014595778858845,
        "f1": 0.024014595778858845
      },
      "S3": {
        "accuracy": 0.01669547991767349,
        "precision": 0.01669547991767349,
        "recall": 0.01669547991767349,
        "f1": 0.01669547991767349
      },
      "S4": {
        "accuracy": 0.0,
        "precision": 0.0,
        "recall": 0.0,
        "f1": 0.0
      },
      "S5": {
        "accuracy": 0.016218462238948454,
        "precision": 0.016218462238948454,
        "recall": 0.016218462238948454,
        "f1": 0.016218462238948454
      },
      "S6": {
        "accuracy": 0.01904761791229248,
        "precision": 0.01904761791229248,
        "recall": 0.01904761791229248,
        "f1": 0.01904761791229248
      },
      "S7": {
        "accuracy": 0.09528569670743059,
        "precision": 0.09528569670743059,
        "recall": 0.09528569670743059,
        "f1": 0.09528569670743059
      },
      "S8": {
        "accuracy": 0.025016999530896627,
        "precision": 0.025016999530896627,
        "recall": 0.025016999530896627,
        "f1": 0.025016999530896627
      },
      "S9": {
        "accuracy": 0.0,
        "precision": 0.0,
        "recall": 0.0,
        "f1": 0.0
      },
      "S10": {
        "accuracy": 0.0,
        "precision": 0.0,
        "recall": 0.0,
        "f1": 0.0
      },
      "S11": {
        "accuracy": 0.055940036242457664,
        "precision": 0.055940036242457664,
        "recall": 0.055940036242457664,
        "f1": 0.055940036242457664
      },
      "S13": {
        "accuracy": 0.0434297750832675,
        "precision": 0.0434297750832675,
        "recall": 0.0434297750832675,
        "f1": 0.0434297750832675
      },
      "S14": {
        "accuracy": 0.05737754174232577,
        "precision": 0.05737754174232577,
        "recall": 0.05737754174232577,
        "f1": 0.05737754174232577
      },
      "S15": {
        "accuracy": 0.05715296403344656,
        "precision": 0.05588044181068746,
        "recall": 0.05715296403344656,
        "f1": 0.056349794083997595
      },
      "S16": {
        "accuracy": 0.013417947829829935,
        "precision": 0.013417947829829935,
        "recall": 0.013417947829829935,
        "f1": 0.013417947829829935
      },
      "S17": {
        "accuracy": 0.08803603096162012,
        "precision": 0.08803603096162012,
        "recall": 0.08803603096162012,
        "f1": 0.08803603096162012
      },
      "average": {
        "accuracy": 0.023285418393530696,
        "precision": 0.023229730935334703,
        "recall": 0.023285418393530696,
        "f1": 0.023255465288551703
      }
    },
    "poor_ratio": 0.0
  }
}