{
  "real_subj_cnt": 15,
  "real_path": "stress_slurm/data/wesad_1hz.pickle",
  "sliding_windows": false,
  "syn_subj_cnt": 30,
  "gan_config": {
    "gan_mode": "DPCGAN-e-10",
    "path": "stress_slurm/data/100_subj_DP-cGAN-e-10.csv",
    "eps": 10
  },
  "privacy_config": {
    "l2_norm_clip": 1.0,
    "eps": null,
    "num_unique_windows": null,
    "delta": null,
    "noise_multiplier": null
  },
  "train_config": {
    "nn_mode": "Transformer",
    "epochs": 110,
    "batch_size": 50,
    "learning_rate": 0.0001,
    "eval_mode": "TSTR",
    "random_seed": 42,
    "data_noise_parameter": null
  },
  "results": {
    "num_runs": 10,
    "mean": {
      "S2": {
        "accuracy": 0.6705882370471954,
        "precision": 0.6705882370471954,
        "recall": 0.6705882370471954,
        "f1": 0.6705882370471954
      },
      "S3": {
        "accuracy": 0.6176470547914505,
        "precision": 0.6164705842733383,
        "recall": 0.6176470547914505,
        "f1": 0.6170502943843383
      },
      "S4": {
        "accuracy": 0.8514285743236542,
        "precision": 0.8514285743236542,
        "recall": 0.8514285743236542,
        "f1": 0.8514285743236542
      },
      "S5": {
        "accuracy": 0.777142870426178,
        "precision": 0.7777777910232544,
        "recall": 0.7800000131130218,
        "f1": 0.7788732526179841
      },
      "S6": {
        "accuracy": 0.9714285731315613,
        "precision": 0.9714285731315613,
        "recall": 0.9714285731315613,
        "f1": 0.9714285731315613
      },
      "S7": {
        "accuracy": 0.9171428620815277,
        "precision": 0.9171428620815277,
        "recall": 0.9171428620815277,
        "f1": 0.9171428620815277
      },
      "S8": {
        "accuracy": 0.8600000083446503,
        "precision": 0.8607142925262451,
        "recall": 0.8628571510314942,
        "f1": 0.8617706312165566
      },
      "S9": {
        "accuracy": 0.9714285731315613,
        "precision": 0.9714285731315613,
        "recall": 0.9714285731315613,
        "f1": 0.9714285731315613
      },
      "S10": {
        "accuracy": 0.8527777671813965,
        "precision": 0.8543650686740876,
        "recall": 0.8527777671813965,
        "f1": 0.8535602397493983
      },
      "S11": {
        "accuracy": 0.6972221970558167,
        "precision": 0.6972221970558167,
        "recall": 0.6972221970558167,
        "f1": 0.6972221970558167
      },
      "S13": {
        "accuracy": 0.9694444298744201,
        "precision": 0.9694444298744201,
        "recall": 0.9694444298744201,
        "f1": 0.9694444298744201
      },
      "S14": {
        "accuracy": 0.6611110925674438,
        "precision": 0.6611110925674438,
        "recall": 0.6611110925674438,
        "f1": 0.6611110925674438
      },
      "S15": {
        "accuracy": 0.9722222208976745,
        "precision": 0.9722222208976745,
        "recall": 0.9722222208976745,
        "f1": 0.9722222208976745
      },
      "S16": {
        "accuracy": 0.694444453716278,
        "precision": 0.696021032333374,
        "recall": 0.6972222328186035,
        "f1": 0.6966134051804382
      },
      "S17": {
        "accuracy": 0.7138888716697693,
        "precision": 0.7138888716697693,
        "recall": 0.7138888716697693,
        "f1": 0.7138888716697693
      },
      "average": {
        "accuracy": 0.8131945190827052,
        "precision": 0.8134169600407283,
        "recall": 0.8137606567144393,
        "f1": 0.8135848969952895
      }
    },
    "std": {
      "S2": {
        "accuracy": 0.027027547844546442,
        "precision": 0.027027547844546442,
        "recall": 0.027027547844546442,
        "f1": 0.027027547844546442
      },
      "S3": {
        "accuracy": 0.11682720257425676,
        "precision": 0.11916665033156755,
        "recall": 0.11682720257425676,
        "f1": 0.1180050173343519
      },
      "S4": {
        "accuracy": 0.2332069609725099,
        "precision": 0.2332069609725099,
        "recall": 0.2332069609725099,
        "f1": 0.2332069609725099
      },
      "S5": {
        "accuracy": 0.018070156981039674,
        "precision": 0.017958266388309815,
        "recall": 0.019284243356585257,
        "f1": 0.018289332757888577
      },
      "S6": {
        "accuracy": 0.0,
        "precision": 0.0,
        "recall": 0.0,
        "f1": 0.0
      },
      "S7": {
        "accuracy": 0.016218462238948458,
        "precision": 0.016218462238948458,
        "recall": 0.016218462238948458,
        "f1": 0.016218462238948458
      },
      "S8": {
        "accuracy": 0.05462716017139585,
        "precision": 0.05294608592046557,
        "recall": 0.04818708528277246,
        "f1": 0.0505425925355543
      },
      "S9": {
        "accuracy": 0.0,
        "precision": 0.0,
        "recall": 0.0,
        "f1": 0.0
      },
      "S10": {
        "accuracy": 0.21438733674871574,
        "precision": 0.2119875531995892,
        "recall": 0.21438733674871574,
        "f1": 0.21319295146604822
      },
      "S11": {
        "accuracy": 0.008784108800166309,
        "precision": 0.008784108800166309,
        "recall": 0.008784108800166309,
        "f1": 0.008784108800166309
      },
      "S13": {
        "accuracy": 0.008784108800166309,
        "precision": 0.008784108800166309,
        "recall": 0.008784108800166309,
        "f1": 0.008784108800166309
      },
      "S14": {
        "accuracy": 0.06651215909202148,
        "precision": 0.06651215909202148,
        "recall": 0.06651215909202148,
        "f1": 0.06651215909202148
      },
      "S15": {
        "accuracy": 0.05856070020291721,
        "precision": 0.05856070020291721,
        "recall": 0.05856070020291721,
        "f1": 0.05856070020291721
      },
      "S16": {
        "accuracy": 0.17762339780778527,
        "precision": 0.17493350366820443,
        "recall": 0.1729524600559792,
        "f1": 0.1739490038265729
      },
      "S17": {
        "accuracy": 0.034768504274311655,
        "precision": 0.034768504274311655,
        "recall": 0.034768504274311655,
        "f1": 0.034768504274311655
      },
      "average": {
        "accuracy": 0.058397029876400185,
        "precision": 0.057982535558494336,
        "recall": 0.05735316884150348,
        "f1": 0.057673313743598485
      }
    },
    "poor_ratio": 0.0
  }
}