{
  "real_subj_cnt": 15,
  "real_path": "stress_slurm/data/wesad_1hz.pickle",
  "sliding_windows": false,
  "syn_subj_cnt": 100,
  "gan_config": {
    "gan_mode": "DPCGAN-e-1",
    "path": "stress_slurm/data/100_subj_DP-cGAN-e-1.csv",
    "eps": 1
  },
  "privacy_config": {
    "l2_norm_clip": 1.0,
    "eps": null,
    "num_unique_windows": null,
    "delta": null,
    "noise_multiplier": null
  },
  "train_config": {
    "nn_mode": "Transformer",
    "epochs": 110,
    "batch_size": 50,
    "learning_rate": 0.0001,
    "eval_mode": "TSTR",
    "random_seed": 42,
    "data_noise_parameter": null
  },
  "results": {
    "num_runs": 10,
    "mean": {
      "S2": {
        "accuracy": 0.5764706004410982,
        "precision": 0.5769162330776453,
        "recall": 0.5764706004410982,
        "f1": 0.5766900911440089
      },
      "S3": {
        "accuracy": 0.6441176414489747,
        "precision": 0.6441176414489747,
        "recall": 0.6441176414489747,
        "f1": 0.6441176414489747
      },
      "S4": {
        "accuracy": 0.6971428722143174,
        "precision": 0.6971428722143174,
        "recall": 0.6971428722143174,
        "f1": 0.6971428722143174
      },
      "S5": {
        "accuracy": 0.6171428697183728,
        "precision": 0.6171428697183728,
        "recall": 0.6171428697183728,
        "f1": 0.6171428697183728
      },
      "S6": {
        "accuracy": 0.6371428728103637,
        "precision": 0.6371428728103637,
        "recall": 0.6371428728103637,
        "f1": 0.6371428728103637
      },
      "S7": {
        "accuracy": 0.6914285838603973,
        "precision": 0.6914285838603973,
        "recall": 0.6914285838603973,
        "f1": 0.6914285838603973
      },
      "S8": {
        "accuracy": 0.6714285850524903,
        "precision": 0.6714285850524903,
        "recall": 0.6714285850524903,
        "f1": 0.6714285850524903
      },
      "S9": {
        "accuracy": 0.6400000154972076,
        "precision": 0.6400000154972076,
        "recall": 0.6400000154972076,
        "f1": 0.6400000154972076
      },
      "S10": {
        "accuracy": 0.6027777694165707,
        "precision": 0.6027777694165707,
        "recall": 0.6027777694165707,
        "f1": 0.6027777694165707
      },
      "S11": {
        "accuracy": 0.5805555360391736,
        "precision": 0.5797297107055783,
        "recall": 0.5805555360391736,
        "f1": 0.5801369670378301
      },
      "S13": {
        "accuracy": 0.6416666567325592,
        "precision": 0.6416666567325592,
        "recall": 0.6416666567325592,
        "f1": 0.6416666567325592
      },
      "S14": {
        "accuracy": 0.7027777552604675,
        "precision": 0.7027777552604675,
        "recall": 0.7027777552604675,
        "f1": 0.7027777552604675
      },
      "S15": {
        "accuracy": 0.6527777701616287,
        "precision": 0.6520634859800338,
        "recall": 0.6499999910593033,
        "f1": 0.6510172068451965
      },
      "S16": {
        "accuracy": 0.6388888686895371,
        "precision": 0.6388888686895371,
        "recall": 0.6388888686895371,
        "f1": 0.6388888686895371
      },
      "S17": {
        "accuracy": 0.630555547773838,
        "precision": 0.630555547773838,
        "recall": 0.630555547773838,
        "f1": 0.630555547773838
      },
      "average": {
        "accuracy": 0.6416582630077998,
        "precision": 0.6415852978825569,
        "recall": 0.6414730777343114,
        "f1": 0.6415276202334754
      }
    },
    "std": {
      "S2": {
        "accuracy": 0.25194362299361855,
        "precision": 0.25110223183066277,
        "recall": 0.25194362299361855,
        "f1": 0.2515285715008713
      },
      "S3": {
        "accuracy": 0.07650828444683093,
        "precision": 0.07650828444683093,
        "recall": 0.07650828444683093,
        "f1": 0.07650828444683093
      },
      "S4": {
        "accuracy": 0.10450184399077417,
        "precision": 0.10450184399077417,
        "recall": 0.10450184399077417,
        "f1": 0.10450184399077417
      },
      "S5": {
        "accuracy": 0.26809143776203237,
        "precision": 0.26809143776203237,
        "recall": 0.26809143776203237,
        "f1": 0.26809143776203237
      },
      "S6": {
        "accuracy": 0.1703937041698278,
        "precision": 0.1703937041698278,
        "recall": 0.1703937041698278,
        "f1": 0.1703937041698278
      },
      "S7": {
        "accuracy": 0.16865481049449454,
        "precision": 0.16865481049449454,
        "recall": 0.16865481049449454,
        "f1": 0.16865481049449454
      },
      "S8": {
        "accuracy": 0.18528644367130995,
        "precision": 0.18528644367130995,
        "recall": 0.18528644367130995,
        "f1": 0.18528644367130995
      },
      "S9": {
        "accuracy": 0.14949651310833648,
        "precision": 0.14949651310833648,
        "recall": 0.14949651310833648,
        "f1": 0.14949651310833648
      },
      "S10": {
        "accuracy": 0.23462677374290006,
        "precision": 0.23462677374290006,
        "recall": 0.23462677374290006,
        "f1": 0.23462677374290006
      },
      "S11": {
        "accuracy": 0.2292297793374922,
        "precision": 0.23034275030351975,
        "recall": 0.2292297793374922,
        "f1": 0.2297908524889944
      },
      "S13": {
        "accuracy": 0.202204067127978,
        "precision": 0.202204067127978,
        "recall": 0.202204067127978,
        "f1": 0.202204067127978
      },
      "S14": {
        "accuracy": 0.018748579987530687,
        "precision": 0.018748579987530687,
        "recall": 0.018748579987530687,
        "f1": 0.018748579987530687
      },
      "S15": {
        "accuracy": 0.14118472777673508,
        "precision": 0.1406552832555715,
        "recall": 0.13932031588182572,
        "f1": 0.13994196847892917
      },
      "S16": {
        "accuracy": 0.12353391319974981,
        "precision": 0.12353391319974981,
        "recall": 0.12353391319974981,
        "f1": 0.12353391319974981
      },
      "S17": {
        "accuracy": 0.20871364079505791,
        "precision": 0.20871364079505791,
        "recall": 0.20871364079505791,
        "f1": 0.20871364079505791
      },
      "average": {
        "accuracy": 0.16387201151093117,
        "precision": 0.16389376802206013,
        "recall": 0.1637713531672248,
        "f1": 0.1638331151762555
      }
    },
    "poor_ratio": 0.0
  }
}