{
  "real_subj_cnt": 15,
  "real_path": "stress_slurm/data/wesad_1hz.pickle",
  "sliding_windows": false,
  "syn_subj_cnt": 15,
  "gan_config": {
    "gan_mode": "DPCGAN-e-10",
    "path": "stress_slurm/data/100_subj_DP-cGAN-e-10.csv",
    "eps": 10
  },
  "privacy_config": {
    "l2_norm_clip": 1.0,
    "eps": null,
    "num_unique_windows": null,
    "delta": null,
    "noise_multiplier": null
  },
  "train_config": {
    "nn_mode": "Transformer",
    "epochs": 110,
    "batch_size": 50,
    "learning_rate": 0.0001,
    "eval_mode": "TSTR",
    "random_seed": 42,
    "data_noise_parameter": null
  },
  "results": {
    "num_runs": 10,
    "mean": {
      "S2": {
        "accuracy": 0.6294117629528045,
        "precision": 0.6294117629528045,
        "recall": 0.6294117629528045,
        "f1": 0.6294117629528045
      },
      "S3": {
        "accuracy": 0.6588235408067703,
        "precision": 0.6588235408067703,
        "recall": 0.6588235408067703,
        "f1": 0.6588235408067703
      },
      "S4": {
        "accuracy": 0.8057142972946167,
        "precision": 0.8073949694633484,
        "recall": 0.8028571546077728,
        "f1": 0.8050931793217198
      },
      "S5": {
        "accuracy": 0.4800000101327896,
        "precision": 0.4811764806509018,
        "recall": 0.4800000101327896,
        "f1": 0.4805797202437897
      },
      "S6": {
        "accuracy": 0.6542857319116593,
        "precision": 0.6542857319116593,
        "recall": 0.6542857319116593,
        "f1": 0.6542857319116593
      },
      "S7": {
        "accuracy": 0.34571429491043093,
        "precision": 0.34571429491043093,
        "recall": 0.34571429491043093,
        "f1": 0.34571429491043093
      },
      "S8": {
        "accuracy": 0.6542857348918915,
        "precision": 0.6562185049057007,
        "recall": 0.6542857348918915,
        "f1": 0.6552381143415207
      },
      "S9": {
        "accuracy": 0.6857143044471741,
        "precision": 0.6851073920726776,
        "recall": 0.6857143044471741,
        "f1": 0.6853789576165912
      },
      "S10": {
        "accuracy": 0.872222226858139,
        "precision": 0.872222226858139,
        "recall": 0.872222226858139,
        "f1": 0.872222226858139
      },
      "S11": {
        "accuracy": 0.46388888657093047,
        "precision": 0.46531746089458464,
        "recall": 0.46388888657093047,
        "f1": 0.4645931133300959
      },
      "S13": {
        "accuracy": 0.5722222328186035,
        "precision": 0.5722222328186035,
        "recall": 0.5722222328186035,
        "f1": 0.5722222328186035
      },
      "S14": {
        "accuracy": 0.6277777791023255,
        "precision": 0.6277777791023255,
        "recall": 0.6277777791023255,
        "f1": 0.6277777791023255
      },
      "S15": {
        "accuracy": 0.775,
        "precision": 0.775,
        "recall": 0.775,
        "f1": 0.775
      },
      "S16": {
        "accuracy": 0.8861111044883728,
        "precision": 0.8857936441898346,
        "recall": 0.8833333253860474,
        "f1": 0.8845461585897227
      },
      "S17": {
        "accuracy": 0.19166667237877846,
        "precision": 0.19206349775195122,
        "recall": 0.19166667237877846,
        "f1": 0.19186229052077894
      },
      "average": {
        "accuracy": 0.6201892386376857,
        "precision": 0.6205686346193154,
        "recall": 0.6198135771850745,
        "f1": 0.6201832735549968
      }
    },
    "std": {
      "S2": {
        "accuracy": 0.12260781631682235,
        "precision": 0.12260781631682235,
        "recall": 0.12260781631682235,
        "f1": 0.12260781631682235
      },
      "S3": {
        "accuracy": 0.13598854441283054,
        "precision": 0.13598854441283054,
        "recall": 0.13598854441283054,
        "f1": 0.13598854441283054
      },
      "S4": {
        "accuracy": 0.16703359970797343,
        "precision": 0.16479197971240245,
        "recall": 0.1646545106555387,
        "f1": 0.16464983613468814
      },
      "S5": {
        "accuracy": 0.08603116903827726,
        "precision": 0.08488847124111386,
        "recall": 0.08603116903827726,
        "f1": 0.08544976947632282
      },
      "S6": {
        "accuracy": 0.13498970763124352,
        "precision": 0.13498970763124352,
        "recall": 0.13498970763124352,
        "f1": 0.13498970763124352
      },
      "S7": {
        "accuracy": 0.04752371126212647,
        "precision": 0.04752371126212647,
        "recall": 0.04752371126212647,
        "f1": 0.04752371126212647
      },
      "S8": {
        "accuracy": 0.11304885593394495,
        "precision": 0.1132681393073464,
        "recall": 0.11304885593394495,
        "f1": 0.11311569717516053
      },
      "S9": {
        "accuracy": 0.10519390817935657,
        "precision": 0.10591060546127437,
        "recall": 0.11187942308833043,
        "f1": 0.10876962638966649
      },
      "S10": {
        "accuracy": 0.1007516295838855,
        "precision": 0.1007516295838855,
        "recall": 0.1007516295838855,
        "f1": 0.1007516295838855
      },
      "S11": {
        "accuracy": 0.08885994737094859,
        "precision": 0.08961661218993743,
        "recall": 0.08885994737094859,
        "f1": 0.08920516592418917
      },
      "S13": {
        "accuracy": 0.06307179176240318,
        "precision": 0.06307179176240318,
        "recall": 0.06307179176240318,
        "f1": 0.06307179176240318
      },
      "S14": {
        "accuracy": 0.06829290867650534,
        "precision": 0.06829290867650534,
        "recall": 0.06829290867650534,
        "f1": 0.06829290867650534
      },
      "S15": {
        "accuracy": 0.051470144047784876,
        "precision": 0.051470144047784876,
        "recall": 0.051470144047784876,
        "f1": 0.051470144047784876
      },
      "S16": {
        "accuracy": 0.05921583401670228,
        "precision": 0.059207796512692513,
        "recall": 0.05972042112512517,
        "f1": 0.0593409247401758
      },
      "S17": {
        "accuracy": 0.10096414814994677,
        "precision": 0.10074121633544277,
        "recall": 0.10096414814994677,
        "f1": 0.10085236243196698
      },
      "average": {
        "accuracy": 0.08920926962116195,
        "precision": 0.08928338497396424,
        "recall": 0.08955828500384751,
        "f1": 0.08941505812419852
      }
    },
    "poor_ratio": 0.0
  }
}