{
  "real_subj_cnt": 15,
  "real_path": "stress_slurm/data/wesad_1hz.pickle",
  "sliding_windows": false,
  "syn_subj_cnt": 50,
  "gan_config": {
    "gan_mode": "CGAN",
    "path": "stress_slurm/data/100_subj_cGAN.csv",
    "eps": null
  },
  "privacy_config": {
    "l2_norm_clip": 1.0,
    "eps": null,
    "num_unique_windows": null,
    "delta": null,
    "noise_multiplier": null
  },
  "train_config": {
    "nn_mode": "Transformer",
    "epochs": 110,
    "batch_size": 50,
    "learning_rate": 0.0001,
    "eval_mode": "TSTR",
    "random_seed": 42
  },
  "results": {
    "num_runs": 10,
    "mean": {
      "S2": {
        "accuracy": 0.7205882370471954,
        "precision": 0.7184873998165131,
        "recall": 0.7205882370471954,
        "f1": 0.7195225949961956
      },
      "S3": {
        "accuracy": 0.8235294163227082,
        "precision": 0.8265393495559692,
        "recall": 0.8264705896377563,
        "f1": 0.8264661387890646
      },
      "S4": {
        "accuracy": 0.9114285767078399,
        "precision": 0.9130252122879028,
        "recall": 0.9114285767078399,
        "f1": 0.9122153246973623
      },
      "S5": {
        "accuracy": 0.7742857277393341,
        "precision": 0.7774323165416718,
        "recall": 0.777142870426178,
        "f1": 0.7772560115133407
      },
      "S6": {
        "accuracy": 0.9371428608894348,
        "precision": 0.9399906635284424,
        "recall": 0.9400000035762787,
        "f1": 0.9399568445531997
      },
      "S7": {
        "accuracy": 0.9314285755157471,
        "precision": 0.9340336143970489,
        "recall": 0.9314285755157471,
        "f1": 0.93271221788559
      },
      "S8": {
        "accuracy": 0.9628571450710297,
        "precision": 0.9628571450710297,
        "recall": 0.9628571450710297,
        "f1": 0.9628571450710297
      },
      "S9": {
        "accuracy": 0.9600000023841858,
        "precision": 0.9600000023841858,
        "recall": 0.9600000023841858,
        "f1": 0.9600000023841858
      },
      "S10": {
        "accuracy": 0.9611111044883728,
        "precision": 0.9613363325595856,
        "recall": 0.9666666626930237,
        "f1": 0.96396498851692
      },
      "S11": {
        "accuracy": 0.8638888895511627,
        "precision": 0.8600324034690857,
        "recall": 0.8666666686534882,
        "f1": 0.8632738926465157
      },
      "S13": {
        "accuracy": 0.9416666567325592,
        "precision": 0.9416666567325592,
        "recall": 0.9416666567325592,
        "f1": 0.9416666567325592
      },
      "S14": {
        "accuracy": 0.6694444477558136,
        "precision": 0.6709523856639862,
        "recall": 0.6666666686534881,
        "f1": 0.668779346034111
      },
      "S15": {
        "accuracy": 0.9916666626930237,
        "precision": 0.9916666626930237,
        "recall": 0.9916666626930237,
        "f1": 0.9916666626930237
      },
      "S16": {
        "accuracy": 0.7555555462837219,
        "precision": 0.7557142853736878,
        "recall": 0.7472222149372101,
        "f1": 0.7514084467940376
      },
      "S17": {
        "accuracy": 0.85,
        "precision": 0.8465079426765442,
        "recall": 0.8444444477558136,
        "f1": 0.8454616635417068
      },
      "average": {
        "accuracy": 0.8703062566121419,
        "precision": 0.8706828248500823,
        "recall": 0.8703277321656545,
        "f1": 0.8704805291232562
      }
    },
    "std": {
      "S2": {
        "accuracy": 0.06391374754679358,
        "precision": 0.06372164120902636,
        "recall": 0.06391374754679358,
        "f1": 0.063729884583447
      },
      "S3": {
        "accuracy": 0.0843365171990606,
        "precision": 0.0870444030530354,
        "recall": 0.08708398391212059,
        "f1": 0.08680652806980618
      },
      "S4": {
        "accuracy": 0.15500712248179788,
        "precision": 0.15081438916579323,
        "recall": 0.15500712248179788,
        "f1": 0.15293467139558906
      },
      "S5": {
        "accuracy": 0.07056621885237373,
        "precision": 0.07117399527732557,
        "recall": 0.06841251019303152,
        "f1": 0.06961296225498752
      },
      "S6": {
        "accuracy": 0.022537445449423925,
        "precision": 0.021094520152474323,
        "recall": 0.025016999530896627,
        "f1": 0.022245940442863335
      },
      "S7": {
        "accuracy": 0.03353679202325894,
        "precision": 0.030462104986926232,
        "recall": 0.03353679202325894,
        "f1": 0.031792955819881875
      },
      "S8": {
        "accuracy": 0.030267138352263002,
        "precision": 0.030267138352263002,
        "recall": 0.030267138352263002,
        "f1": 0.030267138352263002
      },
      "S9": {
        "accuracy": 0.014754221391846177,
        "precision": 0.014754221391846177,
        "recall": 0.014754221391846177,
        "f1": 0.014754221391846177
      },
      "S10": {
        "accuracy": 0.05885276557985558,
        "precision": 0.05882344294401919,
        "recall": 0.059720420509037614,
        "f1": 0.059000537970954677
      },
      "S11": {
        "accuracy": 0.03806445648513385,
        "precision": 0.04513372676740379,
        "recall": 0.036571145152777505,
        "f1": 0.04045548252495918
      },
      "S13": {
        "accuracy": 0.0204962296330902,
        "precision": 0.0204962296330902,
        "recall": 0.0204962296330902,
        "f1": 0.0204962296330902
      },
      "S14": {
        "accuracy": 0.09300832342705977,
        "precision": 0.09547603911109427,
        "recall": 0.09072183894565218,
        "f1": 0.09298596650529962
      },
      "S15": {
        "accuracy": 0.013417947829829932,
        "precision": 0.013417947829829932,
        "recall": 0.013417947829829932,
        "f1": 0.013417947829829932
      },
      "S16": {
        "accuracy": 0.050375820269720574,
        "precision": 0.047114912367209924,
        "recall": 0.046203620614058395,
        "f1": 0.046330343918513026
      },
      "S17": {
        "accuracy": 0.05885276557985559,
        "precision": 0.06166937282678752,
        "recall": 0.06573421421498443,
        "f1": 0.0636793006388209
      },
      "average": {
        "accuracy": 0.019736356607690998,
        "precision": 0.01983998594526456,
        "recall": 0.01887838619965262,
        "f1": 0.019328961490337856
      }
    },
    "poor_ratio": 0.0
  }
}