{
  "real_subj_cnt": 15,
  "real_path": "stress_slurm/data/wesad_1hz.pickle",
  "sliding_windows": false,
  "syn_subj_cnt": 50,
  "gan_config": {
    "gan_mode": "DPCGAN-e-10",
    "path": "stress_slurm/data/100_subj_DP-cGAN-e-10.csv",
    "eps": 10
  },
  "privacy_config": {
    "l2_norm_clip": 1.0,
    "eps": null,
    "num_unique_windows": null,
    "delta": null,
    "noise_multiplier": null
  },
  "train_config": {
    "nn_mode": "Transformer",
    "epochs": 110,
    "batch_size": 50,
    "learning_rate": 0.0001,
    "eval_mode": "TSTR",
    "random_seed": 42
  },
  "results": {
    "num_runs": 10,
    "mean": {
      "S2": {
        "accuracy": 0.5529411882162094,
        "precision": 0.5534155696630478,
        "recall": 0.550000011920929,
        "f1": 0.5516289702752638
      },
      "S3": {
        "accuracy": 0.5794117689132691,
        "precision": 0.577540111541748,
        "recall": 0.5764705926179886,
        "f1": 0.5769973705940348
      },
      "S4": {
        "accuracy": 0.6685714364051819,
        "precision": 0.6658035784959793,
        "recall": 0.6628571510314941,
        "f1": 0.6642643999956477
      },
      "S5": {
        "accuracy": 0.4142857253551483,
        "precision": 0.4142857253551483,
        "recall": 0.4142857253551483,
        "f1": 0.4142857253551483
      },
      "S6": {
        "accuracy": 0.554285728931427,
        "precision": 0.554285728931427,
        "recall": 0.554285728931427,
        "f1": 0.554285728931427
      },
      "S7": {
        "accuracy": 0.32285715341567994,
        "precision": 0.32075631320476533,
        "recall": 0.32000001072883605,
        "f1": 0.32037268151470255
      },
      "S8": {
        "accuracy": 0.5428571581840516,
        "precision": 0.5428571581840516,
        "recall": 0.5428571581840516,
        "f1": 0.5428571581840516
      },
      "S9": {
        "accuracy": 0.6314285874366761,
        "precision": 0.6300840497016906,
        "recall": 0.6285714447498322,
        "f1": 0.6293167863215652
      },
      "S10": {
        "accuracy": 0.7361111104488373,
        "precision": 0.7374603182077408,
        "recall": 0.7361111104488373,
        "f1": 0.7367762128551478
      },
      "S11": {
        "accuracy": 0.4194444388151169,
        "precision": 0.4194444388151169,
        "recall": 0.4194444388151169,
        "f1": 0.4194444388151169
      },
      "S13": {
        "accuracy": 0.5000000029802323,
        "precision": 0.49817460775375366,
        "recall": 0.49722222685813905,
        "f1": 0.49769171039882193
      },
      "S14": {
        "accuracy": 0.5472222208976746,
        "precision": 0.5472222208976746,
        "recall": 0.5472222208976746,
        "f1": 0.5472222208976746
      },
      "S15": {
        "accuracy": 0.6527777791023255,
        "precision": 0.6522875845432281,
        "recall": 0.6500000029802322,
        "f1": 0.6511111140275487
      },
      "S16": {
        "accuracy": 0.7638888895511627,
        "precision": 0.7642156839370727,
        "recall": 0.7611111104488373,
        "f1": 0.7626190461674515
      },
      "S17": {
        "accuracy": 0.18611111417412757,
        "precision": 0.18380952700972558,
        "recall": 0.18333333656191825,
        "f1": 0.18356807833225972
      },
      "average": {
        "accuracy": 0.5381462868551413,
        "precision": 0.5374428410828114,
        "recall": 0.5362514847020308,
        "f1": 0.5368294428443908
      }
    },
    "std": {
      "S2": {
        "accuracy": 0.1668395914082813,
        "precision": 0.16630655055827318,
        "recall": 0.17040220125338063,
        "f1": 0.16837491062979248
      },
      "S3": {
        "accuracy": 0.19708076601328758,
        "precision": 0.1992372304561618,
        "recall": 0.2005375266231752,
        "f1": 0.19989098791156706
      },
      "S4": {
        "accuracy": 0.2591456387294897,
        "precision": 0.2627940968757523,
        "recall": 0.26693863537052825,
        "f1": 0.2649263653242428
      },
      "S5": {
        "accuracy": 0.08329931576901066,
        "precision": 0.08329931576901066,
        "recall": 0.08329931576901066,
        "f1": 0.08329931576901066
      },
      "S6": {
        "accuracy": 0.1896171127890393,
        "precision": 0.1896171127890393,
        "recall": 0.1896171127890393,
        "f1": 0.1896171127890393
      },
      "S7": {
        "accuracy": 0.048655386716845356,
        "precision": 0.050841760652278904,
        "recall": 0.05181512265914143,
        "f1": 0.05132387526868653
      },
      "S8": {
        "accuracy": 0.14815571111391707,
        "precision": 0.14815571111391707,
        "recall": 0.14815571111391707,
        "f1": 0.14815571111391707
      },
      "S9": {
        "accuracy": 0.1440899204075481,
        "precision": 0.1450676467028882,
        "recall": 0.1463075390338613,
        "f1": 0.14567826962969652
      },
      "S10": {
        "accuracy": 0.2411854837836623,
        "precision": 0.2395776264285965,
        "recall": 0.2411854837836623,
        "f1": 0.24038475823684036
      },
      "S11": {
        "accuracy": 0.060646378004235675,
        "precision": 0.060646378004235675,
        "recall": 0.060646378004235675,
        "f1": 0.060646378004235675
      },
      "S13": {
        "accuracy": 0.1367113245570333,
        "precision": 0.13887656593839054,
        "recall": 0.14008741925151166,
        "f1": 0.13948370671776686
      },
      "S14": {
        "accuracy": 0.14045413821906808,
        "precision": 0.14045413821906808,
        "recall": 0.14045413821906808,
        "f1": 0.14045413821906808
      },
      "S15": {
        "accuracy": 0.2038088941951465,
        "precision": 0.20444478257289783,
        "recall": 0.20753963705803427,
        "f1": 0.20601050429752066
      },
      "S16": {
        "accuracy": 0.20338779741594396,
        "precision": 0.20301815289523284,
        "recall": 0.20671179305824577,
        "f1": 0.20486730227744293
      },
      "S17": {
        "accuracy": 0.08077343821334373,
        "precision": 0.08083748740381569,
        "recall": 0.08093249333703184,
        "f1": 0.08088216970383974
      },
      "average": {
        "accuracy": 0.14410891889136285,
        "precision": 0.14495450794330617,
        "recall": 0.14645254578790906,
        "f1": 0.14571556744202532
      }
    },
    "poor_ratio": 0.4
  }
}