{
  "real_subj_cnt": 15,
  "real_path": "stress_slurm/data/wesad_1hz.pickle",
  "sliding_windows": false,
  "syn_subj_cnt": 1,
  "gan_config": {
    "gan_mode": "CGAN",
    "path": "stress_slurm/data/100_subj_cGAN.csv",
    "eps": null
  },
  "privacy_config": {
    "l2_norm_clip": 1.0,
    "eps": null,
    "num_unique_windows": null,
    "delta": null,
    "noise_multiplier": null
  },
  "train_config": {
    "nn_mode": "Transformer",
    "epochs": 110,
    "batch_size": 50,
    "learning_rate": 0.0001,
    "eval_mode": "TSTR",
    "random_seed": 42
  },
  "results": {
    "num_runs": 10,
    "mean": {
      "S2": {
        "accuracy": 0.6588235378265381,
        "precision": 0.6588235378265381,
        "recall": 0.6588235378265381,
        "f1": 0.6588235378265381
      },
      "S3": {
        "accuracy": 0.7470588207244873,
        "precision": 0.7512867629528046,
        "recall": 0.7470588207244873,
        "f1": 0.7491087320914939
      },
      "S4": {
        "accuracy": 0.9914285719394684,
        "precision": 0.9837593972682953,
        "recall": 0.9914285719394684,
        "f1": 0.9874363987860569
      },
      "S5": {
        "accuracy": 0.7457143008708954,
        "precision": 0.7464285850524902,
        "recall": 0.7485714435577393,
        "f1": 0.7474849237428016
      },
      "S6": {
        "accuracy": 0.8971428632736206,
        "precision": 0.8969008922576904,
        "recall": 0.9114285767078399,
        "f1": 0.9036556214849778
      },
      "S7": {
        "accuracy": 0.7514285802841186,
        "precision": 0.7503726780414581,
        "recall": 0.7742857217788697,
        "f1": 0.7607054746981311
      },
      "S8": {
        "accuracy": 0.8800000071525573,
        "precision": 0.8769841372966767,
        "recall": 0.8914285778999329,
        "f1": 0.883785387508817
      },
      "S9": {
        "accuracy": 0.9171428620815277,
        "precision": 0.9223809540271759,
        "recall": 0.9371428608894348,
        "f1": 0.9290909115933189
      },
      "S10": {
        "accuracy": 0.9722222208976745,
        "precision": 0.9756097555160522,
        "recall": 0.9861111104488373,
        "f1": 0.9805194799002115
      },
      "S11": {
        "accuracy": 0.7194444388151169,
        "precision": 0.7194444388151169,
        "recall": 0.7194444388151169,
        "f1": 0.7194444388151169
      },
      "S13": {
        "accuracy": 0.8000000059604645,
        "precision": 0.8040697753429413,
        "recall": 0.8194444477558136,
        "f1": 0.8110759553772157
      },
      "S14": {
        "accuracy": 0.6611111104488373,
        "precision": 0.6680555522441864,
        "recall": 0.6611111104488373,
        "f1": 0.6643790831409111
      },
      "S15": {
        "accuracy": 0.9222222149372101,
        "precision": 0.9243589699268341,
        "recall": 0.9305555522441864,
        "f1": 0.9273333294200897
      },
      "S16": {
        "accuracy": 0.9277777671813965,
        "precision": 0.9277777671813965,
        "recall": 0.9277777671813965,
        "f1": 0.9277777671813965
      },
      "S17": {
        "accuracy": 0.5555555611848831,
        "precision": 0.5537537544965744,
        "recall": 0.5555555611848831,
        "f1": 0.554642316665473
      },
      "average": {
        "accuracy": 0.8098048575719197,
        "precision": 0.8106671305497487,
        "recall": 0.8173445399602255,
        "f1": 0.81368422388217
      }
    },
    "std": {
      "S2": {
        "accuracy": 0.05750147603162449,
        "precision": 0.05750147603162449,
        "recall": 0.05750147603162449,
        "f1": 0.05750147603162449
      },
      "S3": {
        "accuracy": 0.05750147738662557,
        "precision": 0.05312220025547421,
        "recall": 0.05750147738662557,
        "f1": 0.05501714740329754
      },
      "S4": {
        "accuracy": 0.013801310364224825,
        "precision": 0.03345879191528898,
        "recall": 0.013801310364224825,
        "f1": 0.022962590010527986
      },
      "S5": {
        "accuracy": 0.047523711262126477,
        "precision": 0.047529675084689235,
        "recall": 0.04818708528277246,
        "f1": 0.047734810530270934
      },
      "S6": {
        "accuracy": 0.1144443275465846,
        "precision": 0.11520950190485041,
        "recall": 0.09660917254957382,
        "f1": 0.10508712400652614
      },
      "S7": {
        "accuracy": 0.2051712409436951,
        "precision": 0.20508402767179337,
        "recall": 0.2198535887380775,
        "f1": 0.208250215670393
      },
      "S8": {
        "accuracy": 0.05682450667080973,
        "precision": 0.05985620842426918,
        "recall": 0.06288599251539463,
        "f1": 0.05815986180335648
      },
      "S9": {
        "accuracy": 0.09375027785833118,
        "precision": 0.07980986764573998,
        "recall": 0.05003399906179326,
        "f1": 0.06381193194565682
      },
      "S10": {
        "accuracy": 0.08784105030437579,
        "precision": 0.07712872525763302,
        "recall": 0.043920525152187896,
        "f1": 0.061602813520022295
      },
      "S11": {
        "accuracy": 0.11523966175237756,
        "precision": 0.11523966175237756,
        "recall": 0.11523966175237756,
        "f1": 0.11523966175237756
      },
      "S13": {
        "accuracy": 0.09604668371674555,
        "precision": 0.09454310672540328,
        "recall": 0.10414093733947417,
        "f1": 0.09602640686184681
      },
      "S14": {
        "accuracy": 0.11475506456795297,
        "precision": 0.1096450402176744,
        "recall": 0.11475506456795297,
        "f1": 0.11184346203813587
      },
      "S15": {
        "accuracy": 0.11018129712026377,
        "precision": 0.1059995591565408,
        "recall": 0.09555447536183743,
        "f1": 0.10064564890317078
      },
      "S16": {
        "accuracy": 0.08996265319883925,
        "precision": 0.08996265319883925,
        "recall": 0.08996265319883925,
        "f1": 0.08996265319883925
      },
      "S17": {
        "accuracy": 0.1360827641638856,
        "precision": 0.13455888368505511,
        "recall": 0.1360827641638856,
        "f1": 0.13528254268448967
      },
      "average": {
        "accuracy": 0.06255553085149809,
        "precision": 0.06132008000191349,
        "recall": 0.05643681932848707,
        "f1": 0.058340256216628424
      }
    },
    "poor_ratio": 0.0
  }
}