{
  "real_subj_cnt": 15,
  "real_path": "stress_slurm/data/wesad_1hz.pickle",
  "sliding_windows": false,
  "syn_subj_cnt": 50,
  "gan_config": {
    "gan_mode": "DPCGAN-e-10",
    "path": "stress_slurm/data/100_subj_DP-cGAN-e-10.csv",
    "eps": 10
  },
  "privacy_config": {
    "l2_norm_clip": 1.0,
    "eps": null,
    "num_unique_windows": null,
    "delta": null,
    "noise_multiplier": null
  },
  "train_config": {
    "nn_mode": "Transformer",
    "epochs": 110,
    "batch_size": 50,
    "learning_rate": 0.0001,
    "eval_mode": "TSTR",
    "random_seed": 42,
    "data_noise_parameter": null
  },
  "results": {
    "num_runs": 10,
    "mean": {
      "S2": {
        "accuracy": 0.6676470577716828,
        "precision": 0.6676470577716828,
        "recall": 0.6676470577716828,
        "f1": 0.6676470577716828
      },
      "S3": {
        "accuracy": 0.6117647141218185,
        "precision": 0.6117647141218185,
        "recall": 0.6117647141218185,
        "f1": 0.6117647141218185
      },
      "S4": {
        "accuracy": 0.9000000059604645,
        "precision": 0.8978571474552155,
        "recall": 0.9000000059604645,
        "f1": 0.898913486145527
      },
      "S5": {
        "accuracy": 0.800000011920929,
        "precision": 0.800000011920929,
        "recall": 0.800000011920929,
        "f1": 0.800000011920929
      },
      "S6": {
        "accuracy": 0.9628571450710297,
        "precision": 0.9628571450710297,
        "recall": 0.9628571450710297,
        "f1": 0.9628571450710297
      },
      "S7": {
        "accuracy": 0.9200000047683716,
        "precision": 0.9200000047683716,
        "recall": 0.9200000047683716,
        "f1": 0.9200000047683716
      },
      "S8": {
        "accuracy": 0.9371428608894348,
        "precision": 0.9371428608894348,
        "recall": 0.9371428608894348,
        "f1": 0.9371428608894348
      },
      "S9": {
        "accuracy": 0.9714285731315613,
        "precision": 0.9714285731315613,
        "recall": 0.9714285731315613,
        "f1": 0.9714285731315613
      },
      "S10": {
        "accuracy": 0.92777778506279,
        "precision": 0.9253625094890594,
        "recall": 0.9250000059604645,
        "f1": 0.9251484604435471
      },
      "S11": {
        "accuracy": 0.6972221970558167,
        "precision": 0.6972221970558167,
        "recall": 0.6972221970558167,
        "f1": 0.6972221970558167
      },
      "S13": {
        "accuracy": 0.977777773141861,
        "precision": 0.977777773141861,
        "recall": 0.977777773141861,
        "f1": 0.977777773141861
      },
      "S14": {
        "accuracy": 0.6861111104488373,
        "precision": 0.6861111104488373,
        "recall": 0.6861111104488373,
        "f1": 0.6861111104488373
      },
      "S15": {
        "accuracy": 0.9805555582046509,
        "precision": 0.9805555582046509,
        "recall": 0.9805555582046509,
        "f1": 0.9805555582046509
      },
      "S16": {
        "accuracy": 0.8222222208976746,
        "precision": 0.8222222208976746,
        "recall": 0.8222222208976746,
        "f1": 0.8222222208976746
      },
      "S17": {
        "accuracy": 0.6666666746139527,
        "precision": 0.6666666746139527,
        "recall": 0.6666666746139527,
        "f1": 0.6666666746139527
      },
      "average": {
        "accuracy": 0.8352782462040583,
        "precision": 0.834974370598793,
        "recall": 0.8350930609305699,
        "f1": 0.8350305232417796
      }
    },
    "std": {
      "S2": {
        "accuracy": 0.014207216861400885,
        "precision": 0.014207216861400885,
        "recall": 0.014207216861400885,
        "f1": 0.014207216861400885
      },
      "S3": {
        "accuracy": 0.09882041308765975,
        "precision": 0.09882041308765975,
        "recall": 0.09882041308765975,
        "f1": 0.09882041308765975
      },
      "S4": {
        "accuracy": 0.16781913463249565,
        "precision": 0.16976874160238165,
        "recall": 0.16781913463249565,
        "f1": 0.1687764835995175
      },
      "S5": {
        "accuracy": 0.0,
        "precision": 0.0,
        "recall": 0.0,
        "f1": 0.0
      },
      "S6": {
        "accuracy": 0.02710523547155951,
        "precision": 0.02710523547155951,
        "recall": 0.02710523547155951,
        "f1": 0.02710523547155951
      },
      "S7": {
        "accuracy": 0.012046771320693121,
        "precision": 0.012046771320693121,
        "recall": 0.012046771320693121,
        "f1": 0.012046771320693121
      },
      "S8": {
        "accuracy": 0.01807015698103968,
        "precision": 0.01807015698103968,
        "recall": 0.01807015698103968,
        "f1": 0.01807015698103968
      },
      "S9": {
        "accuracy": 0.0,
        "precision": 0.0,
        "recall": 0.0,
        "f1": 0.0
      },
      "S10": {
        "accuracy": 0.14534381848721462,
        "precision": 0.14754271570826455,
        "recall": 0.14584434579548308,
        "f1": 0.14660809482820275
      },
      "S11": {
        "accuracy": 0.008784108800166314,
        "precision": 0.008784108800166314,
        "recall": 0.008784108800166314,
        "f1": 0.008784108800166314
      },
      "S13": {
        "accuracy": 0.036571145152777505,
        "precision": 0.036571145152777505,
        "recall": 0.036571145152777505,
        "f1": 0.036571145152777505
      },
      "S14": {
        "accuracy": 0.02942637216203949,
        "precision": 0.02942637216203949,
        "recall": 0.02942637216203949,
        "f1": 0.02942637216203949
      },
      "S15": {
        "accuracy": 0.03476847993506598,
        "precision": 0.03476847993506598,
        "recall": 0.03476847993506598,
        "f1": 0.03476847993506598
      },
      "S16": {
        "accuracy": 0.08606628974245369,
        "precision": 0.08606628974245369,
        "recall": 0.08606628974245369,
        "f1": 0.08606628974245369
      },
      "S17": {
        "accuracy": 0.022680455173890664,
        "precision": 0.022680455173890664,
        "recall": 0.022680455173890664,
        "f1": 0.022680455173890664
      },
      "average": {
        "accuracy": 0.0357006778542539,
        "precision": 0.035988983998153375,
        "recall": 0.035836152223850254,
        "f1": 0.03591469060740103
      }
    },
    "poor_ratio": 0.0
  }
}