{
  "real_subj_cnt": 15,
  "real_path": "stress_slurm/data/wesad_1hz.pickle",
  "sliding_windows": false,
  "syn_subj_cnt": 10,
  "gan_config": {
    "gan_mode": "CGAN",
    "path": "stress_slurm/data/100_subj_cGAN.csv",
    "eps": null
  },
  "privacy_config": {
    "l2_norm_clip": 1.0,
    "eps": null,
    "num_unique_windows": null,
    "delta": null,
    "noise_multiplier": null
  },
  "train_config": {
    "nn_mode": "Transformer",
    "epochs": 110,
    "batch_size": 50,
    "learning_rate": 0.0001,
    "eval_mode": "TSTR",
    "random_seed": 42
  },
  "results": {
    "num_runs": 10,
    "mean": {
      "S2": {
        "accuracy": 0.7617647051811218,
        "precision": 0.7573074400424957,
        "recall": 0.7617647051811218,
        "f1": 0.7590576717486041
      },
      "S3": {
        "accuracy": 0.7941176414489746,
        "precision": 0.7941584467887879,
        "recall": 0.8,
        "f1": 0.7966945993478924
      },
      "S4": {
        "accuracy": 0.9628571450710297,
        "precision": 0.9630859017372131,
        "recall": 0.9657142877578735,
        "f1": 0.9643431617744824
      },
      "S5": {
        "accuracy": 0.8142857253551483,
        "precision": 0.8116879642009736,
        "recall": 0.8257142961025238,
        "f1": 0.8183869699146242
      },
      "S6": {
        "accuracy": 0.9514285743236541,
        "precision": 0.9514285743236541,
        "recall": 0.9514285743236541,
        "f1": 0.9514285743236541
      },
      "S7": {
        "accuracy": 0.888571435213089,
        "precision": 0.8888095319271088,
        "recall": 0.8914285778999329,
        "f1": 0.8901006109396207
      },
      "S8": {
        "accuracy": 0.954285717010498,
        "precision": 0.954285717010498,
        "recall": 0.954285717010498,
        "f1": 0.954285717010498
      },
      "S9": {
        "accuracy": 0.9457142889499665,
        "precision": 0.9459523856639862,
        "recall": 0.9485714316368103,
        "f1": 0.9472434646764981
      },
      "S10": {
        "accuracy": 0.9638888835906982,
        "precision": 0.9665872991085053,
        "recall": 0.9638888835906982,
        "f1": 0.9652190884033193
      },
      "S11": {
        "accuracy": 0.7861111044883728,
        "precision": 0.7852371215820313,
        "recall": 0.8027777731418609,
        "f1": 0.7934875013718731
      },
      "S13": {
        "accuracy": 0.9138888776302337,
        "precision": 0.9164285600185395,
        "recall": 0.9111110985279083,
        "f1": 0.9137323823530412
      },
      "S14": {
        "accuracy": 0.6861111044883728,
        "precision": 0.665203332901001,
        "recall": 0.6861111044883728,
        "f1": 0.6748362923158415
      },
      "S15": {
        "accuracy": 0.9694444417953492,
        "precision": 0.964114111661911,
        "recall": 0.9694444417953492,
        "f1": 0.9667427676192455
      },
      "S16": {
        "accuracy": 0.8138888895511627,
        "precision": 0.8126442849636077,
        "recall": 0.8083333373069763,
        "f1": 0.8103931228454844
      },
      "S17": {
        "accuracy": 0.7194444417953492,
        "precision": 0.7124967634677887,
        "recall": 0.7111111104488372,
        "f1": 0.7116501985474415
      },
      "average": {
        "accuracy": 0.8617201983928681,
        "precision": 0.8592951623598735,
        "recall": 0.8634456892808279,
        "f1": 0.8611734748794747
      }
    },
    "std": {
      "S2": {
        "accuracy": 0.12122817403272546,
        "precision": 0.12116678963347857,
        "recall": 0.11130798236254875,
        "f1": 0.11435035074164465
      },
      "S3": {
        "accuracy": 0.12245093384642275,
        "precision": 0.10317527128347338,
        "recall": 0.11829883673835352,
        "f1": 0.10901620810618692
      },
      "S4": {
        "accuracy": 0.033128621131906066,
        "precision": 0.03245782798163223,
        "recall": 0.0324369244778969,
        "f1": 0.03159847634809805
      },
      "S5": {
        "accuracy": 0.12140521927779853,
        "precision": 0.11722911099975736,
        "recall": 0.12229846408181075,
        "f1": 0.11868185602440208
      },
      "S6": {
        "accuracy": 0.02710523547155952,
        "precision": 0.02710523547155952,
        "recall": 0.02710523547155952,
        "f1": 0.02710523547155952
      },
      "S7": {
        "accuracy": 0.03420625509651576,
        "precision": 0.028660575112023808,
        "recall": 0.0324369244778969,
        "f1": 0.030298867775884704
      },
      "S8": {
        "accuracy": 0.027602620728449666,
        "precision": 0.027602620728449666,
        "recall": 0.027602620728449666,
        "f1": 0.027602620728449666
      },
      "S9": {
        "accuracy": 0.02841225333540487,
        "precision": 0.0281281720733233,
        "recall": 0.026255329391422652,
        "f1": 0.02690428135884128
      },
      "S10": {
        "accuracy": 0.054069638528188094,
        "precision": 0.053663227122189176,
        "recall": 0.054069638528188094,
        "f1": 0.05370048613027217
      },
      "S11": {
        "accuracy": 0.08591674885243186,
        "precision": 0.08513918553493069,
        "recall": 0.07343474967123559,
        "f1": 0.07768089911771717
      },
      "S13": {
        "accuracy": 0.057749862271697976,
        "precision": 0.05839558853481436,
        "recall": 0.05524603782942455,
        "f1": 0.05654329792263419
      },
      "S14": {
        "accuracy": 0.11494169328879233,
        "precision": 0.11124467022865658,
        "recall": 0.11494169328879231,
        "f1": 0.11095804709699501
      },
      "S15": {
        "accuracy": 0.046203609863698945,
        "precision": 0.045402044739934685,
        "recall": 0.046203609863698945,
        "f1": 0.045453112418864655
      },
      "S16": {
        "accuracy": 0.10479746739312035,
        "precision": 0.10259143691757824,
        "recall": 0.10593660478719237,
        "f1": 0.1039080906476852
      },
      "S17": {
        "accuracy": 0.08328187309247846,
        "precision": 0.08703610865902252,
        "recall": 0.09369711576958077,
        "f1": 0.08970790264413789
      },
      "average": {
        "accuracy": 0.02058571202374733,
        "precision": 0.02069738655499868,
        "recall": 0.021095406508674003,
        "f1": 0.020104224444485258
      }
    },
    "poor_ratio": 0.0
  }
}