{
  "real_subj_cnt": 15,
  "real_path": "stress_slurm/data/wesad_1hz.pickle",
  "sliding_windows": false,
  "syn_subj_cnt": 15,
  "gan_config": {
    "gan_mode": "DPCGAN-e-1",
    "path": "stress_slurm/data/100_subj_DP-cGAN-e-1.csv",
    "eps": 1
  },
  "privacy_config": {
    "l2_norm_clip": 1.0,
    "eps": null,
    "num_unique_windows": null,
    "delta": null,
    "noise_multiplier": null
  },
  "train_config": {
    "nn_mode": "Transformer",
    "epochs": 110,
    "batch_size": 50,
    "learning_rate": 0.0001,
    "eval_mode": "TSTR",
    "random_seed": 42,
    "data_noise_parameter": null
  },
  "results": {
    "num_runs": 10,
    "mean": {
      "S2": {
        "accuracy": 0.5882353082299232,
        "precision": 0.5783730298280716,
        "recall": 0.6176470682024956,
        "f1": 0.5933333460715472
      },
      "S3": {
        "accuracy": 0.6794117569923401,
        "precision": 0.6636780858039856,
        "recall": 0.6941176414489746,
        "f1": 0.6759005900665894
      },
      "S4": {
        "accuracy": 0.7628571569919587,
        "precision": 0.7499749481678009,
        "recall": 0.7885714411735535,
        "f1": 0.7646583963305265
      },
      "S5": {
        "accuracy": 0.6885714441537857,
        "precision": 0.6691244393587112,
        "recall": 0.7114285856485367,
        "f1": 0.6843888222629604
      },
      "S6": {
        "accuracy": 0.6571428716182709,
        "precision": 0.6410714387893677,
        "recall": 0.6742857277393342,
        "f1": 0.6538461648853573
      },
      "S7": {
        "accuracy": 0.6971428722143174,
        "precision": 0.676825413107872,
        "recall": 0.7200000137090683,
        "f1": 0.6922449138091535
      },
      "S8": {
        "accuracy": 0.6857143014669418,
        "precision": 0.668665423989296,
        "recall": 0.7057143002748489,
        "f1": 0.6832786508441664
      },
      "S9": {
        "accuracy": 0.6485714420676232,
        "precision": 0.6390749976038933,
        "recall": 0.6800000116229057,
        "f1": 0.6546249653673348
      },
      "S10": {
        "accuracy": 0.674999988079071,
        "precision": 0.658162385225296,
        "recall": 0.7027777671813965,
        "f1": 0.6740648980970863
      },
      "S11": {
        "accuracy": 0.627777761220932,
        "precision": 0.6210960775613785,
        "recall": 0.652777761220932,
        "f1": 0.6338736501486982
      },
      "S13": {
        "accuracy": 0.6333333253860474,
        "precision": 0.6299999952316284,
        "recall": 0.6472222149372101,
        "f1": 0.6376543152479478
      },
      "S14": {
        "accuracy": 0.6833333075046539,
        "precision": 0.6612836509943009,
        "recall": 0.7027777552604675,
        "f1": 0.6760236815173455
      },
      "S15": {
        "accuracy": 0.7166666507720947,
        "precision": 0.6953216254711151,
        "recall": 0.7249999880790711,
        "f1": 0.7068100240302508
      },
      "S16": {
        "accuracy": 0.6583333194255829,
        "precision": 0.644204443693161,
        "recall": 0.6722222089767456,
        "f1": 0.6557892024924811
      },
      "S17": {
        "accuracy": 0.6999999940395355,
        "precision": 0.6840277731418609,
        "recall": 0.727777773141861,
        "f1": 0.699777773141861
      },
      "average": {
        "accuracy": 0.6734727666775385,
        "precision": 0.6587255818645159,
        "recall": 0.6948213505744933,
        "f1": 0.672417959620887
      }
    },
    "std": {
      "S2": {
        "accuracy": 0.19802951400526253,
        "precision": 0.1896341165115745,
        "recall": 0.22442201986999002,
        "f1": 0.1946707688506339
      },
      "S3": {
        "accuracy": 0.009300825517504028,
        "precision": 0.045519986300590926,
        "recall": 0.046400633059132536,
        "f1": 0.013326682336651281
      },
      "S4": {
        "accuracy": 0.05225091774025081,
        "precision": 0.07044298422746822,
        "recall": 0.0905513418332312,
        "f1": 0.05179331963973762
      },
      "S5": {
        "accuracy": 0.13431610720495907,
        "precision": 0.13955890777979446,
        "recall": 0.16131545265407776,
        "f1": 0.1330833936148267
      },
      "S6": {
        "accuracy": 0.12344268487484496,
        "precision": 0.12561922234457518,
        "recall": 0.142666542415685,
        "f1": 0.12218080764515651
      },
      "S7": {
        "accuracy": 0.1348216270373939,
        "precision": 0.14227039996135285,
        "recall": 0.1603850230836622,
        "f1": 0.13386261876248148
      },
      "S8": {
        "accuracy": 0.10690449835797101,
        "precision": 0.1079265443521173,
        "recall": 0.11028719469254218,
        "f1": 0.09534275691825943
      },
      "S9": {
        "accuracy": 0.20070172030508887,
        "precision": 0.19793780130132543,
        "recall": 0.22609772630440803,
        "f1": 0.19984369685707828
      },
      "S10": {
        "accuracy": 0.11568516944244789,
        "precision": 0.12021313670168222,
        "recall": 0.15496470757486477,
        "f1": 0.11529820309926671
      },
      "S11": {
        "accuracy": 0.11430591583538616,
        "precision": 0.11585101982458065,
        "recall": 0.14654807486194205,
        "f1": 0.11985784855303075
      },
      "S13": {
        "accuracy": 0.18134915389332082,
        "precision": 0.17983378706515274,
        "recall": 0.19380405656159047,
        "f1": 0.18419488039146337
      },
      "S14": {
        "accuracy": 0.03513641635202159,
        "precision": 0.07651094526792988,
        "recall": 0.06148873467453089,
        "f1": 0.03883477768121606
      },
      "S15": {
        "accuracy": 0.05972042851817009,
        "precision": 0.0886516309881358,
        "recall": 0.06605948414620852,
        "f1": 0.0664558024686342
      },
      "S16": {
        "accuracy": 0.06935177403678763,
        "precision": 0.07529426888202713,
        "recall": 0.06904204015977518,
        "f1": 0.06142739537472551
      },
      "S17": {
        "accuracy": 0.0536717515592447,
        "precision": 0.06813973825003634,
        "recall": 0.10940040567664111,
        "f1": 0.053574031664775146
      },
      "average": {
        "accuracy": 0.09230997494109155,
        "precision": 0.09609198263408081,
        "recall": 0.11699746743504433,
        "f1": 0.08930068842125535
      }
    },
    "poor_ratio": 0.0
  }
}