{
  "real_subj_cnt": 15,
  "real_path": "stress_slurm/data/wesad_1hz.pickle",
  "sliding_windows": false,
  "syn_subj_cnt": 15,
  "gan_config": {
    "gan_mode": "DPCGAN-e-1",
    "path": "stress_slurm/data/100_subj_DP-cGAN-e-1.csv",
    "eps": 1
  },
  "privacy_config": {
    "l2_norm_clip": 1.0,
    "eps": null,
    "num_unique_windows": null,
    "delta": null,
    "noise_multiplier": null
  },
  "train_config": {
    "nn_mode": "Transformer",
    "epochs": 110,
    "batch_size": 50,
    "learning_rate": 0.0001,
    "eval_mode": "TSTR",
    "random_seed": 42,
    "data_noise_parameter": null
  },
  "results": {
    "num_runs": 10,
    "mean": {
      "S2": {
        "accuracy": 0.6823529541492462,
        "precision": 0.6808823645114899,
        "recall": 0.6852941274642944,
        "f1": 0.6830252208271805
      },
      "S3": {
        "accuracy": 0.7676470518112183,
        "precision": 0.7747338891029358,
        "recall": 0.7676470518112183,
        "f1": 0.7708946021831454
      },
      "S4": {
        "accuracy": 0.9885714292526245,
        "precision": 0.9885714292526245,
        "recall": 0.9885714292526245,
        "f1": 0.9885714292526245
      },
      "S5": {
        "accuracy": 0.7742857277393341,
        "precision": 0.7761308789253235,
        "recall": 0.7942857265472412,
        "f1": 0.7848630254398117
      },
      "S6": {
        "accuracy": 0.934285718202591,
        "precision": 0.934285718202591,
        "recall": 0.934285718202591,
        "f1": 0.934285718202591
      },
      "S7": {
        "accuracy": 0.7628571569919587,
        "precision": 0.7648268461227417,
        "recall": 0.7628571569919587,
        "f1": 0.7637767885733548
      },
      "S8": {
        "accuracy": 0.8942857205867767,
        "precision": 0.894603180885315,
        "recall": 0.8971428632736206,
        "f1": 0.8958551369934085
      },
      "S9": {
        "accuracy": 0.9485714316368103,
        "precision": 0.9485714316368103,
        "recall": 0.9485714316368103,
        "f1": 0.9485714316368103
      },
      "S10": {
        "accuracy": 1.0,
        "precision": 1.0,
        "recall": 1.0,
        "f1": 1.0
      },
      "S11": {
        "accuracy": 0.688888892531395,
        "precision": 0.6914213627576828,
        "recall": 0.6750000089406967,
        "f1": 0.6828723626533051
      },
      "S13": {
        "accuracy": 0.7972222149372101,
        "precision": 0.7972222149372101,
        "recall": 0.7972222149372101,
        "f1": 0.7972222149372101
      },
      "S14": {
        "accuracy": 0.7722222149372101,
        "precision": 0.7765079319477082,
        "recall": 0.7722222149372101,
        "f1": 0.774334892317833
      },
      "S15": {
        "accuracy": 0.9388888835906982,
        "precision": 0.9388888835906982,
        "recall": 0.9388888835906982,
        "f1": 0.9388888835906982
      },
      "S16": {
        "accuracy": 0.9805555462837219,
        "precision": 0.9805555462837219,
        "recall": 0.9805555462837219,
        "f1": 0.9805555462837219
      },
      "S17": {
        "accuracy": 0.48611112534999845,
        "precision": 0.4895645767450333,
        "recall": 0.49166667759418486,
        "f1": 0.4906012292269762
      },
      "average": {
        "accuracy": 0.8277830712000529,
        "precision": 0.8291177503267925,
        "recall": 0.8289474034309388,
        "f1": 0.8289545654745781
      }
    },
    "std": {
      "S2": {
        "accuracy": 0.08060707087438565,
        "precision": 0.07905693325022921,
        "recall": 0.08439347620831472,
        "f1": 0.08139440089676962
      },
      "S3": {
        "accuracy": 0.05084824524451583,
        "precision": 0.04515836162815779,
        "recall": 0.05084824524451583,
        "f1": 0.04609903799968215
      },
      "S4": {
        "accuracy": 0.014754221391846173,
        "precision": 0.014754221391846173,
        "recall": 0.014754221391846173,
        "f1": 0.014754221391846173
      },
      "S5": {
        "accuracy": 0.03676239602901656,
        "precision": 0.030679623242056427,
        "recall": 0.05181512265914143,
        "f1": 0.03932885124377511
      },
      "S6": {
        "accuracy": 0.06324554943363885,
        "precision": 0.06324554943363885,
        "recall": 0.06324554943363885,
        "f1": 0.06324554943363885
      },
      "S7": {
        "accuracy": 0.16109037924466602,
        "precision": 0.158837469414118,
        "recall": 0.16052633556872833,
        "f1": 0.1596166741883923
      },
      "S8": {
        "accuracy": 0.030267138352263016,
        "precision": 0.03018378061107708,
        "recall": 0.030713361020002054,
        "f1": 0.030180071215129303
      },
      "S9": {
        "accuracy": 0.029508442783692343,
        "precision": 0.029508442783692343,
        "recall": 0.029508442783692343,
        "f1": 0.029508442783692343
      },
      "S10": {
        "accuracy": 0.0,
        "precision": 0.0,
        "recall": 0.0,
        "f1": 0.0
      },
      "S11": {
        "accuracy": 0.12546211377026406,
        "precision": 0.12104335957179307,
        "recall": 0.1361142642293785,
        "f1": 0.1285284823131389
      },
      "S13": {
        "accuracy": 0.0859167452123901,
        "precision": 0.0859167452123901,
        "recall": 0.0859167452123901,
        "f1": 0.0859167452123901
      },
      "S14": {
        "accuracy": 0.09514985329447799,
        "precision": 0.0944642104821022,
        "recall": 0.09514985329447799,
        "f1": 0.09470481628567218
      },
      "S15": {
        "accuracy": 0.07943560208398026,
        "precision": 0.07943560208398026,
        "recall": 0.07943560208398026,
        "f1": 0.07943560208398026
      },
      "S16": {
        "accuracy": 0.013417947829829946,
        "precision": 0.013417947829829946,
        "recall": 0.013417947829829946,
        "f1": 0.013417947829829946
      },
      "S17": {
        "accuracy": 0.10079417536294945,
        "precision": 0.09614591156891689,
        "recall": 0.09355977129363108,
        "f1": 0.09485332716087215
      },
      "average": {
        "accuracy": 0.04764809823394157,
        "precision": 0.046098616111805435,
        "recall": 0.04596969055567485,
        "f1": 0.046095062102113955
      }
    },
    "poor_ratio": 0.0
  }
}