{
  "real_subj_cnt": 15,
  "real_path": "stress_slurm/data/wesad_1hz.pickle",
  "sliding_windows": false,
  "syn_subj_cnt": 100,
  "gan_config": {
    "gan_mode": "DPCGAN-e-10",
    "path": "stress_slurm/data/100_subj_DP-cGAN-e-10.csv",
    "eps": 10
  },
  "privacy_config": {
    "l2_norm_clip": 1.0,
    "eps": null,
    "num_unique_windows": null,
    "delta": null,
    "noise_multiplier": null
  },
  "train_config": {
    "nn_mode": "Transformer",
    "epochs": 110,
    "batch_size": 50,
    "learning_rate": 0.0001,
    "eval_mode": "TSTR",
    "random_seed": 42
  },
  "results": {
    "num_runs": 10,
    "mean": {
      "S2": {
        "accuracy": 0.35588236153125763,
        "precision": 0.3559714913368225,
        "recall": 0.3529411882162094,
        "f1": 0.35443372557412334
      },
      "S3": {
        "accuracy": 0.30000001192092896,
        "precision": 0.2991596758365631,
        "recall": 0.30000001192092896,
        "f1": 0.29957375448745627
      },
      "S4": {
        "accuracy": 0.32285715341567994,
        "precision": 0.32285715341567994,
        "recall": 0.32285715341567994,
        "f1": 0.32285715341567994
      },
      "S5": {
        "accuracy": 0.30000001192092896,
        "precision": 0.30109244883060454,
        "recall": 0.30000001192092896,
        "f1": 0.30053831416690235
      },
      "S6": {
        "accuracy": 0.354285728931427,
        "precision": 0.35285715460777284,
        "recall": 0.3514285832643509,
        "f1": 0.35213251697043113
      },
      "S7": {
        "accuracy": 0.2542857274413109,
        "precision": 0.2542857274413109,
        "recall": 0.2542857274413109,
        "f1": 0.2542857274413109
      },
      "S8": {
        "accuracy": 0.32285715341567994,
        "precision": 0.32285715341567994,
        "recall": 0.32285715341567994,
        "f1": 0.32285715341567994
      },
      "S9": {
        "accuracy": 0.5142857253551483,
        "precision": 0.5135294198989868,
        "recall": 0.5114285826683045,
        "f1": 0.512463777847987
      },
      "S10": {
        "accuracy": 0.4138888865709305,
        "precision": 0.41563492119312284,
        "recall": 0.4138888865709305,
        "f1": 0.41474960784345977
      },
      "S11": {
        "accuracy": 0.36944444179534913,
        "precision": 0.367698410153389,
        "recall": 0.36666666269302367,
        "f1": 0.36717527058597027
      },
      "S13": {
        "accuracy": 0.338888892531395,
        "precision": 0.338888892531395,
        "recall": 0.338888892531395,
        "f1": 0.338888892531395
      },
      "S14": {
        "accuracy": 0.24444444626569747,
        "precision": 0.24444444626569747,
        "recall": 0.24444444626569747,
        "f1": 0.24444444626569747
      },
      "S15": {
        "accuracy": 0.29722222685813904,
        "precision": 0.29912698864936826,
        "recall": 0.29722222685813904,
        "f1": 0.2981611939395049
      },
      "S16": {
        "accuracy": 0.46388888359069824,
        "precision": 0.4649206340312958,
        "recall": 0.4611111104488373,
        "f1": 0.462989044611569
      },
      "S17": {
        "accuracy": 0.26111111491918565,
        "precision": 0.2590476229786873,
        "recall": 0.2583333358168602,
        "f1": 0.2586854491964429
      },
      "average": {
        "accuracy": 0.34088951776425047,
        "precision": 0.3408248093724251,
        "recall": 0.3397569315632184,
        "f1": 0.34028240188624065
      }
    },
    "std": {
      "S2": {
        "accuracy": 0.0881808058097743,
        "precision": 0.08705677641240303,
        "recall": 0.0808452107548195,
        "f1": 0.08390105620755661
      },
      "S3": {
        "accuracy": 0.04340380843485019,
        "precision": 0.04361120290427505,
        "recall": 0.04340380843485019,
        "f1": 0.043488843775241676
      },
      "S4": {
        "accuracy": 0.019284243356585257,
        "precision": 0.019284243356585257,
        "recall": 0.019284243356585257,
        "f1": 0.019284243356585257
      },
      "S5": {
        "accuracy": 0.030860668152979113,
        "precision": 0.03373007110286608,
        "recall": 0.030860668152979113,
        "f1": 0.03226024376510111
      },
      "S6": {
        "accuracy": 0.11041049508175284,
        "precision": 0.10818016494472261,
        "recall": 0.1060954105135565,
        "f1": 0.10710394062880231
      },
      "S7": {
        "accuracy": 0.009035083202680753,
        "precision": 0.009035083202680753,
        "recall": 0.009035083202680753,
        "f1": 0.009035083202680753
      },
      "S8": {
        "accuracy": 0.06741080881699821,
        "precision": 0.06741080881699821,
        "recall": 0.06741080881699821,
        "f1": 0.06741080881699821
      },
      "S9": {
        "accuracy": 0.12988745010257768,
        "precision": 0.12842240658891405,
        "recall": 0.12450355509549144,
        "f1": 0.12640613493683553
      },
      "S10": {
        "accuracy": 0.12992689846774969,
        "precision": 0.13295383670248498,
        "recall": 0.12992689846774969,
        "f1": 0.13139877108185172
      },
      "S11": {
        "accuracy": 0.029426387791288044,
        "precision": 0.028652272435629327,
        "recall": 0.028688766382454763,
        "f1": 0.028624343200345494
      },
      "S13": {
        "accuracy": 0.09333039458430425,
        "precision": 0.09333039458430425,
        "recall": 0.09333039458430425,
        "f1": 0.09333039458430425
      },
      "S14": {
        "accuracy": 0.017568211317451753,
        "precision": 0.017568211317451753,
        "recall": 0.017568211317451753,
        "f1": 0.017568211317451753
      },
      "S15": {
        "accuracy": 0.037152595900296695,
        "precision": 0.039862816606186936,
        "recall": 0.037152595900296695,
        "f1": 0.03845828202504961
      },
      "S16": {
        "accuracy": 0.12217310990467631,
        "precision": 0.12403588945159134,
        "recall": 0.11653432577728698,
        "f1": 0.12022372847761016
      },
      "S17": {
        "accuracy": 0.03749714452082797,
        "precision": 0.03704308527106574,
        "recall": 0.03715259949020912,
        "f1": 0.03708146258060735
      },
      "average": {
        "accuracy": 0.05737265143832017,
        "precision": 0.057783374167304474,
        "recall": 0.056037647865138575,
        "f1": 0.056894612658016444
      }
    },
    "poor_ratio": 1.0
  }
}