{
  "real_subj_cnt": 15,
  "real_path": "stress_slurm/data/wesad_1hz.pickle",
  "sliding_windows": false,
  "syn_subj_cnt": 1,
  "gan_config": {
    "gan_mode": "DPCGAN-e-1",
    "path": "stress_slurm/data/100_subj_DP-cGAN-e-1.csv",
    "eps": 1
  },
  "privacy_config": {
    "l2_norm_clip": 1.0,
    "eps": null,
    "num_unique_windows": null,
    "delta": null,
    "noise_multiplier": null
  },
  "train_config": {
    "nn_mode": "Transformer",
    "epochs": 110,
    "batch_size": 50,
    "learning_rate": 0.0001,
    "eval_mode": "TSTR",
    "random_seed": 42,
    "data_noise_parameter": null
  },
  "results": {
    "num_runs": 10,
    "mean": {
      "S2": {
        "accuracy": 0.7529411733150482,
        "precision": 0.7552584648132324,
        "recall": 0.7529411733150482,
        "f1": 0.7540825258373657
      },
      "S3": {
        "accuracy": 0.7235294163227082,
        "precision": 0.7230252146720886,
        "recall": 0.7294117629528045,
        "f1": 0.7261722095234007
      },
      "S4": {
        "accuracy": 0.9428571462631226,
        "precision": 0.9428571462631226,
        "recall": 0.9428571462631226,
        "f1": 0.9428571462631226
      },
      "S5": {
        "accuracy": 0.6628571599721909,
        "precision": 0.6578011304140091,
        "recall": 0.660000017285347,
        "f1": 0.6588586727276121
      },
      "S6": {
        "accuracy": 0.7742857277393341,
        "precision": 0.77343630194664,
        "recall": 0.777142870426178,
        "f1": 0.7752381060019503
      },
      "S7": {
        "accuracy": 0.40857144594192507,
        "precision": 0.40500001311302186,
        "recall": 0.40857144594192507,
        "f1": 0.4067605785624987
      },
      "S8": {
        "accuracy": 0.771428582072258,
        "precision": 0.7719047695398331,
        "recall": 0.7742857247591018,
        "f1": 0.7730784798390902
      },
      "S9": {
        "accuracy": 0.8342857241630555,
        "precision": 0.8342857241630555,
        "recall": 0.8342857241630555,
        "f1": 0.8342857241630555
      },
      "S10": {
        "accuracy": 0.9944444417953491,
        "precision": 0.9944444417953491,
        "recall": 0.9944444417953491,
        "f1": 0.9944444417953491
      },
      "S11": {
        "accuracy": 0.45555555522441865,
        "precision": 0.4535127192735672,
        "recall": 0.45833333134651183,
        "f1": 0.4558753929673374
      },
      "S13": {
        "accuracy": 0.6333333283662796,
        "precision": 0.6333333283662796,
        "recall": 0.6333333283662796,
        "f1": 0.6333333283662796
      },
      "S14": {
        "accuracy": 0.47222221791744234,
        "precision": 0.47222221791744234,
        "recall": 0.47222221791744234,
        "f1": 0.47222221791744234
      },
      "S15": {
        "accuracy": 0.7527777701616287,
        "precision": 0.7527777701616287,
        "recall": 0.7527777701616287,
        "f1": 0.7527777701616287
      },
      "S16": {
        "accuracy": 0.9333333253860474,
        "precision": 0.9307807743549347,
        "recall": 0.9361111044883728,
        "f1": 0.9334094303122692
      },
      "S17": {
        "accuracy": 0.3583333343267441,
        "precision": 0.36231231689453125,
        "recall": 0.3666666686534882,
        "f1": 0.3644596684647895
      },
      "average": {
        "accuracy": 0.6980504232645035,
        "precision": 0.697530155579249,
        "recall": 0.6995589818557104,
        "f1": 0.6985237128602128
      }
    },
    "std": {
      "S2": {
        "accuracy": 0.08108262719785396,
        "precision": 0.08178431209540045,
        "recall": 0.08108262719785396,
        "f1": 0.08134653412599764
      },
      "S3": {
        "accuracy": 0.0962583336841079,
        "precision": 0.09499986559781821,
        "recall": 0.09585808984234459,
        "f1": 0.09528423739548675
      },
      "S4": {
        "accuracy": 0.05216404998651025,
        "precision": 0.05216404998651025,
        "recall": 0.05216404998651025,
        "f1": 0.05216404998651025
      },
      "S5": {
        "accuracy": 0.08389606234005255,
        "precision": 0.08081893970043261,
        "recall": 0.08459588095993208,
        "f1": 0.08252278724246037
      },
      "S6": {
        "accuracy": 0.06659860074297416,
        "precision": 0.06829135534309953,
        "recall": 0.061426722040004114,
        "f1": 0.06478057724862098
      },
      "S7": {
        "accuracy": 0.13200014375238348,
        "precision": 0.1311828218485827,
        "recall": 0.13200014375238348,
        "f1": 0.131553753505592
      },
      "S8": {
        "accuracy": 0.11741741144512617,
        "precision": 0.1176842568269736,
        "recall": 0.1192949827983503,
        "f1": 0.11842120149220446
      },
      "S9": {
        "accuracy": 0.09014978179769573,
        "precision": 0.09014978179769573,
        "recall": 0.09014978179769573,
        "f1": 0.09014978179769573
      },
      "S10": {
        "accuracy": 0.017568217600332618,
        "precision": 0.017568217600332618,
        "recall": 0.017568217600332618,
        "f1": 0.017568217600332618
      },
      "S11": {
        "accuracy": 0.14115436523766048,
        "precision": 0.14014233318561972,
        "recall": 0.13996497019596882,
        "f1": 0.14000115945690314
      },
      "S13": {
        "accuracy": 0.08050764401981857,
        "precision": 0.08050764401981857,
        "recall": 0.08050764401981857,
        "f1": 0.08050764401981857
      },
      "S14": {
        "accuracy": 0.08384615368883798,
        "precision": 0.08384615368883798,
        "recall": 0.08384615368883798,
        "f1": 0.08384615368883798
      },
      "S15": {
        "accuracy": 0.13123999984796159,
        "precision": 0.13123999984796159,
        "recall": 0.13123999984796159,
        "f1": 0.13123999984796159
      },
      "S16": {
        "accuracy": 0.10075162593203597,
        "precision": 0.09913813849947964,
        "recall": 0.10147234953042107,
        "f1": 0.1001385317769721
      },
      "S17": {
        "accuracy": 0.04977658937005463,
        "precision": 0.0535222072643453,
        "recall": 0.056776703158674946,
        "f1": 0.05507823627744154
      },
      "average": {
        "accuracy": 0.07570311123186702,
        "precision": 0.07538896326201967,
        "recall": 0.07502778724749146,
        "f1": 0.07520918050155286
      }
    },
    "poor_ratio": 0.0
  }
}