{
  "real_subj_cnt": 15,
  "real_path": "stress_slurm/data/wesad_1hz.pickle",
  "sliding_windows": false,
  "syn_subj_cnt": 50,
  "gan_config": {
    "gan_mode": "CGAN",
    "path": "stress_slurm/data/100_subj_cGAN.csv",
    "eps": null
  },
  "privacy_config": {
    "l2_norm_clip": 1.0,
    "eps": null,
    "num_unique_windows": null,
    "delta": null,
    "noise_multiplier": null
  },
  "train_config": {
    "nn_mode": "Transformer",
    "epochs": 110,
    "batch_size": 50,
    "learning_rate": 0.0001,
    "eval_mode": "TSTR",
    "random_seed": 42,
    "data_noise_parameter": null
  },
  "results": {
    "num_runs": 10,
    "mean": {
      "S2": {
        "accuracy": 0.7588235378265381,
        "precision": 0.7576012313365936,
        "recall": 0.7647058844566346,
        "f1": 0.7610706117046397
      },
      "S3": {
        "accuracy": 0.81470587849617,
        "precision": 0.8118855059146881,
        "recall": 0.8088235259056091,
        "f1": 0.8102573035866513
      },
      "S4": {
        "accuracy": 0.9571428596973419,
        "precision": 0.9571428596973419,
        "recall": 0.9571428596973419,
        "f1": 0.9571428596973419
      },
      "S5": {
        "accuracy": 0.8171428680419922,
        "precision": 0.8147490441799163,
        "recall": 0.8200000107288361,
        "f1": 0.8173015973450225
      },
      "S6": {
        "accuracy": 0.9457142889499665,
        "precision": 0.9457142889499665,
        "recall": 0.9457142889499665,
        "f1": 0.9457142889499665
      },
      "S7": {
        "accuracy": 0.9171428620815277,
        "precision": 0.9196638703346253,
        "recall": 0.9171428620815277,
        "f1": 0.9183850980335814
      },
      "S8": {
        "accuracy": 0.9628571450710297,
        "precision": 0.9628571450710297,
        "recall": 0.9628571450710297,
        "f1": 0.9628571450710297
      },
      "S9": {
        "accuracy": 0.954285717010498,
        "precision": 0.954285717010498,
        "recall": 0.954285717010498,
        "f1": 0.954285717010498
      },
      "S10": {
        "accuracy": 0.977777773141861,
        "precision": 0.9776984095573426,
        "recall": 0.9749999940395355,
        "f1": 0.9763301988521565
      },
      "S11": {
        "accuracy": 0.897222226858139,
        "precision": 0.9003582119941711,
        "recall": 0.8999999940395356,
        "f1": 0.9001087911481089
      },
      "S13": {
        "accuracy": 0.9444444298744201,
        "precision": 0.9420420289039612,
        "recall": 0.9472222089767456,
        "f1": 0.9445966382549233
      },
      "S14": {
        "accuracy": 0.6777777791023254,
        "precision": 0.6758258283138275,
        "recall": 0.6777777791023254,
        "f1": 0.6767884341899573
      },
      "S15": {
        "accuracy": 0.9916666686534882,
        "precision": 0.9916666686534882,
        "recall": 0.9916666686534882,
        "f1": 0.9916666686534882
      },
      "S16": {
        "accuracy": 0.8333333313465119,
        "precision": 0.8356349170207977,
        "recall": 0.8333333313465119,
        "f1": 0.8344679158456598
      },
      "S17": {
        "accuracy": 0.8194444477558136,
        "precision": 0.8191269874572754,
        "recall": 0.8166666686534881,
        "f1": 0.8178795018571636
      },
      "average": {
        "accuracy": 0.8846321209271748,
        "precision": 0.8844168476263683,
        "recall": 0.8848225959142049,
        "f1": 0.8845901846800125
      }
    },
    "std": {
      "S2": {
        "accuracy": 0.07440652560401785,
        "precision": 0.07321353485129511,
        "recall": 0.08084519388919545,
        "f1": 0.07670631099442643
      },
      "S3": {
        "accuracy": 0.0980882147165408,
        "precision": 0.09827461460753202,
        "recall": 0.0932661575335512,
        "f1": 0.09526934098045921
      },
      "S4": {
        "accuracy": 0.06767937884005108,
        "precision": 0.06767937884005108,
        "recall": 0.06767937884005108,
        "f1": 0.06767937884005108
      },
      "S5": {
        "accuracy": 0.08954406531832439,
        "precision": 0.08606214503023153,
        "recall": 0.09432898877309197,
        "f1": 0.08979273358877267
      },
      "S6": {
        "accuracy": 0.02501699953089663,
        "precision": 0.02501699953089663,
        "recall": 0.02501699953089663,
        "f1": 0.02501699953089663
      },
      "S7": {
        "accuracy": 0.03420625509651576,
        "precision": 0.029958109088168514,
        "recall": 0.03420625509651576,
        "f1": 0.03193537128220439
      },
      "S8": {
        "accuracy": 0.027105235471559512,
        "precision": 0.027105235471559512,
        "recall": 0.027105235471559512,
        "f1": 0.027105235471559512
      },
      "S9": {
        "accuracy": 0.03614031396207935,
        "precision": 0.03614031396207935,
        "recall": 0.03614031396207935,
        "f1": 0.03614031396207935
      },
      "S10": {
        "accuracy": 0.03657114515277752,
        "precision": 0.03658539930667897,
        "recall": 0.03806445648513382,
        "f1": 0.03709817631973808
      },
      "S11": {
        "accuracy": 0.037152601842223125,
        "precision": 0.04676326085209481,
        "recall": 0.04182069735634856,
        "f1": 0.04352838797091881
      },
      "S13": {
        "accuracy": 0.018518507480627736,
        "precision": 0.020227889226549074,
        "recall": 0.020496234120862496,
        "f1": 0.019614755268389416
      },
      "S14": {
        "accuracy": 0.08093249532596718,
        "precision": 0.07997114928918607,
        "recall": 0.08093249532596718,
        "f1": 0.0803874603872524
      },
      "S15": {
        "accuracy": 0.026352307551855247,
        "precision": 0.026352307551855247,
        "recall": 0.026352307551855247,
        "f1": 0.026352307551855247
      },
      "S16": {
        "accuracy": 0.11638708592270663,
        "precision": 0.11600367964691015,
        "recall": 0.11638708592270663,
        "f1": 0.11614125270997908
      },
      "S17": {
        "accuracy": 0.08098545320607586,
        "precision": 0.08068866495523064,
        "recall": 0.07878537023718116,
        "f1": 0.07963435301067907
      },
      "average": {
        "accuracy": 0.025295653947732522,
        "precision": 0.025273685196907966,
        "recall": 0.024176274918900377,
        "f1": 0.024689898233430412
      }
    },
    "poor_ratio": 0.0
  }
}