{
  "real_subj_cnt": 15,
  "real_path": "stress_slurm/data/wesad_1hz.pickle",
  "sliding_windows": false,
  "syn_subj_cnt": 1,
  "gan_config": {
    "gan_mode": "DPCGAN-e-10",
    "path": "stress_slurm/data/100_subj_DP-cGAN-e-10.csv",
    "eps": 10
  },
  "privacy_config": {
    "l2_norm_clip": 1.0,
    "eps": null,
    "num_unique_windows": null,
    "delta": null,
    "noise_multiplier": null
  },
  "train_config": {
    "nn_mode": "Transformer",
    "epochs": 110,
    "batch_size": 50,
    "learning_rate": 0.0001,
    "eval_mode": "TSTR",
    "random_seed": 42,
    "data_noise_parameter": null
  },
  "results": {
    "num_runs": 10,
    "mean": {
      "S2": {
        "accuracy": 0.6588235378265381,
        "precision": 0.6588235378265381,
        "recall": 0.6588235378265381,
        "f1": 0.6588235378265381
      },
      "S3": {
        "accuracy": 0.6794117629528046,
        "precision": 0.6794117629528046,
        "recall": 0.6794117629528046,
        "f1": 0.6794117629528046
      },
      "S4": {
        "accuracy": 0.9200000047683716,
        "precision": 0.9200000047683716,
        "recall": 0.9200000047683716,
        "f1": 0.9200000047683716
      },
      "S5": {
        "accuracy": 0.7428571581840515,
        "precision": 0.7428571581840515,
        "recall": 0.7428571581840515,
        "f1": 0.7428571581840515
      },
      "S6": {
        "accuracy": 0.908571434020996,
        "precision": 0.908571434020996,
        "recall": 0.908571434020996,
        "f1": 0.908571434020996
      },
      "S7": {
        "accuracy": 0.8000000089406967,
        "precision": 0.8000000089406967,
        "recall": 0.8000000089406967,
        "f1": 0.8000000089406967
      },
      "S8": {
        "accuracy": 0.8342857241630555,
        "precision": 0.8342857241630555,
        "recall": 0.8342857241630555,
        "f1": 0.8342857241630555
      },
      "S9": {
        "accuracy": 0.9028571486473084,
        "precision": 0.9028571486473084,
        "recall": 0.9028571486473084,
        "f1": 0.9028571486473084
      },
      "S10": {
        "accuracy": 0.9277777731418609,
        "precision": 0.9277777731418609,
        "recall": 0.9277777731418609,
        "f1": 0.9277777731418609
      },
      "S11": {
        "accuracy": 0.6888888657093049,
        "precision": 0.6868539363145828,
        "recall": 0.6916666448116302,
        "f1": 0.6892107637389131
      },
      "S13": {
        "accuracy": 0.8249999940395355,
        "precision": 0.8235735654830932,
        "recall": 0.8249999940395355,
        "f1": 0.8242770096881682
      },
      "S14": {
        "accuracy": 0.6527777552604676,
        "precision": 0.6527777552604676,
        "recall": 0.6527777552604676,
        "f1": 0.6527777552604676
      },
      "S15": {
        "accuracy": 0.8972222208976746,
        "precision": 0.8978228211402893,
        "recall": 0.9,
        "f1": 0.8988964983749892
      },
      "S16": {
        "accuracy": 0.8138888955116272,
        "precision": 0.8138888955116272,
        "recall": 0.8138888955116272,
        "f1": 0.8138888955116272
      },
      "S17": {
        "accuracy": 0.6638888895511628,
        "precision": 0.6623873829841613,
        "recall": 0.6638888895511628,
        "f1": 0.6631278519414338
      },
      "average": {
        "accuracy": 0.7944167449076971,
        "precision": 0.794125927289327,
        "recall": 0.7947871154546737,
        "f1": 0.7944508884774188
      }
    },
    "std": {
      "S2": {
        "accuracy": 0.03720326332558504,
        "precision": 0.03720326332558504,
        "recall": 0.03720326332558504,
        "f1": 0.03720326332558504
      },
      "S3": {
        "accuracy": 0.01669547991767348,
        "precision": 0.01669547991767348,
        "recall": 0.01669547991767348,
        "f1": 0.01669547991767348
      },
      "S4": {
        "accuracy": 0.11090229150787657,
        "precision": 0.11090229150787657,
        "recall": 0.11090229150787657,
        "f1": 0.11090229150787657
      },
      "S5": {
        "accuracy": 0.05387479916492944,
        "precision": 0.05387479916492944,
        "recall": 0.05387479916492944,
        "f1": 0.05387479916492944
      },
      "S6": {
        "accuracy": 0.11332932490709129,
        "precision": 0.11332932490709129,
        "recall": 0.11332932490709129,
        "f1": 0.11332932490709129
      },
      "S7": {
        "accuracy": 0.2082210544038632,
        "precision": 0.2082210544038632,
        "recall": 0.2082210544038632,
        "f1": 0.2082210544038632
      },
      "S8": {
        "accuracy": 0.11491887413314554,
        "precision": 0.11491887413314554,
        "recall": 0.11491887413314554,
        "f1": 0.11491887413314554
      },
      "S9": {
        "accuracy": 0.10875505960241823,
        "precision": 0.10875505960241823,
        "recall": 0.10875505960241823,
        "f1": 0.10875505960241823
      },
      "S10": {
        "accuracy": 0.09640307105542083,
        "precision": 0.09640307105542083,
        "recall": 0.09640307105542083,
        "f1": 0.09640307105542083
      },
      "S11": {
        "accuracy": 0.08764562455054561,
        "precision": 0.0953378029705527,
        "recall": 0.0930083269873522,
        "f1": 0.09410428242130145
      },
      "S13": {
        "accuracy": 0.13032221809746075,
        "precision": 0.13396407992310572,
        "recall": 0.13032221809746075,
        "f1": 0.13216139475626099
      },
      "S14": {
        "accuracy": 0.10577461951346702,
        "precision": 0.10577461951346702,
        "recall": 0.10577461951346702,
        "f1": 0.10577461951346702
      },
      "S15": {
        "accuracy": 0.1702545932422336,
        "precision": 0.1697963932571083,
        "recall": 0.1683047100956864,
        "f1": 0.16902736950056055
      },
      "S16": {
        "accuracy": 0.09537486269300759,
        "precision": 0.09537486269300759,
        "recall": 0.09537486269300759,
        "f1": 0.09537486269300759
      },
      "S17": {
        "accuracy": 0.05470019695281276,
        "precision": 0.05810447903018244,
        "recall": 0.05470019695281276,
        "f1": 0.05640138334586415
      },
      "average": {
        "accuracy": 0.07645011784570376,
        "precision": 0.07712284290987147,
        "recall": 0.07630479239125236,
        "f1": 0.07672154622905332
      }
    },
    "poor_ratio": 0.0
  }
}