{
  "real_subj_cnt": 15,
  "real_path": "stress_slurm/data/wesad_1hz.pickle",
  "sliding_windows": false,
  "syn_subj_cnt": 100,
  "gan_config": {
    "gan_mode": "CGAN",
    "path": "stress_slurm/data/100_subj_cGAN.csv",
    "eps": null
  },
  "privacy_config": {
    "l2_norm_clip": 1.0,
    "eps": null,
    "num_unique_windows": null,
    "delta": null,
    "noise_multiplier": null
  },
  "train_config": {
    "nn_mode": "Transformer",
    "epochs": 110,
    "batch_size": 50,
    "learning_rate": 0.0001,
    "eval_mode": "TSTR",
    "random_seed": 42
  },
  "results": {
    "num_runs": 10,
    "mean": {
      "S2": {
        "accuracy": 0.7411764681339263,
        "precision": 0.7411764681339263,
        "recall": 0.7411764681339263,
        "f1": 0.7411764681339263
      },
      "S3": {
        "accuracy": 0.8764705836772919,
        "precision": 0.8757575809955597,
        "recall": 0.8705882370471955,
        "f1": 0.8731343318025049
      },
      "S4": {
        "accuracy": 0.9457142889499665,
        "precision": 0.9436507940292358,
        "recall": 0.9457142889499665,
        "f1": 0.944668009815129
      },
      "S5": {
        "accuracy": 0.8171428680419922,
        "precision": 0.8166386663913727,
        "recall": 0.8142857253551483,
        "f1": 0.8154451455771484
      },
      "S6": {
        "accuracy": 0.9571428596973419,
        "precision": 0.9571428596973419,
        "recall": 0.9571428596973419,
        "f1": 0.9571428596973419
      },
      "S7": {
        "accuracy": 0.954285717010498,
        "precision": 0.954285717010498,
        "recall": 0.954285717010498,
        "f1": 0.954285717010498
      },
      "S8": {
        "accuracy": 0.9714285731315613,
        "precision": 0.9714285731315613,
        "recall": 0.9714285731315613,
        "f1": 0.9714285731315613
      },
      "S9": {
        "accuracy": 0.9200000047683716,
        "precision": 0.9226890802383423,
        "recall": 0.9200000047683716,
        "f1": 0.9213250564504787
      },
      "S10": {
        "accuracy": 0.9361111044883728,
        "precision": 0.9359480857849121,
        "recall": 0.9361111044883728,
        "f1": 0.9359931984104547
      },
      "S11": {
        "accuracy": 0.9111111044883728,
        "precision": 0.9082117021083832,
        "recall": 0.9055555522441864,
        "f1": 0.9067206811385997
      },
      "S13": {
        "accuracy": 0.952777773141861,
        "precision": 0.952777773141861,
        "recall": 0.952777773141861,
        "f1": 0.952777773141861
      },
      "S14": {
        "accuracy": 0.6583333313465118,
        "precision": 0.6606606543064117,
        "recall": 0.6638888895511628,
        "f1": 0.6622526606803854
      },
      "S15": {
        "accuracy": 0.952777773141861,
        "precision": 0.952777773141861,
        "recall": 0.952777773141861,
        "f1": 0.952777773141861
      },
      "S16": {
        "accuracy": 0.7277777791023254,
        "precision": 0.7303968250751496,
        "recall": 0.7277777791023254,
        "f1": 0.7290688581148373
      },
      "S17": {
        "accuracy": 0.8222222208976746,
        "precision": 0.8222222208976746,
        "recall": 0.8222222208976746,
        "f1": 0.8222222208976746
      },
      "average": {
        "accuracy": 0.8762981633345286,
        "precision": 0.8763843182722727,
        "recall": 0.8757155311107635,
        "f1": 0.8760279551429508
      }
    },
    "std": {
      "S2": {
        "accuracy": 0.08060706459150456,
        "precision": 0.08060706459150456,
        "recall": 0.08060706459150456,
        "f1": 0.08060706459150456
      },
      "S3": {
        "accuracy": 0.03339094350151356,
        "precision": 0.033462237881567734,
        "recall": 0.03452316036016706,
        "f1": 0.033564780616093165
      },
      "S4": {
        "accuracy": 0.0718400801585539,
        "precision": 0.07831850090069202,
        "recall": 0.0718400801585539,
        "f1": 0.07512389819689273
      },
      "S5": {
        "accuracy": 0.08539623022983495,
        "precision": 0.08533611902347985,
        "recall": 0.08544932083504404,
        "f1": 0.0853124961227919
      },
      "S6": {
        "accuracy": 0.0242810438555597,
        "precision": 0.0242810438555597,
        "recall": 0.0242810438555597,
        "f1": 0.0242810438555597
      },
      "S7": {
        "accuracy": 0.02409354264138623,
        "precision": 0.02409354264138623,
        "recall": 0.02409354264138623,
        "f1": 0.02409354264138623
      },
      "S8": {
        "accuracy": 0.02693739958246472,
        "precision": 0.02693739958246472,
        "recall": 0.02693739958246472,
        "f1": 0.02693739958246472
      },
      "S9": {
        "accuracy": 0.029508442783692343,
        "precision": 0.030148175339328242,
        "recall": 0.029508442783692343,
        "f1": 0.02952083608263461
      },
      "S10": {
        "accuracy": 0.037152591443857366,
        "precision": 0.03738035494355759,
        "recall": 0.043528363923061676,
        "f1": 0.0400887023760911
      },
      "S11": {
        "accuracy": 0.043033139741276316,
        "precision": 0.04188058208501118,
        "recall": 0.045737363668764984,
        "f1": 0.041781008586026916
      },
      "S13": {
        "accuracy": 0.039392676245539014,
        "precision": 0.039392676245539014,
        "recall": 0.039392676245539014,
        "f1": 0.039392676245539014
      },
      "S14": {
        "accuracy": 0.0764099279163101,
        "precision": 0.07311419921868885,
        "recall": 0.0698445221788292,
        "f1": 0.07143808739586574
      },
      "S15": {
        "accuracy": 0.045455322643340325,
        "precision": 0.045455322643340325,
        "recall": 0.045455322643340325,
        "f1": 0.045455322643340325
      },
      "S16": {
        "accuracy": 0.09693521373440546,
        "precision": 0.10278318159264534,
        "recall": 0.09693521373440546,
        "f1": 0.09977494157060163
      },
      "S17": {
        "accuracy": 0.08302412756932016,
        "precision": 0.08302412756932016,
        "recall": 0.08302412756932016,
        "f1": 0.08302412756932016
      },
      "average": {
        "accuracy": 0.02012874824168309,
        "precision": 0.021247245621874505,
        "recall": 0.020654985928753502,
        "f1": 0.020910161041368655
      }
    },
    "poor_ratio": 0.0
  }
}