{
  "real_subj_cnt": 15,
  "real_path": "stress_slurm/data/wesad_1hz.pickle",
  "sliding_windows": false,
  "syn_subj_cnt": 5,
  "gan_config": {
    "gan_mode": "DPCGAN-e-10",
    "path": "stress_slurm/data/100_subj_DP-cGAN-e-10.csv",
    "eps": 10
  },
  "privacy_config": {
    "l2_norm_clip": 1.0,
    "eps": null,
    "num_unique_windows": null,
    "delta": null,
    "noise_multiplier": null
  },
  "train_config": {
    "nn_mode": "Transformer",
    "epochs": 110,
    "batch_size": 50,
    "learning_rate": 0.0001,
    "eval_mode": "TSTR",
    "random_seed": 42,
    "data_noise_parameter": null
  },
  "results": {
    "num_runs": 10,
    "mean": {
      "S2": {
        "accuracy": 0.6617647111415863,
        "precision": 0.6607843220233918,
        "recall": 0.6588235378265381,
        "f1": 0.6597892972084057
      },
      "S3": {
        "accuracy": 0.6764705777168274,
        "precision": 0.6764705777168274,
        "recall": 0.6764705777168274,
        "f1": 0.6764705777168274
      },
      "S4": {
        "accuracy": 0.9771428585052491,
        "precision": 0.9800000011920929,
        "recall": 0.9771428585052491,
        "f1": 0.9785507259174094
      },
      "S5": {
        "accuracy": 0.7457143008708954,
        "precision": 0.7457143008708954,
        "recall": 0.7457143008708954,
        "f1": 0.7457143008708954
      },
      "S6": {
        "accuracy": 0.9714285731315613,
        "precision": 0.9714285731315613,
        "recall": 0.9714285731315613,
        "f1": 0.9714285731315613
      },
      "S7": {
        "accuracy": 0.8914285778999329,
        "precision": 0.8914285778999329,
        "recall": 0.8914285778999329,
        "f1": 0.8914285778999329
      },
      "S8": {
        "accuracy": 0.8828571498394012,
        "precision": 0.8828571498394012,
        "recall": 0.8828571498394012,
        "f1": 0.8828571498394012
      },
      "S9": {
        "accuracy": 0.9714285731315613,
        "precision": 0.9714285731315613,
        "recall": 0.9714285731315613,
        "f1": 0.9714285731315613
      },
      "S10": {
        "accuracy": 0.9388888895511627,
        "precision": 0.9388888895511627,
        "recall": 0.9388888895511627,
        "f1": 0.9388888895511627
      },
      "S11": {
        "accuracy": 0.6944444179534912,
        "precision": 0.6944444179534912,
        "recall": 0.6944444179534912,
        "f1": 0.6944444179534912
      },
      "S13": {
        "accuracy": 0.955555546283722,
        "precision": 0.9581745982170105,
        "recall": 0.9527777671813965,
        "f1": 0.9554381768066385
      },
      "S14": {
        "accuracy": 0.6944444179534912,
        "precision": 0.6944444179534912,
        "recall": 0.6944444179534912,
        "f1": 0.6944444179534912
      },
      "S15": {
        "accuracy": 1.0,
        "precision": 1.0,
        "recall": 1.0,
        "f1": 1.0
      },
      "S16": {
        "accuracy": 0.7777777910232544,
        "precision": 0.7777777910232544,
        "recall": 0.7777777910232544,
        "f1": 0.7777777910232544
      },
      "S17": {
        "accuracy": 0.6916666507720948,
        "precision": 0.6916666507720948,
        "recall": 0.6916666507720948,
        "f1": 0.6916666507720948
      },
      "average": {
        "accuracy": 0.8354008690516155,
        "precision": 0.8357005894184113,
        "recall": 0.8350196055571238,
        "f1": 0.8353552079850752
      }
    },
    "std": {
      "S2": {
        "accuracy": 0.015501344448100586,
        "precision": 0.014760233136087373,
        "recall": 0.015188153689988538,
        "f1": 0.01465463544908334
      },
      "S3": {
        "accuracy": 0.0,
        "precision": 0.0,
        "recall": 0.0,
        "f1": 0.0
      },
      "S4": {
        "accuracy": 0.01204677132069311,
        "precision": 0.01380131036422483,
        "recall": 0.01204677132069311,
        "f1": 0.012127156525609847
      },
      "S5": {
        "accuracy": 0.009035078490519842,
        "precision": 0.009035078490519842,
        "recall": 0.009035078490519842,
        "f1": 0.009035078490519842
      },
      "S6": {
        "accuracy": 0.0,
        "precision": 0.0,
        "recall": 0.0,
        "f1": 0.0
      },
      "S7": {
        "accuracy": 0.01204677132069311,
        "precision": 0.01204677132069311,
        "recall": 0.01204677132069311,
        "f1": 0.01204677132069311
      },
      "S8": {
        "accuracy": 0.01621846223894845,
        "precision": 0.01621846223894845,
        "recall": 0.01621846223894845,
        "f1": 0.01621846223894845
      },
      "S9": {
        "accuracy": 0.0,
        "precision": 0.0,
        "recall": 0.0,
        "f1": 0.0
      },
      "S10": {
        "accuracy": 0.03153588654758908,
        "precision": 0.03153588654758908,
        "recall": 0.03153588654758908,
        "f1": 0.03153588654758908
      },
      "S11": {
        "accuracy": 0.0,
        "precision": 0.0,
        "recall": 0.0,
        "f1": 0.0
      },
      "S13": {
        "accuracy": 0.02342426814369573,
        "precision": 0.023504949494965195,
        "recall": 0.02286867338776027,
        "f1": 0.022475900000962175
      },
      "S14": {
        "accuracy": 0.0,
        "precision": 0.0,
        "recall": 0.0,
        "f1": 0.0
      },
      "S15": {
        "accuracy": 0.0,
        "precision": 0.0,
        "recall": 0.0,
        "f1": 0.0
      },
      "S16": {
        "accuracy": 0.0,
        "precision": 0.0,
        "recall": 0.0,
        "f1": 0.0
      },
      "S17": {
        "accuracy": 0.015767936856939863,
        "precision": 0.015767936856939863,
        "recall": 0.015767936856939863,
        "f1": 0.015767936856939863
      },
      "average": {
        "accuracy": 0.001262058546566452,
        "precision": 0.0014978863492615968,
        "recall": 0.0017372954605661829,
        "f1": 0.0015188084535477815
      }
    },
    "poor_ratio": 0.0
  }
}