{
  "real_subj_cnt": 15,
  "real_path": "stress_slurm/data/wesad_1hz.pickle",
  "sliding_windows": false,
  "syn_subj_cnt": 30,
  "gan_config": {
    "gan_mode": "DPCGAN-e-10",
    "path": "stress_slurm/data/100_subj_DP-cGAN-e-10.csv",
    "eps": 10
  },
  "privacy_config": {
    "l2_norm_clip": 1.0,
    "eps": null,
    "num_unique_windows": null,
    "delta": null,
    "noise_multiplier": null
  },
  "train_config": {
    "nn_mode": "Transformer",
    "epochs": 110,
    "batch_size": 50,
    "learning_rate": 0.0001,
    "eval_mode": "TSTR",
    "random_seed": 42
  },
  "results": {
    "num_runs": 10,
    "mean": {
      "S2": {
        "accuracy": 0.6411764740943908,
        "precision": 0.6411764740943908,
        "recall": 0.6411764740943908,
        "f1": 0.6411764740943908
      },
      "S3": {
        "accuracy": 0.7000000029802322,
        "precision": 0.6997177720069885,
        "recall": 0.7000000059604645,
        "f1": 0.6998005829237767
      },
      "S4": {
        "accuracy": 0.8228571504354477,
        "precision": 0.8228571504354477,
        "recall": 0.8228571504354477,
        "f1": 0.8228571504354477
      },
      "S5": {
        "accuracy": 0.4857142984867096,
        "precision": 0.4857142984867096,
        "recall": 0.4857142984867096,
        "f1": 0.4857142984867096
      },
      "S6": {
        "accuracy": 0.6714285880327224,
        "precision": 0.6691270023584366,
        "recall": 0.6714285880327224,
        "f1": 0.6702615868575845
      },
      "S7": {
        "accuracy": 0.35142858028411866,
        "precision": 0.35142858028411866,
        "recall": 0.35142858028411866,
        "f1": 0.35142858028411866
      },
      "S8": {
        "accuracy": 0.6485714465379715,
        "precision": 0.6485714465379715,
        "recall": 0.6485714465379715,
        "f1": 0.6485714465379715
      },
      "S9": {
        "accuracy": 0.7114285886287689,
        "precision": 0.7109010398387909,
        "recall": 0.7114285886287689,
        "f1": 0.7111334824782862
      },
      "S10": {
        "accuracy": 0.9027777791023255,
        "precision": 0.9027777791023255,
        "recall": 0.9027777791023255,
        "f1": 0.9027777791023255
      },
      "S11": {
        "accuracy": 0.5027777701616287,
        "precision": 0.5027777701616287,
        "recall": 0.5027777701616287,
        "f1": 0.5027777701616287
      },
      "S13": {
        "accuracy": 0.5833333373069763,
        "precision": 0.5833333373069763,
        "recall": 0.5833333373069763,
        "f1": 0.5833333373069763
      },
      "S14": {
        "accuracy": 0.6333333432674408,
        "precision": 0.6352381050586701,
        "recall": 0.6333333432674408,
        "f1": 0.6342723103488066
      },
      "S15": {
        "accuracy": 0.7861111104488373,
        "precision": 0.7843843817710876,
        "recall": 0.7861111104488373,
        "f1": 0.7852359191877888
      },
      "S16": {
        "accuracy": 0.9,
        "precision": 0.9,
        "recall": 0.9,
        "f1": 0.9
      },
      "S17": {
        "accuracy": 0.20833333805203438,
        "precision": 0.20920635536313056,
        "recall": 0.20833333805203438,
        "f1": 0.20876369868829903
      },
      "average": {
        "accuracy": 0.636618120521307,
        "precision": 0.6364807661871115,
        "recall": 0.6366181207199891,
        "f1": 0.6365402944596074
      }
    },
    "std": {
      "S2": {
        "accuracy": 0.12150536129552622,
        "precision": 0.12150536129552622,
        "recall": 0.12150536129552622,
        "f1": 0.12150536129552622
      },
      "S3": {
        "accuracy": 0.13850966453951144,
        "precision": 0.13766839136415923,
        "recall": 0.12991583117146394,
        "f1": 0.13375304095152074
      },
      "S4": {
        "accuracy": 0.2019406915709258,
        "precision": 0.2019406915709258,
        "recall": 0.2019406915709258,
        "f1": 0.2019406915709258
      },
      "S5": {
        "accuracy": 0.0773718043917973,
        "precision": 0.0773718043917973,
        "recall": 0.0773718043917973,
        "f1": 0.0773718043917973
      },
      "S6": {
        "accuracy": 0.13144927201471465,
        "precision": 0.12856187530259253,
        "recall": 0.13144927201471465,
        "f1": 0.12994231730771288
      },
      "S7": {
        "accuracy": 0.03821409800366952,
        "precision": 0.03821409800366952,
        "recall": 0.03821409800366952,
        "f1": 0.03821409800366952
      },
      "S8": {
        "accuracy": 0.11432538866875258,
        "precision": 0.11432538866875258,
        "recall": 0.11432538866875258,
        "f1": 0.11432538866875258
      },
      "S9": {
        "accuracy": 0.09179489555733268,
        "precision": 0.08572463385742746,
        "recall": 0.09179489555733268,
        "f1": 0.08863144002007528
      },
      "S10": {
        "accuracy": 0.11803285460834823,
        "precision": 0.11803285460834823,
        "recall": 0.11803285460834823,
        "f1": 0.11803285460834823
      },
      "S11": {
        "accuracy": 0.09020058272887478,
        "precision": 0.09020058272887478,
        "recall": 0.09020058272887478,
        "f1": 0.09020058272887478
      },
      "S13": {
        "accuracy": 0.06141897992881173,
        "precision": 0.06141897992881173,
        "recall": 0.06141897992881173,
        "f1": 0.06141897992881173
      },
      "S14": {
        "accuracy": 0.06113916269981909,
        "precision": 0.06257293263476094,
        "recall": 0.06113916269981909,
        "f1": 0.06177675084771366
      },
      "S15": {
        "accuracy": 0.060078244179633256,
        "precision": 0.06483925294092685,
        "recall": 0.060078244179633256,
        "f1": 0.06247705988705962
      },
      "S16": {
        "accuracy": 0.06029192270928364,
        "precision": 0.06029192270928364,
        "recall": 0.06029192270928364,
        "f1": 0.06029192270928364
      },
      "S17": {
        "accuracy": 0.06708970778667665,
        "precision": 0.06853659838903962,
        "recall": 0.06708970778667665,
        "f1": 0.06779277347774443
      },
      "average": {
        "accuracy": 0.08957585064497263,
        "precision": 0.08952797172793407,
        "recall": 0.0889005985100187,
        "f1": 0.08921292701546037
      }
    },
    "poor_ratio": 0.1
  }
}