{
  "real_subj_cnt": 15,
  "real_path": "stress_slurm/data/wesad_1hz.pickle",
  "sliding_windows": false,
  "syn_subj_cnt": 100,
  "gan_config": {
    "gan_mode": "CGAN",
    "path": "stress_slurm/data/100_subj_cGAN.csv",
    "eps": null
  },
  "privacy_config": {
    "l2_norm_clip": 1.0,
    "eps": null,
    "num_unique_windows": null,
    "delta": null,
    "noise_multiplier": null
  },
  "train_config": {
    "nn_mode": "Transformer",
    "epochs": 110,
    "batch_size": 50,
    "learning_rate": 0.0001,
    "eval_mode": "TSTR",
    "random_seed": 42,
    "data_noise_parameter": null
  },
  "results": {
    "num_runs": 10,
    "mean": {
      "S2": {
        "accuracy": 0.7558823466300965,
        "precision": 0.7571301221847534,
        "recall": 0.7529411733150482,
        "f1": 0.755004386933457
      },
      "S3": {
        "accuracy": 0.8352941036224365,
        "precision": 0.8336134374141693,
        "recall": 0.8382352828979492,
        "f1": 0.8358908685459057
      },
      "S4": {
        "accuracy": 0.8628571510314942,
        "precision": 0.861544406414032,
        "recall": 0.865714293718338,
        "f1": 0.8635714349210446
      },
      "S5": {
        "accuracy": 0.842857152223587,
        "precision": 0.8422138750553131,
        "recall": 0.8514285802841186,
        "f1": 0.8466618970189048
      },
      "S6": {
        "accuracy": 0.9457142889499665,
        "precision": 0.9430952429771423,
        "recall": 0.9457142889499665,
        "f1": 0.9443863219896542
      },
      "S7": {
        "accuracy": 0.9257142901420593,
        "precision": 0.9230952441692353,
        "recall": 0.9257142901420593,
        "f1": 0.9243863231817471
      },
      "S8": {
        "accuracy": 0.9771428585052491,
        "precision": 0.9771428585052491,
        "recall": 0.9771428585052491,
        "f1": 0.9771428585052491
      },
      "S9": {
        "accuracy": 0.9142857193946838,
        "precision": 0.9091269910335541,
        "recall": 0.9142857193946838,
        "f1": 0.9116700261541595
      },
      "S10": {
        "accuracy": 0.9388888835906982,
        "precision": 0.9388888835906982,
        "recall": 0.9388888835906982,
        "f1": 0.9388888835906982
      },
      "S11": {
        "accuracy": 0.8972222208976746,
        "precision": 0.8998412668704987,
        "recall": 0.8972222208976746,
        "f1": 0.8985132999101865
      },
      "S13": {
        "accuracy": 0.9361111104488373,
        "precision": 0.9361111104488373,
        "recall": 0.9361111104488373,
        "f1": 0.9361111104488373
      },
      "S14": {
        "accuracy": 0.6805555522441864,
        "precision": 0.67992063164711,
        "recall": 0.6777777731418609,
        "f1": 0.6788341118321723
      },
      "S15": {
        "accuracy": 0.9611111044883728,
        "precision": 0.9611111044883728,
        "recall": 0.9611111044883728,
        "f1": 0.9611111044883728
      },
      "S16": {
        "accuracy": 0.7083333253860473,
        "precision": 0.7054375767707824,
        "recall": 0.705555546283722,
        "f1": 0.7054681907985474
      },
      "S17": {
        "accuracy": 0.8666666686534882,
        "precision": 0.8690476238727569,
        "recall": 0.8666666686534882,
        "f1": 0.8678403789527452
      },
      "average": {
        "accuracy": 0.8699091184139253,
        "precision": 0.869154691696167,
        "recall": 0.8703006529808045,
        "f1": 0.8696987464847787
      }
    },
    "std": {
      "S2": {
        "accuracy": 0.11850178575219497,
        "precision": 0.11734450479079762,
        "recall": 0.11943090791988521,
        "f1": 0.11832548432699012
      },
      "S3": {
        "accuracy": 0.0723101472186936,
        "precision": 0.07095298505573572,
        "recall": 0.06827640406127011,
        "f1": 0.06947574346586223
      },
      "S4": {
        "accuracy": 0.14431006320702705,
        "precision": 0.14557710169384686,
        "recall": 0.1419335137135249,
        "f1": 0.14366635188880508
      },
      "S5": {
        "accuracy": 0.08438116233558264,
        "precision": 0.0852264963781176,
        "recall": 0.08389605422052991,
        "f1": 0.08382162802203787
      },
      "S6": {
        "accuracy": 0.025016999530896623,
        "precision": 0.026665954810111362,
        "recall": 0.025016999530896623,
        "f1": 0.02553266072619705
      },
      "S7": {
        "accuracy": 0.050753949715682874,
        "precision": 0.05044585469441038,
        "recall": 0.050753949715682874,
        "f1": 0.05042825755167952
      },
      "S8": {
        "accuracy": 0.01807015698103967,
        "precision": 0.01807015698103967,
        "recall": 0.01807015698103967,
        "f1": 0.01807015698103967
      },
      "S9": {
        "accuracy": 0.03011692830173279,
        "precision": 0.02930961310733948,
        "recall": 0.03011692830173279,
        "f1": 0.02920841036782586
      },
      "S10": {
        "accuracy": 0.048644168401820356,
        "precision": 0.048644168401820356,
        "recall": 0.048644168401820356,
        "f1": 0.048644168401820356
      },
      "S11": {
        "accuracy": 0.0729662539894047,
        "precision": 0.07420132758795318,
        "recall": 0.0729662539894047,
        "f1": 0.0734610815122768
      },
      "S13": {
        "accuracy": 0.05406962117609712,
        "precision": 0.05406962117609712,
        "recall": 0.05406962117609712,
        "f1": 0.05406962117609712
      },
      "S14": {
        "accuracy": 0.07883975078667088,
        "precision": 0.07799078996469774,
        "recall": 0.0754501776600677,
        "f1": 0.07663826507228944
      },
      "S15": {
        "accuracy": 0.04382281227527451,
        "precision": 0.04382281227527451,
        "recall": 0.04382281227527451,
        "f1": 0.04382281227527451
      },
      "S16": {
        "accuracy": 0.10975248988192943,
        "precision": 0.10836740754405655,
        "recall": 0.10971342539766862,
        "f1": 0.10892713871050082
      },
      "S17": {
        "accuracy": 0.06778891014359818,
        "precision": 0.06690036357975972,
        "recall": 0.06778891014359818,
        "f1": 0.06724708719692386
      },
      "average": {
        "accuracy": 0.03308888756908442,
        "precision": 0.03179906776006018,
        "recall": 0.0308574764177899,
        "f1": 0.03133245126824694
      }
    },
    "poor_ratio": 0.0
  }
}