{
  "real_subj_cnt": 15,
  "real_path": "stress_slurm/data/wesad_1hz.pickle",
  "sliding_windows": false,
  "syn_subj_cnt": 10,
  "gan_config": {
    "gan_mode": "DPCGAN-e-1",
    "path": "stress_slurm/data/100_subj_DP-cGAN-e-1.csv",
    "eps": 1
  },
  "privacy_config": {
    "l2_norm_clip": 1.0,
    "eps": null,
    "num_unique_windows": null,
    "delta": null,
    "noise_multiplier": null
  },
  "train_config": {
    "nn_mode": "Transformer",
    "epochs": 110,
    "batch_size": 50,
    "learning_rate": 0.0001,
    "eval_mode": "TSTR",
    "random_seed": 42,
    "data_noise_parameter": null
  },
  "results": {
    "num_runs": 10,
    "mean": {
      "S2": {
        "accuracy": 0.47647059708833694,
        "precision": 0.47494987696409224,
        "recall": 0.47058824747800826,
        "f1": 0.47271531195062594
      },
      "S3": {
        "accuracy": 0.6558823525905609,
        "precision": 0.6558823525905609,
        "recall": 0.6558823525905609,
        "f1": 0.6558823525905609
      },
      "S4": {
        "accuracy": 0.7514285862445831,
        "precision": 0.752142870426178,
        "recall": 0.754285728931427,
        "f1": 0.7531992091164894
      },
      "S5": {
        "accuracy": 0.6142857313156128,
        "precision": 0.6147321581840515,
        "recall": 0.608571445941925,
        "f1": 0.6115138757173084
      },
      "S6": {
        "accuracy": 0.5628571569919586,
        "precision": 0.5693798959255219,
        "recall": 0.5571428716182709,
        "f1": 0.5627510460030034
      },
      "S7": {
        "accuracy": 0.6685714453458786,
        "precision": 0.6685714453458786,
        "recall": 0.6685714453458786,
        "f1": 0.6685714453458786
      },
      "S8": {
        "accuracy": 0.6228571623563767,
        "precision": 0.6251523286104202,
        "recall": 0.6171428769826889,
        "f1": 0.6209962797899121
      },
      "S9": {
        "accuracy": 0.5514285862445831,
        "precision": 0.5685714364051819,
        "recall": 0.5400000154972077,
        "f1": 0.5526984252311564
      },
      "S10": {
        "accuracy": 0.6222222149372101,
        "precision": 0.6222222149372101,
        "recall": 0.6222222149372101,
        "f1": 0.6222222149372101
      },
      "S11": {
        "accuracy": 0.536111107468605,
        "precision": 0.536472299695015,
        "recall": 0.5361111015081406,
        "f1": 0.5362011920914479
      },
      "S13": {
        "accuracy": 0.5194444432854652,
        "precision": 0.5226587310433388,
        "recall": 0.5138888910412789,
        "f1": 0.5180567079103002
      },
      "S14": {
        "accuracy": 0.6944444179534912,
        "precision": 0.6944444179534912,
        "recall": 0.6944444179534912,
        "f1": 0.6944444179534912
      },
      "S15": {
        "accuracy": 0.6888888776302338,
        "precision": 0.6909523725509643,
        "recall": 0.6888888776302338,
        "f1": 0.689906093416127
      },
      "S16": {
        "accuracy": 0.6055555462837219,
        "precision": 0.6047341346740722,
        "recall": 0.602777773141861,
        "f1": 0.6036899246396034
      },
      "S17": {
        "accuracy": 0.6833333253860474,
        "precision": 0.6833333253860474,
        "recall": 0.6833333253860474,
        "f1": 0.6833333253860474
      },
      "average": {
        "accuracy": 0.6169187700748443,
        "precision": 0.6189466573794682,
        "recall": 0.6142567723989487,
        "f1": 0.6164121214719442
      }
    },
    "std": {
      "S2": {
        "accuracy": 0.18539524528342288,
        "precision": 0.18478853824973934,
        "recall": 0.1844596886603407,
        "f1": 0.18456179610321358
      },
      "S3": {
        "accuracy": 0.05378771505165355,
        "precision": 0.05378771505165355,
        "recall": 0.05378771505165355,
        "f1": 0.05378771505165355
      },
      "S4": {
        "accuracy": 0.06179477040249048,
        "precision": 0.06172592855393483,
        "recall": 0.06201455095545291,
        "f1": 0.06177554981310043
      },
      "S5": {
        "accuracy": 0.14584183817346846,
        "precision": 0.14618837403182572,
        "recall": 0.14257114413857647,
        "f1": 0.14398161579055976
      },
      "S6": {
        "accuracy": 0.11745603229812267,
        "precision": 0.11861478762548149,
        "recall": 0.11837907932029365,
        "f1": 0.11730161471683481
      },
      "S7": {
        "accuracy": 0.10363025207420656,
        "precision": 0.10363025207420656,
        "recall": 0.10363025207420656,
        "f1": 0.10363025207420656
      },
      "S8": {
        "accuracy": 0.10588146167087639,
        "precision": 0.10658048542899787,
        "recall": 0.10186469882649175,
        "f1": 0.1036823179291692
      },
      "S9": {
        "accuracy": 0.15181442721828528,
        "precision": 0.1664352111348235,
        "recall": 0.14720372062539078,
        "f1": 0.15311003109919072
      },
      "S10": {
        "accuracy": 0.13620870167341725,
        "precision": 0.13620870167341725,
        "recall": 0.13620870167341725,
        "f1": 0.13620870167341725
      },
      "S11": {
        "accuracy": 0.13032222254405218,
        "precision": 0.1307123980044781,
        "recall": 0.12966269125575672,
        "f1": 0.12992436401712742
      },
      "S13": {
        "accuracy": 0.19468679353930282,
        "precision": 0.1967672884303432,
        "recall": 0.19256142574562424,
        "f1": 0.19426993716886368
      },
      "S14": {
        "accuracy": 0.0,
        "precision": 0.0,
        "recall": 0.0,
        "f1": 0.0
      },
      "S15": {
        "accuracy": 0.05677670251064562,
        "precision": 0.05847243391000737,
        "recall": 0.05677670251064562,
        "f1": 0.057526433406873544
      },
      "S16": {
        "accuracy": 0.09424451361672694,
        "precision": 0.09297856319803946,
        "recall": 0.0917087387339073,
        "f1": 0.0920471746406421
      },
      "S17": {
        "accuracy": 0.05270462348088633,
        "precision": 0.05270462348088633,
        "recall": 0.05270462348088633,
        "f1": 0.05270462348088633
      },
      "average": {
        "accuracy": 0.08971927730612306,
        "precision": 0.09082802394452802,
        "recall": 0.08848605083633417,
        "f1": 0.08939369970068498
      }
    },
    "poor_ratio": 0.0
  }
}