{
  "real_subj_cnt": 15,
  "real_path": "stress_slurm/data/wesad_1hz.pickle",
  "sliding_windows": false,
  "syn_subj_cnt": 30,
  "gan_config": {
    "gan_mode": "DPCGAN-e-1",
    "path": "stress_slurm/data/100_subj_DP-cGAN-e-1.csv",
    "eps": 1
  },
  "privacy_config": {
    "l2_norm_clip": 1.0,
    "eps": null,
    "num_unique_windows": null,
    "delta": null,
    "noise_multiplier": null
  },
  "train_config": {
    "nn_mode": "Transformer",
    "epochs": 110,
    "batch_size": 50,
    "learning_rate": 0.0001,
    "eval_mode": "TSTR",
    "random_seed": 42,
    "data_noise_parameter": null
  },
  "results": {
    "num_runs": 10,
    "mean": {
      "S2": {
        "accuracy": 0.5617647208273411,
        "precision": 0.5617647208273411,
        "recall": 0.5617647208273411,
        "f1": 0.5617647208273411
      },
      "S3": {
        "accuracy": 0.6588235229253769,
        "precision": 0.6588235229253769,
        "recall": 0.6588235229253769,
        "f1": 0.6588235229253769
      },
      "S4": {
        "accuracy": 0.7200000137090683,
        "precision": 0.7200000137090683,
        "recall": 0.7200000137090683,
        "f1": 0.7200000137090683
      },
      "S5": {
        "accuracy": 0.6371428713202476,
        "precision": 0.6371428713202476,
        "recall": 0.6371428713202476,
        "f1": 0.6371428713202476
      },
      "S6": {
        "accuracy": 0.6114285856485366,
        "precision": 0.6114285856485366,
        "recall": 0.6114285856485366,
        "f1": 0.6114285856485366
      },
      "S7": {
        "accuracy": 0.6457143016159534,
        "precision": 0.6457143016159534,
        "recall": 0.6457143016159534,
        "f1": 0.6457143016159534
      },
      "S8": {
        "accuracy": 0.654285728931427,
        "precision": 0.654285728931427,
        "recall": 0.654285728931427,
        "f1": 0.654285728931427
      },
      "S9": {
        "accuracy": 0.6028571575880051,
        "precision": 0.6028571575880051,
        "recall": 0.6028571575880051,
        "f1": 0.6028571575880051
      },
      "S10": {
        "accuracy": 0.6222222134470939,
        "precision": 0.6222222134470939,
        "recall": 0.6222222134470939,
        "f1": 0.6222222134470939
      },
      "S11": {
        "accuracy": 0.5694444373250007,
        "precision": 0.5694444373250007,
        "recall": 0.5694444373250007,
        "f1": 0.5694444373250007
      },
      "S13": {
        "accuracy": 0.5805555522441864,
        "precision": 0.5805555522441864,
        "recall": 0.5805555522441864,
        "f1": 0.5805555522441864
      },
      "S14": {
        "accuracy": 0.6972221970558167,
        "precision": 0.6972221970558167,
        "recall": 0.6972221970558167,
        "f1": 0.6972221970558167
      },
      "S15": {
        "accuracy": 0.6722222119569778,
        "precision": 0.6722222119569778,
        "recall": 0.6722222119569778,
        "f1": 0.6722222119569778
      },
      "S16": {
        "accuracy": 0.6166666477918625,
        "precision": 0.6166666477918625,
        "recall": 0.6166666477918625,
        "f1": 0.6166666477918625
      },
      "S17": {
        "accuracy": 0.644444440305233,
        "precision": 0.644444440305233,
        "recall": 0.644444440305233,
        "f1": 0.644444440305233
      },
      "average": {
        "accuracy": 0.6329863068461418,
        "precision": 0.6329863068461418,
        "recall": 0.6329863068461418,
        "f1": 0.6329863068461418
      }
    },
    "std": {
      "S2": {
        "accuracy": 0.2254688876033352,
        "precision": 0.2254688876033352,
        "recall": 0.2254688876033352,
        "f1": 0.2254688876033352
      },
      "S3": {
        "accuracy": 0.0667819056702507,
        "precision": 0.0667819056702507,
        "recall": 0.0667819056702507,
        "f1": 0.0667819056702507
      },
      "S4": {
        "accuracy": 0.10588146649605451,
        "precision": 0.10588146649605451,
        "recall": 0.10588146649605451,
        "f1": 0.10588146649605451
      },
      "S5": {
        "accuracy": 0.175119012248875,
        "precision": 0.175119012248875,
        "recall": 0.175119012248875,
        "f1": 0.175119012248875
      },
      "S6": {
        "accuracy": 0.14202935333114938,
        "precision": 0.14202935333114938,
        "recall": 0.14202935333114938,
        "f1": 0.14202935333114938
      },
      "S7": {
        "accuracy": 0.20031721219760806,
        "precision": 0.20031721219760806,
        "recall": 0.20031721219760806,
        "f1": 0.20031721219760806
      },
      "S8": {
        "accuracy": 0.15500713395661375,
        "precision": 0.15500713395661375,
        "recall": 0.15500713395661375,
        "f1": 0.15500713395661375
      },
      "S9": {
        "accuracy": 0.18092732005147072,
        "precision": 0.18092732005147072,
        "recall": 0.18092732005147072,
        "f1": 0.18092732005147072
      },
      "S10": {
        "accuracy": 0.18666078010147813,
        "precision": 0.18666078010147813,
        "recall": 0.18666078010147813,
        "f1": 0.18666078010147813
      },
      "S11": {
        "accuracy": 0.17726100898416594,
        "precision": 0.17726100898416594,
        "recall": 0.17726100898416594,
        "f1": 0.17726100898416594
      },
      "S13": {
        "accuracy": 0.21850673916331054,
        "precision": 0.21850673916331054,
        "recall": 0.21850673916331054,
        "f1": 0.21850673916331054
      },
      "S14": {
        "accuracy": 0.008784108800166312,
        "precision": 0.008784108800166312,
        "recall": 0.008784108800166312,
        "f1": 0.008784108800166312
      },
      "S15": {
        "accuracy": 0.10041067885755203,
        "precision": 0.10041067885755203,
        "recall": 0.10041067885755203,
        "f1": 0.10041067885755203
      },
      "S16": {
        "accuracy": 0.1314684295494124,
        "precision": 0.1314684295494124,
        "recall": 0.1314684295494124,
        "f1": 0.1314684295494124
      },
      "S17": {
        "accuracy": 0.17607205680358237,
        "precision": 0.17607205680358237,
        "recall": 0.17607205680358237,
        "f1": 0.17607205680358237
      },
      "average": {
        "accuracy": 0.14020096493262907,
        "precision": 0.14020096493262907,
        "recall": 0.14020096493262907,
        "f1": 0.14020096493262907
      }
    },
    "poor_ratio": 0.0
  }
}