{
  "real_subj_cnt": 15,
  "real_path": "stress_slurm/data/wesad_1hz.pickle",
  "sliding_windows": false,
  "syn_subj_cnt": 1,
  "gan_config": {
    "gan_mode": "CGAN",
    "path": "stress_slurm/data/100_subj_cGAN.csv",
    "eps": null
  },
  "privacy_config": {
    "l2_norm_clip": 1.0,
    "eps": null,
    "num_unique_windows": null,
    "delta": null,
    "noise_multiplier": null
  },
  "train_config": {
    "nn_mode": "Transformer",
    "epochs": 110,
    "batch_size": 50,
    "learning_rate": 0.0001,
    "eval_mode": "TSTR",
    "random_seed": 42,
    "data_noise_parameter": null
  },
  "results": {
    "num_runs": 10,
    "mean": {
      "S2": {
        "accuracy": 0.6764706015586853,
        "precision": 0.6765884697437287,
        "recall": 0.6705882489681244,
        "f1": 0.672944215634972
      },
      "S3": {
        "accuracy": 0.694117647409439,
        "precision": 0.7204170525074005,
        "recall": 0.694117647409439,
        "f1": 0.7059056821841366
      },
      "S4": {
        "accuracy": 0.9628571450710297,
        "precision": 0.985142856836319,
        "recall": 0.954285717010498,
        "f1": 0.9675350156974696
      },
      "S5": {
        "accuracy": 0.7742857277393341,
        "precision": 0.7672263145446777,
        "recall": 0.7628571569919587,
        "f1": 0.7647114119801202
      },
      "S6": {
        "accuracy": 0.9428571462631226,
        "precision": 0.9396082937717438,
        "recall": 0.9314285755157471,
        "f1": 0.935190538839971
      },
      "S7": {
        "accuracy": 0.7514285832643509,
        "precision": 0.7680000096559525,
        "recall": 0.7485714375972747,
        "f1": 0.756666675913665
      },
      "S8": {
        "accuracy": 0.8685714364051819,
        "precision": 0.868299788236618,
        "recall": 0.8628571510314942,
        "f1": 0.8651841383254599
      },
      "S9": {
        "accuracy": 0.9600000023841858,
        "precision": 0.9591342031955719,
        "recall": 0.9485714316368103,
        "f1": 0.9536974825274367
      },
      "S10": {
        "accuracy": 0.9972222208976745,
        "precision": 0.9944444417953491,
        "recall": 0.9944444417953491,
        "f1": 0.9944444417953491
      },
      "S11": {
        "accuracy": 0.7222222119569779,
        "precision": 0.7223261952400207,
        "recall": 0.7138888776302338,
        "f1": 0.7179606528106025
      },
      "S13": {
        "accuracy": 0.8166666746139526,
        "precision": 0.8087061703205108,
        "recall": 0.8138888835906982,
        "f1": 0.8107186545264135
      },
      "S14": {
        "accuracy": 0.7055555552244186,
        "precision": 0.7012312024831772,
        "recall": 0.6972222238779068,
        "f1": 0.6990085990011591
      },
      "S15": {
        "accuracy": 0.9111111104488373,
        "precision": 0.9214371979236603,
        "recall": 0.925,
        "f1": 0.9221225890240694
      },
      "S16": {
        "accuracy": 0.9333333313465119,
        "precision": 0.9561965823173523,
        "recall": 0.9138888895511628,
        "f1": 0.9322173356176926
      },
      "S17": {
        "accuracy": 0.561111107468605,
        "precision": 0.5619047611951828,
        "recall": 0.5499999985098839,
        "f1": 0.5553921556552617
      },
      "average": {
        "accuracy": 0.8185207001368205,
        "precision": 0.8233775693178178,
        "recall": 0.8121073787411055,
        "f1": 0.8169133059689185
      }
    },
    "std": {
      "S2": {
        "accuracy": 0.07069707686352804,
        "precision": 0.07483912333965966,
        "recall": 0.06169463381891692,
        "f1": 0.06300363710809419
      },
      "S3": {
        "accuracy": 0.14288185178886278,
        "precision": 0.1168665349218073,
        "recall": 0.12102979460073161,
        "f1": 0.11591917656832304
      },
      "S4": {
        "accuracy": 0.09809985534759712,
        "precision": 0.038018972672786235,
        "recall": 0.11601860133496966,
        "f1": 0.08316832338441797
      },
      "S5": {
        "accuracy": 0.028412253335404866,
        "precision": 0.01900003224607943,
        "recall": 0.03821409800366952,
        "f1": 0.025665567359488377
      },
      "S6": {
        "accuracy": 0.0631738017651268,
        "precision": 0.07021653706895604,
        "recall": 0.07760589551704547,
        "f1": 0.07246735863291433
      },
      "S7": {
        "accuracy": 0.21719714736726456,
        "precision": 0.20294788619596021,
        "recall": 0.22082097713865334,
        "f1": 0.2113967490002321
      },
      "S8": {
        "accuracy": 0.11679778135644944,
        "precision": 0.1218829216962442,
        "recall": 0.11252613034238189,
        "f1": 0.11632361026768478
      },
      "S9": {
        "accuracy": 0.027602620728449663,
        "precision": 0.029608760678464175,
        "recall": 0.04626650315274371,
        "f1": 0.03745643647677758
      },
      "S10": {
        "accuracy": 0.008784108800166307,
        "precision": 0.01756821760033263,
        "recall": 0.01756821760033263,
        "f1": 0.01756821760033263
      },
      "S11": {
        "accuracy": 0.11490438436578417,
        "precision": 0.12329289340495099,
        "recall": 0.12699032302848884,
        "f1": 0.12495481915627081
      },
      "S13": {
        "accuracy": 0.10327290807744892,
        "precision": 0.12273204707388133,
        "recall": 0.1006239184082804,
        "f1": 0.11177707421565555
      },
      "S14": {
        "accuracy": 0.16625463333264812,
        "precision": 0.1742573947938454,
        "recall": 0.18493037796304718,
        "f1": 0.17959242103394576
      },
      "S15": {
        "accuracy": 0.19850262654491294,
        "precision": 0.16303812074085228,
        "recall": 0.13228108390406787,
        "f1": 0.1484600059076634
      },
      "S16": {
        "accuracy": 0.054306955457094686,
        "precision": 0.034398822891491355,
        "recall": 0.09925130558032208,
        "f1": 0.06431507682149222
      },
      "S17": {
        "accuracy": 0.11172669471093906,
        "precision": 0.114846507086245,
        "recall": 0.13595670397638024,
        "f1": 0.12640026993925527
      },
      "average": {
        "accuracy": 0.08106038124266986,
        "precision": 0.07464008635187014,
        "recall": 0.08595317409220862,
        "f1": 0.08070838523124739
      }
    },
    "poor_ratio": 0.0
  }
}