{
  "real_subj_cnt": 15,
  "real_path": "stress_slurm/data/wesad_1hz.pickle",
  "sliding_windows": false,
  "syn_subj_cnt": 30,
  "gan_config": {
    "gan_mode": "CGAN",
    "path": "stress_slurm/data/100_subj_cGAN.csv",
    "eps": null
  },
  "privacy_config": {
    "l2_norm_clip": 1.0,
    "eps": null,
    "num_unique_windows": null,
    "delta": null,
    "noise_multiplier": null
  },
  "train_config": {
    "nn_mode": "Transformer",
    "epochs": 110,
    "batch_size": 50,
    "learning_rate": 0.0001,
    "eval_mode": "TSTR",
    "random_seed": 42
  },
  "results": {
    "num_runs": 10,
    "mean": {
      "S2": {
        "accuracy": 0.7676470577716827,
        "precision": 0.7685714304447174,
        "recall": 0.7705882370471955,
        "f1": 0.7695652192066107
      },
      "S3": {
        "accuracy": 0.805882352590561,
        "precision": 0.8076648831367492,
        "recall": 0.8029411733150482,
        "f1": 0.8052677766441316
      },
      "S4": {
        "accuracy": 0.9600000023841858,
        "precision": 0.9626050412654876,
        "recall": 0.9600000023841858,
        "f1": 0.9612836447540287
      },
      "S5": {
        "accuracy": 0.8028571546077728,
        "precision": 0.8024369835853576,
        "recall": 0.800000011920929,
        "f1": 0.8012008385607186
      },
      "S6": {
        "accuracy": 0.9400000035762787,
        "precision": 0.9400000035762787,
        "recall": 0.9400000035762787,
        "f1": 0.9400000035762787
      },
      "S7": {
        "accuracy": 0.9057142913341523,
        "precision": 0.9057142913341523,
        "recall": 0.9057142913341523,
        "f1": 0.9057142913341523
      },
      "S8": {
        "accuracy": 0.9514285743236541,
        "precision": 0.9514285743236541,
        "recall": 0.9514285743236541,
        "f1": 0.9514285743236541
      },
      "S9": {
        "accuracy": 0.9571428596973419,
        "precision": 0.9546031773090362,
        "recall": 0.9571428596973419,
        "f1": 0.9558551334171298
      },
      "S10": {
        "accuracy": 0.9749999940395355,
        "precision": 0.9749999940395355,
        "recall": 0.9749999940395355,
        "f1": 0.9749999940395355
      },
      "S11": {
        "accuracy": 0.8972222149372101,
        "precision": 0.8942814230918884,
        "recall": 0.8916666626930236,
        "f1": 0.8929180843321449
      },
      "S13": {
        "accuracy": 0.9305555522441864,
        "precision": 0.9307807743549347,
        "recall": 0.9333333253860474,
        "f1": 0.9320395666543171
      },
      "S14": {
        "accuracy": 0.6833333313465119,
        "precision": 0.6835950195789338,
        "recall": 0.6833333313465119,
        "f1": 0.683437302612995
      },
      "S15": {
        "accuracy": 0.9611111104488372,
        "precision": 0.9611111104488372,
        "recall": 0.9611111104488372,
        "f1": 0.9611111104488372
      },
      "S16": {
        "accuracy": 0.8277777791023254,
        "precision": 0.8299206376075745,
        "recall": 0.8277777791023254,
        "f1": 0.8288341177926369
      },
      "S17": {
        "accuracy": 0.8055555641651153,
        "precision": 0.8023638010025025,
        "recall": 0.80277778506279,
        "f1": 0.8025392923139909
      },
      "average": {
        "accuracy": 0.87808185617129,
        "precision": 0.8780051430066427,
        "recall": 0.8775210094451904,
        "f1": 0.8777463300007442
      }
    },
    "std": {
      "S2": {
        "accuracy": 0.07650828113709449,
        "precision": 0.07533107271440664,
        "recall": 0.07310333209437699,
        "f1": 0.07417319857591585
      },
      "S3": {
        "accuracy": 0.08569322111916439,
        "precision": 0.08705028060229626,
        "recall": 0.08774372298082382,
        "f1": 0.08726038180058836
      },
      "S4": {
        "accuracy": 0.033536792023258946,
        "precision": 0.027614136887510497,
        "recall": 0.033536792023258946,
        "f1": 0.030484273679647168
      },
      "S5": {
        "accuracy": 0.09080141505678903,
        "precision": 0.09053162496208218,
        "recall": 0.0893412472429117,
        "f1": 0.08984721065130183
      },
      "S6": {
        "accuracy": 0.025016999530896634,
        "precision": 0.025016999530896634,
        "recall": 0.025016999530896634,
        "f1": 0.025016999530896634
      },
      "S7": {
        "accuracy": 0.03576187092655691,
        "precision": 0.03576187092655691,
        "recall": 0.03576187092655691,
        "f1": 0.03576187092655691
      },
      "S8": {
        "accuracy": 0.0405181830824187,
        "precision": 0.0405181830824187,
        "recall": 0.0405181830824187,
        "f1": 0.0405181830824187
      },
      "S9": {
        "accuracy": 0.024281043855559705,
        "precision": 0.0299323145748109,
        "recall": 0.024281043855559705,
        "f1": 0.0269961491929605
      },
      "S10": {
        "accuracy": 0.030569583456179703,
        "precision": 0.030569583456179703,
        "recall": 0.030569583456179703,
        "f1": 0.030569583456179703
      },
      "S11": {
        "accuracy": 0.071781652726728,
        "precision": 0.06765605016714311,
        "recall": 0.06734479916901003,
        "f1": 0.0670117172169783
      },
      "S13": {
        "accuracy": 0.030003415874460215,
        "precision": 0.02989583459303804,
        "recall": 0.029860201013213895,
        "f1": 0.029604477944721534
      },
      "S14": {
        "accuracy": 0.08405041340620521,
        "precision": 0.08293633819393713,
        "recall": 0.08093249396212676,
        "f1": 0.08180801747309319
      },
      "S15": {
        "accuracy": 0.04182069735634855,
        "precision": 0.04182069735634855,
        "recall": 0.04182069735634855,
        "f1": 0.04182069735634855
      },
      "S16": {
        "accuracy": 0.12614360131700678,
        "precision": 0.12485093498571105,
        "recall": 0.12614360131700678,
        "f1": 0.125462303529054
      },
      "S17": {
        "accuracy": 0.06804138715142106,
        "precision": 0.06456499737729951,
        "recall": 0.07106142890269869,
        "f1": 0.06766670863283693
      },
      "average": {
        "accuracy": 0.023118916007396385,
        "precision": 0.02202324402618883,
        "recall": 0.02150371813564843,
        "f1": 0.021753412210372674
      }
    },
    "poor_ratio": 0.0
  }
}