{
  "real_subj_cnt": 15,
  "real_path": "stress_slurm/data/wesad_1hz.pickle",
  "sliding_windows": false,
  "syn_subj_cnt": 15,
  "gan_config": {
    "gan_mode": "DPCGAN-e-10",
    "path": "stress_slurm/data/100_subj_DP-cGAN-e-10.csv",
    "eps": 10
  },
  "privacy_config": {
    "l2_norm_clip": 1.0,
    "eps": null,
    "num_unique_windows": null,
    "delta": null,
    "noise_multiplier": null
  },
  "train_config": {
    "nn_mode": "Transformer",
    "epochs": 110,
    "batch_size": 50,
    "learning_rate": 0.0001,
    "eval_mode": "TSTR",
    "random_seed": 42,
    "data_noise_parameter": null
  },
  "results": {
    "num_runs": 10,
    "mean": {
      "S2": {
        "accuracy": 0.5911764711141586,
        "precision": 0.5911764711141586,
        "recall": 0.5911764711141586,
        "f1": 0.5911764711141586
      },
      "S3": {
        "accuracy": 0.6735294163227081,
        "precision": 0.6748663157224655,
        "recall": 0.6735294163227081,
        "f1": 0.6741878891540918
      },
      "S4": {
        "accuracy": 0.7942857205867767,
        "precision": 0.7942857205867767,
        "recall": 0.7942857205867767,
        "f1": 0.7942857205867767
      },
      "S5": {
        "accuracy": 0.47428572177886963,
        "precision": 0.47428572177886963,
        "recall": 0.47428572177886963,
        "f1": 0.47428572177886963
      },
      "S6": {
        "accuracy": 0.6228571593761444,
        "precision": 0.6228571593761444,
        "recall": 0.6228571593761444,
        "f1": 0.6228571593761444
      },
      "S7": {
        "accuracy": 0.34285715222358704,
        "precision": 0.34285715222358704,
        "recall": 0.34285715222358704,
        "f1": 0.34285715222358704
      },
      "S8": {
        "accuracy": 0.6142857313156128,
        "precision": 0.6142857313156128,
        "recall": 0.6142857313156128,
        "f1": 0.6142857313156128
      },
      "S9": {
        "accuracy": 0.6914285898208619,
        "precision": 0.6914285898208619,
        "recall": 0.6914285898208619,
        "f1": 0.6914285898208619
      },
      "S10": {
        "accuracy": 0.8583333313465118,
        "precision": 0.8583333313465118,
        "recall": 0.8583333313465118,
        "f1": 0.8583333313465118
      },
      "S11": {
        "accuracy": 0.45277777314186096,
        "precision": 0.45277777314186096,
        "recall": 0.45277777314186096,
        "f1": 0.45277777314186096
      },
      "S13": {
        "accuracy": 0.5666666686534881,
        "precision": 0.5680158764123917,
        "recall": 0.5666666686534881,
        "f1": 0.5673317710597987
      },
      "S14": {
        "accuracy": 0.6249999940395355,
        "precision": 0.6234920591115951,
        "recall": 0.6222222179174424,
        "f1": 0.6228481959714891
      },
      "S15": {
        "accuracy": 0.7638888955116272,
        "precision": 0.7638888955116272,
        "recall": 0.7638888955116272,
        "f1": 0.7638888955116272
      },
      "S16": {
        "accuracy": 0.8722222149372101,
        "precision": 0.8722222149372101,
        "recall": 0.8722222149372101,
        "f1": 0.8722222149372101
      },
      "S17": {
        "accuracy": 0.20833333805203438,
        "precision": 0.2086507983505726,
        "recall": 0.20833333805203438,
        "f1": 0.20848983256554607
      },
      "average": {
        "accuracy": 0.6101285452147325,
        "precision": 0.6102282540500165,
        "recall": 0.6099433601399263,
        "f1": 0.6100837633269431
      }
    },
    "std": {
      "S2": {
        "accuracy": 0.12043270286784162,
        "precision": 0.12043270286784162,
        "recall": 0.12043270286784162,
        "f1": 0.12043270286784162
      },
      "S3": {
        "accuracy": 0.14832785914650454,
        "precision": 0.14604359737625763,
        "recall": 0.14832785914650454,
        "f1": 0.14719203064860922
      },
      "S4": {
        "accuracy": 0.21073244277295894,
        "precision": 0.21073244277295894,
        "recall": 0.21073244277295894,
        "f1": 0.21073244277295894
      },
      "S5": {
        "accuracy": 0.05075396052747516,
        "precision": 0.05075396052747516,
        "recall": 0.05075396052747516,
        "f1": 0.05075396052747516
      },
      "S6": {
        "accuracy": 0.15462631394614548,
        "precision": 0.15462631394614548,
        "recall": 0.15462631394614548,
        "f1": 0.15462631394614548
      },
      "S7": {
        "accuracy": 0.03011692830173279,
        "precision": 0.03011692830173279,
        "recall": 0.03011692830173279,
        "f1": 0.03011692830173279
      },
      "S8": {
        "accuracy": 0.13685817164658168,
        "precision": 0.13685817164658168,
        "recall": 0.13685817164658168,
        "f1": 0.13685817164658168
      },
      "S9": {
        "accuracy": 0.10758110784627876,
        "precision": 0.10758110784627876,
        "recall": 0.10758110784627876,
        "f1": 0.10758110784627876
      },
      "S10": {
        "accuracy": 0.1643094647784474,
        "precision": 0.1643094647784474,
        "recall": 0.1643094647784474,
        "f1": 0.1643094647784474
      },
      "S11": {
        "accuracy": 0.05406964193055844,
        "precision": 0.05406964193055844,
        "recall": 0.05406964193055844,
        "f1": 0.05406964193055844
      },
      "S13": {
        "accuracy": 0.061697522746725374,
        "precision": 0.059511518403321396,
        "recall": 0.061697522746725374,
        "f1": 0.06059223142252691
      },
      "S14": {
        "accuracy": 0.08098543276185236,
        "precision": 0.08422192254859429,
        "recall": 0.08705672235189671,
        "f1": 0.08564748350373252
      },
      "S15": {
        "accuracy": 0.07202013370176838,
        "precision": 0.07202013370176838,
        "recall": 0.07202013370176838,
        "f1": 0.07202013370176838
      },
      "S16": {
        "accuracy": 0.07545018838828371,
        "precision": 0.07545018838828371,
        "recall": 0.07545018838828371,
        "f1": 0.07545018838828371
      },
      "S17": {
        "accuracy": 0.0766340069670447,
        "precision": 0.07619180881141772,
        "recall": 0.0766340069670447,
        "f1": 0.07641469351346566
      },
      "average": {
        "accuracy": 0.0966429426979049,
        "precision": 0.09646037258905603,
        "recall": 0.09698383062165401,
        "f1": 0.09672516212700562
      }
    },
    "poor_ratio": 0.0
  }
}