{
  "real_subj_cnt": 15,
  "real_path": "stress_slurm/data/wesad_1hz.pickle",
  "sliding_windows": false,
  "syn_subj_cnt": 50,
  "gan_config": {
    "gan_mode": "DPCGAN-e-1",
    "path": "stress_slurm/data/100_subj_DP-cGAN-e-1.csv",
    "eps": 1
  },
  "privacy_config": {
    "l2_norm_clip": 1.0,
    "eps": null,
    "num_unique_windows": null,
    "delta": null,
    "noise_multiplier": null
  },
  "train_config": {
    "nn_mode": "Transformer",
    "epochs": 110,
    "batch_size": 50,
    "learning_rate": 0.0001,
    "eval_mode": "TSTR",
    "random_seed": 42,
    "data_noise_parameter": null
  },
  "results": {
    "num_runs": 10,
    "mean": {
      "S2": {
        "accuracy": 0.5411764819175005,
        "precision": 0.5411764819175005,
        "recall": 0.5411764819175005,
        "f1": 0.5411764819175005
      },
      "S3": {
        "accuracy": 0.6352941125631333,
        "precision": 0.6352941125631333,
        "recall": 0.6352941125631333,
        "f1": 0.6352941125631333
      },
      "S4": {
        "accuracy": 0.7428571581840515,
        "precision": 0.7428571581840515,
        "recall": 0.7428571581840515,
        "f1": 0.7428571581840515
      },
      "S5": {
        "accuracy": 0.6085714414715767,
        "precision": 0.6085714414715767,
        "recall": 0.6085714414715767,
        "f1": 0.6085714414715767
      },
      "S6": {
        "accuracy": 0.605714300274849,
        "precision": 0.605714300274849,
        "recall": 0.605714300274849,
        "f1": 0.605714300274849
      },
      "S7": {
        "accuracy": 0.6400000140070915,
        "precision": 0.6400000140070915,
        "recall": 0.6400000140070915,
        "f1": 0.6400000140070915
      },
      "S8": {
        "accuracy": 0.6514285862445831,
        "precision": 0.6514285862445831,
        "recall": 0.6514285862445831,
        "f1": 0.6514285862445831
      },
      "S9": {
        "accuracy": 0.5971428722143173,
        "precision": 0.5971428722143173,
        "recall": 0.5971428722143173,
        "f1": 0.5971428722143173
      },
      "S10": {
        "accuracy": 0.5999999910593032,
        "precision": 0.5999999910593032,
        "recall": 0.5999999910593032,
        "f1": 0.5999999910593032
      },
      "S11": {
        "accuracy": 0.563888880610466,
        "precision": 0.563888880610466,
        "recall": 0.563888880610466,
        "f1": 0.563888880610466
      },
      "S13": {
        "accuracy": 0.5666666582226754,
        "precision": 0.5666666582226754,
        "recall": 0.5666666582226754,
        "f1": 0.5666666582226754
      },
      "S14": {
        "accuracy": 0.6861110925674438,
        "precision": 0.6861110925674438,
        "recall": 0.6861110925674438,
        "f1": 0.6861110925674438
      },
      "S15": {
        "accuracy": 0.6666666597127915,
        "precision": 0.6666666597127915,
        "recall": 0.6666666597127915,
        "f1": 0.6666666597127915
      },
      "S16": {
        "accuracy": 0.6222222089767456,
        "precision": 0.6222222089767456,
        "recall": 0.6222222089767456,
        "f1": 0.6222222089767456
      },
      "S17": {
        "accuracy": 0.6583333253860474,
        "precision": 0.6583333253860474,
        "recall": 0.6583333253860474,
        "f1": 0.6583333253860474
      },
      "average": {
        "accuracy": 0.625738252227505,
        "precision": 0.625738252227505,
        "recall": 0.625738252227505,
        "f1": 0.625738252227505
      }
    },
    "std": {
      "S2": {
        "accuracy": 0.2542223272919809,
        "precision": 0.2542223272919809,
        "recall": 0.2542223272919809,
        "f1": 0.2542223272919809
      },
      "S3": {
        "accuracy": 0.07744477353205817,
        "precision": 0.07744477353205817,
        "recall": 0.07744477353205817,
        "f1": 0.07744477353205817
      },
      "S4": {
        "accuracy": 0.03011692830173279,
        "precision": 0.03011692830173279,
        "recall": 0.03011692830173279,
        "f1": 0.03011692830173279
      },
      "S5": {
        "accuracy": 0.19842921078538184,
        "precision": 0.19842921078538184,
        "recall": 0.19842921078538184,
        "f1": 0.19842921078538184
      },
      "S6": {
        "accuracy": 0.1449372426399029,
        "precision": 0.1449372426399029,
        "recall": 0.1449372426399029,
        "f1": 0.1449372426399029
      },
      "S7": {
        "accuracy": 0.1857509160931396,
        "precision": 0.1857509160931396,
        "recall": 0.1857509160931396,
        "f1": 0.1857509160931396
      },
      "S8": {
        "accuracy": 0.1331972118563909,
        "precision": 0.1331972118563909,
        "recall": 0.1331972118563909,
        "f1": 0.1331972118563909
      },
      "S9": {
        "accuracy": 0.1584791701473189,
        "precision": 0.1584791701473189,
        "recall": 0.1584791701473189,
        "f1": 0.1584791701473189
      },
      "S10": {
        "accuracy": 0.2046275250843849,
        "precision": 0.2046275250843849,
        "recall": 0.2046275250843849,
        "f1": 0.2046275250843849
      },
      "S11": {
        "accuracy": 0.17521786501891923,
        "precision": 0.17521786501891923,
        "recall": 0.17521786501891923,
        "f1": 0.17521786501891923
      },
      "S13": {
        "accuracy": 0.22801101490792852,
        "precision": 0.22801101490792852,
        "recall": 0.22801101490792852,
        "f1": 0.22801101490792852
      },
      "S14": {
        "accuracy": 0.029426379038909743,
        "precision": 0.029426379038909743,
        "recall": 0.029426379038909743,
        "f1": 0.029426379038909743
      },
      "S15": {
        "accuracy": 0.10393492121538352,
        "precision": 0.10393492121538352,
        "recall": 0.10393492121538352,
        "f1": 0.10393492121538352
      },
      "S16": {
        "accuracy": 0.1179965261914128,
        "precision": 0.1179965261914128,
        "recall": 0.1179965261914128,
        "f1": 0.1179965261914128
      },
      "S17": {
        "accuracy": 0.11568516308156522,
        "precision": 0.11568516308156522,
        "recall": 0.11568516308156522,
        "f1": 0.11568516308156522
      },
      "average": {
        "accuracy": 0.13604674381021625,
        "precision": 0.13604674381021625,
        "recall": 0.13604674381021625,
        "f1": 0.13604674381021625
      }
    },
    "poor_ratio": 0.0
  }
}