{
  "real_subj_cnt": 15,
  "real_path": "stress_slurm/data/wesad_1hz.pickle",
  "sliding_windows": false,
  "syn_subj_cnt": 50,
  "gan_config": {
    "gan_mode": "DPCGAN-e-0.1",
    "path": "stress_slurm/data/100_subj_DP-cGAN-e-0.1.csv",
    "eps": 0.1
  },
  "privacy_config": {
    "l2_norm_clip": 1.0,
    "eps": null,
    "num_unique_windows": null,
    "delta": null,
    "noise_multiplier": null
  },
  "train_config": {
    "nn_mode": "Transformer",
    "epochs": 110,
    "batch_size": 50,
    "learning_rate": 0.0001,
    "eval_mode": "TSTR",
    "random_seed": 42,
    "data_noise_parameter": null
  },
  "results": {
    "num_runs": 10,
    "mean": {
      "S2": {
        "accuracy": 0.735294109582901,
        "precision": 0.735294109582901,
        "recall": 0.735294109582901,
        "f1": 0.735294109582901
      },
      "S3": {
        "accuracy": 0.6794117659330368,
        "precision": 0.6794117659330368,
        "recall": 0.6794117659330368,
        "f1": 0.6794117659330368
      },
      "S4": {
        "accuracy": 0.7028571605682373,
        "precision": 0.703730171918869,
        "recall": 0.7057143032550812,
        "f1": 0.7047082648003439
      },
      "S5": {
        "accuracy": 0.8171428680419922,
        "precision": 0.817857152223587,
        "recall": 0.8200000107288361,
        "f1": 0.8189134909138985
      },
      "S6": {
        "accuracy": 0.8285714387893677,
        "precision": 0.8285714387893677,
        "recall": 0.8285714387893677,
        "f1": 0.8285714387893677
      },
      "S7": {
        "accuracy": 0.8914285778999329,
        "precision": 0.8914285778999329,
        "recall": 0.8914285778999329,
        "f1": 0.8914285778999329
      },
      "S8": {
        "accuracy": 0.8485714375972748,
        "precision": 0.848888897895813,
        "recall": 0.8514285802841186,
        "f1": 0.8501408540039066
      },
      "S9": {
        "accuracy": 0.7200000166893006,
        "precision": 0.7216806828975677,
        "recall": 0.7171428740024567,
        "f1": 0.7193788958219288
      },
      "S10": {
        "accuracy": 0.7833333313465118,
        "precision": 0.7827777743339539,
        "recall": 0.7805555522441864,
        "f1": 0.7816510138389161
      },
      "S11": {
        "accuracy": 0.7138888955116272,
        "precision": 0.7165204763412476,
        "recall": 0.7194444537162781,
        "f1": 0.7179429518122844
      },
      "S13": {
        "accuracy": 0.8555555582046509,
        "precision": 0.8555555582046509,
        "recall": 0.8555555582046509,
        "f1": 0.8555555582046509
      },
      "S14": {
        "accuracy": 0.625,
        "precision": 0.625,
        "recall": 0.625,
        "f1": 0.625
      },
      "S15": {
        "accuracy": 0.8361111104488372,
        "precision": 0.8361111104488372,
        "recall": 0.8361111104488372,
        "f1": 0.8361111104488372
      },
      "S16": {
        "accuracy": 0.6777777671813965,
        "precision": 0.6777777671813965,
        "recall": 0.6777777671813965,
        "f1": 0.6777777671813965
      },
      "S17": {
        "accuracy": 0.825,
        "precision": 0.8247619032859802,
        "recall": 0.8222222208976746,
        "f1": 0.8234741770057681
      },
      "average": {
        "accuracy": 0.7693296025196711,
        "precision": 0.7696911591291428,
        "recall": 0.7697105548779171,
        "f1": 0.769690665082478
      }
    },
    "std": {
      "S2": {
        "accuracy": 0.036682908060133065,
        "precision": 0.036682908060133065,
        "recall": 0.036682908060133065,
        "f1": 0.036682908060133065
      },
      "S3": {
        "accuracy": 0.09449474913709081,
        "precision": 0.09449474913709081,
        "recall": 0.09449474913709081,
        "f1": 0.09449474913709081
      },
      "S4": {
        "accuracy": 0.030713361020002057,
        "precision": 0.030293142129010724,
        "recall": 0.030267138352263002,
        "f1": 0.030117406290519493
      },
      "S5": {
        "accuracy": 0.040852589164095246,
        "precision": 0.039447718415333025,
        "recall": 0.0357618709265569,
        "f1": 0.03752321698479852
      },
      "S6": {
        "accuracy": 0.06734349895616182,
        "precision": 0.06734349895616182,
        "recall": 0.06734349895616182,
        "f1": 0.06734349895616182
      },
      "S7": {
        "accuracy": 0.04426266417553852,
        "precision": 0.04426266417553852,
        "recall": 0.04426266417553852,
        "f1": 0.04426266417553852
      },
      "S8": {
        "accuracy": 0.04269811511491748,
        "precision": 0.043015577590876236,
        "recall": 0.04626650315274371,
        "f1": 0.044466828503904175
      },
      "S9": {
        "accuracy": 0.05003399906179326,
        "precision": 0.04895440572073985,
        "recall": 0.041403931092674505,
        "f1": 0.04502703730390902
      },
      "S10": {
        "accuracy": 0.052049885044618875,
        "precision": 0.05181546120360052,
        "recall": 0.0514701529833003,
        "f1": 0.05152101455596035
      },
      "S11": {
        "accuracy": 0.09447168207301573,
        "precision": 0.0879962370856198,
        "recall": 0.08119689695996986,
        "f1": 0.08463051686107555
      },
      "S13": {
        "accuracy": 0.04099249157813371,
        "precision": 0.04099249157813371,
        "recall": 0.04099249157813371,
        "f1": 0.04099249157813371
      },
      "S14": {
        "accuracy": 0.1180328546083489,
        "precision": 0.1180328546083489,
        "recall": 0.1180328546083489,
        "f1": 0.1180328546083489
      },
      "S15": {
        "accuracy": 0.030569570216779807,
        "precision": 0.030569570216779807,
        "recall": 0.030569570216779807,
        "f1": 0.030569570216779807
      },
      "S16": {
        "accuracy": 0.023424261860814498,
        "precision": 0.023424261860814498,
        "recall": 0.023424261860814498,
        "f1": 0.023424261860814498
      },
      "S17": {
        "accuracy": 0.06421682063681251,
        "precision": 0.06384250747076717,
        "recall": 0.060291928201508936,
        "f1": 0.061937593982241614
      },
      "average": {
        "accuracy": 0.01943168059368867,
        "precision": 0.01930496578801751,
        "recall": 0.019194155382899643,
        "f1": 0.019241401014378084
      }
    },
    "poor_ratio": 0.0
  }
}