{
  "real_subj_cnt": 15,
  "real_path": "stress_slurm/data/wesad_1hz.pickle",
  "sliding_windows": false,
  "syn_subj_cnt": 5,
  "gan_config": {
    "gan_mode": "DPCGAN-e-1",
    "path": "stress_slurm/data/100_subj_DP-cGAN-e-1.csv",
    "eps": 1
  },
  "privacy_config": {
    "l2_norm_clip": 1.0,
    "eps": null,
    "num_unique_windows": null,
    "delta": null,
    "noise_multiplier": null
  },
  "train_config": {
    "nn_mode": "Transformer",
    "epochs": 110,
    "batch_size": 50,
    "learning_rate": 0.0001,
    "eval_mode": "TSTR",
    "random_seed": 42,
    "data_noise_parameter": null
  },
  "results": {
    "num_runs": 10,
    "mean": {
      "S2": {
        "accuracy": 0.6294117569923401,
        "precision": 0.6294117569923401,
        "recall": 0.6294117569923401,
        "f1": 0.6294117569923401
      },
      "S3": {
        "accuracy": 0.8382352828979492,
        "precision": 0.8382352828979492,
        "recall": 0.8382352828979492,
        "f1": 0.8382352828979492
      },
      "S4": {
        "accuracy": 0.9742857158184052,
        "precision": 0.9742857158184052,
        "recall": 0.9742857158184052,
        "f1": 0.9742857158184052
      },
      "S5": {
        "accuracy": 0.7714285850524902,
        "precision": 0.7712231695652008,
        "recall": 0.7714285850524902,
        "f1": 0.7712956133193458
      },
      "S6": {
        "accuracy": 0.9285714328289032,
        "precision": 0.9284873962402344,
        "recall": 0.9257142901420593,
        "f1": 0.9270807482419559
      },
      "S7": {
        "accuracy": 0.7057143002748489,
        "precision": 0.7065873116254806,
        "recall": 0.7085714429616928,
        "f1": 0.7075654045069555
      },
      "S8": {
        "accuracy": 0.8800000071525573,
        "precision": 0.8826050460338593,
        "recall": 0.8800000071525573,
        "f1": 0.8812836495224003
      },
      "S9": {
        "accuracy": 0.9428571462631226,
        "precision": 0.9428571462631226,
        "recall": 0.9428571462631226,
        "f1": 0.9428571462631226
      },
      "S10": {
        "accuracy": 1.0,
        "precision": 1.0,
        "recall": 1.0,
        "f1": 1.0
      },
      "S11": {
        "accuracy": 0.8222222208976746,
        "precision": 0.8222222208976746,
        "recall": 0.8222222208976746,
        "f1": 0.8222222208976746
      },
      "S13": {
        "accuracy": 0.7888889133930206,
        "precision": 0.7883333563804626,
        "recall": 0.7861111342906952,
        "f1": 0.787206595885425
      },
      "S14": {
        "accuracy": 0.7083333194255829,
        "precision": 0.7075396716594696,
        "recall": 0.7055555403232574,
        "f1": 0.7065336332047323
      },
      "S15": {
        "accuracy": 0.9,
        "precision": 0.9,
        "recall": 0.9,
        "f1": 0.9
      },
      "S16": {
        "accuracy": 0.9861111044883728,
        "precision": 0.9861111044883728,
        "recall": 0.9861111044883728,
        "f1": 0.9861111044883728
      },
      "S17": {
        "accuracy": 0.4666666567325592,
        "precision": 0.4666666567325592,
        "recall": 0.4666666567325592,
        "f1": 0.4666666567325592
      },
      "average": {
        "accuracy": 0.8228484294811885,
        "precision": 0.822971055706342,
        "recall": 0.8224780589342118,
        "f1": 0.8227170352514159
      }
    },
    "std": {
      "S2": {
        "accuracy": 0.03720326437272874,
        "precision": 0.03720326437272874,
        "recall": 0.03720326437272874,
        "f1": 0.03720326437272874
      },
      "S3": {
        "accuracy": 0.020797250006108426,
        "precision": 0.020797250006108426,
        "recall": 0.020797250006108426,
        "f1": 0.020797250006108426
      },
      "S4": {
        "accuracy": 0.009035078490519842,
        "precision": 0.009035078490519842,
        "recall": 0.009035078490519842,
        "f1": 0.009035078490519842
      },
      "S5": {
        "accuracy": 0.023328472350306783,
        "precision": 0.025752776708260542,
        "recall": 0.0329914419872496,
        "f1": 0.029200380588801558
      },
      "S6": {
        "accuracy": 0.05593971154416523,
        "precision": 0.05586876108317313,
        "recall": 0.05421047094311902,
        "f1": 0.05485893528699263
      },
      "S7": {
        "accuracy": 0.09432899649607504,
        "precision": 0.094163584106393,
        "recall": 0.09408829964646008,
        "f1": 0.094074195009557
      },
      "S8": {
        "accuracy": 0.01807015698103967,
        "precision": 0.020675413076619086,
        "recall": 0.01807015698103967,
        "f1": 0.018955425878988928
      },
      "S9": {
        "accuracy": 0.013468699791232368,
        "precision": 0.013468699791232368,
        "recall": 0.013468699791232368,
        "f1": 0.013468699791232368
      },
      "S10": {
        "accuracy": 0.0,
        "precision": 0.0,
        "recall": 0.0,
        "f1": 0.0
      },
      "S11": {
        "accuracy": 0.11049209830230465,
        "precision": 0.11049209830230465,
        "recall": 0.11049209830230465,
        "f1": 0.11049209830230465
      },
      "S13": {
        "accuracy": 0.05270463395235422,
        "precision": 0.05253844961445382,
        "recall": 0.052460063740972854,
        "f1": 0.0523810299512209
      },
      "S14": {
        "accuracy": 0.026995143496757787,
        "precision": 0.026655979396485036,
        "recall": 0.02683587920721646,
        "f1": 0.026562767244457025
      },
      "S15": {
        "accuracy": 0.041820699995685745,
        "precision": 0.041820699995685745,
        "recall": 0.041820699995685745,
        "f1": 0.041820699995685745
      },
      "S16": {
        "accuracy": 0.014640181333610523,
        "precision": 0.014640181333610523,
        "recall": 0.014640181333610523,
        "f1": 0.014640181333610523
      },
      "S17": {
        "accuracy": 0.0409924906805755,
        "precision": 0.0409924906805755,
        "recall": 0.0409924906805755,
        "f1": 0.0409924906805755
      },
      "average": {
        "accuracy": 0.027119848474353156,
        "precision": 0.027390994327401243,
        "recall": 0.027487891871368176,
        "f1": 0.02742663349280958
      }
    },
    "poor_ratio": 0.0
  }
}