{
  "real_subj_cnt": 15,
  "real_path": "stress_slurm/data/wesad_1hz.pickle",
  "sliding_windows": false,
  "syn_subj_cnt": 100,
  "gan_config": {
    "gan_mode": "DPCGAN-e-0.1",
    "path": "stress_slurm/data/100_subj_DP-cGAN-e-0.1.csv",
    "eps": 0.1
  },
  "privacy_config": {
    "l2_norm_clip": 1.0,
    "eps": null,
    "num_unique_windows": null,
    "delta": null,
    "noise_multiplier": null
  },
  "train_config": {
    "nn_mode": "Transformer",
    "epochs": 110,
    "batch_size": 50,
    "learning_rate": 0.0001,
    "eval_mode": "TSTR",
    "random_seed": 42,
    "data_noise_parameter": null
  },
  "results": {
    "num_runs": 10,
    "mean": {
      "S2": {
        "accuracy": 0.7441176474094391,
        "precision": 0.7461842715740203,
        "recall": 0.7382352948188782,
        "f1": 0.7421236080910635
      },
      "S3": {
        "accuracy": 0.7264705896377563,
        "precision": 0.7264705896377563,
        "recall": 0.7264705896377563,
        "f1": 0.7264705896377563
      },
      "S4": {
        "accuracy": 0.6628571599721909,
        "precision": 0.6624369889497757,
        "recall": 0.660000017285347,
        "f1": 0.6612008439251366
      },
      "S5": {
        "accuracy": 0.7971428692340851,
        "precision": 0.7987395048141479,
        "recall": 0.7942857265472412,
        "f1": 0.796480341948924
      },
      "S6": {
        "accuracy": 0.8228571534156799,
        "precision": 0.8228571534156799,
        "recall": 0.8228571534156799,
        "f1": 0.8228571534156799
      },
      "S7": {
        "accuracy": 0.9171428620815277,
        "precision": 0.9171428620815277,
        "recall": 0.9171428620815277,
        "f1": 0.9171428620815277
      },
      "S8": {
        "accuracy": 0.800000011920929,
        "precision": 0.805042028427124,
        "recall": 0.800000011920929,
        "f1": 0.8024844838250361
      },
      "S9": {
        "accuracy": 0.6942857325077056,
        "precision": 0.6942857325077056,
        "recall": 0.6942857325077056,
        "f1": 0.6942857325077056
      },
      "S10": {
        "accuracy": 0.7916666746139527,
        "precision": 0.789564573764801,
        "recall": 0.7916666746139527,
        "f1": 0.7906012262473032
      },
      "S11": {
        "accuracy": 0.7861111164093018,
        "precision": 0.785396832227707,
        "recall": 0.7833333373069763,
        "f1": 0.7843505530928695
      },
      "S13": {
        "accuracy": 0.8972222149372101,
        "precision": 0.8946696639060974,
        "recall": 0.8972222149372101,
        "f1": 0.8959284562054798
      },
      "S14": {
        "accuracy": 0.5777777761220932,
        "precision": 0.5805555522441864,
        "recall": 0.5805555522441864,
        "f1": 0.5805555522441864
      },
      "S15": {
        "accuracy": 0.8083333373069763,
        "precision": 0.8078571498394013,
        "recall": 0.8055555641651153,
        "f1": 0.8066901486642634
      },
      "S16": {
        "accuracy": 0.6611110985279083,
        "precision": 0.6611110985279083,
        "recall": 0.6611110985279083,
        "f1": 0.6611110985279083
      },
      "S17": {
        "accuracy": 0.7972222208976746,
        "precision": 0.8018113851547242,
        "recall": 0.7944444417953491,
        "f1": 0.7980393429087259
      },
      "average": {
        "accuracy": 0.7656212309996288,
        "precision": 0.7662750258048375,
        "recall": 0.7644777514537175,
        "f1": 0.7653547995549044
      }
    },
    "std": {
      "S2": {
        "accuracy": 0.16052705492176841,
        "precision": 0.15557441326281407,
        "recall": 0.15713823313423528,
        "f1": 0.15625220817698043
      },
      "S3": {
        "accuracy": 0.06799427464145189,
        "precision": 0.06799427464145189,
        "recall": 0.06799427464145189,
        "f1": 0.06799427464145189
      },
      "S4": {
        "accuracy": 0.15637619547451098,
        "precision": 0.1558007470598612,
        "recall": 0.15264857415593203,
        "f1": 0.15416173484552248
      },
      "S5": {
        "accuracy": 0.09375027785833118,
        "precision": 0.09098360150823155,
        "recall": 0.09214008306000618,
        "f1": 0.09145031049756751
      },
      "S6": {
        "accuracy": 0.06972573000677715,
        "precision": 0.06972573000677715,
        "recall": 0.06972573000677715,
        "f1": 0.06972573000677715
      },
      "S7": {
        "accuracy": 0.05119877811294574,
        "precision": 0.05119877811294574,
        "recall": 0.05119877811294574,
        "f1": 0.05119877811294574
      },
      "S8": {
        "accuracy": 0.1043280999730205,
        "precision": 0.10867769125211633,
        "recall": 0.1043280999730205,
        "f1": 0.10635795504602846
      },
      "S9": {
        "accuracy": 0.0572221637732923,
        "precision": 0.0572221637732923,
        "recall": 0.0572221637732923,
        "f1": 0.0572221637732923
      },
      "S10": {
        "accuracy": 0.07436286380707796,
        "precision": 0.07509263229158009,
        "recall": 0.07436286380707796,
        "f1": 0.07465970474166676
      },
      "S11": {
        "accuracy": 0.1031483111325403,
        "precision": 0.10345044812768137,
        "recall": 0.10459274778483793,
        "f1": 0.10398004478957366
      },
      "S13": {
        "accuracy": 0.041512056029358944,
        "precision": 0.03899417621906067,
        "recall": 0.041512056029358944,
        "f1": 0.040052767224996975
      },
      "S14": {
        "accuracy": 0.12477688845828586,
        "precision": 0.12033475078150056,
        "recall": 0.12033475078150056,
        "f1": 0.12033475078150056
      },
      "S15": {
        "accuracy": 0.044309201555753075,
        "precision": 0.044035418170725905,
        "recall": 0.0434297708473476,
        "f1": 0.04357772206982055
      },
      "S16": {
        "accuracy": 0.03884476226168366,
        "precision": 0.03884476226168366,
        "recall": 0.03884476226168366,
        "f1": 0.03884476226168366
      },
      "S17": {
        "accuracy": 0.14643101765320754,
        "precision": 0.14847308272935486,
        "recall": 0.1447527531969439,
        "f1": 0.1463320422768474
      },
      "average": {
        "accuracy": 0.055240232565871274,
        "precision": 0.055018916503061316,
        "recall": 0.055605369609257105,
        "f1": 0.05530342514957503
      }
    },
    "poor_ratio": 0.0
  }
}