{
  "real_subj_cnt": 15,
  "real_path": "stress_slurm/data/wesad_1hz.pickle",
  "sliding_windows": false,
  "syn_subj_cnt": 50,
  "gan_config": {
    "gan_mode": "CGAN",
    "path": "stress_slurm/data/100_subj_cGAN.csv",
    "eps": null
  },
  "privacy_config": {
    "l2_norm_clip": 1.0,
    "eps": null,
    "num_unique_windows": null,
    "delta": null,
    "noise_multiplier": null
  },
  "train_config": {
    "nn_mode": "Transformer",
    "epochs": 110,
    "batch_size": 50,
    "learning_rate": 0.0001,
    "eval_mode": "TSTR",
    "random_seed": 42,
    "data_noise_parameter": null
  },
  "results": {
    "num_runs": 10,
    "mean": {
      "S2": {
        "accuracy": 0.7558823525905609,
        "precision": 0.751512610912323,
        "recall": 0.7558823525905609,
        "f1": 0.7536658170017417
      },
      "S3": {
        "accuracy": 0.8529411613941192,
        "precision": 0.8480417609214783,
        "recall": 0.8529411673545837,
        "f1": 0.8504192540968039
      },
      "S4": {
        "accuracy": 0.9771428585052491,
        "precision": 0.9771428585052491,
        "recall": 0.9771428585052491,
        "f1": 0.9771428585052491
      },
      "S5": {
        "accuracy": 0.8142857253551483,
        "precision": 0.811405235528946,
        "recall": 0.8114285826683044,
        "f1": 0.811381923707982
      },
      "S6": {
        "accuracy": 0.954285717010498,
        "precision": 0.951587301492691,
        "recall": 0.954285717010498,
        "f1": 0.952917506305312
      },
      "S7": {
        "accuracy": 0.9285714328289032,
        "precision": 0.9259523868560791,
        "recall": 0.9285714328289032,
        "f1": 0.927243465868591
      },
      "S8": {
        "accuracy": 0.9657142877578735,
        "precision": 0.9627684414386749,
        "recall": 0.9628571450710297,
        "f1": 0.9627737453678507
      },
      "S9": {
        "accuracy": 0.9685714304447174,
        "precision": 0.9684033632278443,
        "recall": 0.9657142877578735,
        "f1": 0.9670393394399805
      },
      "S10": {
        "accuracy": 0.9694444358348846,
        "precision": 0.9668168067932129,
        "recall": 0.9694444358348846,
        "f1": 0.9681126238447927
      },
      "S11": {
        "accuracy": 0.8694444417953491,
        "precision": 0.8694444417953491,
        "recall": 0.8694444417953491,
        "f1": 0.8694444417953491
      },
      "S13": {
        "accuracy": 0.9444444298744201,
        "precision": 0.9447368323802948,
        "recall": 0.949999988079071,
        "f1": 0.9472972865345011
      },
      "S14": {
        "accuracy": 0.6972222208976746,
        "precision": 0.6912162184715271,
        "recall": 0.6972222208976746,
        "f1": 0.6941780827062889
      },
      "S15": {
        "accuracy": 0.9833333313465118,
        "precision": 0.983408409357071,
        "recall": 0.9861111104488373,
        "f1": 0.9847412482628256
      },
      "S16": {
        "accuracy": 0.8416666626930237,
        "precision": 0.8437301576137543,
        "recall": 0.8416666626930237,
        "f1": 0.8426838784789169
      },
      "S17": {
        "accuracy": 0.8111111104488373,
        "precision": 0.8130158722400666,
        "recall": 0.8083333313465119,
        "f1": 0.810641626144917
      },
      "average": {
        "accuracy": 0.8889374399185181,
        "precision": 0.887278846502304,
        "recall": 0.8887363823254903,
        "f1": 0.8879788732040735
      }
    },
    "std": {
      "S2": {
        "accuracy": 0.08324677765060552,
        "precision": 0.08317681255863658,
        "recall": 0.08324677765060552,
        "f1": 0.0830835041179124
      },
      "S3": {
        "accuracy": 0.060435431022475505,
        "precision": 0.060980331346490044,
        "recall": 0.062005443762657014,
        "f1": 0.06099572587657862
      },
      "S4": {
        "accuracy": 0.012046771320693105,
        "precision": 0.012046771320693105,
        "recall": 0.012046771320693105,
        "f1": 0.012046771320693105
      },
      "S5": {
        "accuracy": 0.09355657873020494,
        "precision": 0.09155484835721135,
        "recall": 0.0925330063054874,
        "f1": 0.0918448685594572
      },
      "S6": {
        "accuracy": 0.024093542641386228,
        "precision": 0.02346308770337219,
        "recall": 0.024093542641386228,
        "f1": 0.023390093904864313
      },
      "S7": {
        "accuracy": 0.04096345121097184,
        "precision": 0.040785463605916394,
        "recall": 0.04096345121097184,
        "f1": 0.04066302520501297
      },
      "S8": {
        "accuracy": 0.022537445449423935,
        "precision": 0.01952532907055844,
        "recall": 0.027105235471559505,
        "f1": 0.02273678660392251
      },
      "S9": {
        "accuracy": 0.009035078490519842,
        "precision": 0.009566553695844528,
        "recall": 0.01807015698103967,
        "f1": 0.013879975648143982
      },
      "S10": {
        "accuracy": 0.035741222607933644,
        "precision": 0.03647272175242985,
        "recall": 0.035741222607933644,
        "f1": 0.035874101763424475
      },
      "S11": {
        "accuracy": 0.0614887346745309,
        "precision": 0.0614887346745309,
        "recall": 0.0614887346745309,
        "f1": 0.0614887346745309
      },
      "S13": {
        "accuracy": 0.026189131458480633,
        "precision": 0.02620544964426249,
        "recall": 0.03153589588120469,
        "f1": 0.027699430358842415
      },
      "S14": {
        "accuracy": 0.09020059996273048,
        "precision": 0.08723084011999004,
        "recall": 0.09020059996273048,
        "f1": 0.08857518515248598
      },
      "S15": {
        "accuracy": 0.026835879207216463,
        "precision": 0.02680236929795793,
        "recall": 0.026995143496757783,
        "f1": 0.02655604069476495
      },
      "S16": {
        "accuracy": 0.12833346850542257,
        "precision": 0.12635007487688069,
        "recall": 0.12833346850542257,
        "f1": 0.12731780973719756
      },
      "S17": {
        "accuracy": 0.038844766997586745,
        "precision": 0.03863919194383526,
        "recall": 0.03574121437251912,
        "f1": 0.03686904465473825
      },
      "average": {
        "accuracy": 0.02482827023578426,
        "precision": 0.0234727236291712,
        "recall": 0.023994787220607234,
        "f1": 0.023693832266171222
      }
    },
    "poor_ratio": 0.0
  }
}