{
  "real_subj_cnt": 15,
  "real_path": "stress_slurm/data/wesad_1hz.pickle",
  "sliding_windows": false,
  "syn_subj_cnt": 10,
  "gan_config": {
    "gan_mode": "CGAN",
    "path": "stress_slurm/data/100_subj_cGAN.csv",
    "eps": null
  },
  "privacy_config": {
    "l2_norm_clip": 1.0,
    "eps": null,
    "num_unique_windows": null,
    "delta": null,
    "noise_multiplier": null
  },
  "train_config": {
    "nn_mode": "Transformer",
    "epochs": 110,
    "batch_size": 50,
    "learning_rate": 0.0001,
    "eval_mode": "TSTR",
    "random_seed": 42,
    "data_noise_parameter": null
  },
  "results": {
    "num_runs": 10,
    "mean": {
      "S2": {
        "accuracy": 0.7882352948188782,
        "precision": 0.7829946517944336,
        "recall": 0.7735294103622437,
        "f1": 0.7778449131114211
      },
      "S3": {
        "accuracy": 0.7823529422283173,
        "precision": 0.7860851168632508,
        "recall": 0.7823529422283173,
        "f1": 0.7837496353634211
      },
      "S4": {
        "accuracy": 0.9771428585052491,
        "precision": 0.9853372991085052,
        "recall": 0.9742857158184052,
        "f1": 0.9795711926424573
      },
      "S5": {
        "accuracy": 0.8228571534156799,
        "precision": 0.8110993206501007,
        "recall": 0.8200000107288361,
        "f1": 0.8153723124088804
      },
      "S6": {
        "accuracy": 0.954285717010498,
        "precision": 0.9542016804218292,
        "recall": 0.9514285743236541,
        "f1": 0.9527950324235507
      },
      "S7": {
        "accuracy": 0.8971428632736206,
        "precision": 0.9019773423671722,
        "recall": 0.8971428632736206,
        "f1": 0.8994514804902144
      },
      "S8": {
        "accuracy": 0.954285717010498,
        "precision": 0.9598319351673126,
        "recall": 0.954285717010498,
        "f1": 0.9570186361047656
      },
      "S9": {
        "accuracy": 0.9400000035762787,
        "precision": 0.9403968274593353,
        "recall": 0.9428571462631226,
        "f1": 0.9416096606630108
      },
      "S10": {
        "accuracy": 0.9472222268581391,
        "precision": 0.9547706782817841,
        "recall": 0.95,
        "f1": 0.9522086553550857
      },
      "S11": {
        "accuracy": 0.7916666686534881,
        "precision": 0.7854700922966004,
        "recall": 0.797222226858139,
        "f1": 0.7911111169338226
      },
      "S13": {
        "accuracy": 0.9277777731418609,
        "precision": 0.9280701756477356,
        "recall": 0.9305555522441864,
        "f1": 0.9292221784166556
      },
      "S14": {
        "accuracy": 0.6916666716337204,
        "precision": 0.703077855706215,
        "recall": 0.7027777820825577,
        "f1": 0.7022612539865631
      },
      "S15": {
        "accuracy": 0.9694444477558136,
        "precision": 0.9694444477558136,
        "recall": 0.9694444477558136,
        "f1": 0.9694444477558136
      },
      "S16": {
        "accuracy": 0.8194444417953491,
        "precision": 0.8177627623081207,
        "recall": 0.8166666686534881,
        "f1": 0.8171527650791977
      },
      "S17": {
        "accuracy": 0.7277777850627899,
        "precision": 0.7352651596069336,
        "recall": 0.7027777850627899,
        "f1": 0.717565682256141
      },
      "average": {
        "accuracy": 0.8660868376493454,
        "precision": 0.8677190230290094,
        "recall": 0.8643551228443782,
        "f1": 0.8657585975327333
      }
    },
    "std": {
      "S2": {
        "accuracy": 0.12462939727880681,
        "precision": 0.12685434127045386,
        "recall": 0.11268113672445372,
        "f1": 0.11815587128774847
      },
      "S3": {
        "accuracy": 0.11781034412454561,
        "precision": 0.09897047387738987,
        "recall": 0.12872663261046707,
        "f1": 0.11347525493004072
      },
      "S4": {
        "accuracy": 0.044262664175538514,
        "precision": 0.025075555063072224,
        "recall": 0.04353953816926956,
        "f1": 0.032937611145202425
      },
      "S5": {
        "accuracy": 0.1276332538610435,
        "precision": 0.12767302910395034,
        "recall": 0.12851849996689388,
        "f1": 0.1276395210024962
      },
      "S6": {
        "accuracy": 0.03614031396207935,
        "precision": 0.0360969738495734,
        "recall": 0.0357618709265569,
        "f1": 0.03565887992878432
      },
      "S7": {
        "accuracy": 0.040852589164095246,
        "precision": 0.029296896064981794,
        "recall": 0.04301557759087626,
        "f1": 0.035614517003117054
      },
      "S8": {
        "accuracy": 0.033536792023258946,
        "precision": 0.03363631141142508,
        "recall": 0.033536792023258946,
        "f1": 0.03307264840615343
      },
      "S9": {
        "accuracy": 0.052940728690914284,
        "precision": 0.05226116594379549,
        "recall": 0.04856208771111941,
        "f1": 0.050321460893944354
      },
      "S10": {
        "accuracy": 0.06605946882959864,
        "precision": 0.050756662049552925,
        "recall": 0.06521042498458059,
        "f1": 0.05739004379003777
      },
      "S11": {
        "accuracy": 0.06579940483151207,
        "precision": 0.07251817516027825,
        "recall": 0.06148873497371619,
        "f1": 0.06630353873373909
      },
      "S13": {
        "accuracy": 0.039717793167933245,
        "precision": 0.0419601682814631,
        "recall": 0.043920520963605617,
        "f1": 0.041698187858219896
      },
      "S14": {
        "accuracy": 0.14955924944995605,
        "precision": 0.15068870335949777,
        "recall": 0.15273568397519935,
        "f1": 0.14998473204239043
      },
      "S15": {
        "accuracy": 0.040253817439787114,
        "precision": 0.040253817439787114,
        "recall": 0.040253817439787114,
        "f1": 0.040253817439787114
      },
      "S16": {
        "accuracy": 0.16210315442813436,
        "precision": 0.16353618630280378,
        "recall": 0.15833062241290685,
        "f1": 0.1607821467791186
      },
      "S17": {
        "accuracy": 0.10540925045226132,
        "precision": 0.11292932913857112,
        "recall": 0.09263887284145207,
        "f1": 0.09708120143715684
      },
      "average": {
        "accuracy": 0.024625102430689334,
        "precision": 0.026878824988891683,
        "recall": 0.025633202766144704,
        "f1": 0.025712485851646583
      }
    },
    "poor_ratio": 0.0
  }
}