{
  "real_subj_cnt": 15,
  "real_path": "stress_slurm/data/wesad_1hz.pickle",
  "sliding_windows": false,
  "syn_subj_cnt": 15,
  "gan_config": {
    "gan_mode": "CGAN",
    "path": "stress_slurm/data/100_subj_cGAN.csv",
    "eps": null
  },
  "privacy_config": {
    "l2_norm_clip": 1.0,
    "eps": null,
    "num_unique_windows": null,
    "delta": null,
    "noise_multiplier": null
  },
  "train_config": {
    "nn_mode": "Transformer",
    "epochs": 110,
    "batch_size": 50,
    "learning_rate": 0.0001,
    "eval_mode": "TSTR",
    "random_seed": 42,
    "data_noise_parameter": null
  },
  "results": {
    "num_runs": 10,
    "mean": {
      "S2": {
        "accuracy": 0.7794117569923401,
        "precision": 0.7728118360042572,
        "recall": 0.7852941155433655,
        "f1": 0.7786248024869338
      },
      "S3": {
        "accuracy": 0.7794117748737335,
        "precision": 0.7781639993190765,
        "recall": 0.7735294163227081,
        "f1": 0.7758121213660152
      },
      "S4": {
        "accuracy": 0.9485714316368103,
        "precision": 0.9485714316368103,
        "recall": 0.9457142889499665,
        "f1": 0.9471221563621268
      },
      "S5": {
        "accuracy": 0.8457142949104309,
        "precision": 0.8474688112735749,
        "recall": 0.8371428668498992,
        "f1": 0.8421909710532052
      },
      "S6": {
        "accuracy": 0.954285717010498,
        "precision": 0.9542016804218292,
        "recall": 0.9514285743236541,
        "f1": 0.9527950324235507
      },
      "S7": {
        "accuracy": 0.9142857193946838,
        "precision": 0.9142857193946838,
        "recall": 0.9142857193946838,
        "f1": 0.9142857193946838
      },
      "S8": {
        "accuracy": 0.9714285731315613,
        "precision": 0.9688095211982727,
        "recall": 0.9742857158184052,
        "f1": 0.9715090537279331
      },
      "S9": {
        "accuracy": 0.9628571450710297,
        "precision": 0.9628571450710297,
        "recall": 0.9628571450710297,
        "f1": 0.9628571450710297
      },
      "S10": {
        "accuracy": 0.977777773141861,
        "precision": 0.9753753662109375,
        "recall": 0.9777777671813965,
        "f1": 0.9765215241766135
      },
      "S11": {
        "accuracy": 0.7694444358348846,
        "precision": 0.7713786840438843,
        "recall": 0.7666666567325592,
        "f1": 0.7687452145404781
      },
      "S13": {
        "accuracy": 0.9583333194255829,
        "precision": 0.9557056903839112,
        "recall": 0.9583333194255829,
        "f1": 0.957001507435491
      },
      "S14": {
        "accuracy": 0.6833333253860474,
        "precision": 0.6949833452701568,
        "recall": 0.6888888776302338,
        "f1": 0.6914515766649968
      },
      "S15": {
        "accuracy": 0.9861111104488373,
        "precision": 0.9861111104488373,
        "recall": 0.9861111104488373,
        "f1": 0.9861111104488373
      },
      "S16": {
        "accuracy": 0.8222222268581391,
        "precision": 0.8223209023475647,
        "recall": 0.8277777850627899,
        "f1": 0.8249866101512658
      },
      "S17": {
        "accuracy": 0.8111111164093018,
        "precision": 0.8185042381286621,
        "recall": 0.8055555522441864,
        "f1": 0.8117747971136661
      },
      "average": {
        "accuracy": 0.8776199813683828,
        "precision": 0.8781032987435659,
        "recall": 0.8770432607332866,
        "f1": 0.8774526228277886
      }
    },
    "std": {
      "S2": {
        "accuracy": 0.09429109530358812,
        "precision": 0.09636734396089433,
        "recall": 0.09202117598571422,
        "f1": 0.09248355889076498
      },
      "S3": {
        "accuracy": 0.10672323730868903,
        "precision": 0.1079428986598984,
        "recall": 0.106542961817734,
        "f1": 0.10711830641938659
      },
      "S4": {
        "accuracy": 0.09408829180316498,
        "precision": 0.09408829180316498,
        "recall": 0.09277773830207309,
        "f1": 0.09331655368992256
      },
      "S5": {
        "accuracy": 0.10450183548050163,
        "precision": 0.10706289048219342,
        "recall": 0.10173104302760712,
        "f1": 0.10395447249962435
      },
      "S6": {
        "accuracy": 0.027602620728449666,
        "precision": 0.027545850847228475,
        "recall": 0.02710523547155951,
        "f1": 0.02696920643208525
      },
      "S7": {
        "accuracy": 0.02693739958246472,
        "precision": 0.02693739958246472,
        "recall": 0.02693739958246472,
        "f1": 0.02693739958246472
      },
      "S8": {
        "accuracy": 0.026937399582464723,
        "precision": 0.028266178503301705,
        "recall": 0.028412253335404872,
        "f1": 0.027744103271834297
      },
      "S9": {
        "accuracy": 0.02710523547155951,
        "precision": 0.02710523547155951,
        "recall": 0.02710523547155951,
        "f1": 0.02710523547155951
      },
      "S10": {
        "accuracy": 0.028688765099969163,
        "precision": 0.0299293527616131,
        "recall": 0.021911417052245506,
        "f1": 0.02515685780050852
      },
      "S11": {
        "accuracy": 0.09263887601877895,
        "precision": 0.08847907010368382,
        "recall": 0.09091064609610801,
        "f1": 0.0884057616337422
      },
      "S13": {
        "accuracy": 0.026995150311502722,
        "precision": 0.026770932342745725,
        "recall": 0.026995150311502722,
        "f1": 0.026558803847574305
      },
      "S14": {
        "accuracy": 0.14475274709666736,
        "precision": 0.13950703747974175,
        "recall": 0.1334104739037023,
        "f1": 0.13544267757768197
      },
      "S15": {
        "accuracy": 0.043920525152187896,
        "precision": 0.043920525152187896,
        "recall": 0.043920525152187896,
        "f1": 0.043920525152187896
      },
      "S16": {
        "accuracy": 0.15778820169567226,
        "precision": 0.15082507695847755,
        "recall": 0.15702567145449636,
        "f1": 0.15378151427223116
      },
      "S17": {
        "accuracy": 0.06651217015555809,
        "precision": 0.06072769396517763,
        "recall": 0.07522257455989405,
        "f1": 0.06722366558502273
      },
      "average": {
        "accuracy": 0.03038659945411406,
        "precision": 0.03087572080225066,
        "recall": 0.027017580392180152,
        "f1": 0.028759985663550234
      }
    },
    "poor_ratio": 0.0
  }
}