{
  "real_subj_cnt": 15,
  "real_path": "stress_slurm/data/wesad_1hz.pickle",
  "sliding_windows": false,
  "syn_subj_cnt": 10,
  "gan_config": {
    "gan_mode": "DPCGAN-e-10",
    "path": "stress_slurm/data/100_subj_DP-cGAN-e-10.csv",
    "eps": 10
  },
  "privacy_config": {
    "l2_norm_clip": 1.0,
    "eps": null,
    "num_unique_windows": null,
    "delta": null,
    "noise_multiplier": null
  },
  "train_config": {
    "nn_mode": "Transformer",
    "epochs": 110,
    "batch_size": 50,
    "learning_rate": 0.0001,
    "eval_mode": "TSTR",
    "random_seed": 42,
    "data_noise_parameter": null
  },
  "results": {
    "num_runs": 10,
    "mean": {
      "S2": {
        "accuracy": 0.6735294044017792,
        "precision": 0.6735294044017792,
        "recall": 0.6735294044017792,
        "f1": 0.6735294044017792
      },
      "S3": {
        "accuracy": 0.6764705777168274,
        "precision": 0.6764705777168274,
        "recall": 0.6764705777168274,
        "f1": 0.6764705777168274
      },
      "S4": {
        "accuracy": 0.9685714304447174,
        "precision": 0.9685714304447174,
        "recall": 0.9685714304447174,
        "f1": 0.9685714304447174
      },
      "S5": {
        "accuracy": 0.7657142996788024,
        "precision": 0.7657142996788024,
        "recall": 0.7657142996788024,
        "f1": 0.7657142996788024
      },
      "S6": {
        "accuracy": 0.9714285731315613,
        "precision": 0.9714285731315613,
        "recall": 0.9714285731315613,
        "f1": 0.9714285731315613
      },
      "S7": {
        "accuracy": 0.8942857205867767,
        "precision": 0.8942857205867767,
        "recall": 0.8942857205867767,
        "f1": 0.8942857205867767
      },
      "S8": {
        "accuracy": 0.8828571498394012,
        "precision": 0.8828571498394012,
        "recall": 0.8828571498394012,
        "f1": 0.8828571498394012
      },
      "S9": {
        "accuracy": 0.9714285731315613,
        "precision": 0.9714285731315613,
        "recall": 0.9714285731315613,
        "f1": 0.9714285731315613
      },
      "S10": {
        "accuracy": 0.9194444417953491,
        "precision": 0.9194444417953491,
        "recall": 0.9194444417953491,
        "f1": 0.9194444417953491
      },
      "S11": {
        "accuracy": 0.6944444179534912,
        "precision": 0.6944444179534912,
        "recall": 0.6944444179534912,
        "f1": 0.6944444179534912
      },
      "S13": {
        "accuracy": 0.9722222089767456,
        "precision": 0.9722222089767456,
        "recall": 0.9722222089767456,
        "f1": 0.9722222089767456
      },
      "S14": {
        "accuracy": 0.6944444179534912,
        "precision": 0.6944444179534912,
        "recall": 0.6944444179534912,
        "f1": 0.6944444179534912
      },
      "S15": {
        "accuracy": 1.0,
        "precision": 1.0,
        "recall": 1.0,
        "f1": 1.0
      },
      "S16": {
        "accuracy": 0.7750000119209289,
        "precision": 0.7750000119209289,
        "recall": 0.7750000119209289,
        "f1": 0.7750000119209289
      },
      "S17": {
        "accuracy": 0.6999999761581421,
        "precision": 0.6999999761581421,
        "recall": 0.6999999761581421,
        "f1": 0.6999999761581421
      },
      "average": {
        "accuracy": 0.8373227469126384,
        "precision": 0.8373227469126384,
        "recall": 0.8373227469126384,
        "f1": 0.8373227469126384
      }
    },
    "std": {
      "S2": {
        "accuracy": 0.009300806668860342,
        "precision": 0.009300806668860342,
        "recall": 0.009300806668860342,
        "f1": 0.009300806668860342
      },
      "S3": {
        "accuracy": 0.0,
        "precision": 0.0,
        "recall": 0.0,
        "f1": 0.0
      },
      "S4": {
        "accuracy": 0.009035078490519842,
        "precision": 0.009035078490519842,
        "recall": 0.009035078490519842,
        "f1": 0.009035078490519842
      },
      "S5": {
        "accuracy": 0.012046771320693123,
        "precision": 0.012046771320693123,
        "recall": 0.012046771320693123,
        "f1": 0.012046771320693123
      },
      "S6": {
        "accuracy": 0.0,
        "precision": 0.0,
        "recall": 0.0,
        "f1": 0.0
      },
      "S7": {
        "accuracy": 0.013801310364224838,
        "precision": 0.013801310364224838,
        "recall": 0.013801310364224838,
        "f1": 0.013801310364224838
      },
      "S8": {
        "accuracy": 0.009035078490519842,
        "precision": 0.009035078490519842,
        "recall": 0.009035078490519842,
        "f1": 0.009035078490519842
      },
      "S9": {
        "accuracy": 0.0,
        "precision": 0.0,
        "recall": 0.0,
        "f1": 0.0
      },
      "S10": {
        "accuracy": 0.04430920155575306,
        "precision": 0.04430920155575306,
        "recall": 0.04430920155575306,
        "f1": 0.04430920155575306
      },
      "S11": {
        "accuracy": 0.0,
        "precision": 0.0,
        "recall": 0.0,
        "f1": 0.0
      },
      "S13": {
        "accuracy": 0.0,
        "precision": 0.0,
        "recall": 0.0,
        "f1": 0.0
      },
      "S14": {
        "accuracy": 0.0,
        "precision": 0.0,
        "recall": 0.0,
        "f1": 0.0
      },
      "S15": {
        "accuracy": 0.0,
        "precision": 0.0,
        "recall": 0.0,
        "f1": 0.0
      },
      "S16": {
        "accuracy": 0.008784108800166309,
        "precision": 0.008784108800166309,
        "recall": 0.008784108800166309,
        "f1": 0.008784108800166309
      },
      "S17": {
        "accuracy": 0.011712145066888412,
        "precision": 0.011712145066888412,
        "recall": 0.011712145066888412,
        "f1": 0.011712145066888412
      },
      "average": {
        "accuracy": 0.004230743787398421,
        "precision": 0.004230743787398421,
        "recall": 0.004230743787398421,
        "f1": 0.004230743787398421
      }
    },
    "poor_ratio": 0.0
  }
}