{
  "real_subj_cnt": 15,
  "real_path": "stress_slurm/data/wesad_1hz.pickle",
  "sliding_windows": false,
  "syn_subj_cnt": 5,
  "gan_config": {
    "gan_mode": "CGAN",
    "path": "stress_slurm/data/100_subj_cGAN.csv",
    "eps": null
  },
  "privacy_config": {
    "l2_norm_clip": 1.0,
    "eps": null,
    "num_unique_windows": null,
    "delta": null,
    "noise_multiplier": null
  },
  "train_config": {
    "nn_mode": "Transformer",
    "epochs": 110,
    "batch_size": 50,
    "learning_rate": 0.0001,
    "eval_mode": "TSTR",
    "random_seed": 42
  },
  "results": {
    "num_runs": 10,
    "mean": {
      "S2": {
        "accuracy": 0.7411764740943909,
        "precision": 0.7374716997146606,
        "recall": 0.7411764740943909,
        "f1": 0.7391744707246218
      },
      "S3": {
        "accuracy": 0.7058823525905609,
        "precision": 0.7041403651237488,
        "recall": 0.7205882370471954,
        "f1": 0.7120762981997563
      },
      "S4": {
        "accuracy": 0.9914285719394684,
        "precision": 0.9942857146263122,
        "recall": 0.9885714292526245,
        "f1": 0.9913445383361879
      },
      "S5": {
        "accuracy": 0.8400000095367431,
        "precision": 0.8534301102161408,
        "recall": 0.8342857241630555,
        "f1": 0.8434169344641758
      },
      "S6": {
        "accuracy": 0.9628571450710297,
        "precision": 0.9630158722400666,
        "recall": 0.9657142877578735,
        "f1": 0.9643460770526875
      },
      "S7": {
        "accuracy": 0.8771428644657135,
        "precision": 0.878253972530365,
        "recall": 0.8828571498394012,
        "f1": 0.8805231444243518
      },
      "S8": {
        "accuracy": 0.9142857193946838,
        "precision": 0.9144210994243622,
        "recall": 0.9142857193946838,
        "f1": 0.914278717141336
      },
      "S9": {
        "accuracy": 0.9714285731315613,
        "precision": 0.9714285731315613,
        "recall": 0.9714285731315613,
        "f1": 0.9714285731315613
      },
      "S10": {
        "accuracy": 1.0,
        "precision": 0.9947368443012238,
        "recall": 1.0,
        "f1": 0.99729729845543
      },
      "S11": {
        "accuracy": 0.7861111104488373,
        "precision": 0.7893339335918427,
        "recall": 0.7888888895511628,
        "f1": 0.7887640718827252
      },
      "S13": {
        "accuracy": 0.8861111223697662,
        "precision": 0.8829279363155365,
        "recall": 0.8833333432674408,
        "f1": 0.8830969928720787
      },
      "S14": {
        "accuracy": 0.7777777731418609,
        "precision": 0.7744766414165497,
        "recall": 0.7944444477558136,
        "f1": 0.7839643136221429
      },
      "S15": {
        "accuracy": 0.9833333313465118,
        "precision": 0.9833333313465118,
        "recall": 0.9833333313465118,
        "f1": 0.9833333313465118
      },
      "S16": {
        "accuracy": 0.977777773141861,
        "precision": 0.9887254893779754,
        "recall": 0.9666666686534882,
        "f1": 0.9772128858383272
      },
      "S17": {
        "accuracy": 0.5888888955116272,
        "precision": 0.590390396118164,
        "recall": 0.5972222238779068,
        "f1": 0.5936864574118219
      },
      "average": {
        "accuracy": 0.8669467810789744,
        "precision": 0.8680247986316681,
        "recall": 0.8688530999422074,
        "f1": 0.8682629403269144
      }
    },
    "std": {
      "S2": {
        "accuracy": 0.06904634046801161,
        "precision": 0.07335530179897302,
        "recall": 0.06904634046801161,
        "f1": 0.07036851205671397
      },
      "S3": {
        "accuracy": 0.05369829400566743,
        "precision": 0.053423222968054004,
        "recall": 0.057585006479939777,
        "f1": 0.05406718118113663
      },
      "S4": {
        "accuracy": 0.013801310364224838,
        "precision": 0.01204677132069311,
        "recall": 0.019977310202976627,
        "f1": 0.013938493850639496
      },
      "S5": {
        "accuracy": 0.07401660217007769,
        "precision": 0.08929832968450752,
        "recall": 0.06972573000677715,
        "f1": 0.0773407692178807
      },
      "S6": {
        "accuracy": 0.013801310364224838,
        "precision": 0.013552622273418696,
        "recall": 0.01204677132069311,
        "f1": 0.012102503932396378
      },
      "S7": {
        "accuracy": 0.05395891287604672,
        "precision": 0.05183457377530375,
        "recall": 0.04557518247971832,
        "f1": 0.04860632795734207
      },
      "S8": {
        "accuracy": 0.03299144198724961,
        "precision": 0.026032084219851336,
        "recall": 0.02693739958246473,
        "f1": 0.025009893013441677
      },
      "S9": {
        "accuracy": 0.0,
        "precision": 0.0,
        "recall": 0.0,
        "f1": 0.0
      },
      "S10": {
        "accuracy": 0.0,
        "precision": 0.01664355968822802,
        "recall": 0.0,
        "f1": 0.008546692716496591
      },
      "S11": {
        "accuracy": 0.06007825642798876,
        "precision": 0.061203861274256074,
        "recall": 0.06441677273636294,
        "f1": 0.06026847188391447
      },
      "S13": {
        "accuracy": 0.06605946771566386,
        "precision": 0.06347734906929704,
        "recall": 0.07027282903903073,
        "f1": 0.06671743534311736
      },
      "S14": {
        "accuracy": 0.07522257700550243,
        "precision": 0.07672866203849844,
        "recall": 0.06829291891280573,
        "f1": 0.07069942181686432
      },
      "S15": {
        "accuracy": 0.035136417399168986,
        "precision": 0.035136417399168986,
        "recall": 0.035136417399168986,
        "f1": 0.035136417399168986
      },
      "S16": {
        "accuracy": 0.031535902881414495,
        "precision": 0.026953352272408165,
        "recall": 0.04498132046470988,
        "f1": 0.03213471012926436
      },
      "S17": {
        "accuracy": 0.08666192385927245,
        "precision": 0.08396946420575692,
        "recall": 0.08905270771913518,
        "f1": 0.0859714682651521
      },
      "average": {
        "accuracy": 0.011550951374031702,
        "precision": 0.013171862413860671,
        "recall": 0.009860410670209447,
        "f1": 0.011065953852225035
      }
    },
    "poor_ratio": 0.0
  }
}