{
  "real_subj_cnt": 15,
  "real_path": "stress_slurm/data/wesad_1hz.pickle",
  "sliding_windows": false,
  "syn_subj_cnt": 10,
  "gan_config": {
    "gan_mode": "DPCGAN-e-10",
    "path": "stress_slurm/data/100_subj_DP-cGAN-e-10.csv",
    "eps": 10
  },
  "privacy_config": {
    "l2_norm_clip": 1.0,
    "eps": null,
    "num_unique_windows": null,
    "delta": null,
    "noise_multiplier": null
  },
  "train_config": {
    "nn_mode": "Transformer",
    "epochs": 110,
    "batch_size": 50,
    "learning_rate": 0.0001,
    "eval_mode": "TSTR",
    "random_seed": 42,
    "data_noise_parameter": null
  },
  "results": {
    "num_runs": 10,
    "mean": {
      "S2": {
        "accuracy": 0.6529411792755127,
        "precision": 0.6579044163227081,
        "recall": 0.6529411792755127,
        "f1": 0.6553475972104226
      },
      "S3": {
        "accuracy": 0.7323529452085495,
        "precision": 0.7293103486299515,
        "recall": 0.717647060751915,
        "f1": 0.7230158757317964
      },
      "S4": {
        "accuracy": 0.8971428602933884,
        "precision": 0.8970588237047196,
        "recall": 0.8942857176065445,
        "f1": 0.895652175706441
      },
      "S5": {
        "accuracy": 0.4771428644657135,
        "precision": 0.4931428611278534,
        "recall": 0.47142857909202573,
        "f1": 0.4804761969380908
      },
      "S6": {
        "accuracy": 0.6971428722143174,
        "precision": 0.696554633975029,
        "recall": 0.6942857295274735,
        "f1": 0.6954037404372095
      },
      "S7": {
        "accuracy": 0.3571428656578064,
        "precision": 0.3571428656578064,
        "recall": 0.3571428656578064,
        "f1": 0.3571428656578064
      },
      "S8": {
        "accuracy": 0.6742857307195663,
        "precision": 0.6742857307195663,
        "recall": 0.6742857307195663,
        "f1": 0.6742857307195663
      },
      "S9": {
        "accuracy": 0.7142857313156128,
        "precision": 0.7155462324619293,
        "recall": 0.7114285886287689,
        "f1": 0.7134575725703448
      },
      "S10": {
        "accuracy": 0.9277777791023254,
        "precision": 0.9277777791023254,
        "recall": 0.9277777791023254,
        "f1": 0.9277777791023254
      },
      "S11": {
        "accuracy": 0.4638888895511627,
        "precision": 0.4686868667602539,
        "recall": 0.4638888895511627,
        "f1": 0.4661835743596738
      },
      "S13": {
        "accuracy": 0.5916666597127914,
        "precision": 0.5916666597127914,
        "recall": 0.5916666597127914,
        "f1": 0.5916666597127914
      },
      "S14": {
        "accuracy": 0.6472222089767456,
        "precision": 0.6222222119569778,
        "recall": 0.5999999895691872,
        "f1": 0.607407397031784
      },
      "S15": {
        "accuracy": 0.7861111164093018,
        "precision": 0.7856349289417267,
        "recall": 0.7833333432674408,
        "f1": 0.7844679277665888
      },
      "S16": {
        "accuracy": 0.8944444417953491,
        "precision": 0.893996411561966,
        "recall": 0.8805555522441864,
        "f1": 0.8867744573215834
      },
      "S17": {
        "accuracy": 0.21111111640930175,
        "precision": 0.21481481790542603,
        "recall": 0.2055555611848831,
        "f1": 0.20952381424757896
      },
      "average": {
        "accuracy": 0.648310617407163,
        "precision": 0.6483830392360688,
        "recall": 0.6417482150594394,
        "f1": 0.6445722243009336
      }
    },
    "std": {
      "S2": {
        "accuracy": 0.10074691347383324,
        "precision": 0.10933147554876584,
        "recall": 0.10074691347383324,
        "f1": 0.10470340770375015
      },
      "S3": {
        "accuracy": 0.12201845893835804,
        "precision": 0.11985242759601268,
        "recall": 0.11862339920167879,
        "f1": 0.1177645460940475
      },
      "S4": {
        "accuracy": 0.17100476602340733,
        "precision": 0.17096440541168823,
        "recall": 0.16986055267352554,
        "f1": 0.17034896579593964
      },
      "S5": {
        "accuracy": 0.07624998289263911,
        "precision": 0.1128818518067451,
        "recall": 0.0676793886255106,
        "f1": 0.0826754119566573
      },
      "S6": {
        "accuracy": 0.12432128790988627,
        "precision": 0.12379332946188308,
        "recall": 0.12200145124276901,
        "f1": 0.12283530680697133
      },
      "S7": {
        "accuracy": 0.02776643593949278,
        "precision": 0.02776643593949278,
        "recall": 0.02776643593949278,
        "f1": 0.02776643593949278
      },
      "S8": {
        "accuracy": 0.11757180618498161,
        "precision": 0.11757180618498161,
        "recall": 0.11757180618498161,
        "f1": 0.11757180618498161
      },
      "S9": {
        "accuracy": 0.08624175807994669,
        "precision": 0.08374670101224362,
        "recall": 0.08351679985398672,
        "f1": 0.08351601153015356
      },
      "S10": {
        "accuracy": 0.14296487499031674,
        "precision": 0.14296487499031674,
        "recall": 0.14296487499031674,
        "f1": 0.14296487499031674
      },
      "S11": {
        "accuracy": 0.0628675752255231,
        "precision": 0.06974046384279747,
        "recall": 0.0628675752255231,
        "f1": 0.06580863504534082
      },
      "S13": {
        "accuracy": 0.06553829498133688,
        "precision": 0.06553829498133688,
        "recall": 0.06553829498133688,
        "f1": 0.06553829498133688
      },
      "S14": {
        "accuracy": 0.06553828277095618,
        "precision": 0.08900454638346554,
        "recall": 0.14710278675232732,
        "f1": 0.12636994355002787
      },
      "S15": {
        "accuracy": 0.08389725751057102,
        "precision": 0.08361248172169934,
        "recall": 0.0826100205604739,
        "f1": 0.08302600329269863
      },
      "S16": {
        "accuracy": 0.09514986489501803,
        "precision": 0.09475266110617675,
        "recall": 0.0926388732386189,
        "f1": 0.0911926930166464
      },
      "S17": {
        "accuracy": 0.07545018156123533,
        "precision": 0.08267918480327596,
        "recall": 0.0670257826892963,
        "f1": 0.07271042605530459
      },
      "average": {
        "accuracy": 0.08887665518111759,
        "precision": 0.08875400341604903,
        "recall": 0.08442874519488013,
        "f1": 0.0856861939976847
      }
    },
    "poor_ratio": 0.0
  }
}