{
  "real_subj_cnt": 15,
  "real_path": "stress_slurm/data/wesad_1hz.pickle",
  "sliding_windows": false,
  "syn_subj_cnt": 5,
  "gan_config": {
    "gan_mode": "DPCGAN-e-10",
    "path": "stress_slurm/data/100_subj_DP-cGAN-e-10.csv",
    "eps": 10
  },
  "privacy_config": {
    "l2_norm_clip": 1.0,
    "eps": null,
    "num_unique_windows": null,
    "delta": null,
    "noise_multiplier": null
  },
  "train_config": {
    "nn_mode": "Transformer",
    "epochs": 110,
    "batch_size": 50,
    "learning_rate": 0.0001,
    "eval_mode": "TSTR",
    "random_seed": 42,
    "data_noise_parameter": null
  },
  "results": {
    "num_runs": 10,
    "mean": {
      "S2": {
        "accuracy": 0.6911764740943909,
        "precision": 0.6911764740943909,
        "recall": 0.6911764740943909,
        "f1": 0.6911764740943909
      },
      "S3": {
        "accuracy": 0.7264705806970596,
        "precision": 0.7244206696748734,
        "recall": 0.7235294044017792,
        "f1": 0.7239683858076005
      },
      "S4": {
        "accuracy": 0.8285714328289032,
        "precision": 0.8303174644708633,
        "recall": 0.8314285755157471,
        "f1": 0.8308651952682282
      },
      "S5": {
        "accuracy": 0.5428571611642837,
        "precision": 0.5415079534053803,
        "recall": 0.5428571611642837,
        "f1": 0.5421730558116907
      },
      "S6": {
        "accuracy": 0.7400000125169754,
        "precision": 0.7419327825307847,
        "recall": 0.7400000125169754,
        "f1": 0.7409523919666046
      },
      "S7": {
        "accuracy": 0.3828571498394012,
        "precision": 0.3828571498394012,
        "recall": 0.3828571498394012,
        "f1": 0.3828571498394012
      },
      "S8": {
        "accuracy": 0.7257143020629883,
        "precision": 0.7257143020629883,
        "recall": 0.7257143020629883,
        "f1": 0.7257143020629883
      },
      "S9": {
        "accuracy": 0.8028571546077728,
        "precision": 0.8028571546077728,
        "recall": 0.8028571546077728,
        "f1": 0.8028571546077728
      },
      "S10": {
        "accuracy": 0.9138888895511628,
        "precision": 0.9138888895511628,
        "recall": 0.9138888895511628,
        "f1": 0.9138888895511628
      },
      "S11": {
        "accuracy": 0.5722222208976746,
        "precision": 0.5722222208976746,
        "recall": 0.5722222208976746,
        "f1": 0.5722222208976746
      },
      "S13": {
        "accuracy": 0.669444453716278,
        "precision": 0.6691269934177398,
        "recall": 0.6666666746139527,
        "f1": 0.667879507817628
      },
      "S14": {
        "accuracy": 0.6361111044883728,
        "precision": 0.6340476125478745,
        "recall": 0.6333333253860474,
        "f1": 0.6336854387656301
      },
      "S15": {
        "accuracy": 0.7583333224058151,
        "precision": 0.7602941066026687,
        "recall": 0.7583333224058151,
        "f1": 0.7592857033038626
      },
      "S16": {
        "accuracy": 0.9166666567325592,
        "precision": 0.9147058725357056,
        "recall": 0.9111110985279083,
        "f1": 0.9128571315784842
      },
      "S17": {
        "accuracy": 0.3166666716337204,
        "precision": 0.3148412764072418,
        "recall": 0.3138888955116272,
        "f1": 0.3143583790523101
      },
      "average": {
        "accuracy": 0.6815891724824905,
        "precision": 0.6813273948431016,
        "recall": 0.6806576440731684,
        "f1": 0.6809827586950286
      }
    },
    "std": {
      "S2": {
        "accuracy": 0.12342821493914706,
        "precision": 0.12342821493914706,
        "recall": 0.12342821493914706,
        "f1": 0.12342821493914706
      },
      "S3": {
        "accuracy": 0.18758567376857943,
        "precision": 0.19252518670302426,
        "recall": 0.1947010333018564,
        "f1": 0.1936272763468404
      },
      "S4": {
        "accuracy": 0.24018133449647694,
        "precision": 0.23652444543586496,
        "recall": 0.23423537723281693,
        "f1": 0.23539225890461415
      },
      "S5": {
        "accuracy": 0.07968191560043042,
        "precision": 0.08086247158751549,
        "recall": 0.07968191560043042,
        "f1": 0.08025433460311934
      },
      "S6": {
        "accuracy": 0.13961397867590958,
        "precision": 0.13846856669056126,
        "recall": 0.13961397867590958,
        "f1": 0.13901717364711783
      },
      "S7": {
        "accuracy": 0.04301557759087626,
        "precision": 0.04301557759087626,
        "recall": 0.04301557759087626,
        "f1": 0.04301557759087626
      },
      "S8": {
        "accuracy": 0.12358954080498095,
        "precision": 0.12358954080498095,
        "recall": 0.12358954080498095,
        "f1": 0.12358954080498095
      },
      "S9": {
        "accuracy": 0.08878110850953928,
        "precision": 0.08878110850953928,
        "recall": 0.08878110850953928,
        "f1": 0.08878110850953928
      },
      "S10": {
        "accuracy": 0.14130612486552474,
        "precision": 0.14130612486552474,
        "recall": 0.14130612486552474,
        "f1": 0.14130612486552474
      },
      "S11": {
        "accuracy": 0.10075162593203595,
        "precision": 0.10075162593203595,
        "recall": 0.10075162593203595,
        "f1": 0.10075162593203595
      },
      "S13": {
        "accuracy": 0.08924504028482656,
        "precision": 0.08837914992460867,
        "recall": 0.08177555757809125,
        "f1": 0.08500597127097227
      },
      "S14": {
        "accuracy": 0.14371252460451805,
        "precision": 0.14946243881537222,
        "recall": 0.15146744001297774,
        "f1": 0.15047816052226665
      },
      "S15": {
        "accuracy": 0.16146724172612406,
        "precision": 0.1557506508709878,
        "recall": 0.16146724172612406,
        "f1": 0.1586860726100053
      },
      "S16": {
        "accuracy": 0.09972526457267052,
        "precision": 0.10522784595678757,
        "recall": 0.11549974684222358,
        "f1": 0.11048373556394839
      },
      "S17": {
        "accuracy": 0.09277759020806806,
        "precision": 0.09198215055576683,
        "recall": 0.09170874254524827,
        "f1": 0.09183127972791773
      },
      "average": {
        "accuracy": 0.09761799361897722,
        "precision": 0.09800991779674838,
        "recall": 0.0990370854958842,
        "f1": 0.0985341230688206
      }
    },
    "poor_ratio": 0.0
  }
}