{
  "real_subj_cnt": 15,
  "real_path": "stress_slurm/data/wesad_1hz.pickle",
  "sliding_windows": false,
  "syn_subj_cnt": 10,
  "gan_config": {
    "gan_mode": "DPCGAN-e-10",
    "path": "stress_slurm/data/100_subj_DP-cGAN-e-10.csv",
    "eps": 10
  },
  "privacy_config": {
    "l2_norm_clip": 1.0,
    "eps": null,
    "num_unique_windows": null,
    "delta": null,
    "noise_multiplier": null
  },
  "train_config": {
    "nn_mode": "Transformer",
    "epochs": 110,
    "batch_size": 50,
    "learning_rate": 0.0001,
    "eval_mode": "TSTR",
    "random_seed": 42
  },
  "results": {
    "num_runs": 10,
    "mean": {
      "S2": {
        "accuracy": 0.6617647111415863,
        "precision": 0.6617647111415863,
        "recall": 0.6617647111415863,
        "f1": 0.6617647111415863
      },
      "S3": {
        "accuracy": 0.6823529452085495,
        "precision": 0.6843697518110275,
        "recall": 0.68529412150383,
        "f1": 0.6848252383269474
      },
      "S4": {
        "accuracy": 0.8285714328289032,
        "precision": 0.8268907606601715,
        "recall": 0.8257142901420593,
        "f1": 0.8262940002530594
      },
      "S5": {
        "accuracy": 0.5114285886287689,
        "precision": 0.5110924541950226,
        "recall": 0.508571445941925,
        "f1": 0.5098136818946046
      },
      "S6": {
        "accuracy": 0.6914285868406296,
        "precision": 0.6891775041818619,
        "recall": 0.6857143014669418,
        "f1": 0.6873949733856021
      },
      "S7": {
        "accuracy": 0.34571429491043093,
        "precision": 0.34571429491043093,
        "recall": 0.34571429491043093,
        "f1": 0.34571429491043093
      },
      "S8": {
        "accuracy": 0.6685714423656464,
        "precision": 0.6685714423656464,
        "recall": 0.6685714423656464,
        "f1": 0.6685714423656464
      },
      "S9": {
        "accuracy": 0.7057143032550812,
        "precision": 0.7116071581840515,
        "recall": 0.7057143032550812,
        "f1": 0.7085288011833882
      },
      "S10": {
        "accuracy": 0.8805555522441864,
        "precision": 0.8767543852329254,
        "recall": 0.8805555522441864,
        "f1": 0.8786036016516132
      },
      "S11": {
        "accuracy": 0.4777777761220932,
        "precision": 0.47850877046585083,
        "recall": 0.4805555552244186,
        "f1": 0.47950450357640195
      },
      "S13": {
        "accuracy": 0.5888888895511627,
        "precision": 0.5877777814865113,
        "recall": 0.5861111104488372,
        "f1": 0.5869327088169483
      },
      "S14": {
        "accuracy": 0.5916666656732559,
        "precision": 0.5897619038820267,
        "recall": 0.5888888865709305,
        "f1": 0.5893192472071951
      },
      "S15": {
        "accuracy": 0.7500000029802323,
        "precision": 0.7500000029802323,
        "recall": 0.7500000029802323,
        "f1": 0.7500000029802323
      },
      "S16": {
        "accuracy": 0.8749999880790711,
        "precision": 0.8783006429672241,
        "recall": 0.8722222089767456,
        "f1": 0.8751866636605472
      },
      "S17": {
        "accuracy": 0.25833333730697633,
        "precision": 0.2560810834169388,
        "recall": 0.25833333730697633,
        "f1": 0.2571917839542654
      },
      "average": {
        "accuracy": 0.6345179011424383,
        "precision": 0.6344248431921005,
        "recall": 0.6335817042986552,
        "f1": 0.6339763770205646
      }
    },
    "std": {
      "S2": {
        "accuracy": 0.12186080662806219,
        "precision": 0.12186080662806219,
        "recall": 0.12186080662806219,
        "f1": 0.12186080662806219
      },
      "S3": {
        "accuracy": 0.19647019109883324,
        "precision": 0.1920969055088514,
        "recall": 0.19013036525773994,
        "f1": 0.19112482727133703
      },
      "S4": {
        "accuracy": 0.22737783402763373,
        "precision": 0.23070079499892507,
        "recall": 0.23307079276205692,
        "f1": 0.23189853580894912
      },
      "S5": {
        "accuracy": 0.09080142922731033,
        "precision": 0.08834310250598787,
        "recall": 0.09014979565085375,
        "f1": 0.08922257764125412
      },
      "S6": {
        "accuracy": 0.1569551534545066,
        "precision": 0.15811398052182335,
        "recall": 0.16049808901446408,
        "f1": 0.1592515176762001
      },
      "S7": {
        "accuracy": 0.03915200679225262,
        "precision": 0.03915200679225262,
        "recall": 0.03915200679225262,
        "f1": 0.03915200679225262
      },
      "S8": {
        "accuracy": 0.13879952022805725,
        "precision": 0.13879952022805725,
        "recall": 0.13879952022805725,
        "f1": 0.13879952022805725
      },
      "S9": {
        "accuracy": 0.0999319436784463,
        "precision": 0.09655799872405546,
        "recall": 0.0999319436784463,
        "f1": 0.09789342175476667
      },
      "S10": {
        "accuracy": 0.16462223672748066,
        "precision": 0.16906335282271498,
        "recall": 0.16462223672748066,
        "f1": 0.16680941043636668
      },
      "S11": {
        "accuracy": 0.09053263905197244,
        "precision": 0.0895096933346709,
        "recall": 0.08690888514997934,
        "f1": 0.08819469661449718
      },
      "S13": {
        "accuracy": 0.09240721893107401,
        "precision": 0.09217684202563868,
        "recall": 0.0920819224728708,
        "f1": 0.0920910367796672
      },
      "S14": {
        "accuracy": 0.1335710315918332,
        "precision": 0.13773516606407143,
        "recall": 0.13968905449825195,
        "f1": 0.13872244317492224
      },
      "S15": {
        "accuracy": 0.12763008135818316,
        "precision": 0.12763008135818316,
        "recall": 0.12763008135818316,
        "f1": 0.12763008135818316
      },
      "S16": {
        "accuracy": 0.11947673674052647,
        "precision": 0.11353345270452841,
        "recall": 0.12227832389515703,
        "f1": 0.11786131053617915
      },
      "S17": {
        "accuracy": 0.08077343864038301,
        "precision": 0.08019374550202889,
        "recall": 0.08077343864038301,
        "f1": 0.08045952377517138
      },
      "average": {
        "accuracy": 0.11347808125136141,
        "precision": 0.11328381470844691,
        "recall": 0.11458438955898083,
        "f1": 0.113964343089447
      }
    },
    "poor_ratio": 0.1
  }
}