{
  "real_subj_cnt": 15,
  "real_path": "stress_slurm/data/wesad_1hz.pickle",
  "sliding_windows": false,
  "syn_subj_cnt": 15,
  "gan_config": {
    "gan_mode": "CGAN",
    "path": "stress_slurm/data/100_subj_cGAN.csv",
    "eps": null
  },
  "privacy_config": {
    "l2_norm_clip": 1.0,
    "eps": null,
    "num_unique_windows": null,
    "delta": null,
    "noise_multiplier": null
  },
  "train_config": {
    "nn_mode": "Transformer",
    "epochs": 110,
    "batch_size": 50,
    "learning_rate": 0.0001,
    "eval_mode": "TSTR",
    "random_seed": 42,
    "data_noise_parameter": null
  },
  "results": {
    "num_runs": 10,
    "mean": {
      "S2": {
        "accuracy": 0.7382352948188782,
        "precision": 0.7390931367874145,
        "recall": 0.7323529422283173,
        "f1": 0.7356359915046812
      },
      "S3": {
        "accuracy": 0.7941176474094391,
        "precision": 0.7953191637992859,
        "recall": 0.7941176474094391,
        "f1": 0.794592168270162
      },
      "S4": {
        "accuracy": 0.9657142877578735,
        "precision": 0.9629365086555481,
        "recall": 0.9657142877578735,
        "f1": 0.9643058363725874
      },
      "S5": {
        "accuracy": 0.8257142961025238,
        "precision": 0.8189813792705536,
        "recall": 0.8285714387893677,
        "f1": 0.823606379060047
      },
      "S6": {
        "accuracy": 0.9571428596973419,
        "precision": 0.9544444441795349,
        "recall": 0.9571428596973419,
        "f1": 0.9557746489921559
      },
      "S7": {
        "accuracy": 0.9028571486473084,
        "precision": 0.9052941203117371,
        "recall": 0.9000000059604645,
        "f1": 0.9026087000124144
      },
      "S8": {
        "accuracy": 0.9742857158184052,
        "precision": 0.9688888847827911,
        "recall": 0.9742857158184052,
        "f1": 0.9715492944080332
      },
      "S9": {
        "accuracy": 0.954285717010498,
        "precision": 0.9546031773090362,
        "recall": 0.9571428596973419,
        "f1": 0.9558551334171298
      },
      "S10": {
        "accuracy": 0.9611111044883728,
        "precision": 0.9611111044883728,
        "recall": 0.9611111044883728,
        "f1": 0.9611111044883728
      },
      "S11": {
        "accuracy": 0.8361111044883728,
        "precision": 0.8358246624469757,
        "recall": 0.82222221493721,
        "f1": 0.8275236950471972
      },
      "S13": {
        "accuracy": 0.9305555522441864,
        "precision": 0.9280030012130738,
        "recall": 0.9277777731418609,
        "f1": 0.9278533421271697
      },
      "S14": {
        "accuracy": 0.6555555641651154,
        "precision": 0.6592021822929383,
        "recall": 0.6611111164093018,
        "f1": 0.6600949618692364
      },
      "S15": {
        "accuracy": 0.9916666626930237,
        "precision": 0.9916666626930237,
        "recall": 0.9916666626930237,
        "f1": 0.9916666626930237
      },
      "S16": {
        "accuracy": 0.8277777850627899,
        "precision": 0.8287406384944915,
        "recall": 0.825,
        "f1": 0.8267824791314666
      },
      "S17": {
        "accuracy": 0.7999999940395355,
        "precision": 0.7964184820652008,
        "recall": 0.7999999940395355,
        "f1": 0.7980811040235518
      },
      "average": {
        "accuracy": 0.8743420489629109,
        "precision": 0.8733685032526651,
        "recall": 0.8732144415378571,
        "f1": 0.873136100094482
      }
    },
    "std": {
      "S2": {
        "accuracy": 0.1077985605973399,
        "precision": 0.11228303312015976,
        "recall": 0.11130797098769765,
        "f1": 0.11149469337665871
      },
      "S3": {
        "accuracy": 0.09901474839592937,
        "precision": 0.10895286235695394,
        "recall": 0.10093754245571603,
        "f1": 0.1045727337091879
      },
      "S4": {
        "accuracy": 0.07101466960455653,
        "precision": 0.07006142709447262,
        "recall": 0.07101466960455653,
        "f1": 0.07039609418676289
      },
      "S5": {
        "accuracy": 0.10558120553098811,
        "precision": 0.09641989898023652,
        "recall": 0.10257456164102226,
        "f1": 0.09873019248988014
      },
      "S6": {
        "accuracy": 0.02020304968684854,
        "precision": 0.01988249733133072,
        "recall": 0.02020304968684854,
        "f1": 0.01958182739414212
      },
      "S7": {
        "accuracy": 0.03071336102000206,
        "precision": 0.032858107371096755,
        "recall": 0.030860668152979113,
        "f1": 0.03136798775792012
      },
      "S8": {
        "accuracy": 0.02108184981121295,
        "precision": 0.024660858006953834,
        "recall": 0.02108184981121295,
        "f1": 0.022250809066398515
      },
      "S9": {
        "accuracy": 0.03614031396207934,
        "precision": 0.03547894028769914,
        "recall": 0.03086066815297911,
        "f1": 0.03303942825445482
      },
      "S10": {
        "accuracy": 0.04573736769096741,
        "precision": 0.04573736769096741,
        "recall": 0.04573736769096741,
        "f1": 0.04573736769096741
      },
      "S11": {
        "accuracy": 0.088279156705383,
        "precision": 0.09094671569990198,
        "recall": 0.09640308288681469,
        "f1": 0.08591112098957836
      },
      "S13": {
        "accuracy": 0.0603629759211118,
        "precision": 0.06024999354329901,
        "recall": 0.05737751994003337,
        "f1": 0.058471622424734776
      },
      "S14": {
        "accuracy": 0.06829291298652587,
        "precision": 0.07067333019827032,
        "recall": 0.07267190494015265,
        "f1": 0.07136362734808378
      },
      "S15": {
        "accuracy": 0.013417947829829939,
        "precision": 0.013417947829829939,
        "recall": 0.013417947829829939,
        "f1": 0.013417947829829939
      },
      "S16": {
        "accuracy": 0.11915339339918832,
        "precision": 0.11781607943030274,
        "recall": 0.12356862036893941,
        "f1": 0.1204889003351692
      },
      "S17": {
        "accuracy": 0.07834888252155092,
        "precision": 0.08133127779370068,
        "recall": 0.07499429296654163,
        "f1": 0.07745328099952534
      },
      "average": {
        "accuracy": 0.023424808472608635,
        "precision": 0.02086938679547575,
        "recall": 0.025691933527065274,
        "f1": 0.02297490941342605
      }
    },
    "poor_ratio": 0.0
  }
}