{
  "real_subj_cnt": 15,
  "real_path": "stress_slurm/data/wesad_1hz.pickle",
  "sliding_windows": false,
  "syn_subj_cnt": 5,
  "gan_config": {
    "gan_mode": "DPCGAN-e-1",
    "path": "stress_slurm/data/100_subj_DP-cGAN-e-1.csv",
    "eps": 1
  },
  "privacy_config": {
    "l2_norm_clip": 1.0,
    "eps": null,
    "num_unique_windows": null,
    "delta": null,
    "noise_multiplier": null
  },
  "train_config": {
    "nn_mode": "Transformer",
    "epochs": 110,
    "batch_size": 50,
    "learning_rate": 0.0001,
    "eval_mode": "TSTR",
    "random_seed": 42,
    "data_noise_parameter": null
  },
  "results": {
    "num_runs": 10,
    "mean": {
      "S2": {
        "accuracy": 0.3500000089406967,
        "precision": 0.349747908115387,
        "recall": 0.3500000089406967,
        "f1": 0.3498721317106236
      },
      "S3": {
        "accuracy": 0.6264705926179885,
        "precision": 0.6252100884914398,
        "recall": 0.6264705926179885,
        "f1": 0.6258312064674667
      },
      "S4": {
        "accuracy": 0.7228571563959122,
        "precision": 0.7019642978906632,
        "recall": 0.7228571563959122,
        "f1": 0.7107745393390388
      },
      "S5": {
        "accuracy": 0.48000001162290573,
        "precision": 0.48564103841781614,
        "recall": 0.48857144117355344,
        "f1": 0.4870270397299132
      },
      "S6": {
        "accuracy": 0.4485714375972748,
        "precision": 0.45196911990642546,
        "recall": 0.45428572297096254,
        "f1": 0.45309524638578297
      },
      "S7": {
        "accuracy": 0.5085714438930153,
        "precision": 0.5136090375483036,
        "recall": 0.5142857298254967,
        "f1": 0.5139334790397426
      },
      "S8": {
        "accuracy": 0.5142857253551483,
        "precision": 0.5118650883436203,
        "recall": 0.5171428680419922,
        "f1": 0.5143635243084372
      },
      "S9": {
        "accuracy": 0.4371428668498993,
        "precision": 0.43544402420520784,
        "recall": 0.4371428668498993,
        "f1": 0.4362698504781742
      },
      "S10": {
        "accuracy": 0.4555555582046509,
        "precision": 0.45518288761377335,
        "recall": 0.4611111119389534,
        "f1": 0.45773693842225815
      },
      "S11": {
        "accuracy": 0.42499999403953553,
        "precision": 0.4242492407560349,
        "recall": 0.42499999403953553,
        "f1": 0.42461947523467103
      },
      "S13": {
        "accuracy": 0.36666666641831397,
        "precision": 0.36606606617569926,
        "recall": 0.36666666641831397,
        "f1": 0.36636225259923133
      },
      "S14": {
        "accuracy": 0.705555534362793,
        "precision": 0.705555534362793,
        "recall": 0.705555534362793,
        "f1": 0.705555534362793
      },
      "S15": {
        "accuracy": 0.5944444417953492,
        "precision": 0.5976190447807312,
        "recall": 0.6055555552244186,
        "f1": 0.601282049512722
      },
      "S16": {
        "accuracy": 0.49999999403953554,
        "precision": 0.4973684161901474,
        "recall": 0.49999999403953554,
        "f1": 0.4986486432672505
      },
      "S17": {
        "accuracy": 0.5416666701436043,
        "precision": 0.5347826138138772,
        "recall": 0.5444444492459297,
        "f1": 0.5390243952496643
      },
      "average": {
        "accuracy": 0.5117858734851082,
        "precision": 0.510418293774128,
        "recall": 0.5146059794723987,
        "f1": 0.5122930870738512
      }
    },
    "std": {
      "S2": {
        "accuracy": 0.21677533036685026,
        "precision": 0.21711477677258714,
        "recall": 0.21677533036685026,
        "f1": 0.21694721359028415
      },
      "S3": {
        "accuracy": 0.09610843782704978,
        "precision": 0.09885217064624072,
        "recall": 0.09610843782704978,
        "f1": 0.09748946927494812
      },
      "S4": {
        "accuracy": 0.11590128094024639,
        "precision": 0.12467205018355945,
        "recall": 0.11590128094024639,
        "f1": 0.11657121333708896
      },
      "S5": {
        "accuracy": 0.19133141815738908,
        "precision": 0.18280030380401763,
        "recall": 0.17891079205091912,
        "f1": 0.18091193889559506
      },
      "S6": {
        "accuracy": 0.15061476710969762,
        "precision": 0.14905633393967252,
        "recall": 0.1484309497685075,
        "f1": 0.1487075870267967
      },
      "S7": {
        "accuracy": 0.2565425156238608,
        "precision": 0.24636233969285334,
        "recall": 0.24504153615109395,
        "f1": 0.24572763823915528
      },
      "S8": {
        "accuracy": 0.15118579333390475,
        "precision": 0.15685003097062175,
        "recall": 0.15025300304989214,
        "f1": 0.15366736437108292
      },
      "S9": {
        "accuracy": 0.15241071433821296,
        "precision": 0.15401849730150044,
        "recall": 0.15241071433821296,
        "f1": 0.15321551731198105
      },
      "S10": {
        "accuracy": 0.19694163327790667,
        "precision": 0.19698582045493374,
        "recall": 0.1907497285204138,
        "f1": 0.194039627002571
      },
      "S11": {
        "accuracy": 0.15770667604561472,
        "precision": 0.15850125790420003,
        "recall": 0.15770667604561472,
        "f1": 0.15810545315970134
      },
      "S13": {
        "accuracy": 0.22786056332459342,
        "precision": 0.22829110535812736,
        "recall": 0.22786056332459342,
        "f1": 0.22807690824100482
      },
      "S14": {
        "accuracy": 0.014344389603665884,
        "precision": 0.014344389603665884,
        "recall": 0.014344389603665884,
        "f1": 0.014344389603665884
      },
      "S15": {
        "accuracy": 0.10654184932614501,
        "precision": 0.10194972165682809,
        "recall": 0.09424452103431243,
        "f1": 0.09767032286683344
      },
      "S16": {
        "accuracy": 0.13094569241475967,
        "precision": 0.1312098561347365,
        "recall": 0.13094569241475967,
        "f1": 0.13101540303788375
      },
      "S17": {
        "accuracy": 0.16050866090819896,
        "precision": 0.16777714569207958,
        "recall": 0.15833062055386057,
        "f1": 0.16299328734569787
      },
      "average": {
        "accuracy": 0.13519546903224935,
        "precision": 0.1370463336496908,
        "recall": 0.13188414198829376,
        "f1": 0.1346050981445187
      }
    },
    "poor_ratio": 0.0
  }
}