{
  "real_subj_cnt": 15,
  "real_path": "stress_slurm/data/wesad_1hz.pickle",
  "sliding_windows": false,
  "syn_subj_cnt": 15,
  "gan_config": {
    "gan_mode": "DPCGAN-e-10",
    "path": "stress_slurm/data/100_subj_DP-cGAN-e-10.csv",
    "eps": 10
  },
  "privacy_config": {
    "l2_norm_clip": 1.0,
    "eps": null,
    "num_unique_windows": null,
    "delta": null,
    "noise_multiplier": null
  },
  "train_config": {
    "nn_mode": "Transformer",
    "epochs": 110,
    "batch_size": 50,
    "learning_rate": 0.0001,
    "eval_mode": "TSTR",
    "random_seed": 42
  },
  "results": {
    "num_runs": 10,
    "mean": {
      "S2": {
        "accuracy": 0.6294117629528045,
        "precision": 0.6294117629528045,
        "recall": 0.6235294103622436,
        "f1": 0.6264266885065188
      },
      "S3": {
        "accuracy": 0.6705882340669632,
        "precision": 0.6699643522500992,
        "recall": 0.6676470607519149,
        "f1": 0.6687884132742324
      },
      "S4": {
        "accuracy": 0.8000000059604645,
        "precision": 0.7986554682254792,
        "recall": 0.7971428632736206,
        "f1": 0.7978882048453536
      },
      "S5": {
        "accuracy": 0.471428582072258,
        "precision": 0.4651208072900772,
        "recall": 0.45714286863803866,
        "f1": 0.4609888549412696
      },
      "S6": {
        "accuracy": 0.6342857301235199,
        "precision": 0.6363025337457657,
        "recall": 0.6314285874366761,
        "f1": 0.6338302421641184
      },
      "S7": {
        "accuracy": 0.34571429491043093,
        "precision": 0.34571429491043093,
        "recall": 0.34571429491043093,
        "f1": 0.34571429491043093
      },
      "S8": {
        "accuracy": 0.6342857331037521,
        "precision": 0.6365546375513077,
        "recall": 0.6342857331037521,
        "f1": 0.6354037440134882
      },
      "S9": {
        "accuracy": 0.6914285898208619,
        "precision": 0.6922230899333954,
        "recall": 0.6857143044471741,
        "f1": 0.6888905315320358
      },
      "S10": {
        "accuracy": 0.85,
        "precision": 0.8545751631259918,
        "recall": 0.85,
        "f1": 0.852222222094633
      },
      "S11": {
        "accuracy": 0.44722222089767455,
        "precision": 0.44896825551986697,
        "recall": 0.44722222089767455,
        "f1": 0.44808294217020384
      },
      "S13": {
        "accuracy": 0.5666666686534881,
        "precision": 0.5649206370115281,
        "recall": 0.5638888895511627,
        "f1": 0.5643974974441093
      },
      "S14": {
        "accuracy": 0.6222222298383713,
        "precision": 0.6194444566965103,
        "recall": 0.6166666775941849,
        "f1": 0.6180360053118154
      },
      "S15": {
        "accuracy": 0.7527777761220932,
        "precision": 0.7534920662641525,
        "recall": 0.7500000029802323,
        "f1": 0.7517214426290088
      },
      "S16": {
        "accuracy": 0.8638888835906983,
        "precision": 0.8635714232921601,
        "recall": 0.8611111044883728,
        "f1": 0.8623239376920482
      },
      "S17": {
        "accuracy": 0.21388889476656914,
        "precision": 0.2132882945239544,
        "recall": 0.21388889476656914,
        "f1": 0.2135844809474865
      },
      "average": {
        "accuracy": 0.6129206404586633,
        "precision": 0.6128138162195682,
        "recall": 0.6096921942134699,
        "f1": 0.6112199668317835
      }
    },
    "std": {
      "S2": {
        "accuracy": 0.1415300548138438,
        "precision": 0.14150198513646434,
        "recall": 0.13920186727315417,
        "f1": 0.1402562608321989
      },
      "S3": {
        "accuracy": 0.16741469293507014,
        "precision": 0.16691407982295503,
        "recall": 0.16524770380184298,
        "f1": 0.1660301315174592
      },
      "S4": {
        "accuracy": 0.231332525988237,
        "precision": 0.23302601273428056,
        "recall": 0.23500855952960745,
        "f1": 0.2340215332272779
      },
      "S5": {
        "accuracy": 0.1045452364624136,
        "precision": 0.09980878840909385,
        "recall": 0.09035079747096106,
        "f1": 0.09455234397573377
      },
      "S6": {
        "accuracy": 0.15226185933747335,
        "precision": 0.15292157513367927,
        "recall": 0.1532416179217309,
        "f1": 0.15302546765040423
      },
      "S7": {
        "accuracy": 0.03915200679225263,
        "precision": 0.03915200679225263,
        "recall": 0.03915200679225263,
        "f1": 0.03915200679225263
      },
      "S8": {
        "accuracy": 0.12031704078021166,
        "precision": 0.12336589962789342,
        "recall": 0.12031704078021166,
        "f1": 0.12177609333338436
      },
      "S9": {
        "accuracy": 0.09693721822208717,
        "precision": 0.09659188482455279,
        "recall": 0.09233675368518272,
        "f1": 0.09417777531471301
      },
      "S10": {
        "accuracy": 0.1662546418528925,
        "precision": 0.16466827808846804,
        "recall": 0.1662546418528925,
        "f1": 0.1653279643153383
      },
      "S11": {
        "accuracy": 0.09114610715687085,
        "precision": 0.09473120233861286,
        "recall": 0.09114610715687085,
        "f1": 0.09288968625754505
      },
      "S13": {
        "accuracy": 0.0798661420837697,
        "precision": 0.08425483473729986,
        "recall": 0.08690889139441163,
        "f1": 0.08559529606084708
      },
      "S14": {
        "accuracy": 0.10892918904692565,
        "precision": 0.11396698103332847,
        "recall": 0.11549975162054518,
        "f1": 0.11470291945987784
      },
      "S15": {
        "accuracy": 0.12245348478674496,
        "precision": 0.11848260748211155,
        "recall": 0.12072597317573451,
        "f1": 0.11956154254649384
      },
      "S16": {
        "accuracy": 0.09838371467835617,
        "precision": 0.09829916801612175,
        "recall": 0.09799078909009273,
        "f1": 0.09806581662484853
      },
      "S17": {
        "accuracy": 0.07970496266789426,
        "precision": 0.07965780601626295,
        "recall": 0.07970496266789426,
        "f1": 0.07967540688024757
      },
      "average": {
        "accuracy": 0.10929794864525015,
        "precision": 0.10950256602107836,
        "recall": 0.10858929954663776,
        "f1": 0.1090073007794379
      }
    },
    "poor_ratio": 0.1
  }
}