{
  "real_subj_cnt": 15,
  "real_path": "stress_slurm/data/wesad_1hz.pickle",
  "sliding_windows": false,
  "syn_subj_cnt": 100,
  "gan_config": {
    "gan_mode": "CGAN",
    "path": "stress_slurm/data/100_subj_cGAN.csv",
    "eps": null
  },
  "privacy_config": {
    "l2_norm_clip": 1.0,
    "eps": null,
    "num_unique_windows": null,
    "delta": null,
    "noise_multiplier": null
  },
  "train_config": {
    "nn_mode": "Transformer",
    "epochs": 110,
    "batch_size": 50,
    "learning_rate": 0.0001,
    "eval_mode": "TSTR",
    "random_seed": 42,
    "data_noise_parameter": null
  },
  "results": {
    "num_runs": 10,
    "mean": {
      "S2": {
        "accuracy": 0.7382352888584137,
        "precision": 0.7368907570838928,
        "recall": 0.7411764681339263,
        "f1": 0.7390025567555222
      },
      "S3": {
        "accuracy": 0.8088235259056091,
        "precision": 0.8113827347755432,
        "recall": 0.8117647051811219,
        "f1": 0.8115394888321704
      },
      "S4": {
        "accuracy": 0.8485714375972748,
        "precision": 0.8478991687297821,
        "recall": 0.8457142949104309,
        "f1": 0.8467908994023776
      },
      "S5": {
        "accuracy": 0.8057142972946167,
        "precision": 0.8050216555595398,
        "recall": 0.800000011920929,
        "f1": 0.802436986060291
      },
      "S6": {
        "accuracy": 0.9457142889499665,
        "precision": 0.9484873950481415,
        "recall": 0.9457142889499665,
        "f1": 0.9470807470498629
      },
      "S7": {
        "accuracy": 0.9485714316368103,
        "precision": 0.9488888919353485,
        "recall": 0.9514285743236541,
        "f1": 0.9501408480434421
      },
      "S8": {
        "accuracy": 0.9314285755157471,
        "precision": 0.9314285755157471,
        "recall": 0.9314285755157471,
        "f1": 0.9314285755157471
      },
      "S9": {
        "accuracy": 0.9371428608894348,
        "precision": 0.9371428608894348,
        "recall": 0.9371428608894348,
        "f1": 0.9371428608894348
      },
      "S10": {
        "accuracy": 0.9416666567325592,
        "precision": 0.9416666567325592,
        "recall": 0.9416666567325592,
        "f1": 0.9416666567325592
      },
      "S11": {
        "accuracy": 0.852777773141861,
        "precision": 0.8502412617206574,
        "recall": 0.8555555582046509,
        "f1": 0.8528014501547758
      },
      "S13": {
        "accuracy": 0.9333333313465119,
        "precision": 0.9307057023048401,
        "recall": 0.9333333313465119,
        "f1": 0.93200151935642
      },
      "S14": {
        "accuracy": 0.5861111104488372,
        "precision": 0.5875396847724914,
        "recall": 0.5861111104488372,
        "f1": 0.5868153372080027
      },
      "S15": {
        "accuracy": 0.9583333373069763,
        "precision": 0.9583333373069763,
        "recall": 0.9583333373069763,
        "f1": 0.9583333373069763
      },
      "S16": {
        "accuracy": 0.6416666626930236,
        "precision": 0.6427927911281586,
        "recall": 0.6444444417953491,
        "f1": 0.6436073037926622
      },
      "S17": {
        "accuracy": 0.8861111164093017,
        "precision": 0.8861111164093017,
        "recall": 0.8861111164093017,
        "f1": 0.8861111164093017
      },
      "average": {
        "accuracy": 0.850946779648463,
        "precision": 0.8509688393274943,
        "recall": 0.8513283554712932,
        "f1": 0.8511266455673031
      }
    },
    "std": {
      "S2": {
        "accuracy": 0.07775442534065226,
        "precision": 0.07815321143962684,
        "recall": 0.07818588468588396,
        "f1": 0.07803863045233807
      },
      "S3": {
        "accuracy": 0.08904852412845327,
        "precision": 0.08675847857646725,
        "recall": 0.09112900635662836,
        "f1": 0.08880571413562995
      },
      "S4": {
        "accuracy": 0.11975029997851525,
        "precision": 0.12024932383987595,
        "recall": 0.12211291024397611,
        "f1": 0.1211489686646612
      },
      "S5": {
        "accuracy": 0.08707907633853912,
        "precision": 0.08639691406865298,
        "recall": 0.0830266415948581,
        "f1": 0.08430622842733844
      },
      "S6": {
        "accuracy": 0.03915200679225262,
        "precision": 0.039902052433200184,
        "recall": 0.03915200679225262,
        "f1": 0.03927945759963671
      },
      "S7": {
        "accuracy": 0.05520524145689933,
        "precision": 0.05481133857716787,
        "recall": 0.05225091774025081,
        "f1": 0.05341375577936231
      },
      "S8": {
        "accuracy": 0.04301557759087626,
        "precision": 0.04301557759087626,
        "recall": 0.04301557759087626,
        "f1": 0.04301557759087626
      },
      "S9": {
        "accuracy": 0.03761603139244586,
        "precision": 0.03761603139244586,
        "recall": 0.03761603139244586,
        "f1": 0.03761603139244586
      },
      "S10": {
        "accuracy": 0.02762301425282694,
        "precision": 0.02762301425282694,
        "recall": 0.02762301425282694,
        "f1": 0.02762301425282694
      },
      "S11": {
        "accuracy": 0.08591674692535198,
        "precision": 0.08441105895359813,
        "recall": 0.09240721295865269,
        "f1": 0.08796914806307736
      },
      "S13": {
        "accuracy": 0.05430694190708338,
        "precision": 0.05283189657643366,
        "recall": 0.05430694190708338,
        "f1": 0.053403055540376124
      },
      "S14": {
        "accuracy": 0.06341071184212596,
        "precision": 0.06138369053511185,
        "recall": 0.06341071184212596,
        "f1": 0.062378828853034154
      },
      "S15": {
        "accuracy": 0.05113592623810065,
        "precision": 0.05113592623810065,
        "recall": 0.05113592623810065,
        "f1": 0.05113592623810065
      },
      "S16": {
        "accuracy": 0.07905693545402943,
        "precision": 0.07820934115672216,
        "recall": 0.07724685777721756,
        "f1": 0.07769231150263556
      },
      "S17": {
        "accuracy": 0.04977659435940386,
        "precision": 0.04977659435940386,
        "recall": 0.04977659435940386,
        "f1": 0.04977659435940386
      },
      "average": {
        "accuracy": 0.029100934785575253,
        "precision": 0.028391113844234758,
        "recall": 0.030021652016493733,
        "f1": 0.029185177239950857
      }
    },
    "poor_ratio": 0.0
  }
}