{
  "real_subj_cnt": 15,
  "real_path": "stress_slurm/data/wesad_1hz.pickle",
  "sliding_windows": false,
  "syn_subj_cnt": 5,
  "gan_config": {
    "gan_mode": "DPCGAN-e-10",
    "path": "stress_slurm/data/100_subj_DP-cGAN-e-10.csv",
    "eps": 10
  },
  "privacy_config": {
    "l2_norm_clip": 1.0,
    "eps": null,
    "num_unique_windows": null,
    "delta": null,
    "noise_multiplier": null
  },
  "train_config": {
    "nn_mode": "Transformer",
    "epochs": 110,
    "batch_size": 50,
    "learning_rate": 0.0001,
    "eval_mode": "TSTR",
    "random_seed": 42
  },
  "results": {
    "num_runs": 10,
    "mean": {
      "S2": {
        "accuracy": 0.629411768913269,
        "precision": 0.6493212699890136,
        "recall": 0.629411768913269,
        "f1": 0.6380392194853888
      },
      "S3": {
        "accuracy": 0.6676470562815666,
        "precision": 0.6658899888396264,
        "recall": 0.6794117614626884,
        "f1": 0.6718427951084365
      },
      "S4": {
        "accuracy": 0.7914285778999328,
        "precision": 0.7914285778999328,
        "recall": 0.7914285778999328,
        "f1": 0.7914285778999328
      },
      "S5": {
        "accuracy": 0.5342857301235199,
        "precision": 0.550000011920929,
        "recall": 0.531428587436676,
        "f1": 0.5396825540948796
      },
      "S6": {
        "accuracy": 0.6742857247591019,
        "precision": 0.671984139084816,
        "recall": 0.6742857247591019,
        "f1": 0.673118723583964
      },
      "S7": {
        "accuracy": 0.4028571516275406,
        "precision": 0.40571429431438444,
        "recall": 0.40571429431438444,
        "f1": 0.40571429431438444
      },
      "S8": {
        "accuracy": 0.6828571557998657,
        "precision": 0.6898268550634384,
        "recall": 0.6828571557998657,
        "f1": 0.6862501662572102
      },
      "S9": {
        "accuracy": 0.7200000137090683,
        "precision": 0.7200000137090683,
        "recall": 0.7200000137090683,
        "f1": 0.7200000137090683
      },
      "S10": {
        "accuracy": 0.8444444477558136,
        "precision": 0.8444444477558136,
        "recall": 0.8444444477558136,
        "f1": 0.8444444477558136
      },
      "S11": {
        "accuracy": 0.486111119389534,
        "precision": 0.48562504053115846,
        "recall": 0.5027777850627899,
        "f1": 0.4931544162939071
      },
      "S13": {
        "accuracy": 0.6055555641651154,
        "precision": 0.6083333432674408,
        "recall": 0.6027777850627899,
        "f1": 0.6054761990089805
      },
      "S14": {
        "accuracy": 0.6305555492639542,
        "precision": 0.6323573499917984,
        "recall": 0.636111107468605,
        "f1": 0.634208518036827
      },
      "S15": {
        "accuracy": 0.7583333283662796,
        "precision": 0.7583333283662796,
        "recall": 0.7583333283662796,
        "f1": 0.7583333283662796
      },
      "S16": {
        "accuracy": 0.8749999910593033,
        "precision": 0.8777777701616287,
        "recall": 0.8694444388151169,
        "f1": 0.8734299451563444
      },
      "S17": {
        "accuracy": 0.28055555894970896,
        "precision": 0.28055555894970896,
        "recall": 0.28055555894970896,
        "f1": 0.28055555894970896
      },
      "average": {
        "accuracy": 0.6388885825375715,
        "precision": 0.6421061326563359,
        "recall": 0.6405988223850727,
        "f1": 0.6410452505347417
      }
    },
    "std": {
      "S2": {
        "accuracy": 0.1732827514535488,
        "precision": 0.18647133767640228,
        "recall": 0.1732827514535488,
        "f1": 0.17637905970579135
      },
      "S3": {
        "accuracy": 0.19998557648127727,
        "precision": 0.19896284066560332,
        "recall": 0.2039828276246493,
        "f1": 0.19983623010860987
      },
      "S4": {
        "accuracy": 0.2629157920073627,
        "precision": 0.2629157920073627,
        "recall": 0.2629157920073627,
        "f1": 0.2629157920073627
      },
      "S5": {
        "accuracy": 0.1425711469257065,
        "precision": 0.1762869690495445,
        "recall": 0.13748634749895045,
        "f1": 0.15317254834980332
      },
      "S6": {
        "accuracy": 0.21850865315549586,
        "precision": 0.21681764084817803,
        "recall": 0.21850865315549586,
        "f1": 0.21762246146319614
      },
      "S7": {
        "accuracy": 0.18877814319298325,
        "precision": 0.1973980377481166,
        "recall": 0.1973980377481166,
        "f1": 0.1973980377481166
      },
      "S8": {
        "accuracy": 0.20401858185057806,
        "precision": 0.21013641402402064,
        "recall": 0.20401858185057806,
        "f1": 0.2068120051572358
      },
      "S9": {
        "accuracy": 0.2094372050208846,
        "precision": 0.2094372050208846,
        "recall": 0.2094372050208846,
        "f1": 0.2094372050208846
      },
      "S10": {
        "accuracy": 0.227257762050796,
        "precision": 0.227257762050796,
        "recall": 0.227257762050796,
        "f1": 0.227257762050796
      },
      "S11": {
        "accuracy": 0.12712528144204843,
        "precision": 0.12185253630371319,
        "recall": 0.15013140391053786,
        "f1": 0.13240489148205084
      },
      "S13": {
        "accuracy": 0.1775268252092199,
        "precision": 0.1840008414823914,
        "recall": 0.1712587481161999,
        "f1": 0.177344773692378
      },
      "S14": {
        "accuracy": 0.1193331340034265,
        "precision": 0.12197231226281238,
        "recall": 0.12384583554621978,
        "f1": 0.12283560121597331
      },
      "S15": {
        "accuracy": 0.17764751214682772,
        "precision": 0.17764751214682772,
        "recall": 0.17764751214682772,
        "f1": 0.17764751214682772
      },
      "S16": {
        "accuracy": 0.16833016978219184,
        "precision": 0.17033010321173678,
        "recall": 0.16566053871221875,
        "f1": 0.16739321690894376
      },
      "S17": {
        "accuracy": 0.12175133661459545,
        "precision": 0.12175133661459545,
        "recall": 0.12175133661459545,
        "f1": 0.12175133661459545
      },
      "average": {
        "accuracy": 0.1663453509038616,
        "precision": 0.17062165274608768,
        "recall": 0.16857536695207592,
        "f1": 0.16914007444660045
      }
    },
    "poor_ratio": 0.3
  }
}