{
  "real_subj_cnt": 15,
  "real_path": "stress_slurm/data/wesad_1hz.pickle",
  "sliding_windows": false,
  "syn_subj_cnt": 1,
  "gan_config": {
    "gan_mode": "DPCGAN-e-1",
    "path": "stress_slurm/data/100_subj_DP-cGAN-e-1.csv",
    "eps": 1
  },
  "privacy_config": {
    "l2_norm_clip": 1.0,
    "eps": null,
    "num_unique_windows": null,
    "delta": null,
    "noise_multiplier": null
  },
  "train_config": {
    "nn_mode": "Transformer",
    "epochs": 110,
    "batch_size": 50,
    "learning_rate": 0.0001,
    "eval_mode": "TSTR",
    "random_seed": 42,
    "data_noise_parameter": null
  },
  "results": {
    "num_runs": 10,
    "mean": {
      "S2": {
        "accuracy": 0.397058829665184,
        "precision": 0.3759644851088524,
        "recall": 0.39117647856473925,
        "f1": 0.3823517574753852
      },
      "S3": {
        "accuracy": 0.5970588207244873,
        "precision": 0.5965125083923339,
        "recall": 0.6205882370471955,
        "f1": 0.6059133903092929
      },
      "S4": {
        "accuracy": 0.7000000089406967,
        "precision": 0.6749659925699234,
        "recall": 0.6885714381933212,
        "f1": 0.6794574869347031
      },
      "S5": {
        "accuracy": 0.4742857255041599,
        "precision": 0.463567141443491,
        "recall": 0.4885714389383793,
        "f1": 0.47454850314898334
      },
      "S6": {
        "accuracy": 0.5285714417695999,
        "precision": 0.48629475235939024,
        "recall": 0.45142858400940894,
        "f1": 0.4586503792494295
      },
      "S7": {
        "accuracy": 0.46285715866833926,
        "precision": 0.4606658177450299,
        "recall": 0.47428572792559864,
        "f1": 0.45760919704533753
      },
      "S8": {
        "accuracy": 0.5428571581840516,
        "precision": 0.5114554047584534,
        "recall": 0.5200000137090683,
        "f1": 0.5140179805574765
      },
      "S9": {
        "accuracy": 0.620000010728836,
        "precision": 0.5792487323284149,
        "recall": 0.5971428662538528,
        "f1": 0.5849436162141779
      },
      "S10": {
        "accuracy": 0.5499999940395355,
        "precision": 0.5361099392175674,
        "recall": 0.5611111104488373,
        "f1": 0.545837685936678
      },
      "S11": {
        "accuracy": 0.46944444477558134,
        "precision": 0.47361921072006224,
        "recall": 0.5055555582046509,
        "f1": 0.48683163611488245
      },
      "S13": {
        "accuracy": 0.4361111097037792,
        "precision": 0.40631848126649855,
        "recall": 0.4222222171723843,
        "f1": 0.41296262976957826
      },
      "S14": {
        "accuracy": 0.6527777671813965,
        "precision": 0.6464018106460572,
        "recall": 0.6527777642011643,
        "f1": 0.6416752704861894
      },
      "S15": {
        "accuracy": 0.5916666686534882,
        "precision": 0.5770552515983581,
        "recall": 0.5666666716337204,
        "f1": 0.5665448925522272
      },
      "S16": {
        "accuracy": 0.5944444388151169,
        "precision": 0.590936404466629,
        "recall": 0.6166666686534882,
        "f1": 0.5999974259288808
      },
      "S17": {
        "accuracy": 0.5055555522441864,
        "precision": 0.48754272162914275,
        "recall": 0.5249999985098839,
        "f1": 0.5026063580670744
      },
      "average": {
        "accuracy": 0.5415126086398959,
        "precision": 0.5244439102833469,
        "recall": 0.5387843182310462,
        "f1": 0.5275965473193531
      }
    },
    "std": {
      "S2": {
        "accuracy": 0.2386404195228247,
        "precision": 0.19441040717003147,
        "recall": 0.22055555140321728,
        "f1": 0.20372395783235508
      },
      "S3": {
        "accuracy": 0.11268113603299243,
        "precision": 0.10832655025385797,
        "recall": 0.10508962315754006,
        "f1": 0.09838186628703445
      },
      "S4": {
        "accuracy": 0.22985749274606584,
        "precision": 0.22780930759230458,
        "recall": 0.21315043209924178,
        "f1": 0.21745308313263315
      },
      "S5": {
        "accuracy": 0.22139529114290485,
        "precision": 0.188741801675761,
        "recall": 0.22394120106604556,
        "f1": 0.20288880344446017
      },
      "S6": {
        "accuracy": 0.1710312890354117,
        "precision": 0.11550085444654987,
        "recall": 0.16594401912361098,
        "f1": 0.14998199866476714
      },
      "S7": {
        "accuracy": 0.2621384294493038,
        "precision": 0.2370546119628436,
        "recall": 0.30630561738504064,
        "f1": 0.2579503744002637
      },
      "S8": {
        "accuracy": 0.12344268564127824,
        "precision": 0.09881339388001915,
        "recall": 0.1318282455726255,
        "f1": 0.11016438780134676
      },
      "S9": {
        "accuracy": 0.23982230625858325,
        "precision": 0.21852688982564855,
        "recall": 0.25677221743553363,
        "f1": 0.23183879192930634
      },
      "S10": {
        "accuracy": 0.23635607607549258,
        "precision": 0.23703561171527976,
        "recall": 0.2686142838143382,
        "f1": 0.24505398146623458
      },
      "S11": {
        "accuracy": 0.16167949916139834,
        "precision": 0.16789828833307302,
        "recall": 0.2341695797906919,
        "f1": 0.19383825550306955
      },
      "S13": {
        "accuracy": 0.2279546065400361,
        "precision": 0.20343347699908867,
        "recall": 0.22635053241127762,
        "f1": 0.21237125043417357
      },
      "S14": {
        "accuracy": 0.05594001486649185,
        "precision": 0.047874787654513126,
        "recall": 0.15617710268714574,
        "f1": 0.09643864094244435
      },
      "S15": {
        "accuracy": 0.1361142579446818,
        "precision": 0.1323019446273505,
        "recall": 0.20336672645056308,
        "f1": 0.15868556688766386
      },
      "S16": {
        "accuracy": 0.13302433021563767,
        "precision": 0.13419386698456157,
        "recall": 0.18555518200242416,
        "f1": 0.14662762782175168
      },
      "S17": {
        "accuracy": 0.236718529369967,
        "precision": 0.21767383838828736,
        "recall": 0.24583289340892128,
        "f1": 0.2253336455250159
      },
      "average": {
        "accuracy": 0.1457078666137247,
        "precision": 0.13516128938099328,
        "recall": 0.1695050679924993,
        "f1": 0.14590872105258632
      }
    },
    "poor_ratio": 0.1
  }
}