{
  "real_subj_cnt": 15,
  "real_path": "stress_slurm/data/wesad_1hz.pickle",
  "sliding_windows": false,
  "syn_subj_cnt": 1,
  "gan_config": {
    "gan_mode": "DPCGAN-e-10",
    "path": "stress_slurm/data/100_subj_DP-cGAN-e-10.csv",
    "eps": 10
  },
  "privacy_config": {
    "l2_norm_clip": 1.0,
    "eps": null,
    "num_unique_windows": null,
    "delta": null,
    "noise_multiplier": null
  },
  "train_config": {
    "nn_mode": "Transformer",
    "epochs": 110,
    "batch_size": 50,
    "learning_rate": 0.0001,
    "eval_mode": "TSTR",
    "random_seed": 42
  },
  "results": {
    "num_runs": 10,
    "mean": {
      "S2": {
        "accuracy": 0.5617647111415863,
        "precision": 0.5679549276828766,
        "recall": 0.5852941244840622,
        "f1": 0.5745734119458485
      },
      "S3": {
        "accuracy": 0.6352941170334816,
        "precision": 0.6155247047543526,
        "recall": 0.6529411777853966,
        "f1": 0.6309819945644985
      },
      "S4": {
        "accuracy": 0.7400000065565109,
        "precision": 0.733524027466774,
        "recall": 0.7742857187986374,
        "f1": 0.7499170580494915
      },
      "S5": {
        "accuracy": 0.48285715132951734,
        "precision": 0.4936394885182381,
        "recall": 0.5228571519255638,
        "f1": 0.5056238656632963
      },
      "S6": {
        "accuracy": 0.620000010728836,
        "precision": 0.624711787700653,
        "recall": 0.6600000083446502,
        "f1": 0.6381366542654925
      },
      "S7": {
        "accuracy": 0.345714296400547,
        "precision": 0.3676190599799156,
        "recall": 0.4057142958045006,
        "f1": 0.38165414727543195
      },
      "S8": {
        "accuracy": 0.637142875790596,
        "precision": 0.6418487578630447,
        "recall": 0.6714285880327224,
        "f1": 0.6538870610453877
      },
      "S9": {
        "accuracy": 0.6771428734064102,
        "precision": 0.6693470031023026,
        "recall": 0.6885714441537857,
        "f1": 0.6764150225757576
      },
      "S10": {
        "accuracy": 0.8111111104488373,
        "precision": 0.7951756000518799,
        "recall": 0.8277777791023254,
        "f1": 0.8085829283122781
      },
      "S11": {
        "accuracy": 0.44166666865348814,
        "precision": 0.4477487415075302,
        "recall": 0.46944444477558134,
        "f1": 0.456639715949262
      },
      "S13": {
        "accuracy": 0.5583333402872086,
        "precision": 0.5570365458726882,
        "recall": 0.5805555611848832,
        "f1": 0.5664033581481102
      },
      "S14": {
        "accuracy": 0.5944444417953492,
        "precision": 0.594416755437851,
        "recall": 0.6249999940395355,
        "f1": 0.6076896621876691
      },
      "S15": {
        "accuracy": 0.6749999910593033,
        "precision": 0.6770741611719131,
        "recall": 0.6916666597127914,
        "f1": 0.6825723581985265
      },
      "S16": {
        "accuracy": 0.8277777791023254,
        "precision": 0.8164588272571563,
        "recall": 0.8388888895511627,
        "f1": 0.8261749284035819
      },
      "S17": {
        "accuracy": 0.27222222834825516,
        "precision": 0.30981827080249785,
        "recall": 0.3444444477558136,
        "f1": 0.3240589383000329
      },
      "average": {
        "accuracy": 0.5920314401388168,
        "precision": 0.5941265772779782,
        "recall": 0.6225913523634274,
        "f1": 0.6055540736589776
      }
    },
    "std": {
      "S2": {
        "accuracy": 0.13039583524609263,
        "precision": 0.12518286554538532,
        "recall": 0.1333116990889744,
        "f1": 0.12420928607496594
      },
      "S3": {
        "accuracy": 0.20291986094248854,
        "precision": 0.20314172013353463,
        "recall": 0.20926262929036868,
        "f1": 0.2016357531009957
      },
      "S4": {
        "accuracy": 0.2606289230734965,
        "precision": 0.24901997108075238,
        "recall": 0.24997051826496697,
        "f1": 0.24510114291240634
      },
      "S5": {
        "accuracy": 0.16354907827170834,
        "precision": 0.1523994820049636,
        "recall": 0.1881042843272158,
        "f1": 0.16340555873910867
      },
      "S6": {
        "accuracy": 0.20997786300505808,
        "precision": 0.20786009219536147,
        "recall": 0.22515300981293557,
        "f1": 0.2076521376229501
      },
      "S7": {
        "accuracy": 0.1011946819897964,
        "precision": 0.1162269067487914,
        "recall": 0.20506069065035948,
        "f1": 0.14369066664087987
      },
      "S8": {
        "accuracy": 0.1605263422286894,
        "precision": 0.16000543069567585,
        "recall": 0.18626292111005793,
        "f1": 0.16489488896185817
      },
      "S9": {
        "accuracy": 0.18567764746844537,
        "precision": 0.18820377007170827,
        "recall": 0.19538901882157578,
        "f1": 0.18688966949929367
      },
      "S10": {
        "accuracy": 0.2385225415242916,
        "precision": 0.24058453319248121,
        "recall": 0.23959842763335432,
        "f1": 0.2361471826467359
      },
      "S11": {
        "accuracy": 0.11745033408561475,
        "precision": 0.11664882956763689,
        "recall": 0.14130611777022725,
        "f1": 0.12299079105464199
      },
      "S13": {
        "accuracy": 0.14724841978148437,
        "precision": 0.14702745072414483,
        "recall": 0.16273658133965005,
        "f1": 0.14859785325821206
      },
      "S14": {
        "accuracy": 0.07430518635382909,
        "precision": 0.07536788271352307,
        "recall": 0.08710596202897179,
        "f1": 0.0726711033254021
      },
      "S15": {
        "accuracy": 0.15496470490379838,
        "precision": 0.1549165579209687,
        "recall": 0.16220890078424724,
        "f1": 0.15384457202780122
      },
      "S16": {
        "accuracy": 0.1665637506028413,
        "precision": 0.16729197835729587,
        "recall": 0.1706318389068761,
        "f1": 0.16521415010951843
      },
      "S17": {
        "accuracy": 0.12883354054637297,
        "precision": 0.14517207493115858,
        "recall": 0.19694163598682277,
        "f1": 0.16352599732342965
      },
      "average": {
        "accuracy": 0.14503388437856593,
        "precision": 0.14106621056199561,
        "recall": 0.16269720863085516,
        "f1": 0.14487122412178483
      }
    },
    "poor_ratio": 0.2
  }
}