{
  "real_subj_cnt": 15,
  "real_path": "stress_slurm/data/wesad_1hz.pickle",
  "sliding_windows": false,
  "syn_subj_cnt": 50,
  "gan_config": {
    "gan_mode": "DPCGAN-e-10",
    "path": "stress_slurm/data/100_subj_DP-cGAN-e-10.csv",
    "eps": 10
  },
  "privacy_config": {
    "l2_norm_clip": 1.0,
    "eps": null,
    "num_unique_windows": null,
    "delta": null,
    "noise_multiplier": null
  },
  "train_config": {
    "nn_mode": "Transformer",
    "epochs": 110,
    "batch_size": 50,
    "learning_rate": 0.0001,
    "eval_mode": "TSTR",
    "random_seed": 42,
    "data_noise_parameter": null
  },
  "results": {
    "num_runs": 10,
    "mean": {
      "S2": {
        "accuracy": 0.564705890417099,
        "precision": 0.564705890417099,
        "recall": 0.564705890417099,
        "f1": 0.564705890417099
      },
      "S3": {
        "accuracy": 0.5794117689132691,
        "precision": 0.5794117689132691,
        "recall": 0.5794117689132691,
        "f1": 0.5794117689132691
      },
      "S4": {
        "accuracy": 0.7285714358091354,
        "precision": 0.7285714358091354,
        "recall": 0.7285714358091354,
        "f1": 0.7285714358091354
      },
      "S5": {
        "accuracy": 0.4000000059604645,
        "precision": 0.4000000059604645,
        "recall": 0.4000000059604645,
        "f1": 0.4000000059604645
      },
      "S6": {
        "accuracy": 0.577142870426178,
        "precision": 0.577142870426178,
        "recall": 0.577142870426178,
        "f1": 0.577142870426178
      },
      "S7": {
        "accuracy": 0.33142857998609543,
        "precision": 0.3321008488535881,
        "recall": 0.33142857998609543,
        "f1": 0.3317598429066222
      },
      "S8": {
        "accuracy": 0.5657143026590348,
        "precision": 0.5657143026590348,
        "recall": 0.5657143026590348,
        "f1": 0.5657143026590348
      },
      "S9": {
        "accuracy": 0.6285714477300643,
        "precision": 0.6285714477300643,
        "recall": 0.6285714477300643,
        "f1": 0.6285714477300643
      },
      "S10": {
        "accuracy": 0.7861111134290695,
        "precision": 0.7845238119363784,
        "recall": 0.7833333343267441,
        "f1": 0.7839201894763727
      },
      "S11": {
        "accuracy": 0.45000000298023224,
        "precision": 0.45000000298023224,
        "recall": 0.45000000298023224,
        "f1": 0.45000000298023224
      },
      "S13": {
        "accuracy": 0.5111111104488373,
        "precision": 0.5119841277599335,
        "recall": 0.5111111104488373,
        "f1": 0.511541471085102
      },
      "S14": {
        "accuracy": 0.5611111164093018,
        "precision": 0.5611111164093018,
        "recall": 0.5611111164093018,
        "f1": 0.5611111164093018
      },
      "S15": {
        "accuracy": 0.6527777850627899,
        "precision": 0.6527777850627899,
        "recall": 0.6527777850627899,
        "f1": 0.6527777850627899
      },
      "S16": {
        "accuracy": 0.7722222238779068,
        "precision": 0.7722222238779068,
        "recall": 0.7722222238779068,
        "f1": 0.7722222238779068
      },
      "S17": {
        "accuracy": 0.19444445222616197,
        "precision": 0.19444445222616197,
        "recall": 0.19444445222616197,
        "f1": 0.19444445222616197
      },
      "average": {
        "accuracy": 0.553554940422376,
        "precision": 0.5535521394014358,
        "recall": 0.5533697551488876,
        "f1": 0.5534596537293156
      }
    },
    "std": {
      "S2": {
        "accuracy": 0.15112038277799844,
        "precision": 0.15112038277799844,
        "recall": 0.15112038277799844,
        "f1": 0.15112038277799844
      },
      "S3": {
        "accuracy": 0.2425554385841991,
        "precision": 0.2425554385841991,
        "recall": 0.2425554385841991,
        "f1": 0.2425554385841991
      },
      "S4": {
        "accuracy": 0.2973045909539231,
        "precision": 0.2973045909539231,
        "recall": 0.2973045909539231,
        "f1": 0.2973045909539231
      },
      "S5": {
        "accuracy": 0.07619047164916992,
        "precision": 0.07619047164916992,
        "recall": 0.07619047164916992,
        "f1": 0.07619047164916992
      },
      "S6": {
        "accuracy": 0.18750057024879857,
        "precision": 0.18750057024879857,
        "recall": 0.18750057024879857,
        "f1": 0.18750057024879857
      },
      "S7": {
        "accuracy": 0.054210474084559736,
        "precision": 0.05281698106169633,
        "recall": 0.054210474084559736,
        "f1": 0.05351780645132077
      },
      "S8": {
        "accuracy": 0.18506602559611318,
        "precision": 0.18506602559611318,
        "recall": 0.18506602559611318,
        "f1": 0.18506602559611318
      },
      "S9": {
        "accuracy": 0.15879363578517475,
        "precision": 0.15879363578517475,
        "recall": 0.15879363578517475,
        "f1": 0.15879363578517475
      },
      "S10": {
        "accuracy": 0.26964959340212813,
        "precision": 0.2719214442339508,
        "recall": 0.2736733788420632,
        "f1": 0.2728046627024168
      },
      "S11": {
        "accuracy": 0.09604668697287454,
        "precision": 0.09604668697287454,
        "recall": 0.09604668697287454,
        "f1": 0.09604668697287454
      },
      "S13": {
        "accuracy": 0.13557781513099007,
        "precision": 0.13412747614673426,
        "recall": 0.13557781513099007,
        "f1": 0.1348577456721031
      },
      "S14": {
        "accuracy": 0.1741134658354075,
        "precision": 0.1741134658354075,
        "recall": 0.1741134658354075,
        "f1": 0.1741134658354075
      },
      "S15": {
        "accuracy": 0.21842825979084374,
        "precision": 0.21842825979084374,
        "recall": 0.21842825979084374,
        "f1": 0.21842825979084374
      },
      "S16": {
        "accuracy": 0.20277566267178546,
        "precision": 0.20277566267178546,
        "recall": 0.20277566267178546,
        "f1": 0.20277566267178546
      },
      "S17": {
        "accuracy": 0.07290748290828072,
        "precision": 0.07290748290828072,
        "recall": 0.07290748290828072,
        "f1": 0.07290748290828072
      },
      "average": {
        "accuracy": 0.1563111126024823,
        "precision": 0.15631534137535436,
        "recall": 0.15659152417649255,
        "f1": 0.15645518680028017
      }
    },
    "poor_ratio": 0.1
  }
}