{
  "real_subj_cnt": 15,
  "real_path": "stress_slurm/data/wesad_1hz.pickle",
  "sliding_windows": false,
  "syn_subj_cnt": 30,
  "gan_config": {
    "gan_mode": "DPCGAN-e-10",
    "path": "stress_slurm/data/100_subj_DP-cGAN-e-10.csv",
    "eps": 10
  },
  "privacy_config": {
    "l2_norm_clip": 1.0,
    "eps": null,
    "num_unique_windows": null,
    "delta": null,
    "noise_multiplier": null
  },
  "train_config": {
    "nn_mode": "Transformer",
    "epochs": 110,
    "batch_size": 50,
    "learning_rate": 0.0001,
    "eval_mode": "TSTR",
    "random_seed": 42,
    "data_noise_parameter": null
  },
  "results": {
    "num_runs": 10,
    "mean": {
      "S2": {
        "accuracy": 0.6205882400274276,
        "precision": 0.6205882400274276,
        "recall": 0.6205882400274276,
        "f1": 0.6205882400274276
      },
      "S3": {
        "accuracy": 0.6470588177442551,
        "precision": 0.6470588177442551,
        "recall": 0.6470588177442551,
        "f1": 0.6470588177442551
      },
      "S4": {
        "accuracy": 0.7800000041723252,
        "precision": 0.7800000041723252,
        "recall": 0.7800000041723252,
        "f1": 0.7800000041723252
      },
      "S5": {
        "accuracy": 0.4685714393854141,
        "precision": 0.4685714393854141,
        "recall": 0.4685714393854141,
        "f1": 0.4685714393854141
      },
      "S6": {
        "accuracy": 0.6228571563959122,
        "precision": 0.6210084170103073,
        "recall": 0.6200000137090683,
        "f1": 0.6204969080900149
      },
      "S7": {
        "accuracy": 0.3371428668498993,
        "precision": 0.3371428668498993,
        "recall": 0.3371428668498993,
        "f1": 0.3371428668498993
      },
      "S8": {
        "accuracy": 0.6200000137090683,
        "precision": 0.6200000137090683,
        "recall": 0.6200000137090683,
        "f1": 0.6200000137090683
      },
      "S9": {
        "accuracy": 0.6885714441537857,
        "precision": 0.6873949736356735,
        "recall": 0.6857143014669418,
        "f1": 0.6865424587687282
      },
      "S10": {
        "accuracy": 0.8222222238779068,
        "precision": 0.8251634031534195,
        "recall": 0.8222222238779068,
        "f1": 0.8236507966299446
      },
      "S11": {
        "accuracy": 0.472222226858139,
        "precision": 0.47325397431850436,
        "recall": 0.472222226858139,
        "f1": 0.4727308347510856
      },
      "S13": {
        "accuracy": 0.5361111134290695,
        "precision": 0.5372222244739533,
        "recall": 0.5361111134290695,
        "f1": 0.5366588442264344
      },
      "S14": {
        "accuracy": 0.5666666686534881,
        "precision": 0.5666666686534881,
        "recall": 0.5666666686534881,
        "f1": 0.5666666686534881
      },
      "S15": {
        "accuracy": 0.6888888835906982,
        "precision": 0.6873809486627579,
        "recall": 0.686111107468605,
        "f1": 0.6867370855226518
      },
      "S16": {
        "accuracy": 0.8305555522441864,
        "precision": 0.8305555522441864,
        "recall": 0.8305555522441864,
        "f1": 0.8305555522441864
      },
      "S17": {
        "accuracy": 0.23055555894970894,
        "precision": 0.23055555894970894,
        "recall": 0.23055555894970894,
        "f1": 0.23055555894970894
      },
      "average": {
        "accuracy": 0.5954674806694189,
        "precision": 0.5955042068660259,
        "recall": 0.5949013432363669,
        "f1": 0.5951970726483088
      }
    },
    "std": {
      "S2": {
        "accuracy": 0.18101447930017137,
        "precision": 0.18101447930017137,
        "recall": 0.18101447930017137,
        "f1": 0.18101447930017137
      },
      "S3": {
        "accuracy": 0.2336544059821647,
        "precision": 0.2336544059821647,
        "recall": 0.2336544059821647,
        "f1": 0.2336544059821647
      },
      "S4": {
        "accuracy": 0.2703990478762099,
        "precision": 0.2703990478762099,
        "recall": 0.2703990478762099,
        "f1": 0.2703990478762099
      },
      "S5": {
        "accuracy": 0.10791783785042376,
        "precision": 0.10791783785042376,
        "recall": 0.10791783785042376,
        "f1": 0.10791783785042376
      },
      "S6": {
        "accuracy": 0.21372413256866016,
        "precision": 0.21620622028492242,
        "recall": 0.21761435915351415,
        "f1": 0.2169157774443659
      },
      "S7": {
        "accuracy": 0.06288599251539465,
        "precision": 0.06288599251539465,
        "recall": 0.06288599251539465,
        "f1": 0.06288599251539465
      },
      "S8": {
        "accuracy": 0.1970531209389798,
        "precision": 0.1970531209389798,
        "recall": 0.1970531209389798,
        "f1": 0.1970531209389798
      },
      "S9": {
        "accuracy": 0.13830853535840332,
        "precision": 0.1391928555521939,
        "recall": 0.14061735947954687,
        "f1": 0.1398920104446299
      },
      "S10": {
        "accuracy": 0.24116771333999812,
        "precision": 0.23694375218064093,
        "recall": 0.24116771333999812,
        "f1": 0.2390802072866016
      },
      "S11": {
        "accuracy": 0.12001372021387058,
        "precision": 0.1189923761533903,
        "recall": 0.12001372021387058,
        "f1": 0.11950019937617938
      },
      "S13": {
        "accuracy": 0.13736822333376328,
        "precision": 0.13608402857023086,
        "recall": 0.13736822333376328,
        "f1": 0.13672539266437653
      },
      "S14": {
        "accuracy": 0.14998856630865692,
        "precision": 0.14998856630865692,
        "recall": 0.14998856630865692,
        "f1": 0.14998856630865692
      },
      "S15": {
        "accuracy": 0.19893405640154144,
        "precision": 0.20080722159213843,
        "recall": 0.20245830931271502,
        "f1": 0.20163608830088486
      },
      "S16": {
        "accuracy": 0.18259766222874765,
        "precision": 0.18259766222874765,
        "recall": 0.18259766222874765,
        "f1": 0.18259766222874765
      },
      "S17": {
        "accuracy": 0.08690888792822171,
        "precision": 0.08690888792822171,
        "recall": 0.08690888792822171,
        "f1": 0.08690888792822171
      },
      "average": {
        "accuracy": 0.16018218724539865,
        "precision": 0.16013715267701858,
        "recall": 0.16088541132455947,
        "f1": 0.16051596627483883
      }
    },
    "poor_ratio": 0.0
  }
}