{
  "real_subj_cnt": 15,
  "real_path": "stress_slurm/data/wesad_1hz.pickle",
  "sliding_windows": false,
  "syn_subj_cnt": 10,
  "gan_config": {
    "gan_mode": "DPCGAN-e-1",
    "path": "stress_slurm/data/100_subj_DP-cGAN-e-1.csv",
    "eps": 1
  },
  "privacy_config": {
    "l2_norm_clip": 1.0,
    "eps": null,
    "num_unique_windows": null,
    "delta": null,
    "noise_multiplier": null
  },
  "train_config": {
    "nn_mode": "Transformer",
    "epochs": 110,
    "batch_size": 50,
    "learning_rate": 0.0001,
    "eval_mode": "TSTR",
    "random_seed": 42,
    "data_noise_parameter": null
  },
  "results": {
    "num_runs": 10,
    "mean": {
      "S2": {
        "accuracy": 0.7,
        "precision": 0.6977310955524445,
        "recall": 0.7,
        "f1": 0.6988491064621806
      },
      "S3": {
        "accuracy": 0.7794117510318757,
        "precision": 0.7815991759300231,
        "recall": 0.7794117510318757,
        "f1": 0.7804557659671383
      },
      "S4": {
        "accuracy": 0.9714285731315613,
        "precision": 0.9552380979061127,
        "recall": 0.9714285731315613,
        "f1": 0.9625974048760313
      },
      "S5": {
        "accuracy": 0.7457143008708954,
        "precision": 0.7422681868076324,
        "recall": 0.7514285862445831,
        "f1": 0.7466955311796571
      },
      "S6": {
        "accuracy": 0.8285714387893677,
        "precision": 0.8283193349838257,
        "recall": 0.8257142961025238,
        "f1": 0.8269979384723667
      },
      "S7": {
        "accuracy": 0.5714285969734192,
        "precision": 0.5714285969734192,
        "recall": 0.5714285969734192,
        "f1": 0.5714285969734192
      },
      "S8": {
        "accuracy": 0.842857152223587,
        "precision": 0.8358646690845489,
        "recall": 0.842857152223587,
        "f1": 0.8392172294534109
      },
      "S9": {
        "accuracy": 0.9171428620815277,
        "precision": 0.9171428620815277,
        "recall": 0.9171428620815277,
        "f1": 0.9171428620815277
      },
      "S10": {
        "accuracy": 1.0,
        "precision": 1.0,
        "recall": 1.0,
        "f1": 1.0
      },
      "S11": {
        "accuracy": 0.5583333492279052,
        "precision": 0.5557143032550812,
        "recall": 0.5527777910232544,
        "f1": 0.5542253674460034
      },
      "S13": {
        "accuracy": 0.6611111223697662,
        "precision": 0.6611111223697662,
        "recall": 0.6611111223697662,
        "f1": 0.6611111223697662
      },
      "S14": {
        "accuracy": 0.5972222298383713,
        "precision": 0.5930952459573746,
        "recall": 0.5916666716337204,
        "f1": 0.5923708983928858
      },
      "S15": {
        "accuracy": 0.8361110925674439,
        "precision": 0.8361110925674439,
        "recall": 0.8361110925674439,
        "f1": 0.8361110925674439
      },
      "S16": {
        "accuracy": 0.9888888895511627,
        "precision": 0.9888888895511627,
        "recall": 0.9888888895511627,
        "f1": 0.9888888895511627
      },
      "S17": {
        "accuracy": 0.4055555582046509,
        "precision": 0.4029729783535004,
        "recall": 0.41388889253139494,
        "f1": 0.40821869552438067
      },
      "average": {
        "accuracy": 0.7602517944574356,
        "precision": 0.7578323767582575,
        "recall": 0.760257085164388,
        "f1": 0.7589540334211583
      }
    },
    "std": {
      "S2": {
        "accuracy": 0.08856147755676887,
        "precision": 0.08613984306156776,
        "recall": 0.08856147755676887,
        "f1": 0.08726781280451443
      },
      "S3": {
        "accuracy": 0.024995190256015574,
        "precision": 0.016611053377719724,
        "recall": 0.024995190256015574,
        "f1": 0.020303505259892902
      },
      "S4": {
        "accuracy": 0.0,
        "precision": 0.05119877811294574,
        "recall": 0.0,
        "f1": 0.027926606087651042
      },
      "S5": {
        "accuracy": 0.07432233086576426,
        "precision": 0.06633081597040405,
        "recall": 0.07859306592797463,
        "f1": 0.07177576492840669
      },
      "S6": {
        "accuracy": 0.05714285373687744,
        "precision": 0.056726726741985284,
        "recall": 0.052940728690914284,
        "f1": 0.05468409675069296
      },
      "S7": {
        "accuracy": 0.026937399582464723,
        "precision": 0.026937399582464723,
        "recall": 0.026937399582464723,
        "f1": 0.026937399582464723
      },
      "S8": {
        "accuracy": 0.02020304968684854,
        "precision": 0.015203969405844819,
        "recall": 0.02020304968684854,
        "f1": 0.01392818378665712
      },
      "S9": {
        "accuracy": 0.009035078490519842,
        "precision": 0.009035078490519842,
        "recall": 0.009035078490519842,
        "f1": 0.009035078490519842
      },
      "S10": {
        "accuracy": 0.0,
        "precision": 0.0,
        "recall": 0.0,
        "f1": 0.0
      },
      "S11": {
        "accuracy": 0.06860604590536472,
        "precision": 0.06954683264690288,
        "recall": 0.07106141880631553,
        "f1": 0.07025066020141618
      },
      "S13": {
        "accuracy": 0.025526012524019686,
        "precision": 0.025526012524019686,
        "recall": 0.025526012524019686,
        "f1": 0.025526012524019686
      },
      "S14": {
        "accuracy": 0.1173042603953614,
        "precision": 0.11963585344899703,
        "recall": 0.12076148012094204,
        "f1": 0.12018669155701686
      },
      "S15": {
        "accuracy": 0.008784108800166312,
        "precision": 0.008784108800166312,
        "recall": 0.008784108800166312,
        "f1": 0.008784108800166312
      },
      "S16": {
        "accuracy": 0.03513641635202159,
        "precision": 0.03513641635202159,
        "recall": 0.03513641635202159,
        "f1": 0.03513641635202159
      },
      "S17": {
        "accuracy": 0.09460769697721733,
        "precision": 0.08179577198261861,
        "recall": 0.09750839507642348,
        "f1": 0.08906484815442565
      },
      "average": {
        "accuracy": 0.017743877888724936,
        "precision": 0.012574375117044439,
        "recall": 0.01787675958222378,
        "f1": 0.014949905852473822
      }
    },
    "poor_ratio": 0.0
  }
}