{
  "real_subj_cnt": 15,
  "real_path": "stress_slurm/data/wesad_1hz.pickle",
  "sliding_windows": false,
  "syn_subj_cnt": 15,
  "gan_config": {
    "gan_mode": "CGAN",
    "path": "stress_slurm/data/100_subj_cGAN.csv",
    "eps": null
  },
  "privacy_config": {
    "l2_norm_clip": 1.0,
    "eps": null,
    "num_unique_windows": null,
    "delta": null,
    "noise_multiplier": null
  },
  "train_config": {
    "nn_mode": "Transformer",
    "epochs": 110,
    "batch_size": 50,
    "learning_rate": 0.0001,
    "eval_mode": "TSTR",
    "random_seed": 42
  },
  "results": {
    "num_runs": 10,
    "mean": {
      "S2": {
        "accuracy": 0.7647058844566346,
        "precision": 0.7629442036151886,
        "recall": 0.7558823466300965,
        "f1": 0.7588900949569514
      },
      "S3": {
        "accuracy": 0.7823529362678527,
        "precision": 0.7796927332878113,
        "recall": 0.7882352948188782,
        "f1": 0.7838108369626935
      },
      "S4": {
        "accuracy": 0.9857142865657806,
        "precision": 0.9857936501502991,
        "recall": 0.9885714292526245,
        "f1": 0.9871629778673384
      },
      "S5": {
        "accuracy": 0.8171428680419922,
        "precision": 0.8210747539997101,
        "recall": 0.8257142961025238,
        "f1": 0.8232337935543479
      },
      "S6": {
        "accuracy": 0.954285717010498,
        "precision": 0.954285717010498,
        "recall": 0.954285717010498,
        "f1": 0.954285717010498
      },
      "S7": {
        "accuracy": 0.8971428632736206,
        "precision": 0.8969747960567475,
        "recall": 0.8942857205867767,
        "f1": 0.8956107722688837
      },
      "S8": {
        "accuracy": 0.9657142877578735,
        "precision": 0.9629365086555481,
        "recall": 0.9657142877578735,
        "f1": 0.9643058363725874
      },
      "S9": {
        "accuracy": 0.9628571450710297,
        "precision": 0.9655462205410004,
        "recall": 0.9628571450710297,
        "f1": 0.9641821967531368
      },
      "S10": {
        "accuracy": 0.9805555522441864,
        "precision": 0.9805555522441864,
        "recall": 0.9805555522441864,
        "f1": 0.9805555522441864
      },
      "S11": {
        "accuracy": 0.8083333373069763,
        "precision": 0.80277778506279,
        "recall": 0.8166666746139526,
        "f1": 0.80953454213738
      },
      "S13": {
        "accuracy": 0.9277777671813965,
        "precision": 0.9277777671813965,
        "recall": 0.9277777671813965,
        "f1": 0.9277777671813965
      },
      "S14": {
        "accuracy": 0.725000011920929,
        "precision": 0.7157432556152343,
        "recall": 0.7277777850627899,
        "f1": 0.7215212788208364
      },
      "S15": {
        "accuracy": 0.9722222208976745,
        "precision": 0.9747576177120209,
        "recall": 0.975,
        "f1": 0.9748429710176637
      },
      "S16": {
        "accuracy": 0.8444444477558136,
        "precision": 0.8446586966514588,
        "recall": 0.8361111104488372,
        "f1": 0.8402715549801799
      },
      "S17": {
        "accuracy": 0.7694444417953491,
        "precision": 0.7667073905467987,
        "recall": 0.7611111104488373,
        "f1": 0.7636178205470123
      },
      "average": {
        "accuracy": 0.8771795845031738,
        "precision": 0.876148443222046,
        "recall": 0.8773697491486867,
        "f1": 0.8766402475116728
      }
    },
    "std": {
      "S2": {
        "accuracy": 0.10559146420225299,
        "precision": 0.09977777157273698,
        "recall": 0.10472313522543919,
        "f1": 0.09982774178714934
      },
      "S3": {
        "accuracy": 0.08456415298894517,
        "precision": 0.07707380424063405,
        "recall": 0.07440653031617936,
        "f1": 0.07511868592919627
      },
      "S4": {
        "accuracy": 0.015058464150866395,
        "precision": 0.01497667685586413,
        "recall": 0.014754221391846177,
        "f1": 0.014204020914754971
      },
      "S5": {
        "accuracy": 0.11834075155212448,
        "precision": 0.11801180203823497,
        "recall": 0.12005289123786617,
        "f1": 0.1183910142701691
      },
      "S6": {
        "accuracy": 0.019977310202976623,
        "precision": 0.019977310202976623,
        "recall": 0.019977310202976623,
        "f1": 0.019977310202976623
      },
      "S7": {
        "accuracy": 0.03353679202325895,
        "precision": 0.03328551323136578,
        "recall": 0.030267138352263016,
        "f1": 0.03150473719932951
      },
      "S8": {
        "accuracy": 0.02950844278369235,
        "precision": 0.027134267319907892,
        "recall": 0.02950844278369235,
        "f1": 0.027987050098674384
      },
      "S9": {
        "accuracy": 0.019284243356585264,
        "precision": 0.012407413596791069,
        "recall": 0.019284243356585264,
        "f1": 0.015697713800463472
      },
      "S10": {
        "accuracy": 0.037152598871259504,
        "precision": 0.037152598871259504,
        "recall": 0.037152598871259504,
        "f1": 0.037152598871259504
      },
      "S11": {
        "accuracy": 0.08119690375696238,
        "precision": 0.07200431708899747,
        "recall": 0.08198498764403168,
        "f1": 0.07620197307713526
      },
      "S13": {
        "accuracy": 0.05270462627327947,
        "precision": 0.05270462627327947,
        "recall": 0.05270462627327947,
        "f1": 0.05270462627327947
      },
      "S14": {
        "accuracy": 0.1507013810731502,
        "precision": 0.14693354183392268,
        "recall": 0.1497597570748362,
        "f1": 0.14773683557426714
      },
      "S15": {
        "accuracy": 0.04721314277849463,
        "precision": 0.04100941683646524,
        "recall": 0.048023341666835966,
        "f1": 0.04427587558373833
      },
      "S16": {
        "accuracy": 0.13870357300833833,
        "precision": 0.1370569224225495,
        "recall": 0.14130611965796722,
        "f1": 0.13904275167999258
      },
      "S17": {
        "accuracy": 0.07862196523653049,
        "precision": 0.07901365967323964,
        "recall": 0.09091065135741541,
        "f1": 0.08432984383994786
      },
      "average": {
        "accuracy": 0.031357561784808315,
        "precision": 0.029477804513006578,
        "recall": 0.03238580246531434,
        "f1": 0.03064884050347368
      }
    },
    "poor_ratio": 0.0
  }
}