{
  "real_subj_cnt": 15,
  "real_path": "stress_slurm/data/wesad_1hz.pickle",
  "sliding_windows": false,
  "syn_subj_cnt": 1,
  "gan_config": {
    "gan_mode": "DPCGAN-e-0.1",
    "path": "stress_slurm/data/100_subj_DP-cGAN-e-0.1.csv",
    "eps": 0.1
  },
  "privacy_config": {
    "l2_norm_clip": 1.0,
    "eps": null,
    "num_unique_windows": null,
    "delta": null,
    "noise_multiplier": null
  },
  "train_config": {
    "nn_mode": "Transformer",
    "epochs": 110,
    "batch_size": 50,
    "learning_rate": 0.0001,
    "eval_mode": "TSTR",
    "random_seed": 42,
    "data_noise_parameter": null
  },
  "results": {
    "num_runs": 10,
    "mean": {
      "S2": {
        "accuracy": 0.7176470696926117,
        "precision": 0.7233193397521973,
        "recall": 0.7088235378265381,
        "f1": 0.7153700288513076
      },
      "S3": {
        "accuracy": 0.6382352977991104,
        "precision": 0.6357685029506683,
        "recall": 0.6323529452085495,
        "f1": 0.6339819035628843
      },
      "S4": {
        "accuracy": 0.7028571605682373,
        "precision": 0.712678587436676,
        "recall": 0.7057143032550812,
        "f1": 0.7090405285716933
      },
      "S5": {
        "accuracy": 0.7714285850524902,
        "precision": 0.7752995491027832,
        "recall": 0.7657142996788024,
        "f1": 0.7702164624074492
      },
      "S6": {
        "accuracy": 0.7228571593761444,
        "precision": 0.7248739659786224,
        "recall": 0.7228571593761444,
        "f1": 0.7238509481380377
      },
      "S7": {
        "accuracy": 0.8171428680419922,
        "precision": 0.817050701379776,
        "recall": 0.7971428692340851,
        "f1": 0.806493517731832
      },
      "S8": {
        "accuracy": 0.7514285862445831,
        "precision": 0.7645320355892181,
        "recall": 0.7485714435577393,
        "f1": 0.7558035867958097
      },
      "S9": {
        "accuracy": 0.6942857325077056,
        "precision": 0.700178587436676,
        "recall": 0.6942857325077056,
        "f1": 0.6971002304360128
      },
      "S10": {
        "accuracy": 0.7222222089767456,
        "precision": 0.7230480372905731,
        "recall": 0.7249999880790711,
        "f1": 0.7240106431667029
      },
      "S11": {
        "accuracy": 0.6888888746500015,
        "precision": 0.6954980701208114,
        "recall": 0.6861110985279083,
        "f1": 0.6902991320917592
      },
      "S13": {
        "accuracy": 0.7277777671813965,
        "precision": 0.7287878692150116,
        "recall": 0.7222222089767456,
        "f1": 0.7253623072726965
      },
      "S14": {
        "accuracy": 0.6944444239139557,
        "precision": 0.6896825194358825,
        "recall": 0.6722222030162811,
        "f1": 0.6798610914964229
      },
      "S15": {
        "accuracy": 0.7611111104488373,
        "precision": 0.761636632680893,
        "recall": 0.7638888835906983,
        "f1": 0.762747331768649
      },
      "S16": {
        "accuracy": 0.6888888657093049,
        "precision": 0.6955196917057037,
        "recall": 0.6861110866069794,
        "f1": 0.690464321689049
      },
      "S17": {
        "accuracy": 0.7444444358348846,
        "precision": 0.741349196434021,
        "recall": 0.7388888776302338,
        "f1": 0.7401017108339091
      },
      "average": {
        "accuracy": 0.7229106763998667,
        "precision": 0.7259482191006342,
        "recall": 0.7179937758048375,
        "f1": 0.7216469163209477
      }
    },
    "std": {
      "S2": {
        "accuracy": 0.02056487246704616,
        "precision": 0.03657648238927548,
        "recall": 0.016695471750761224,
        "f1": 0.01538314647604158
      },
      "S3": {
        "accuracy": 0.08090462813512676,
        "precision": 0.08858819593248055,
        "recall": 0.09925713688604414,
        "f1": 0.0941651186126523
      },
      "S4": {
        "accuracy": 0.0385684867131705,
        "precision": 0.051976585816336275,
        "recall": 0.0405181830824187,
        "f1": 0.0450211780631465
      },
      "S5": {
        "accuracy": 0.023328472350306783,
        "precision": 0.03065675667113155,
        "recall": 0.022537445449423935,
        "f1": 0.021953356734524955
      },
      "S6": {
        "accuracy": 0.030267138352263016,
        "precision": 0.028112420492777377,
        "recall": 0.030267138352263016,
        "f1": 0.029050797253065194
      },
      "S7": {
        "accuracy": 0.04893421643058896,
        "precision": 0.04835416534316462,
        "recall": 0.0414039310926745,
        "f1": 0.03960506424886956
      },
      "S8": {
        "accuracy": 0.01928424335658525,
        "precision": 0.059188059344699916,
        "recall": 0.012046771320693114,
        "f1": 0.03217935042292461
      },
      "S9": {
        "accuracy": 0.027105235471559512,
        "precision": 0.01487976273368235,
        "recall": 0.027105235471559512,
        "f1": 0.020072412751774304
      },
      "S10": {
        "accuracy": 0.013094576265950661,
        "precision": 0.011283207474257035,
        "recall": 0.008784108800166316,
        "f1": 0.009646536748585961
      },
      "S11": {
        "accuracy": 0.09781564979565883,
        "precision": 0.0775020049487399,
        "recall": 0.10642107313132823,
        "f1": 0.09345946137028169
      },
      "S13": {
        "accuracy": 0.017568217600332618,
        "precision": 0.02076244069572434,
        "recall": 0.0,
        "f1": 0.009929862692018293
      },
      "S14": {
        "accuracy": 0.06547283918290597,
        "precision": 0.05516997735999041,
        "recall": 0.048644151761676045,
        "f1": 0.043730995521264394
      },
      "S15": {
        "accuracy": 0.051052043786130624,
        "precision": 0.051584652494144095,
        "recall": 0.054385839547237975,
        "f1": 0.05286478583334938
      },
      "S16": {
        "accuracy": 0.028688761252503723,
        "precision": 0.010800699485711973,
        "recall": 0.037152596890616944,
        "f1": 0.023990928745548208
      },
      "S17": {
        "accuracy": 0.06113917353205269,
        "precision": 0.05147043441042464,
        "recall": 0.04382281563361417,
        "f1": 0.047587396585333036
      },
      "average": {
        "accuracy": 0.010827400884780538,
        "precision": 0.010620559177994012,
        "recall": 0.02003854915242552,
        "f1": 0.011513229877165446
      }
    },
    "poor_ratio": 0.0
  }
}