{
  "real_subj_cnt": 15,
  "real_path": "stress_slurm/data/wesad_1hz.pickle",
  "sliding_windows": false,
  "syn_subj_cnt": 100,
  "gan_config": {
    "gan_mode": "DPCGAN-e-10",
    "path": "stress_slurm/data/100_subj_DP-cGAN-e-10.csv",
    "eps": 10
  },
  "privacy_config": {
    "l2_norm_clip": 1.0,
    "eps": null,
    "num_unique_windows": null,
    "delta": null,
    "noise_multiplier": null
  },
  "train_config": {
    "nn_mode": "Transformer",
    "epochs": 110,
    "batch_size": 50,
    "learning_rate": 0.0001,
    "eval_mode": "TSTR",
    "random_seed": 42,
    "data_noise_parameter": null
  },
  "results": {
    "num_runs": 10,
    "mean": {
      "S2": {
        "accuracy": 0.3735294222831726,
        "precision": 0.3735294222831726,
        "recall": 0.3735294222831726,
        "f1": 0.3735294222831726
      },
      "S3": {
        "accuracy": 0.3294117748737335,
        "precision": 0.3308823645114899,
        "recall": 0.3264706015586853,
        "f1": 0.32860963816922995
      },
      "S4": {
        "accuracy": 0.3828571528196335,
        "precision": 0.3828571528196335,
        "recall": 0.3828571528196335,
        "f1": 0.3828571528196335
      },
      "S5": {
        "accuracy": 0.3314285844564438,
        "precision": 0.3323015958070755,
        "recall": 0.33428572714328764,
        "f1": 0.3332796886885504
      },
      "S6": {
        "accuracy": 0.3571428686380386,
        "precision": 0.359495809674263,
        "recall": 0.3571428686380386,
        "f1": 0.3583022888600388
      },
      "S7": {
        "accuracy": 0.28000001311302186,
        "precision": 0.27848740816116335,
        "recall": 0.27714287042617797,
        "f1": 0.2778053962672315
      },
      "S8": {
        "accuracy": 0.348571440577507,
        "precision": 0.3464706003665924,
        "recall": 0.34571429789066316,
        "f1": 0.3460869686765296
      },
      "S9": {
        "accuracy": 0.5228571563959121,
        "precision": 0.5228571563959121,
        "recall": 0.5228571563959121,
        "f1": 0.5228571563959121
      },
      "S10": {
        "accuracy": 0.4416666656732559,
        "precision": 0.4416666656732559,
        "recall": 0.4416666656732559,
        "f1": 0.4416666656732559
      },
      "S11": {
        "accuracy": 0.4055555522441864,
        "precision": 0.4073529362678528,
        "recall": 0.402777773141861,
        "f1": 0.4049999952364941
      },
      "S13": {
        "accuracy": 0.3583333343267441,
        "precision": 0.3583333343267441,
        "recall": 0.3583333343267441,
        "f1": 0.3583333343267441
      },
      "S14": {
        "accuracy": 0.24444444477558136,
        "precision": 0.24444444477558136,
        "recall": 0.24444444477558136,
        "f1": 0.24444444477558136
      },
      "S15": {
        "accuracy": 0.3472222238779068,
        "precision": 0.3472222238779068,
        "recall": 0.3472222238779068,
        "f1": 0.3472222238779068
      },
      "S16": {
        "accuracy": 0.49722221195697786,
        "precision": 0.4987237125635147,
        "recall": 0.49999998807907103,
        "f1": 0.4993531087132059
      },
      "S17": {
        "accuracy": 0.24444444477558136,
        "precision": 0.24444444477558136,
        "recall": 0.24444444477558136,
        "f1": 0.24444444477558136
      },
      "average": {
        "accuracy": 0.36431248605251315,
        "precision": 0.36460461815198264,
        "recall": 0.36392593145370483,
        "f1": 0.36425279530260457
      }
    },
    "std": {
      "S2": {
        "accuracy": 0.1427809161284169,
        "precision": 0.1427809161284169,
        "recall": 0.1427809161284169,
        "f1": 0.1427809161284169
      },
      "S3": {
        "accuracy": 0.14462029659239553,
        "precision": 0.14920814531825372,
        "recall": 0.13545741898929362,
        "f1": 0.14211955745569435
      },
      "S4": {
        "accuracy": 0.19758174968303693,
        "precision": 0.19758174968303693,
        "recall": 0.19758174968303693,
        "f1": 0.19758174968303693
      },
      "S5": {
        "accuracy": 0.12577199435854788,
        "precision": 0.12850501658014152,
        "recall": 0.1347206747941016,
        "f1": 0.13156837673762636
      },
      "S6": {
        "accuracy": 0.15836465837616281,
        "precision": 0.16568138430684504,
        "recall": 0.15836465837616281,
        "f1": 0.16196859048167453
      },
      "S7": {
        "accuracy": 0.0722806279241587,
        "precision": 0.06749735107623643,
        "recall": 0.06324554943363885,
        "f1": 0.0653406401000867
      },
      "S8": {
        "accuracy": 0.1707924697660356,
        "precision": 0.17177791976051576,
        "recall": 0.1721940571389736,
        "f1": 0.1719849734009255
      },
      "S9": {
        "accuracy": 0.13131119862559607,
        "precision": 0.13131119862559607,
        "recall": 0.13131119862559607,
        "f1": 0.13131119862559607
      },
      "S10": {
        "accuracy": 0.2129428323088131,
        "precision": 0.2129428323088131,
        "recall": 0.2129428323088131,
        "f1": 0.2129428323088131
      },
      "S11": {
        "accuracy": 0.14054568425673,
        "precision": 0.14622951160151376,
        "recall": 0.1317615754565637,
        "f1": 0.13878885874235466
      },
      "S13": {
        "accuracy": 0.15239852199614884,
        "precision": 0.15239852199614884,
        "recall": 0.15239852199614884,
        "f1": 0.15239852199614884
      },
      "S14": {
        "accuracy": 0.011712138784007195,
        "precision": 0.011712138784007195,
        "recall": 0.011712138784007195,
        "f1": 0.011712138784007195
      },
      "S15": {
        "accuracy": 0.12370729776444786,
        "precision": 0.12370729776444786,
        "recall": 0.12370729776444786,
        "f1": 0.12370729776444786
      },
      "S16": {
        "accuracy": 0.16061545461995275,
        "precision": 0.16013671479645186,
        "recall": 0.15983959519122778,
        "f1": 0.15997753450717025
      },
      "S17": {
        "accuracy": 0.06651216268766953,
        "precision": 0.06651216268766953,
        "recall": 0.06651216268766953,
        "f1": 0.06651216268766953
      },
      "average": {
        "accuracy": 0.12999974296560396,
        "precision": 0.13103851156597499,
        "recall": 0.12881072256044881,
        "f1": 0.12988896409384756
      }
    },
    "poor_ratio": 0.0
  }
}