{
  "real_subj_cnt": 15,
  "real_path": "stress_slurm/data/wesad_1hz.pickle",
  "sliding_windows": false,
  "syn_subj_cnt": 1,
  "gan_config": {
    "gan_mode": "DPCGAN-e-10",
    "path": "stress_slurm/data/100_subj_DP-cGAN-e-10.csv",
    "eps": 10
  },
  "privacy_config": {
    "l2_norm_clip": 1.0,
    "eps": null,
    "num_unique_windows": null,
    "delta": null,
    "noise_multiplier": null
  },
  "train_config": {
    "nn_mode": "Transformer",
    "epochs": 110,
    "batch_size": 50,
    "learning_rate": 0.0001,
    "eval_mode": "TSTR",
    "random_seed": 42,
    "data_noise_parameter": null
  },
  "results": {
    "num_runs": 10,
    "mean": {
      "S2": {
        "accuracy": 0.552941182255745,
        "precision": 0.5647829085588455,
        "recall": 0.5470588237047196,
        "f1": 0.5553667876104378
      },
      "S3": {
        "accuracy": 0.5558823615312576,
        "precision": 0.560295021533966,
        "recall": 0.5441176533699036,
        "f1": 0.5506236049758484
      },
      "S4": {
        "accuracy": 0.6257142931222915,
        "precision": 0.6249385386705398,
        "recall": 0.6200000077486039,
        "f1": 0.6222700729587551
      },
      "S5": {
        "accuracy": 0.47714286744594575,
        "precision": 0.49073718786239623,
        "recall": 0.4971428722143173,
        "f1": 0.49315899612040476
      },
      "S6": {
        "accuracy": 0.5542857259511947,
        "precision": 0.5505882412195205,
        "recall": 0.5457142949104309,
        "f1": 0.5481159496372474
      },
      "S7": {
        "accuracy": 0.3171428650617599,
        "precision": 0.31718955039978025,
        "recall": 0.3171428650617599,
        "f1": 0.31715452925030857
      },
      "S8": {
        "accuracy": 0.5600000113248825,
        "precision": 0.5619421184062958,
        "recall": 0.5600000113248825,
        "f1": 0.5609343112859563
      },
      "S9": {
        "accuracy": 0.6628571569919586,
        "precision": 0.6609821557998657,
        "recall": 0.654285728931427,
        "f1": 0.6574840224009628
      },
      "S10": {
        "accuracy": 0.7166666656732559,
        "precision": 0.7188888877630234,
        "recall": 0.7111111074686051,
        "f1": 0.7149251037534693
      },
      "S11": {
        "accuracy": 0.4277777761220932,
        "precision": 0.43727738559246065,
        "recall": 0.4111111104488373,
        "f1": 0.42177049958434465
      },
      "S13": {
        "accuracy": 0.5444444417953491,
        "precision": 0.5441847026348114,
        "recall": 0.5333333313465118,
        "f1": 0.5385452796057345
      },
      "S14": {
        "accuracy": 0.5694444507360459,
        "precision": 0.5600849002599716,
        "recall": 0.547222226858139,
        "f1": 0.5495487764575528
      },
      "S15": {
        "accuracy": 0.6305555507540703,
        "precision": 0.6180952355265618,
        "recall": 0.6277777716517449,
        "f1": 0.6225352072001661
      },
      "S16": {
        "accuracy": 0.7833333283662796,
        "precision": 0.7725452154874801,
        "recall": 0.7833333283662796,
        "f1": 0.777318689521835
      },
      "S17": {
        "accuracy": 0.23888889253139495,
        "precision": 0.24908813908696176,
        "recall": 0.24166667237877845,
        "f1": 0.24447837305465484
      },
      "average": {
        "accuracy": 0.5478051713109016,
        "precision": 0.5487746792534987,
        "recall": 0.5427345203856627,
        "f1": 0.5449486802278452
      }
    },
    "std": {
      "S2": {
        "accuracy": 0.11666254835988861,
        "precision": 0.13913122211681367,
        "recall": 0.11365785468557263,
        "f1": 0.12461722900342648
      },
      "S3": {
        "accuracy": 0.17617076562735992,
        "precision": 0.1898501326562474,
        "recall": 0.18666110197560246,
        "f1": 0.18571452222696383
      },
      "S4": {
        "accuracy": 0.22755727389367927,
        "precision": 0.23545050218887026,
        "recall": 0.231352132674328,
        "f1": 0.23303636593878024
      },
      "S5": {
        "accuracy": 0.13061862747325562,
        "precision": 0.14566067139153352,
        "recall": 0.1368250342154844,
        "f1": 0.13906932539941574
      },
      "S6": {
        "accuracy": 0.21558337320315504,
        "precision": 0.21706922887327704,
        "recall": 0.2148458303639809,
        "f1": 0.21590169957659028
      },
      "S7": {
        "accuracy": 0.08878111234591808,
        "precision": 0.08781948536104363,
        "recall": 0.08775351864918116,
        "f1": 0.08776998160318619
      },
      "S8": {
        "accuracy": 0.2025685419832467,
        "precision": 0.20069717873660597,
        "recall": 0.19804028746837082,
        "f1": 0.1992889708698038
      },
      "S9": {
        "accuracy": 0.20013600494542846,
        "precision": 0.19879171975892637,
        "recall": 0.19538902109739242,
        "f1": 0.19673738720128067
      },
      "S10": {
        "accuracy": 0.2367185327116966,
        "precision": 0.24351957427204152,
        "recall": 0.2422318487033222,
        "f1": 0.24280669821956172
      },
      "S11": {
        "accuracy": 0.14236393445875797,
        "precision": 0.13399543980663361,
        "recall": 0.13783551312692574,
        "f1": 0.1338017618918257
      },
      "S13": {
        "accuracy": 0.12641516770226155,
        "precision": 0.12558326895707575,
        "recall": 0.12546210570562005,
        "f1": 0.12513850345933206
      },
      "S14": {
        "accuracy": 0.12161042478639178,
        "precision": 0.13118174177870318,
        "recall": 0.12766366830252962,
        "f1": 0.12058899519693933
      },
      "S15": {
        "accuracy": 0.21478687425252452,
        "precision": 0.20932924644127734,
        "recall": 0.21324457824738977,
        "f1": 0.2105675159692109
      },
      "S16": {
        "accuracy": 0.1775268190952527,
        "precision": 0.1821418865892407,
        "recall": 0.1775268190952527,
        "f1": 0.17848406028068442
      },
      "S17": {
        "accuracy": 0.12909944601356982,
        "precision": 0.11748732005752649,
        "recall": 0.1156851743124988,
        "f1": 0.115366362036316
      },
      "average": {
        "accuracy": 0.14475959570150038,
        "precision": 0.1508005179183788,
        "recall": 0.14308112518970562,
        "f1": 0.14578469025207336
      }
    },
    "poor_ratio": 0.0
  }
}