{
  "real_subj_cnt": 15,
  "real_path": "stress_slurm/data/wesad_1hz.pickle",
  "sliding_windows": false,
  "syn_subj_cnt": 10,
  "gan_config": {
    "gan_mode": "DPCGAN-e-0.1",
    "path": "stress_slurm/data/100_subj_DP-cGAN-e-0.1.csv",
    "eps": 0.1
  },
  "privacy_config": {
    "l2_norm_clip": 1.0,
    "eps": null,
    "num_unique_windows": null,
    "delta": null,
    "noise_multiplier": null
  },
  "train_config": {
    "nn_mode": "Transformer",
    "epochs": 110,
    "batch_size": 50,
    "learning_rate": 0.0001,
    "eval_mode": "TSTR",
    "random_seed": 42,
    "data_noise_parameter": null
  },
  "results": {
    "num_runs": 10,
    "mean": {
      "S2": {
        "accuracy": 0.7,
        "precision": 0.7,
        "recall": 0.7,
        "f1": 0.7
      },
      "S3": {
        "accuracy": 0.7029411792755127,
        "precision": 0.6995034396648407,
        "recall": 0.7,
        "f1": 0.6997245241904182
      },
      "S4": {
        "accuracy": 0.708571445941925,
        "precision": 0.708571445941925,
        "recall": 0.708571445941925,
        "f1": 0.708571445941925
      },
      "S5": {
        "accuracy": 0.7600000143051148,
        "precision": 0.7587395071983337,
        "recall": 0.754285728931427,
        "f1": 0.7564803443331098
      },
      "S6": {
        "accuracy": 0.7857142984867096,
        "precision": 0.7904201745986938,
        "recall": 0.7857142984867096,
        "f1": 0.7880331360362353
      },
      "S7": {
        "accuracy": 0.8742857217788697,
        "precision": 0.8742857217788697,
        "recall": 0.8742857217788697,
        "f1": 0.8742857217788697
      },
      "S8": {
        "accuracy": 0.8057142972946167,
        "precision": 0.8100840389728546,
        "recall": 0.8057142972946167,
        "f1": 0.8078675033840355
      },
      "S9": {
        "accuracy": 0.7000000178813934,
        "precision": 0.7000000178813934,
        "recall": 0.7000000178813934,
        "f1": 0.7000000178813934
      },
      "S10": {
        "accuracy": 0.7416666567325592,
        "precision": 0.7416666567325592,
        "recall": 0.7416666567325592,
        "f1": 0.7416666567325592
      },
      "S11": {
        "accuracy": 0.6999999821186066,
        "precision": 0.6972222030162811,
        "recall": 0.6972222030162811,
        "f1": 0.6972222030162811
      },
      "S13": {
        "accuracy": 0.7777777791023255,
        "precision": 0.7802874326705933,
        "recall": 0.7805555522441864,
        "f1": 0.780392093303612
      },
      "S14": {
        "accuracy": 0.6916666507720948,
        "precision": 0.6916666507720948,
        "recall": 0.6916666507720948,
        "f1": 0.6916666507720948
      },
      "S15": {
        "accuracy": 0.8166666805744172,
        "precision": 0.8104695737361908,
        "recall": 0.8083333432674408,
        "f1": 0.8092283881163315
      },
      "S16": {
        "accuracy": 0.702777761220932,
        "precision": 0.7011904656887055,
        "recall": 0.6972222030162811,
        "f1": 0.6991783887792309
      },
      "S17": {
        "accuracy": 0.7444444358348846,
        "precision": 0.7393972456455231,
        "recall": 0.7388888776302338,
        "f1": 0.7391123659215411
      },
      "average": {
        "accuracy": 0.7474817947546641,
        "precision": 0.7469003049532572,
        "recall": 0.7456084664662679,
        "f1": 0.7462286293458424
      }
    },
    "std": {
      "S2": {
        "accuracy": 0.023200314850400174,
        "precision": 0.023200314850400174,
        "recall": 0.023200314850400174,
        "f1": 0.023200314850400174
      },
      "S3": {
        "accuracy": 0.06269911924780758,
        "precision": 0.07228576313018785,
        "recall": 0.07694672418820318,
        "f1": 0.07454628949481996
      },
      "S4": {
        "accuracy": 0.03243692447789691,
        "precision": 0.03243692447789691,
        "recall": 0.03243692447789691,
        "f1": 0.03243692447789691
      },
      "S5": {
        "accuracy": 0.019977310202976623,
        "precision": 0.018352996972453493,
        "recall": 0.01475422139184618,
        "f1": 0.015948387679654286
      },
      "S6": {
        "accuracy": 0.03086066815297911,
        "precision": 0.03479978453657787,
        "recall": 0.03086066815297911,
        "f1": 0.03248366943778859
      },
      "S7": {
        "accuracy": 0.019977310202976627,
        "precision": 0.019977310202976627,
        "recall": 0.019977310202976627,
        "f1": 0.019977310202976627
      },
      "S8": {
        "accuracy": 0.06431216003768349,
        "precision": 0.060177822210749195,
        "recall": 0.06431216003768349,
        "f1": 0.062138479683848544
      },
      "S9": {
        "accuracy": 0.015058464150866388,
        "precision": 0.015058464150866388,
        "recall": 0.015058464150866388,
        "f1": 0.015058464150866388
      },
      "S10": {
        "accuracy": 0.045455329118793374,
        "precision": 0.045455329118793374,
        "recall": 0.045455329118793374,
        "f1": 0.045455329118793374
      },
      "S11": {
        "accuracy": 0.02552601252401967,
        "precision": 0.03325608203530673,
        "recall": 0.03325608203530673,
        "f1": 0.03325608203530673
      },
      "S13": {
        "accuracy": 0.06279936113481109,
        "precision": 0.0604034764393756,
        "recall": 0.06474864962651684,
        "f1": 0.062421272507916514
      },
      "S14": {
        "accuracy": 0.06984452349578892,
        "precision": 0.06984452349578892,
        "recall": 0.06984452349578892,
        "f1": 0.06984452349578892
      },
      "S15": {
        "accuracy": 0.02683586960995813,
        "precision": 0.028582199068154047,
        "recall": 0.040253822009913474,
        "f1": 0.033018559815647074
      },
      "S16": {
        "accuracy": 0.018748567231660296,
        "precision": 0.01714991915250626,
        "recall": 0.015767945023852138,
        "f1": 0.015923574592396097
      },
      "S17": {
        "accuracy": 0.0611391735320527,
        "precision": 0.052633385475825314,
        "recall": 0.04382281563361415,
        "f1": 0.0481004908844156
      },
      "average": {
        "accuracy": 0.011491862019731876,
        "precision": 0.011181456520985312,
        "recall": 0.011265082550655049,
        "f1": 0.011130911611668976
      }
    },
    "poor_ratio": 0.0
  }
}