{
  "real_subj_cnt": 15,
  "real_path": "stress_slurm/data/wesad_1hz.pickle",
  "sliding_windows": false,
  "syn_subj_cnt": 100,
  "gan_config": {
    "gan_mode": "DPCGAN-e-10",
    "path": "stress_slurm/data/100_subj_DP-cGAN-e-10.csv",
    "eps": 10
  },
  "privacy_config": {
    "l2_norm_clip": 1.0,
    "eps": null,
    "num_unique_windows": null,
    "delta": null,
    "noise_multiplier": null
  },
  "train_config": {
    "nn_mode": "Transformer",
    "epochs": 110,
    "batch_size": 50,
    "learning_rate": 0.0001,
    "eval_mode": "TSTR",
    "random_seed": 42,
    "data_noise_parameter": null
  },
  "results": {
    "num_runs": 10,
    "mean": {
      "S2": {
        "accuracy": 0.34117648005485535,
        "precision": 0.34215687215328217,
        "recall": 0.34117648005485535,
        "f1": 0.3416593597457892
      },
      "S3": {
        "accuracy": 0.29117648154497144,
        "precision": 0.29117648154497144,
        "recall": 0.29117648154497144,
        "f1": 0.29117648154497144
      },
      "S4": {
        "accuracy": 0.3085714399814606,
        "precision": 0.3085714399814606,
        "recall": 0.3085714399814606,
        "f1": 0.3085714399814606
      },
      "S5": {
        "accuracy": 0.2885714411735535,
        "precision": 0.28655463457107544,
        "recall": 0.2857142984867096,
        "f1": 0.28612837713760275
      },
      "S6": {
        "accuracy": 0.32000001072883605,
        "precision": 0.32000001072883605,
        "recall": 0.32000001072883605,
        "f1": 0.32000001072883605
      },
      "S7": {
        "accuracy": 0.2571428716182709,
        "precision": 0.2571428716182709,
        "recall": 0.2571428716182709,
        "f1": 0.2571428716182709
      },
      "S8": {
        "accuracy": 0.2885714411735535,
        "precision": 0.2886181265115738,
        "recall": 0.2885714411735535,
        "f1": 0.2885831053621021
      },
      "S9": {
        "accuracy": 0.4971428722143173,
        "precision": 0.4983193427324295,
        "recall": 0.4971428722143173,
        "f1": 0.4977225823253174
      },
      "S10": {
        "accuracy": 0.4138888955116272,
        "precision": 0.4153174698352814,
        "recall": 0.4138888955116272,
        "f1": 0.4145931222707926
      },
      "S11": {
        "accuracy": 0.35,
        "precision": 0.35,
        "recall": 0.35,
        "f1": 0.35
      },
      "S13": {
        "accuracy": 0.31666666865348814,
        "precision": 0.31785714626312256,
        "recall": 0.31666666865348814,
        "f1": 0.3172535238031167
      },
      "S14": {
        "accuracy": 0.24166666716337204,
        "precision": 0.24166666716337204,
        "recall": 0.24166666716337204,
        "f1": 0.24166666716337204
      },
      "S15": {
        "accuracy": 0.30833334028720855,
        "precision": 0.30833334028720855,
        "recall": 0.30833334028720855,
        "f1": 0.30833334028720855
      },
      "S16": {
        "accuracy": 0.48611111640930177,
        "precision": 0.48506006598472595,
        "recall": 0.48611111640930177,
        "f1": 0.48557839222597704
      },
      "S17": {
        "accuracy": 0.230555559694767,
        "precision": 0.22849206775426864,
        "recall": 0.22777778059244155,
        "f1": 0.22812989397202427
      },
      "average": {
        "accuracy": 0.3293050190806389,
        "precision": 0.32928443580865857,
        "recall": 0.32892935762802755,
        "f1": 0.3291026112111228
      }
    },
    "std": {
      "S2": {
        "accuracy": 0.03720326437272874,
        "precision": 0.03681369065969093,
        "recall": 0.03720326437272874,
        "f1": 0.03697942874906289
      },
      "S3": {
        "accuracy": 0.03784364541593668,
        "precision": 0.03784364541593668,
        "recall": 0.03784364541593668,
        "f1": 0.03784364541593668
      },
      "S4": {
        "accuracy": 0.022537445449423935,
        "precision": 0.022537445449423935,
        "recall": 0.022537445449423935,
        "f1": 0.022537445449423935
      },
      "S5": {
        "accuracy": 0.01621846223894845,
        "precision": 0.013728347366424549,
        "recall": 0.01346869979123236,
        "f1": 0.013532201792672106
      },
      "S6": {
        "accuracy": 0.042163699622425894,
        "precision": 0.042163699622425894,
        "recall": 0.042163699622425894,
        "f1": 0.042163699622425894
      },
      "S7": {
        "accuracy": 0.0,
        "precision": 0.0,
        "recall": 0.0,
        "f1": 0.0
      },
      "S8": {
        "accuracy": 0.02108184981121295,
        "precision": 0.01666087149948768,
        "recall": 0.01621846223894845,
        "f1": 0.016329994978143046
      },
      "S9": {
        "accuracy": 0.10536623045548205,
        "precision": 0.10422051183211228,
        "recall": 0.10536623045548205,
        "f1": 0.10478673282813451
      },
      "S10": {
        "accuracy": 0.1129857307864246,
        "precision": 0.11427840017693239,
        "recall": 0.1129857307864246,
        "f1": 0.11360235096964365
      },
      "S11": {
        "accuracy": 0.0298602084062574,
        "precision": 0.0298602084062574,
        "recall": 0.0298602084062574,
        "f1": 0.0298602084062574
      },
      "S13": {
        "accuracy": 0.03971779316792826,
        "precision": 0.04308394146201815,
        "recall": 0.03971779316792826,
        "f1": 0.041368578942519184
      },
      "S14": {
        "accuracy": 0.01874856993001344,
        "precision": 0.01874856993001344,
        "recall": 0.01874856993001344,
        "f1": 0.01874856993001344
      },
      "S15": {
        "accuracy": 0.03574121874757987,
        "precision": 0.03574121874757987,
        "recall": 0.03574121874757987,
        "f1": 0.03574121874757987
      },
      "S16": {
        "accuracy": 0.12508571267160293,
        "precision": 0.12603396913868956,
        "recall": 0.12508571267160293,
        "f1": 0.1255562351877236
      },
      "S17": {
        "accuracy": 0.03715259949020911,
        "precision": 0.034732640546050686,
        "recall": 0.03414646134203598,
        "f1": 0.03441814889477188
      },
      "average": {
        "accuracy": 0.028961645695518564,
        "precision": 0.028697610497399252,
        "recall": 0.028333694464862818,
        "f1": 0.028510982084246635
      }
    },
    "poor_ratio": 0.2
  }
}