{
  "real_subj_cnt": 15,
  "real_path": "stress_slurm/data/wesad_1hz.pickle",
  "sliding_windows": false,
  "syn_subj_cnt": 5,
  "gan_config": {
    "gan_mode": "CGAN",
    "path": "stress_slurm/data/100_subj_cGAN.csv",
    "eps": null
  },
  "privacy_config": {
    "l2_norm_clip": 1.0,
    "eps": null,
    "num_unique_windows": null,
    "delta": null,
    "noise_multiplier": null
  },
  "train_config": {
    "nn_mode": "Transformer",
    "epochs": 110,
    "batch_size": 50,
    "learning_rate": 0.0001,
    "eval_mode": "TSTR",
    "random_seed": 42,
    "data_noise_parameter": null
  },
  "results": {
    "num_runs": 10,
    "mean": {
      "S2": {
        "accuracy": 0.7705882310867309,
        "precision": 0.7705882310867309,
        "recall": 0.7705882310867309,
        "f1": 0.7705882310867309
      },
      "S3": {
        "accuracy": 0.7705882251262665,
        "precision": 0.7726917266845703,
        "recall": 0.7588235259056091,
        "f1": 0.7650954098917533
      },
      "S4": {
        "accuracy": 0.9942857146263122,
        "precision": 0.9942857146263122,
        "recall": 0.9914285719394684,
        "f1": 0.992836439351629
      },
      "S5": {
        "accuracy": 0.8542857229709625,
        "precision": 0.850911122560501,
        "recall": 0.842857152223587,
        "f1": 0.8462647099165007
      },
      "S6": {
        "accuracy": 0.9628571450710297,
        "precision": 0.9628571450710297,
        "recall": 0.9628571450710297,
        "f1": 0.9628571450710297
      },
      "S7": {
        "accuracy": 0.9028571486473084,
        "precision": 0.8980158746242524,
        "recall": 0.9028571486473084,
        "f1": 0.9004024181271848
      },
      "S8": {
        "accuracy": 0.9514285743236541,
        "precision": 0.946190482378006,
        "recall": 0.9514285743236541,
        "f1": 0.9487726404030298
      },
      "S9": {
        "accuracy": 0.9428571462631226,
        "precision": 0.9435714304447174,
        "recall": 0.9485714316368103,
        "f1": 0.9460362197564864
      },
      "S10": {
        "accuracy": 0.9472222208976746,
        "precision": 0.9529979467391968,
        "recall": 0.9388888835906982,
        "f1": 0.945491434360196
      },
      "S11": {
        "accuracy": 0.7583333313465118,
        "precision": 0.7638858675956726,
        "recall": 0.7583333253860474,
        "f1": 0.7599523242983388
      },
      "S13": {
        "accuracy": 0.9222222208976746,
        "precision": 0.9177177131175995,
        "recall": 0.9249999940395355,
        "f1": 0.9213089749510639
      },
      "S14": {
        "accuracy": 0.7222222238779068,
        "precision": 0.7167460352182389,
        "recall": 0.7194444447755813,
        "f1": 0.7176989303872754
      },
      "S15": {
        "accuracy": 0.9916666626930237,
        "precision": 0.9944444417953491,
        "recall": 0.9888888835906983,
        "f1": 0.9915872975368888
      },
      "S16": {
        "accuracy": 0.9083333313465118,
        "precision": 0.9027077496051789,
        "recall": 0.8916666626930236,
        "f1": 0.8970467226570857
      },
      "S17": {
        "accuracy": 0.6000000059604644,
        "precision": 0.6047403633594512,
        "recall": 0.6027777880430222,
        "f1": 0.6022701588095699
      },
      "average": {
        "accuracy": 0.8666498603423436,
        "precision": 0.8661567896604538,
        "recall": 0.8636274508635203,
        "f1": 0.8645472704403175
      }
    },
    "std": {
      "S2": {
        "accuracy": 0.13065358047532538,
        "precision": 0.13065358047532538,
        "recall": 0.13065358047532538,
        "f1": 0.13065358047532538
      },
      "S3": {
        "accuracy": 0.10356950440156595,
        "precision": 0.11275890133045041,
        "recall": 0.11331907158146642,
        "f1": 0.11154766717107782
      },
      "S4": {
        "accuracy": 0.012046771320693121,
        "precision": 0.012046771320693121,
        "recall": 0.013801310364224837,
        "f1": 0.012154225315360851
      },
      "S5": {
        "accuracy": 0.11143263471641131,
        "precision": 0.10572034605790051,
        "recall": 0.10962727378209859,
        "f1": 0.10477430673323179
      },
      "S6": {
        "accuracy": 0.02352207295079125,
        "precision": 0.02352207295079125,
        "recall": 0.02352207295079125,
        "f1": 0.02352207295079125
      },
      "S7": {
        "accuracy": 0.05421047094311902,
        "precision": 0.05709047242340018,
        "recall": 0.05421047094311902,
        "f1": 0.05545124348342133
      },
      "S8": {
        "accuracy": 0.0405181830824187,
        "precision": 0.04316759496772456,
        "recall": 0.0405181830824187,
        "f1": 0.041517025654831854
      },
      "S9": {
        "accuracy": 0.042591768461328616,
        "precision": 0.041236675220520824,
        "recall": 0.032436924477896915,
        "f1": 0.036784415986027275
      },
      "S10": {
        "accuracy": 0.07796493847172216,
        "precision": 0.06482215472728974,
        "recall": 0.09424452689030041,
        "f1": 0.0797999371708933
      },
      "S11": {
        "accuracy": 0.12146934303646882,
        "precision": 0.12168674388699553,
        "recall": 0.11419336220591926,
        "f1": 0.11477444080631598
      },
      "S13": {
        "accuracy": 0.05524604049336236,
        "precision": 0.059923512668460736,
        "recall": 0.05563265103975766,
        "f1": 0.05754718911649241
      },
      "S14": {
        "accuracy": 0.14224344035014955,
        "precision": 0.14969966658344874,
        "recall": 0.1382392196769019,
        "f1": 0.14347480965753706
      },
      "S15": {
        "accuracy": 0.018748579987530704,
        "precision": 0.017568217600332618,
        "recall": 0.023424290133776827,
        "f1": 0.018841486142621093
      },
      "S16": {
        "accuracy": 0.08389726957064297,
        "precision": 0.08926521245527064,
        "recall": 0.10430546731912743,
        "f1": 0.09683614385720403
      },
      "S17": {
        "accuracy": 0.07986614484786923,
        "precision": 0.07510132252428582,
        "recall": 0.0953748681902641,
        "f1": 0.08050363210251572
      },
      "average": {
        "accuracy": 0.024173053630456295,
        "precision": 0.023822136145728225,
        "recall": 0.022957219496695762,
        "f1": 0.022796539223664286
      }
    },
    "poor_ratio": 0.0
  }
}