{
  "real_subj_cnt": 15,
  "real_path": "stress_slurm/data/wesad_1hz.pickle",
  "sliding_windows": false,
  "syn_subj_cnt": 1,
  "gan_config": {
    "gan_mode": "DPCGAN-e-1",
    "path": "stress_slurm/data/100_subj_DP-cGAN-e-1.csv",
    "eps": 1
  },
  "privacy_config": {
    "l2_norm_clip": 1.0,
    "eps": null,
    "num_unique_windows": null,
    "delta": null,
    "noise_multiplier": null
  },
  "train_config": {
    "nn_mode": "Transformer",
    "epochs": 110,
    "batch_size": 50,
    "learning_rate": 0.0001,
    "eval_mode": "TSTR",
    "random_seed": 42
  },
  "results": {
    "num_runs": 10,
    "mean": {
      "S2": {
        "accuracy": 0.47647059336304665,
        "precision": 0.44899483807384966,
        "recall": 0.47058824319392445,
        "f1": 0.45871408532513486
      },
      "S3": {
        "accuracy": 0.6235294163227081,
        "precision": 0.6128220498561859,
        "recall": 0.5823529496788978,
        "f1": 0.5841189534387683
      },
      "S4": {
        "accuracy": 0.7542857244610787,
        "precision": 0.7639428526163101,
        "recall": 0.7085714429616928,
        "f1": 0.7101823236229036
      },
      "S5": {
        "accuracy": 0.5314285799860954,
        "precision": 0.5173009425401688,
        "recall": 0.5371428675949573,
        "f1": 0.525546168584494
      },
      "S6": {
        "accuracy": 0.5428571552038193,
        "precision": 0.5734577476978302,
        "recall": 0.5285714387893676,
        "f1": 0.5456997611962473
      },
      "S7": {
        "accuracy": 0.5542857274413109,
        "precision": 0.5653854817152023,
        "recall": 0.5600000143051147,
        "f1": 0.5612327927121699
      },
      "S8": {
        "accuracy": 0.6514285892248154,
        "precision": 0.6430313348770141,
        "recall": 0.6342857301235199,
        "f1": 0.634080212621223
      },
      "S9": {
        "accuracy": 0.6085714429616929,
        "precision": 0.6233753561973572,
        "recall": 0.5685714423656464,
        "f1": 0.5879898342281858
      },
      "S10": {
        "accuracy": 0.5944444432854652,
        "precision": 0.6282426312565803,
        "recall": 0.5444444462656974,
        "f1": 0.5659806455724998
      },
      "S11": {
        "accuracy": 0.4972222179174423,
        "precision": 0.5179659098386764,
        "recall": 0.47499999701976775,
        "f1": 0.48148777446354496
      },
      "S13": {
        "accuracy": 0.5055555522441864,
        "precision": 0.4999879539012909,
        "recall": 0.47222222089767457,
        "f1": 0.4827173018062238
      },
      "S14": {
        "accuracy": 0.6916666567325592,
        "precision": 0.6665523260831833,
        "recall": 0.6888888835906982,
        "f1": 0.6692119149955629
      },
      "S15": {
        "accuracy": 0.6722222208976746,
        "precision": 0.6632600009441376,
        "recall": 0.6277777701616287,
        "f1": 0.6404036069714695
      },
      "S16": {
        "accuracy": 0.6583333253860474,
        "precision": 0.6563540250062943,
        "recall": 0.6361111044883728,
        "f1": 0.6368451403269806
      },
      "S17": {
        "accuracy": 0.5916666686534882,
        "precision": 0.5841441005468369,
        "recall": 0.563888892531395,
        "f1": 0.5515615950050663
      },
      "average": {
        "accuracy": 0.596931220938762,
        "precision": 0.5976545034100612,
        "recall": 0.5732278295978903,
        "f1": 0.5757181407246983
      }
    },
    "std": {
      "S2": {
        "accuracy": 0.3118201920270898,
        "precision": 0.30985924676921334,
        "recall": 0.3275155525137804,
        "f1": 0.3185355633391632
      },
      "S3": {
        "accuracy": 0.10356950778688263,
        "precision": 0.10541627087898739,
        "recall": 0.1371147768190695,
        "f1": 0.11103456556425548
      },
      "S4": {
        "accuracy": 0.22825374718906719,
        "precision": 0.17776279354249608,
        "recall": 0.14680265754103863,
        "f1": 0.1139153846831883
      },
      "S5": {
        "accuracy": 0.2286507827579899,
        "precision": 0.24768814387999857,
        "recall": 0.2579528710089572,
        "f1": 0.2529574061302272
      },
      "S6": {
        "accuracy": 0.16106223865951425,
        "precision": 0.21295066802488122,
        "recall": 0.17366269510893512,
        "f1": 0.18348086578084857
      },
      "S7": {
        "accuracy": 0.22545494707492456,
        "precision": 0.22604097536820553,
        "recall": 0.19340604077008264,
        "f1": 0.20840432705759518
      },
      "S8": {
        "accuracy": 0.126920618034411,
        "precision": 0.1570486974081351,
        "recall": 0.13251449409473912,
        "f1": 0.13552067645924648
      },
      "S9": {
        "accuracy": 0.15121578622068918,
        "precision": 0.19136876314470988,
        "recall": 0.13565997800664692,
        "f1": 0.1454731646420047
      },
      "S10": {
        "accuracy": 0.2016733801560232,
        "precision": 0.23484513418737557,
        "recall": 0.19253916139976748,
        "f1": 0.18559277111243547
      },
      "S11": {
        "accuracy": 0.14311471057892422,
        "precision": 0.12992406558969344,
        "recall": 0.1734474413470264,
        "f1": 0.1368544034466512
      },
      "S13": {
        "accuracy": 0.23306862779614237,
        "precision": 0.24150538440560232,
        "recall": 0.2364286090546812,
        "f1": 0.23611851506726583
      },
      "S14": {
        "accuracy": 0.09020059119284006,
        "precision": 0.10104773739527444,
        "recall": 0.0942445229863104,
        "f1": 0.052616079395901336
      },
      "S15": {
        "accuracy": 0.08050764996098068,
        "precision": 0.15230812831928303,
        "recall": 0.12297745573615225,
        "f1": 0.12901191397298264
      },
      "S16": {
        "accuracy": 0.15217332102340467,
        "precision": 0.17148550335257398,
        "recall": 0.12315162918946711,
        "f1": 0.1248914485402605
      },
      "S17": {
        "accuracy": 0.14584435235465265,
        "precision": 0.16864571373045,
        "recall": 0.2066495740851537,
        "f1": 0.16459405452052647
      },
      "average": {
        "accuracy": 0.1208211274252242,
        "precision": 0.1500994900137974,
        "recall": 0.13173220899651683,
        "f1": 0.12768290820240968
      }
    },
    "poor_ratio": 0.4
  }
}