{
  "real_subj_cnt": 15,
  "real_path": "stress_slurm/data/wesad_1hz.pickle",
  "sliding_windows": false,
  "syn_subj_cnt": 100,
  "gan_config": {
    "gan_mode": "CGAN",
    "path": "stress_slurm/data/100_subj_cGAN.csv",
    "eps": null
  },
  "privacy_config": {
    "l2_norm_clip": 1.0,
    "eps": null,
    "num_unique_windows": null,
    "delta": null,
    "noise_multiplier": null
  },
  "train_config": {
    "nn_mode": "CNN-LSTM",
    "epochs": 20,
    "batch_size": 50,
    "learning_rate": 0.001,
    "eval_mode": "LOSO",
    "random_seed": 42,
    "data_noise_parameter": null
  },
  "results": {
    "num_runs": 10,
    "mean": {
      "S2": {
        "accuracy": 0.9411764681339264,
        "precision": 0.9411764681339264,
        "recall": 0.9411764681339264,
        "f1": 0.9411764681339264
      },
      "S3": {
        "accuracy": 0.7852941274642944,
        "precision": 0.7845811128616333,
        "recall": 0.7823529481887818,
        "f1": 0.7834504024253228
      },
      "S4": {
        "accuracy": 0.9742857158184052,
        "precision": 0.9742857158184052,
        "recall": 0.9742857158184052,
        "f1": 0.9742857158184052
      },
      "S5": {
        "accuracy": 0.9685714304447174,
        "precision": 0.9685714304447174,
        "recall": 0.9685714304447174,
        "f1": 0.9685714304447174
      },
      "S6": {
        "accuracy": 0.9771428585052491,
        "precision": 0.9771428585052491,
        "recall": 0.9771428585052491,
        "f1": 0.9771428585052491
      },
      "S7": {
        "accuracy": 0.9200000047683716,
        "precision": 0.9200000047683716,
        "recall": 0.9200000047683716,
        "f1": 0.9200000047683716
      },
      "S8": {
        "accuracy": 0.9428571462631226,
        "precision": 0.9428571462631226,
        "recall": 0.9428571462631226,
        "f1": 0.9428571462631226
      },
      "S9": {
        "accuracy": 0.9914285719394684,
        "precision": 0.9914285719394684,
        "recall": 0.9914285719394684,
        "f1": 0.9914285719394684
      },
      "S10": {
        "accuracy": 0.9666666567325592,
        "precision": 0.9666666567325592,
        "recall": 0.9666666567325592,
        "f1": 0.9666666567325592
      },
      "S11": {
        "accuracy": 0.9000000059604645,
        "precision": 0.8975225269794465,
        "recall": 0.9000000059604645,
        "f1": 0.8987442974257724
      },
      "S13": {
        "accuracy": 0.9583333194255829,
        "precision": 0.9583333194255829,
        "recall": 0.9583333194255829,
        "f1": 0.9583333194255829
      },
      "S14": {
        "accuracy": 0.7666666686534882,
        "precision": 0.7666666686534882,
        "recall": 0.7666666686534882,
        "f1": 0.7666666686534882
      },
      "S15": {
        "accuracy": 1.0,
        "precision": 1.0,
        "recall": 1.0,
        "f1": 1.0
      },
      "S16": {
        "accuracy": 0.9055555522441864,
        "precision": 0.9055555522441864,
        "recall": 0.9055555522441864,
        "f1": 0.9055555522441864
      },
      "S17": {
        "accuracy": 0.8833333432674408,
        "precision": 0.8854762017726898,
        "recall": 0.8805555641651154,
        "f1": 0.882981230572466
      },
      "average": {
        "accuracy": 0.9254207913080851,
        "precision": 0.9253509489695231,
        "recall": 0.9250395274162292,
        "f1": 0.9251906882235092
      }
    },
    "std": {
      "S2": {
        "accuracy": 0.013864838020391944,
        "precision": 0.013864838020391944,
        "recall": 0.013864838020391944,
        "f1": 0.013864838020391944
      },
      "S3": {
        "accuracy": 0.04395394579692526,
        "precision": 0.04438079343383694,
        "recall": 0.04640062970079186,
        "f1": 0.04528019420485685
      },
      "S4": {
        "accuracy": 0.045575182479718326,
        "precision": 0.045575182479718326,
        "recall": 0.045575182479718326,
        "f1": 0.045575182479718326
      },
      "S5": {
        "accuracy": 0.01621846223894845,
        "precision": 0.01621846223894845,
        "recall": 0.01621846223894845,
        "f1": 0.01621846223894845
      },
      "S6": {
        "accuracy": 0.012046771320693114,
        "precision": 0.012046771320693114,
        "recall": 0.012046771320693114,
        "f1": 0.012046771320693114
      },
      "S7": {
        "accuracy": 0.01204677132069311,
        "precision": 0.01204677132069311,
        "recall": 0.01204677132069311,
        "f1": 0.01204677132069311
      },
      "S8": {
        "accuracy": 0.019047617912292474,
        "precision": 0.019047617912292474,
        "recall": 0.019047617912292474,
        "f1": 0.019047617912292474
      },
      "S9": {
        "accuracy": 0.01380131036422483,
        "precision": 0.01380131036422483,
        "recall": 0.01380131036422483,
        "f1": 0.01380131036422483
      },
      "S10": {
        "accuracy": 0.03153590521481885,
        "precision": 0.03153590521481885,
        "recall": 0.03153590521481885,
        "f1": 0.03153590521481885
      },
      "S11": {
        "accuracy": 0.02683588469136759,
        "precision": 0.026263761551509557,
        "recall": 0.02683588469136759,
        "f1": 0.026256903551126923
      },
      "S13": {
        "accuracy": 0.023606571389251506,
        "precision": 0.023606571389251506,
        "recall": 0.023606571389251506,
        "f1": 0.023606571389251506
      },
      "S14": {
        "accuracy": 0.04182071231259821,
        "precision": 0.04182071231259821,
        "recall": 0.04182071231259821,
        "f1": 0.04182071231259821
      },
      "S15": {
        "accuracy": 0.0,
        "precision": 0.0,
        "recall": 0.0,
        "f1": 0.0
      },
      "S16": {
        "accuracy": 0.06573421421498443,
        "precision": 0.06573421421498443,
        "recall": 0.06573421421498443,
        "f1": 0.06573421421498443
      },
      "S17": {
        "accuracy": 0.034146462150166555,
        "precision": 0.03585031863932611,
        "recall": 0.03715260184222315,
        "f1": 0.036145780905672366
      },
      "average": {
        "accuracy": 0.008331557893278402,
        "precision": 0.00871707776685075,
        "recall": 0.008796486645259425,
        "f1": 0.008743687852098801
      }
    },
    "poor_ratio": 0.0
  }
}