{
  "real_subj_cnt": 15,
  "real_path": "stress_slurm/data/wesad_1hz.pickle",
  "sliding_windows": false,
  "syn_subj_cnt": 1,
  "gan_config": {
    "gan_mode": "CGAN",
    "path": "stress_slurm/data/100_subj_cGAN.csv",
    "eps": null
  },
  "privacy_config": {
    "l2_norm_clip": 1.0,
    "eps": null,
    "num_unique_windows": null,
    "delta": null,
    "noise_multiplier": null
  },
  "train_config": {
    "nn_mode": "CNN-LSTM",
    "epochs": 20,
    "batch_size": 50,
    "learning_rate": 0.001,
    "eval_mode": "LOSO",
    "random_seed": 42,
    "data_noise_parameter": null
  },
  "results": {
    "num_runs": 10,
    "mean": {
      "S2": {
        "accuracy": 0.9294117569923401,
        "precision": 0.9294117569923401,
        "recall": 0.9294117569923401,
        "f1": 0.9294117569923401
      },
      "S3": {
        "accuracy": 0.6911764740943909,
        "precision": 0.6914772808551788,
        "recall": 0.6852941274642944,
        "f1": 0.68830846674298
      },
      "S4": {
        "accuracy": 0.934285718202591,
        "precision": 0.9424369752407074,
        "recall": 0.934285718202591,
        "f1": 0.9383022796667015
      },
      "S5": {
        "accuracy": 0.9514285743236541,
        "precision": 0.9514285743236541,
        "recall": 0.9514285743236541,
        "f1": 0.9514285743236541
      },
      "S6": {
        "accuracy": 0.9257142901420593,
        "precision": 0.9257142901420593,
        "recall": 0.9257142901420593,
        "f1": 0.9257142901420593
      },
      "S7": {
        "accuracy": 0.8171428680419922,
        "precision": 0.8201213896274566,
        "recall": 0.8200000107288361,
        "f1": 0.8200303360859454
      },
      "S8": {
        "accuracy": 0.8971428632736206,
        "precision": 0.8971428632736206,
        "recall": 0.8971428632736206,
        "f1": 0.8971428632736206
      },
      "S9": {
        "accuracy": 0.9714285731315613,
        "precision": 0.9687301576137543,
        "recall": 0.9714285731315613,
        "f1": 0.9700603624263753
      },
      "S10": {
        "accuracy": 1.0,
        "precision": 1.0,
        "recall": 1.0,
        "f1": 1.0
      },
      "S11": {
        "accuracy": 0.7611111164093017,
        "precision": 0.7631381392478943,
        "recall": 0.7694444417953491,
        "f1": 0.7662480966942823
      },
      "S13": {
        "accuracy": 0.9333333432674408,
        "precision": 0.9333333432674408,
        "recall": 0.9333333432674408,
        "f1": 0.9333333432674408
      },
      "S14": {
        "accuracy": 0.5916666716337204,
        "precision": 0.5916666716337204,
        "recall": 0.5916666716337204,
        "f1": 0.5916666716337204
      },
      "S15": {
        "accuracy": 1.0,
        "precision": 1.0,
        "recall": 1.0,
        "f1": 1.0
      },
      "S16": {
        "accuracy": 1.0,
        "precision": 1.0,
        "recall": 1.0,
        "f1": 1.0
      },
      "S17": {
        "accuracy": 0.477777773141861,
        "precision": 0.48078078031539917,
        "recall": 0.48333333134651185,
        "f1": 0.4820395726153407
      },
      "average": {
        "accuracy": 0.8587746681769689,
        "precision": 0.8596921481688817,
        "recall": 0.8594989134867985,
        "f1": 0.859579107590964
      }
    },
    "std": {
      "S2": {
        "accuracy": 0.015188184469694764,
        "precision": 0.015188184469694764,
        "recall": 0.015188184469694764,
        "f1": 0.015188184469694764
      },
      "S3": {
        "accuracy": 0.04216826437361504,
        "precision": 0.041037092614209854,
        "recall": 0.04170990112109239,
        "f1": 0.04081998503744434
      },
      "S4": {
        "accuracy": 0.0841659039177426,
        "precision": 0.08421199173058372,
        "recall": 0.0841659039177426,
        "f1": 0.08393197157723363
      },
      "S5": {
        "accuracy": 0.06874316707446804,
        "precision": 0.06874316707446804,
        "recall": 0.06874316707446804,
        "f1": 0.06874316707446804
      },
      "S6": {
        "accuracy": 0.024093542641386235,
        "precision": 0.024093542641386235,
        "recall": 0.024093542641386235,
        "f1": 0.024093542641386235
      },
      "S7": {
        "accuracy": 0.0715237418531138,
        "precision": 0.06799812512101312,
        "recall": 0.06741080881699822,
        "f1": 0.06755782309083638
      },
      "S8": {
        "accuracy": 0.019977310202976627,
        "precision": 0.019977310202976627,
        "recall": 0.019977310202976627,
        "f1": 0.019977310202976627
      },
      "S9": {
        "accuracy": 0.0,
        "precision": 0.00853313910981279,
        "recall": 0.0,
        "f1": 0.004326662147412952
      },
      "S10": {
        "accuracy": 0.0,
        "precision": 0.0,
        "recall": 0.0,
        "f1": 0.0
      },
      "S11": {
        "accuracy": 0.05586335180119101,
        "precision": 0.054930077649050335,
        "recall": 0.05563267385653746,
        "f1": 0.05504208424587777
      },
      "S13": {
        "accuracy": 0.049344117406316806,
        "precision": 0.049344117406316806,
        "recall": 0.049344117406316806,
        "f1": 0.049344117406316806
      },
      "S14": {
        "accuracy": 0.13984241069839962,
        "precision": 0.13984241069839962,
        "recall": 0.13984241069839962,
        "f1": 0.13984241069839962
      },
      "S15": {
        "accuracy": 0.0,
        "precision": 0.0,
        "recall": 0.0,
        "f1": 0.0
      },
      "S16": {
        "accuracy": 0.0,
        "precision": 0.0,
        "recall": 0.0,
        "f1": 0.0
      },
      "S17": {
        "accuracy": 0.03657115018310751,
        "precision": 0.033851749784820015,
        "recall": 0.03260522123769064,
        "f1": 0.03313334720320997
      },
      "average": {
        "accuracy": 0.016850759456223163,
        "precision": 0.016744671529908862,
        "recall": 0.016190593710497043,
        "f1": 0.016446081121912363
      }
    },
    "poor_ratio": 0.0
  }
}