{
  "real_subj_cnt": 15,
  "real_path": "stress_slurm/data/wesad_1hz.pickle",
  "sliding_windows": false,
  "syn_subj_cnt": 30,
  "gan_config": {
    "gan_mode": "CGAN",
    "path": "stress_slurm/data/100_subj_cGAN.csv",
    "eps": null
  },
  "privacy_config": {
    "l2_norm_clip": 1.0,
    "eps": null,
    "num_unique_windows": null,
    "delta": null,
    "noise_multiplier": null
  },
  "train_config": {
    "nn_mode": "CNN-LSTM",
    "epochs": 20,
    "batch_size": 50,
    "learning_rate": 0.001,
    "eval_mode": "LOSO",
    "random_seed": 42,
    "data_noise_parameter": null
  },
  "results": {
    "num_runs": 10,
    "mean": {
      "S2": {
        "accuracy": 0.9529411673545838,
        "precision": 0.9529411673545838,
        "recall": 0.9529411673545838,
        "f1": 0.9529411673545838
      },
      "S3": {
        "accuracy": 0.7617647051811218,
        "precision": 0.7617647051811218,
        "recall": 0.7617647051811218,
        "f1": 0.7617647051811218
      },
      "S4": {
        "accuracy": 1.0,
        "precision": 1.0,
        "recall": 1.0,
        "f1": 1.0
      },
      "S5": {
        "accuracy": 0.9885714292526245,
        "precision": 0.9885714292526245,
        "recall": 0.9885714292526245,
        "f1": 0.9885714292526245
      },
      "S6": {
        "accuracy": 0.9800000011920929,
        "precision": 0.9800000011920929,
        "recall": 0.9800000011920929,
        "f1": 0.9800000011920929
      },
      "S7": {
        "accuracy": 0.9171428620815277,
        "precision": 0.9171428620815277,
        "recall": 0.9171428620815277,
        "f1": 0.9171428620815277
      },
      "S8": {
        "accuracy": 0.954285717010498,
        "precision": 0.9544444441795349,
        "recall": 0.9571428596973419,
        "f1": 0.9557746489921559
      },
      "S9": {
        "accuracy": 0.9714285731315613,
        "precision": 0.9714285731315613,
        "recall": 0.9714285731315613,
        "f1": 0.9714285731315613
      },
      "S10": {
        "accuracy": 0.9722222089767456,
        "precision": 0.9722222089767456,
        "recall": 0.9722222089767456,
        "f1": 0.9722222089767456
      },
      "S11": {
        "accuracy": 0.8777777791023255,
        "precision": 0.8803174614906311,
        "recall": 0.8777777791023255,
        "f1": 0.879029735210419
      },
      "S13": {
        "accuracy": 1.0,
        "precision": 1.0,
        "recall": 1.0,
        "f1": 1.0
      },
      "S14": {
        "accuracy": 0.699999988079071,
        "precision": 0.6988888800144195,
        "recall": 0.6972222089767456,
        "f1": 0.6980438073448566
      },
      "S15": {
        "accuracy": 1.0,
        "precision": 1.0,
        "recall": 1.0,
        "f1": 1.0
      },
      "S16": {
        "accuracy": 0.9111111104488373,
        "precision": 0.9111111104488373,
        "recall": 0.9111111104488373,
        "f1": 0.9111111104488373
      },
      "S17": {
        "accuracy": 0.6972222268581391,
        "precision": 0.6994444489479065,
        "recall": 0.6972222268581391,
        "f1": 0.6983176884528688
      },
      "average": {
        "accuracy": 0.9122978512446085,
        "precision": 0.9125518194834392,
        "recall": 0.9123031421502432,
        "f1": 0.9124231958412929
      }
    },
    "std": {
      "S2": {
        "accuracy": 0.01518815368998853,
        "precision": 0.01518815368998853,
        "recall": 0.01518815368998853,
        "f1": 0.01518815368998853
      },
      "S3": {
        "accuracy": 0.02924791617007372,
        "precision": 0.02924791617007372,
        "recall": 0.02924791617007372,
        "f1": 0.02924791617007372
      },
      "S4": {
        "accuracy": 0.0,
        "precision": 0.0,
        "recall": 0.0,
        "f1": 0.0
      },
      "S5": {
        "accuracy": 0.014754221391846175,
        "precision": 0.014754221391846175,
        "recall": 0.014754221391846175,
        "f1": 0.014754221391846175
      },
      "S6": {
        "accuracy": 0.013801310364224825,
        "precision": 0.013801310364224825,
        "recall": 0.013801310364224825,
        "f1": 0.013801310364224825
      },
      "S7": {
        "accuracy": 0.02108184981121295,
        "precision": 0.02108184981121295,
        "recall": 0.02108184981121295,
        "f1": 0.02108184981121295
      },
      "S8": {
        "accuracy": 0.019977310202976623,
        "precision": 0.019882497331330726,
        "recall": 0.02020304968684854,
        "f1": 0.01958182739414211
      },
      "S9": {
        "accuracy": 0.0,
        "precision": 0.0,
        "recall": 0.0,
        "f1": 0.0
      },
      "S10": {
        "accuracy": 0.0261891525319013,
        "precision": 0.0261891525319013,
        "recall": 0.0261891525319013,
        "f1": 0.0261891525319013
      },
      "S11": {
        "accuracy": 0.045737364473205484,
        "precision": 0.047107479366973154,
        "recall": 0.045737364473205484,
        "f1": 0.046243842413419056
      },
      "S13": {
        "accuracy": 0.0,
        "precision": 0.0,
        "recall": 0.0,
        "f1": 0.0
      },
      "S14": {
        "accuracy": 0.04303315000118042,
        "precision": 0.0456472971103763,
        "recall": 0.04977659731605349,
        "f1": 0.04771293826204341
      },
      "S15": {
        "accuracy": 0.0,
        "precision": 0.0,
        "recall": 0.0,
        "f1": 0.0
      },
      "S16": {
        "accuracy": 0.03657113811031699,
        "precision": 0.03657113811031699,
        "recall": 0.03657113811031699,
        "f1": 0.03657113811031699
      },
      "S17": {
        "accuracy": 0.0547002030064791,
        "precision": 0.058645546723837955,
        "recall": 0.0547002030064791,
        "f1": 0.05657043168155872
      },
      "average": {
        "accuracy": 0.008919734259637654,
        "precision": 0.009013400322456835,
        "recall": 0.009046411173120687,
        "f1": 0.009017599753736385
      }
    },
    "poor_ratio": 0.0
  }
}