{
  "real_subj_cnt": 15,
  "real_path": "stress_slurm/data/wesad_1hz.pickle",
  "sliding_windows": false,
  "syn_subj_cnt": 15,
  "gan_config": {
    "gan_mode": "CGAN",
    "path": "stress_slurm/data/100_subj_cGAN.csv",
    "eps": null
  },
  "privacy_config": {
    "l2_norm_clip": 1.0,
    "eps": null,
    "num_unique_windows": null,
    "delta": null,
    "noise_multiplier": null
  },
  "train_config": {
    "nn_mode": "CNN-LSTM",
    "epochs": 20,
    "batch_size": 50,
    "learning_rate": 0.001,
    "eval_mode": "LOSO",
    "random_seed": 42,
    "data_noise_parameter": null
  },
  "results": {
    "num_runs": 10,
    "mean": {
      "S2": {
        "accuracy": 0.9411764740943909,
        "precision": 0.9411764740943909,
        "recall": 0.9411764740943909,
        "f1": 0.9411764740943909
      },
      "S3": {
        "accuracy": 0.8147058725357056,
        "precision": 0.8145810961723328,
        "recall": 0.8147058725357056,
        "f1": 0.8146098059580226
      },
      "S4": {
        "accuracy": 0.9942857146263122,
        "precision": 0.9942857146263122,
        "recall": 0.9942857146263122,
        "f1": 0.9942857146263122
      },
      "S5": {
        "accuracy": 0.9885714292526245,
        "precision": 0.9885714292526245,
        "recall": 0.9885714292526245,
        "f1": 0.9885714292526245
      },
      "S6": {
        "accuracy": 0.9914285719394684,
        "precision": 0.9914285719394684,
        "recall": 0.9914285719394684,
        "f1": 0.9914285719394684
      },
      "S7": {
        "accuracy": 0.9142857193946838,
        "precision": 0.9142857193946838,
        "recall": 0.9142857193946838,
        "f1": 0.9142857193946838
      },
      "S8": {
        "accuracy": 0.9771428585052491,
        "precision": 0.9771428585052491,
        "recall": 0.9771428585052491,
        "f1": 0.9771428585052491
      },
      "S9": {
        "accuracy": 0.9771428585052491,
        "precision": 0.9771428585052491,
        "recall": 0.9771428585052491,
        "f1": 0.9771428585052491
      },
      "S10": {
        "accuracy": 0.9416666626930237,
        "precision": 0.9416666626930237,
        "recall": 0.9416666626930237,
        "f1": 0.9416666626930237
      },
      "S11": {
        "accuracy": 0.8138888835906982,
        "precision": 0.8157507598400116,
        "recall": 0.8138888835906982,
        "f1": 0.8147399636136079
      },
      "S13": {
        "accuracy": 1.0,
        "precision": 1.0,
        "recall": 1.0,
        "f1": 1.0
      },
      "S14": {
        "accuracy": 0.6194444388151169,
        "precision": 0.6194444388151169,
        "recall": 0.6194444388151169,
        "f1": 0.6194444388151169
      },
      "S15": {
        "accuracy": 1.0,
        "precision": 1.0,
        "recall": 1.0,
        "f1": 1.0
      },
      "S16": {
        "accuracy": 0.8916666746139527,
        "precision": 0.892042052745819,
        "recall": 0.8944444537162781,
        "f1": 0.8932267984399476
      },
      "S17": {
        "accuracy": 0.627777773141861,
        "precision": 0.6271428525447845,
        "recall": 0.6249999940395355,
        "f1": 0.626056332729847
      },
      "average": {
        "accuracy": 0.8995455954472223,
        "precision": 0.899644099275271,
        "recall": 0.8995455954472223,
        "f1": 0.8995851752378362
      }
    },
    "std": {
      "S2": {
        "accuracy": 0.0,
        "precision": 0.0,
        "recall": 0.0,
        "f1": 0.0
      },
      "S3": {
        "accuracy": 0.0693934837346856,
        "precision": 0.06702816464185596,
        "recall": 0.0693934837346856,
        "f1": 0.06802635134767782
      },
      "S4": {
        "accuracy": 0.018070156981039674,
        "precision": 0.018070156981039674,
        "recall": 0.018070156981039674,
        "f1": 0.018070156981039674
      },
      "S5": {
        "accuracy": 0.014754221391846171,
        "precision": 0.014754221391846171,
        "recall": 0.014754221391846171,
        "f1": 0.014754221391846171
      },
      "S6": {
        "accuracy": 0.01380131036422483,
        "precision": 0.01380131036422483,
        "recall": 0.01380131036422483,
        "f1": 0.01380131036422483
      },
      "S7": {
        "accuracy": 0.019047617912292484,
        "precision": 0.019047617912292484,
        "recall": 0.019047617912292484,
        "f1": 0.019047617912292484
      },
      "S8": {
        "accuracy": 0.018070156981039674,
        "precision": 0.018070156981039674,
        "recall": 0.018070156981039674,
        "f1": 0.018070156981039674
      },
      "S9": {
        "accuracy": 0.026255329391422652,
        "precision": 0.026255329391422652,
        "recall": 0.026255329391422652,
        "f1": 0.026255329391422652
      },
      "S10": {
        "accuracy": 0.033256073737657633,
        "precision": 0.033256073737657633,
        "recall": 0.033256073737657633,
        "f1": 0.033256073737657633
      },
      "S11": {
        "accuracy": 0.0926388833663453,
        "precision": 0.09398048659628536,
        "recall": 0.09803453426697162,
        "f1": 0.0956275963389787
      },
      "S13": {
        "accuracy": 0.0,
        "precision": 0.0,
        "recall": 0.0,
        "f1": 0.0
      },
      "S14": {
        "accuracy": 0.07296625033361619,
        "precision": 0.07296625033361619,
        "recall": 0.07296625033361619,
        "f1": 0.07296625033361619
      },
      "S15": {
        "accuracy": 0.0,
        "precision": 0.0,
        "recall": 0.0,
        "f1": 0.0
      },
      "S16": {
        "accuracy": 0.03056959609378493,
        "precision": 0.03017317752605004,
        "recall": 0.028688779207331767,
        "f1": 0.02920454903750858
      },
      "S17": {
        "accuracy": 0.08093249987209876,
        "precision": 0.0796395665039573,
        "recall": 0.07550697732752641,
        "f1": 0.07749767459345601
      },
      "average": {
        "accuracy": 0.011662497862478374,
        "precision": 0.011042972420475788,
        "recall": 0.011886202462653128,
        "f1": 0.011451633635821646
      }
    },
    "poor_ratio": 0.0
  }
}