{
  "real_subj_cnt": 15,
  "real_path": "stress_slurm/data/wesad_1hz.pickle",
  "sliding_windows": false,
  "syn_subj_cnt": 100,
  "gan_config": {
    "gan_mode": "CGAN",
    "path": "stress_slurm/data/100_subj_cGAN.csv",
    "eps": null
  },
  "privacy_config": {
    "l2_norm_clip": 1.0,
    "eps": null,
    "num_unique_windows": null,
    "delta": null,
    "noise_multiplier": null
  },
  "train_config": {
    "nn_mode": "Transformer",
    "epochs": 110,
    "batch_size": 50,
    "learning_rate": 0.0001,
    "eval_mode": "LOSO",
    "random_seed": 42,
    "data_noise_parameter": null
  },
  "results": {
    "num_runs": 10,
    "mean": {
      "S2": {
        "accuracy": 0.9029411673545837,
        "precision": 0.9023172855377197,
        "recall": 0.8999999940395356,
        "f1": 0.901141346561853
      },
      "S3": {
        "accuracy": 0.8588235199451446,
        "precision": 0.8632798552513122,
        "recall": 0.8558823466300964,
        "f1": 0.8595258956219471
      },
      "S4": {
        "accuracy": 0.9685714304447174,
        "precision": 0.9685714304447174,
        "recall": 0.9685714304447174,
        "f1": 0.9685714304447174
      },
      "S5": {
        "accuracy": 0.8114285826683044,
        "precision": 0.8161344647407531,
        "recall": 0.8114285826683044,
        "f1": 0.8137474231123047
      },
      "S6": {
        "accuracy": 0.9428571462631226,
        "precision": 0.9428571462631226,
        "recall": 0.9428571462631226,
        "f1": 0.9428571462631226
      },
      "S7": {
        "accuracy": 0.8542857229709625,
        "precision": 0.8547619104385376,
        "recall": 0.8571428656578064,
        "f1": 0.8559356207377947
      },
      "S8": {
        "accuracy": 0.9514285743236541,
        "precision": 0.9513445377349854,
        "recall": 0.9485714316368103,
        "f1": 0.9499378897367068
      },
      "S9": {
        "accuracy": 0.9428571462631226,
        "precision": 0.9453781545162201,
        "recall": 0.9428571462631226,
        "f1": 0.9440993822151762
      },
      "S10": {
        "accuracy": 0.9777777671813965,
        "precision": 0.9777777671813965,
        "recall": 0.9777777671813965,
        "f1": 0.9777777671813965
      },
      "S11": {
        "accuracy": 0.9166666626930237,
        "precision": 0.9166666626930237,
        "recall": 0.9166666626930237,
        "f1": 0.9166666626930237
      },
      "S13": {
        "accuracy": 0.9722222089767456,
        "precision": 0.9722222089767456,
        "recall": 0.9722222089767456,
        "f1": 0.9722222089767456
      },
      "S14": {
        "accuracy": 0.6916666626930237,
        "precision": 0.6916064620018005,
        "recall": 0.6916666567325592,
        "f1": 0.6915358139705405
      },
      "S15": {
        "accuracy": 0.9972222208976745,
        "precision": 0.9972222208976745,
        "recall": 0.9972222208976745,
        "f1": 0.9972222208976745
      },
      "S16": {
        "accuracy": 0.9277777731418609,
        "precision": 0.9277777731418609,
        "recall": 0.9277777731418609,
        "f1": 0.9277777731418609
      },
      "S17": {
        "accuracy": 0.8083333313465119,
        "precision": 0.8060810804367066,
        "recall": 0.8083333313465119,
        "f1": 0.8071917795244626
      },
      "average": {
        "accuracy": 0.9016573278109232,
        "precision": 0.9022665973504385,
        "recall": 0.9012651709715526,
        "f1": 0.9017473574052884
      }
    },
    "std": {
      "S2": {
        "accuracy": 0.04812916562790808,
        "precision": 0.049710987331452516,
        "recall": 0.05580489027621366,
        "f1": 0.05276420137266594
      },
      "S3": {
        "accuracy": 0.05150558953860536,
        "precision": 0.05136831005802211,
        "recall": 0.05623383875501123,
        "f1": 0.05356134081688688
      },
      "S4": {
        "accuracy": 0.02108184981121295,
        "precision": 0.02108184981121295,
        "recall": 0.02108184981121295,
        "f1": 0.02108184981121295
      },
      "S5": {
        "accuracy": 0.09823844715959953,
        "precision": 0.0983514776231023,
        "recall": 0.09823844715959953,
        "f1": 0.09816814230743914
      },
      "S6": {
        "accuracy": 0.01904761791229248,
        "precision": 0.01904761791229248,
        "recall": 0.01904761791229248,
        "f1": 0.01904761791229248
      },
      "S7": {
        "accuracy": 0.08131570641467853,
        "precision": 0.08116218912738843,
        "recall": 0.08081219874739418,
        "f1": 0.08090232301582742
      },
      "S8": {
        "accuracy": 0.030267138352263016,
        "precision": 0.030206544427385438,
        "recall": 0.02950844278369235,
        "f1": 0.02953080468007684
      },
      "S9": {
        "accuracy": 0.046656944700613566,
        "precision": 0.041955134314295706,
        "recall": 0.046656944700613566,
        "f1": 0.04422313458683764
      },
      "S10": {
        "accuracy": 0.0255260283793275,
        "precision": 0.0255260283793275,
        "recall": 0.0255260283793275,
        "f1": 0.0255260283793275
      },
      "S11": {
        "accuracy": 0.0489953917289938,
        "precision": 0.0489953917289938,
        "recall": 0.0489953917289938,
        "f1": 0.0489953917289938
      },
      "S13": {
        "accuracy": 0.0,
        "precision": 0.0,
        "recall": 0.0,
        "f1": 0.0
      },
      "S14": {
        "accuracy": 0.06341072257643629,
        "precision": 0.06316482030606992,
        "recall": 0.06605948498166055,
        "f1": 0.064130366216505
      },
      "S15": {
        "accuracy": 0.008784108800166312,
        "precision": 0.008784108800166312,
        "recall": 0.008784108800166312,
        "f1": 0.008784108800166312
      },
      "S16": {
        "accuracy": 0.06702577527863701,
        "precision": 0.06702577527863701,
        "recall": 0.06702577527863701,
        "f1": 0.06702577527863701
      },
      "S17": {
        "accuracy": 0.08013407071231103,
        "precision": 0.07966850487792855,
        "recall": 0.08013407071231103,
        "f1": 0.07981905282726486
      },
      "average": {
        "accuracy": 0.01098462051921918,
        "precision": 0.010765724026143304,
        "recall": 0.0114529648520368,
        "f1": 0.011017782127568897
      }
    },
    "poor_ratio": 0.0
  }
}