{
  "real_subj_cnt": 15,
  "real_path": "stress_slurm/data/wesad_1hz.pickle",
  "sliding_windows": false,
  "syn_subj_cnt": 1,
  "gan_config": {
    "gan_mode": "CGAN",
    "path": "stress_slurm/data/100_subj_cGAN.csv",
    "eps": null
  },
  "privacy_config": {
    "l2_norm_clip": 1.0,
    "eps": null,
    "num_unique_windows": null,
    "delta": null,
    "noise_multiplier": null
  },
  "train_config": {
    "nn_mode": "Transformer",
    "epochs": 110,
    "batch_size": 50,
    "learning_rate": 0.0001,
    "eval_mode": "LOSO",
    "random_seed": 42,
    "data_noise_parameter": null
  },
  "results": {
    "num_runs": 10,
    "mean": {
      "S2": {
        "accuracy": 0.8970588207244873,
        "precision": 0.8943697452545166,
        "recall": 0.8970588207244873,
        "f1": 0.8956947969366237
      },
      "S3": {
        "accuracy": 0.7117647051811218,
        "precision": 0.7000321447849274,
        "recall": 0.6941176414489746,
        "f1": 0.6968483138799286
      },
      "S4": {
        "accuracy": 0.9600000023841858,
        "precision": 0.9617511510849,
        "recall": 0.9514285743236541,
        "f1": 0.9562770574628157
      },
      "S5": {
        "accuracy": 0.9371428608894348,
        "precision": 0.9371428608894348,
        "recall": 0.9371428608894348,
        "f1": 0.9371428608894348
      },
      "S6": {
        "accuracy": 0.9514285743236541,
        "precision": 0.9514285743236541,
        "recall": 0.9514285743236541,
        "f1": 0.9514285743236541
      },
      "S7": {
        "accuracy": 0.7885714411735535,
        "precision": 0.7961471974849701,
        "recall": 0.7914285838603974,
        "f1": 0.7936469060359406
      },
      "S8": {
        "accuracy": 0.9514285743236541,
        "precision": 0.9601540625095367,
        "recall": 0.954285717010498,
        "f1": 0.9571399429744034
      },
      "S9": {
        "accuracy": 0.9600000023841858,
        "precision": 0.9600000023841858,
        "recall": 0.9600000023841858,
        "f1": 0.9600000023841858
      },
      "S10": {
        "accuracy": 0.9777777671813965,
        "precision": 0.9777777671813965,
        "recall": 0.9777777671813965,
        "f1": 0.9777777671813965
      },
      "S11": {
        "accuracy": 0.7138888955116272,
        "precision": 0.7119321882724762,
        "recall": 0.7083333313465119,
        "f1": 0.7093023387808612
      },
      "S13": {
        "accuracy": 0.9388888835906982,
        "precision": 0.9360982358455658,
        "recall": 0.9361111044883728,
        "f1": 0.936069301864736
      },
      "S14": {
        "accuracy": 0.3722222223877907,
        "precision": 0.3746632382273674,
        "recall": 0.3722222223877907,
        "f1": 0.37341093930138347
      },
      "S15": {
        "accuracy": 0.9972222208976745,
        "precision": 0.9972222208976745,
        "recall": 0.9972222208976745,
        "f1": 0.9972222208976745
      },
      "S16": {
        "accuracy": 0.9333333313465119,
        "precision": 0.9310810804367066,
        "recall": 0.9333333313465119,
        "f1": 0.9321917795244626
      },
      "S17": {
        "accuracy": 0.5638888955116272,
        "precision": 0.5635410130023957,
        "recall": 0.5583333373069763,
        "f1": 0.560788269764744
      },
      "average": {
        "accuracy": 0.8436411465207735,
        "precision": 0.8435560988386472,
        "recall": 0.8413482726613679,
        "f1": 0.842329404813483
      }
    },
    "std": {
      "S2": {
        "accuracy": 0.03982371651891225,
        "precision": 0.03734440759337695,
        "recall": 0.03982371651891225,
        "f1": 0.03835109079084678
      },
      "S3": {
        "accuracy": 0.1026372624907461,
        "precision": 0.10491647828780917,
        "recall": 0.10846522495847621,
        "f1": 0.10594621744261633
      },
      "S4": {
        "accuracy": 0.03071336102000206,
        "precision": 0.026170541920680405,
        "recall": 0.05561447790666691,
        "f1": 0.04118853094289543
      },
      "S5": {
        "accuracy": 0.09504742252425295,
        "precision": 0.09504742252425295,
        "recall": 0.09504742252425295,
        "f1": 0.09504742252425295
      },
      "S6": {
        "accuracy": 0.023522072950791253,
        "precision": 0.023522072950791253,
        "recall": 0.023522072950791253,
        "f1": 0.023522072950791253
      },
      "S7": {
        "accuracy": 0.10958589719116181,
        "precision": 0.1106962830377077,
        "recall": 0.11028718808704971,
        "f1": 0.10984514057540358
      },
      "S8": {
        "accuracy": 0.03026713835226301,
        "precision": 0.03578382896780205,
        "recall": 0.027602620728449666,
        "f1": 0.03071691766039221
      },
      "S9": {
        "accuracy": 0.03353679202325894,
        "precision": 0.03353679202325894,
        "recall": 0.03353679202325894,
        "f1": 0.03353679202325894
      },
      "S10": {
        "accuracy": 0.028688779207331778,
        "precision": 0.028688779207331778,
        "recall": 0.028688779207331778,
        "f1": 0.028688779207331778
      },
      "S11": {
        "accuracy": 0.13357103496617342,
        "precision": 0.13930602231457895,
        "recall": 0.13811512720677802,
        "f1": 0.13541180439288902
      },
      "S13": {
        "accuracy": 0.02552600531706676,
        "precision": 0.026385477913338586,
        "recall": 0.029426376538232994,
        "f1": 0.027323736578843894
      },
      "S14": {
        "accuracy": 0.1032729135105582,
        "precision": 0.10137922370527425,
        "recall": 0.1032729135105582,
        "f1": 0.10229166046322603
      },
      "S15": {
        "accuracy": 0.008784108800166312,
        "precision": 0.008784108800166312,
        "recall": 0.008784108800166312,
        "f1": 0.008784108800166312
      },
      "S16": {
        "accuracy": 0.0840504046512238,
        "precision": 0.08726796179192578,
        "recall": 0.0840504046512238,
        "f1": 0.08562231108594014
      },
      "S17": {
        "accuracy": 0.049082806364783266,
        "precision": 0.04800677860201457,
        "recall": 0.04430920155575306,
        "f1": 0.04526540854098696
      },
      "average": {
        "accuracy": 0.013921703166784543,
        "precision": 0.012460741943049391,
        "recall": 0.014591996445913481,
        "f1": 0.013475321339639997
      }
    },
    "poor_ratio": 0.0
  }
}