{
  "real_subj_cnt": 15,
  "real_path": "stress_slurm/data/wesad_1hz.pickle",
  "sliding_windows": false,
  "syn_subj_cnt": 50,
  "gan_config": {
    "gan_mode": "CGAN",
    "path": "stress_slurm/data/100_subj_cGAN.csv",
    "eps": null
  },
  "privacy_config": {
    "l2_norm_clip": 1.0,
    "eps": null,
    "num_unique_windows": null,
    "delta": null,
    "noise_multiplier": null
  },
  "train_config": {
    "nn_mode": "Transformer",
    "epochs": 110,
    "batch_size": 50,
    "learning_rate": 0.0001,
    "eval_mode": "LOSO",
    "random_seed": 42,
    "data_noise_parameter": null
  },
  "results": {
    "num_runs": 10,
    "mean": {
      "S2": {
        "accuracy": 0.91470587849617,
        "precision": 0.9200367629528046,
        "recall": 0.91470587849617,
        "f1": 0.9172905497150315
      },
      "S3": {
        "accuracy": 0.8323529303073883,
        "precision": 0.8340808749198914,
        "recall": 0.8294117510318756,
        "f1": 0.8315701670148716
      },
      "S4": {
        "accuracy": 0.9714285731315613,
        "precision": 0.9714285731315613,
        "recall": 0.9714285731315613,
        "f1": 0.9714285731315613
      },
      "S5": {
        "accuracy": 0.7828571557998657,
        "precision": 0.7838095366954804,
        "recall": 0.7857142984867096,
        "f1": 0.7847485037768462
      },
      "S6": {
        "accuracy": 0.9428571462631226,
        "precision": 0.9428571462631226,
        "recall": 0.9428571462631226,
        "f1": 0.9428571462631226
      },
      "S7": {
        "accuracy": 0.8542857229709625,
        "precision": 0.8568907618522644,
        "recall": 0.8542857229709625,
        "f1": 0.8555693653408054
      },
      "S8": {
        "accuracy": 0.9428571462631226,
        "precision": 0.9428571462631226,
        "recall": 0.9428571462631226,
        "f1": 0.9428571462631226
      },
      "S9": {
        "accuracy": 0.9657142877578735,
        "precision": 0.9684873938560485,
        "recall": 0.9657142877578735,
        "f1": 0.96708074585777
      },
      "S10": {
        "accuracy": 0.9916666626930237,
        "precision": 0.9916666626930237,
        "recall": 0.9916666626930237,
        "f1": 0.9916666626930237
      },
      "S11": {
        "accuracy": 0.8916666567325592,
        "precision": 0.889255678653717,
        "recall": 0.8916666626930236,
        "f1": 0.8904082744391131
      },
      "S13": {
        "accuracy": 0.9361110985279083,
        "precision": 0.9361110985279083,
        "recall": 0.9361110985279083,
        "f1": 0.9361110985279083
      },
      "S14": {
        "accuracy": 0.6583333432674408,
        "precision": 0.6601587414741517,
        "recall": 0.6583333432674408,
        "f1": 0.6592331874443883
      },
      "S15": {
        "accuracy": 1.0,
        "precision": 1.0,
        "recall": 1.0,
        "f1": 1.0
      },
      "S16": {
        "accuracy": 0.8861111104488373,
        "precision": 0.8927404344081878,
        "recall": 0.8861111104488373,
        "f1": 0.8893483140972085
      },
      "S17": {
        "accuracy": 0.8111111104488373,
        "precision": 0.806456458568573,
        "recall": 0.8111111104488373,
        "f1": 0.8087519033504575
      },
      "average": {
        "accuracy": 0.8921372548739115,
        "precision": 0.8931224846839905,
        "recall": 0.8921316528320313,
        "f1": 0.8925947758610153
      }
    },
    "std": {
      "S2": {
        "accuracy": 0.03236779718587421,
        "precision": 0.024498313382412193,
        "recall": 0.03236779718587421,
        "f1": 0.02756303057245992
      },
      "S3": {
        "accuracy": 0.0693934755944311,
        "precision": 0.06904840763278804,
        "recall": 0.07568727770667456,
        "f1": 0.07155397101632316
      },
      "S4": {
        "accuracy": 0.013468699791232367,
        "precision": 0.013468699791232367,
        "recall": 0.013468699791232367,
        "f1": 0.013468699791232367
      },
      "S5": {
        "accuracy": 0.1144443275465846,
        "precision": 0.11331598498297857,
        "recall": 0.11126972142064474,
        "f1": 0.11227154373699419
      },
      "S6": {
        "accuracy": 0.023328472350306783,
        "precision": 0.023328472350306783,
        "recall": 0.023328472350306783,
        "f1": 0.023328472350306783
      },
      "S7": {
        "accuracy": 0.09566570099386189,
        "precision": 0.09696250736748464,
        "recall": 0.09566570099386189,
        "f1": 0.09621878679224659
      },
      "S8": {
        "accuracy": 0.023328472350306783,
        "precision": 0.023328472350306783,
        "recall": 0.023328472350306783,
        "f1": 0.023328472350306783
      },
      "S9": {
        "accuracy": 0.022537445449423935,
        "precision": 0.021070867265832984,
        "recall": 0.022537445449423935,
        "f1": 0.021382262119808412
      },
      "S10": {
        "accuracy": 0.013417947829829949,
        "precision": 0.013417947829829949,
        "recall": 0.013417947829829949,
        "f1": 0.013417947829829949
      },
      "S11": {
        "accuracy": 0.10990860746692699,
        "precision": 0.10787734720647425,
        "recall": 0.10833728277567424,
        "f1": 0.10784592194964769
      },
      "S13": {
        "accuracy": 0.045455321833908,
        "precision": 0.045455321833908,
        "recall": 0.045455321833908,
        "f1": 0.045455321833908
      },
      "S14": {
        "accuracy": 0.06683363940393505,
        "precision": 0.06649196114959542,
        "recall": 0.06683363940393505,
        "f1": 0.06660293078376853
      },
      "S15": {
        "accuracy": 0.0,
        "precision": 0.0,
        "recall": 0.0,
        "f1": 0.0
      },
      "S16": {
        "accuracy": 0.09662514710995196,
        "precision": 0.08788983600342463,
        "recall": 0.09662514710995196,
        "f1": 0.09218577055594913
      },
      "S17": {
        "accuracy": 0.07148244676000591,
        "precision": 0.06840837530330582,
        "recall": 0.07148244676000591,
        "f1": 0.06976874430029487
      },
      "average": {
        "accuracy": 0.010717921454471091,
        "precision": 0.01049210706222945,
        "recall": 0.010256342697981126,
        "f1": 0.010317453780135455
      }
    },
    "poor_ratio": 0.0
  }
}