{
  "real_subj_cnt": 15,
  "real_path": "stress_slurm/data/wesad_1hz.pickle",
  "sliding_windows": false,
  "syn_subj_cnt": 0,
  "gan_config": {
    "gan_mode": "noGAN",
    "type": null,
    "path": null,
    "eps": null
  },
  "privacy_config": {
    "l2_norm_clip": 1.0,
    "eps": null,
    "num_unique_windows": null,
    "delta": null,
    "noise_multiplier": null
  },
  "train_config": {
    "nn_mode": "Transformer",
    "epochs": 110,
    "batch_size": 50,
    "learning_rate": 0.0001,
    "eval_mode": "LOSO",
    "random_seed": 42,
    "data_noise_parameter": null
  },
  "results": {
    "num_runs": 10,
    "mean": {
      "S2": {
        "accuracy": 0.8499999940395355,
        "precision": 0.8527941107749939,
        "recall": 0.8499999940395355,
        "f1": 0.8513020164037594
      },
      "S3": {
        "accuracy": 0.7029411911964416,
        "precision": 0.7040718257427215,
        "recall": 0.7058823645114899,
        "f1": 0.7049325120588177
      },
      "S4": {
        "accuracy": 0.9600000023841858,
        "precision": 0.9573015868663788,
        "recall": 0.9600000023841858,
        "f1": 0.9586317916789998
      },
      "S5": {
        "accuracy": 0.8828571498394012,
        "precision": 0.882469654083252,
        "recall": 0.8828571498394012,
        "f1": 0.8825970347209605
      },
      "S6": {
        "accuracy": 0.9228571474552154,
        "precision": 0.9224963963031769,
        "recall": 0.9200000047683716,
        "f1": 0.9211528033423493
      },
      "S7": {
        "accuracy": 0.702857157588005,
        "precision": 0.7053968399763108,
        "recall": 0.702857157588005,
        "f1": 0.7040620338386601
      },
      "S8": {
        "accuracy": 0.934285718202591,
        "precision": 0.9398319303989411,
        "recall": 0.934285718202591,
        "f1": 0.9370186344023838
      },
      "S9": {
        "accuracy": 0.9028571486473084,
        "precision": 0.8980451166629791,
        "recall": 0.9057142913341523,
        "f1": 0.9017221181807408
      },
      "S10": {
        "accuracy": 0.9916666626930237,
        "precision": 0.9944444417953491,
        "recall": 0.9888888835906983,
        "f1": 0.9916275390247767
      },
      "S11": {
        "accuracy": 0.6749999940395355,
        "precision": 0.668711370229721,
        "recall": 0.680555546283722,
        "f1": 0.6738575123406899
      },
      "S13": {
        "accuracy": 0.8861111104488373,
        "precision": 0.8857936501502991,
        "recall": 0.8833333313465118,
        "f1": 0.8845461645501873
      },
      "S14": {
        "accuracy": 0.27777777910232543,
        "precision": 0.278586445748806,
        "recall": 0.27777777761220934,
        "f1": 0.2781534728131977
      },
      "S15": {
        "accuracy": 0.9166666567325592,
        "precision": 0.9146181821823121,
        "recall": 0.9166666567325592,
        "f1": 0.9155953135847561
      },
      "S16": {
        "accuracy": 0.9277777731418609,
        "precision": 0.9355944097042084,
        "recall": 0.9305555522441864,
        "f1": 0.9329707564877431
      },
      "S17": {
        "accuracy": 0.5611111134290695,
        "precision": 0.5520523756742477,
        "recall": 0.566666665673256,
        "f1": 0.5590341980586615
      },
      "average": {
        "accuracy": 0.8063177732626597,
        "precision": 0.8061472224195798,
        "recall": 0.8070694064100584,
        "f1": 0.8064802600991122
      }
    },
    "std": {
      "S2": {
        "accuracy": 0.06569358580485846,
        "precision": 0.06707075056440666,
        "recall": 0.06569358580485846,
        "f1": 0.06574343191636065
      },
      "S3": {
        "accuracy": 0.04892146130421695,
        "precision": 0.05232212714161261,
        "recall": 0.049990376615551196,
        "f1": 0.05084969380295194
      },
      "S4": {
        "accuracy": 0.019977310202976623,
        "precision": 0.020084227700967714,
        "recall": 0.019977310202976623,
        "f1": 0.0195720392899996
      },
      "S5": {
        "accuracy": 0.12303788112136968,
        "precision": 0.11856959121450053,
        "recall": 0.12303788112136968,
        "f1": 0.1206080304155112
      },
      "S6": {
        "accuracy": 0.05561447790666691,
        "precision": 0.055794742335498054,
        "recall": 0.06142672204000412,
        "f1": 0.05791954960375138
      },
      "S7": {
        "accuracy": 0.16940605388774596,
        "precision": 0.16632819784072758,
        "recall": 0.1656157292835811,
        "f1": 0.16587923312990266
      },
      "S8": {
        "accuracy": 0.038214098003669525,
        "precision": 0.04126345375507295,
        "recall": 0.038214098003669525,
        "f1": 0.0393137079660374
      },
      "S9": {
        "accuracy": 0.06894079997025113,
        "precision": 0.06750299451009929,
        "recall": 0.0713332655046782,
        "f1": 0.06829952599487
      },
      "S10": {
        "accuracy": 0.018748579987530704,
        "precision": 0.017568217600332618,
        "recall": 0.01942239533854042,
        "f1": 0.017582152344708706
      },
      "S11": {
        "accuracy": 0.13032221753281462,
        "precision": 0.12841590068113534,
        "recall": 0.12301231302718901,
        "f1": 0.12419218776727771
      },
      "S13": {
        "accuracy": 0.05310973948851017,
        "precision": 0.05310077779408792,
        "recall": 0.05367176321306287,
        "f1": 0.05324917651937395
      },
      "S14": {
        "accuracy": 0.0907218409734422,
        "precision": 0.08178502916287266,
        "recall": 0.08177555982772258,
        "f1": 0.0816976431808882
      },
      "S15": {
        "accuracy": 0.07746851754524757,
        "precision": 0.07962118258845603,
        "recall": 0.07522257455989402,
        "f1": 0.07724629911088848
      },
      "S16": {
        "accuracy": 0.07768953162721319,
        "precision": 0.07256293873522997,
        "recall": 0.07663399361389985,
        "f1": 0.07409262709821013
      },
      "S17": {
        "accuracy": 0.07724685896797727,
        "precision": 0.07159046205773495,
        "recall": 0.08405040946646329,
        "f1": 0.07687862461474478
      },
      "average": {
        "accuracy": 0.018549823303109524,
        "precision": 0.018013159421891942,
        "recall": 0.01867407221992154,
        "f1": 0.018162672588037335
      }
    },
    "poor_ratio": 0.0
  }
}