{
  "real_subj_cnt": 15,
  "real_path": "stress_slurm/data/wesad_1hz.pickle",
  "sliding_windows": false,
  "syn_subj_cnt": 0,
  "gan_config": {
    "gan_mode": "noGAN",
    "type": null,
    "path": null,
    "eps": null
  },
  "privacy_config": {
    "l2_norm_clip": 1.0,
    "eps": null,
    "num_unique_windows": null,
    "delta": null,
    "noise_multiplier": null
  },
  "train_config": {
    "nn_mode": "CNN",
    "epochs": 10,
    "batch_size": 50,
    "learning_rate": 0.001,
    "eval_mode": "LOSO",
    "random_seed": 42,
    "data_noise_parameter": 15.0
  },
  "results": {
    "num_runs": 10,
    "mean": {
      "S2": {
        "accuracy": 0.43823530673980715,
        "precision": 0.38184051513671874,
        "recall": 0.5558823585510254,
        "f1": 0.4439784127727758
      },
      "S3": {
        "accuracy": 0.3588235378265381,
        "precision": 0.39411765336990356,
        "recall": 0.49411765336990354,
        "f1": 0.4274509867032369
      },
      "S4": {
        "accuracy": 0.3057143002748489,
        "precision": 0.3733116969466209,
        "recall": 0.5285714387893676,
        "f1": 0.425641962238333
      },
      "S5": {
        "accuracy": 0.40285715758800505,
        "precision": 0.4028571516275406,
        "recall": 0.6028571516275406,
        "f1": 0.4695238182942072
      },
      "S6": {
        "accuracy": 0.3971428722143173,
        "precision": 0.21428572237491608,
        "recall": 0.21428572237491608,
        "f1": 0.21428572237491608
      },
      "S7": {
        "accuracy": 0.3057143002748489,
        "precision": 0.2934161603450775,
        "recall": 0.28000001311302186,
        "f1": 0.28532020964180244
      },
      "S8": {
        "accuracy": 0.40285715758800505,
        "precision": 0.3285714387893677,
        "recall": 0.42857143878936765,
        "f1": 0.361904772122701
      },
      "S9": {
        "accuracy": 0.3285714417695999,
        "precision": 0.17142857909202575,
        "recall": 0.17142857909202575,
        "f1": 0.17142857909202575
      },
      "S10": {
        "accuracy": 0.3222222328186035,
        "precision": 0.36286550760269165,
        "recall": 0.4666666746139526,
        "f1": 0.3980480573547127
      },
      "S11": {
        "accuracy": 0.3055555522441864,
        "precision": 0.3444444417953491,
        "recall": 0.44444444179534914,
        "f1": 0.37777777512868244
      },
      "S13": {
        "accuracy": 0.41111111640930176,
        "precision": 0.24444445371627807,
        "recall": 0.2944444537162781,
        "f1": 0.2611111203829447
      },
      "S14": {
        "accuracy": 0.38333332538604736,
        "precision": 0.3222222179174423,
        "recall": 0.4222222179174423,
        "f1": 0.35555555125077565
      },
      "S15": {
        "accuracy": 0.2777777910232544,
        "precision": 0.25000001192092897,
        "recall": 0.25000001192092897,
        "f1": 0.25000001192092897
      },
      "S16": {
        "accuracy": 0.3055555522441864,
        "precision": 0.25934343338012694,
        "recall": 0.2972222179174423,
        "f1": 0.2727124166220529
      },
      "S17": {
        "accuracy": 0.41111111640930176,
        "precision": 0.37350428104400635,
        "recall": 0.4638888955116272,
        "f1": 0.40125448723199914
      },
      "average": {
        "accuracy": 0.35710551738739016,
        "precision": 0.31444355100393295,
        "recall": 0.3943068846066793,
        "f1": 0.341066258875473
      }
    },
    "std": {
      "S2": {
        "accuracy": 0.19531715156973525,
        "precision": 0.1791717739843342,
        "recall": 0.3700769325851241,
        "f1": 0.24090012255905158
      },
      "S3": {
        "accuracy": 0.11160979311818621,
        "precision": 0.12338926890073797,
        "recall": 0.2884419638099608,
        "f1": 0.16735088906907977
      },
      "S4": {
        "accuracy": 0.15359634376315906,
        "precision": 0.17659484427956404,
        "recall": 0.3581889378791908,
        "f1": 0.22508920014445974
      },
      "S5": {
        "accuracy": 0.23462229058771156,
        "precision": 0.16980714335556132,
        "recall": 0.3723919063001926,
        "f1": 0.22501868018944504
      },
      "S6": {
        "accuracy": 0.18538432513997619,
        "precision": 0.22587698215878646,
        "recall": 0.22587698215878646,
        "f1": 0.22587698215878646
      },
      "S7": {
        "accuracy": 0.15359634376315903,
        "precision": 0.18465662141837225,
        "recall": 0.18160284365892915,
        "f1": 0.18163811700061355
      },
      "S8": {
        "accuracy": 0.23462229058771156,
        "precision": 0.20247896794171438,
        "recall": 0.351478893715926,
        "f1": 0.24214544390759946
      },
      "S9": {
        "accuracy": 0.13552618678211936,
        "precision": 0.14754222930831482,
        "recall": 0.14754222930831482,
        "f1": 0.14754222930831482
      },
      "S10": {
        "accuracy": 0.14054566540808636,
        "precision": 0.14588953344358108,
        "recall": 0.31339548594336736,
        "f1": 0.19390172952807075
      },
      "S11": {
        "accuracy": 0.0,
        "precision": 0.08198497777093158,
        "recall": 0.2928034884488236,
        "f1": 0.15225781466356222
      },
      "S13": {
        "accuracy": 0.2146870501101641,
        "precision": 0.14628457759290636,
        "recall": 0.27348535306251115,
        "f1": 0.18341749003855454
      },
      "S14": {
        "accuracy": 0.16396994297610074,
        "precision": 0.21364624186482112,
        "recall": 0.3599935206410388,
        "f1": 0.2524910154175944
      },
      "S15": {
        "accuracy": 0.0,
        "precision": 0.08784105030437579,
        "recall": 0.08784105030437579,
        "f1": 0.08784105030437579
      },
      "S16": {
        "accuracy": 0.0,
        "precision": 0.14436481055520725,
        "recall": 0.2272011618817772,
        "f1": 0.168605231077369
      },
      "S17": {
        "accuracy": 0.2146870501101641,
        "precision": 0.15251081499987187,
        "recall": 0.31537259312752747,
        "f1": 0.1965514867830715
      },
      "average": {
        "accuracy": 0.03912830074522396,
        "precision": 0.044514680419697084,
        "recall": 0.0726665262085814,
        "f1": 0.05039610323086062
      }
    },
    "poor_ratio": 0.1
  }
}