{
  "real_subj_cnt": 15,
  "real_path": "stress_slurm/data/wesad_1hz.pickle",
  "sliding_windows": false,
  "syn_subj_cnt": 0,
  "gan_config": {
    "gan_mode": "noGAN",
    "type": null,
    "path": null,
    "eps": null
  },
  "privacy_config": {
    "l2_norm_clip": 1.0,
    "eps": null,
    "num_unique_windows": null,
    "delta": null,
    "noise_multiplier": null
  },
  "train_config": {
    "nn_mode": "CNN",
    "epochs": 10,
    "batch_size": 50,
    "learning_rate": 0.001,
    "eval_mode": "LOSO",
    "random_seed": 42,
    "data_noise_parameter": 0.7
  },
  "results": {
    "num_runs": 10,
    "mean": {
      "S2": {
        "accuracy": 0.8558823347091675,
        "precision": 0.8555054605007172,
        "recall": 0.8529411554336548,
        "f1": 0.8541658536761776
      },
      "S3": {
        "accuracy": 0.6588235378265381,
        "precision": 0.6598653674125672,
        "recall": 0.6500000119209289,
        "f1": 0.6547995439250361
      },
      "S4": {
        "accuracy": 0.7428571581840515,
        "precision": 0.7428571581840515,
        "recall": 0.7428571581840515,
        "f1": 0.7428571581840515
      },
      "S5": {
        "accuracy": 0.9228571474552154,
        "precision": 0.9201587319374085,
        "recall": 0.9228571474552154,
        "f1": 0.9214889367500294
      },
      "S6": {
        "accuracy": 0.888571435213089,
        "precision": 0.8887254953384399,
        "recall": 0.888571435213089,
        "f1": 0.8886099263526732
      },
      "S7": {
        "accuracy": 0.9857142865657806,
        "precision": 0.9857936501502991,
        "recall": 0.9885714292526245,
        "f1": 0.9871629778673384
      },
      "S8": {
        "accuracy": 0.9514285743236541,
        "precision": 0.946720290184021,
        "recall": 0.954285717010498,
        "f1": 0.9504169466144641
      },
      "S9": {
        "accuracy": 0.9571428596973419,
        "precision": 0.9491269826889038,
        "recall": 0.9628571450710297,
        "f1": 0.9558953725695728
      },
      "S10": {
        "accuracy": 0.9499999761581421,
        "precision": 0.9499999761581421,
        "recall": 0.9499999761581421,
        "f1": 0.9499999761581421
      },
      "S11": {
        "accuracy": 0.7305555462837219,
        "precision": 0.7350700259208679,
        "recall": 0.7249999940395355,
        "f1": 0.7299060991916954
      },
      "S13": {
        "accuracy": 0.9472222030162811,
        "precision": 0.9500664830207824,
        "recall": 0.9472222030162811,
        "f1": 0.9485888539097929
      },
      "S14": {
        "accuracy": 0.6555555641651154,
        "precision": 0.6574324369430542,
        "recall": 0.6611111164093018,
        "f1": 0.659246580235885
      },
      "S15": {
        "accuracy": 0.8472222149372101,
        "precision": 0.8475804328918457,
        "recall": 0.8472222149372101,
        "f1": 0.8473695997742361
      },
      "S16": {
        "accuracy": 0.7722222089767456,
        "precision": 0.7711474537849426,
        "recall": 0.7777777671813965,
        "f1": 0.7743860198487267
      },
      "S17": {
        "accuracy": 0.6194444417953491,
        "precision": 0.6170978128910065,
        "recall": 0.6166666686534882,
        "f1": 0.6168322735524844
      },
      "average": {
        "accuracy": 0.8323666326204936,
        "precision": 0.8318098505338034,
        "recall": 0.8325294093290964,
        "f1": 0.8321150745740203
      }
    },
    "std": {
      "S2": {
        "accuracy": 0.029247910842199465,
        "precision": 0.02539605164612204,
        "recall": 0.02772967604077251,
        "f1": 0.025494161210576825
      },
      "S3": {
        "accuracy": 0.01518815368998854,
        "precision": 0.01574076327992677,
        "recall": 0.016695471750761217,
        "f1": 0.013833822290022469
      },
      "S4": {
        "accuracy": 0.0,
        "precision": 0.0,
        "recall": 0.0,
        "f1": 0.0
      },
      "S5": {
        "accuracy": 0.019284243356585254,
        "precision": 0.012387048652118473,
        "recall": 0.019284243356585254,
        "f1": 0.015585960680597788
      },
      "S6": {
        "accuracy": 0.12080605352645732,
        "precision": 0.12154967112960952,
        "recall": 0.12080605352645732,
        "f1": 0.12099208839072062
      },
      "S7": {
        "accuracy": 0.015058464150866395,
        "precision": 0.014976676855864084,
        "recall": 0.014754221391846171,
        "f1": 0.014204020914754976
      },
      "S8": {
        "accuracy": 0.05225091774025082,
        "precision": 0.06052236982540765,
        "recall": 0.054210470943119024,
        "f1": 0.056949702730676115
      },
      "S9": {
        "accuracy": 0.07766431170560834,
        "precision": 0.07594246278892848,
        "recall": 0.07973879787170929,
        "f1": 0.07749963316864415
      },
      "S10": {
        "accuracy": 0.017568217600332628,
        "precision": 0.017568217600332628,
        "recall": 0.017568217600332628,
        "f1": 0.017568217600332628
      },
      "S11": {
        "accuracy": 0.03220839893394313,
        "precision": 0.03068164483505683,
        "recall": 0.038064461318120975,
        "f1": 0.03361238951763787
      },
      "S13": {
        "accuracy": 0.01576794502385214,
        "precision": 0.02136086372788323,
        "recall": 0.01576794502385214,
        "f1": 0.017205684949928
      },
      "S14": {
        "accuracy": 0.019422382078025286,
        "precision": 0.019468277001956122,
        "recall": 0.021911396902203006,
        "f1": 0.020342758204163067
      },
      "S15": {
        "accuracy": 0.09001027214922701,
        "precision": 0.09283531647318914,
        "recall": 0.09001027214922701,
        "f1": 0.09128327469873962
      },
      "S16": {
        "accuracy": 0.05524604848516897,
        "precision": 0.05863220474107192,
        "recall": 0.06415003182177928,
        "f1": 0.06088024047643024
      },
      "S17": {
        "accuracy": 0.05406963648676612,
        "precision": 0.055136033505656,
        "recall": 0.05037582538231039,
        "f1": 0.05243432288508531
      },
      "average": {
        "accuracy": 0.01694486723936787,
        "precision": 0.016471149402234573,
        "recall": 0.017770944827194404,
        "f1": 0.017023218396155684
      }
    },
    "poor_ratio": 0.0
  }
}