{
  "real_subj_cnt": 15,
  "real_path": "stress_slurm/data/wesad_1hz.pickle",
  "sliding_windows": false,
  "syn_subj_cnt": 0,
  "gan_config": {
    "gan_mode": "noGAN",
    "type": null,
    "path": null,
    "eps": null
  },
  "privacy_config": {
    "l2_norm_clip": 1.0,
    "eps": null,
    "num_unique_windows": null,
    "delta": null,
    "noise_multiplier": null
  },
  "train_config": {
    "nn_mode": "CNN",
    "epochs": 10,
    "batch_size": 50,
    "learning_rate": 0.001,
    "eval_mode": "LOSO",
    "random_seed": 42,
    "data_noise_parameter": 14.0
  },
  "results": {
    "num_runs": 10,
    "mean": {
      "S2": {
        "accuracy": 0.3764706015586853,
        "precision": 0.31764706671237947,
        "recall": 0.41764706671237944,
        "f1": 0.35098040004571274
      },
      "S3": {
        "accuracy": 0.3588235378265381,
        "precision": 0.279411768913269,
        "recall": 0.32941176891326907,
        "f1": 0.2960784355799357
      },
      "S4": {
        "accuracy": 0.431428587436676,
        "precision": 0.32571429312229155,
        "recall": 0.4257142931222916,
        "f1": 0.3590476264556249
      },
      "S5": {
        "accuracy": 0.5000000149011612,
        "precision": 0.4758441686630249,
        "recall": 0.4742857277393341,
        "f1": 0.4750420299626139
      },
      "S6": {
        "accuracy": 0.3285714417695999,
        "precision": 0.3500000089406967,
        "recall": 0.5000000089406967,
        "f1": 0.4000000089406967
      },
      "S7": {
        "accuracy": 0.354285728931427,
        "precision": 0.28000001311302186,
        "recall": 0.28000001311302186,
        "f1": 0.28000001311302186
      },
      "S8": {
        "accuracy": 0.4657142996788025,
        "precision": 0.3757142901420593,
        "recall": 0.6257142901420594,
        "f1": 0.45904762347539263
      },
      "S9": {
        "accuracy": 0.2857142984867096,
        "precision": 0.22857143878936767,
        "recall": 0.22857143878936767,
        "f1": 0.22857143878936767
      },
      "S10": {
        "accuracy": 0.36666667461395264,
        "precision": 0.3111111164093018,
        "recall": 0.3111111164093018,
        "f1": 0.3111111164093018
      },
      "S11": {
        "accuracy": 0.42222221195697784,
        "precision": 0.26111110746860505,
        "recall": 0.36111110746860503,
        "f1": 0.2944444408019383
      },
      "S13": {
        "accuracy": 0.3222222328186035,
        "precision": 0.26666667461395266,
        "recall": 0.26666667461395266,
        "f1": 0.26666667461395266
      },
      "S14": {
        "accuracy": 0.3055555522441864,
        "precision": 0.18333333134651184,
        "recall": 0.18333333134651184,
        "f1": 0.18333333134651184
      },
      "S15": {
        "accuracy": 0.41111111640930176,
        "precision": 0.3111111164093018,
        "recall": 0.3111111164093018,
        "f1": 0.3111111164093018
      },
      "S16": {
        "accuracy": 0.3055555522441864,
        "precision": 0.28333333134651184,
        "recall": 0.3833333313465118,
        "f1": 0.31666666467984517
      },
      "S17": {
        "accuracy": 0.3222222328186035,
        "precision": 0.19444445371627808,
        "recall": 0.19444445371627808,
        "f1": 0.19444445371627808
      },
      "average": {
        "accuracy": 0.37043760557969413,
        "precision": 0.2962676119804382,
        "recall": 0.3528303825855255,
        "f1": 0.31510302495596637
      }
    },
    "std": {
      "S2": {
        "accuracy": 0.17361524630516323,
        "precision": 0.21648693024013893,
        "recall": 0.3630893959800519,
        "f1": 0.25556307882342655
      },
      "S3": {
        "accuracy": 0.11160979311818621,
        "precision": 0.22367126469653698,
        "recall": 0.31549744548098885,
        "f1": 0.24693429675405523
      },
      "S4": {
        "accuracy": 0.23229116248046439,
        "precision": 0.2869655180139827,
        "recall": 0.406846174932754,
        "f1": 0.316539938230997
      },
      "S5": {
        "accuracy": 0.25599390627193175,
        "precision": 0.2920530008625343,
        "recall": 0.29329622826882895,
        "f1": 0.29268319325550995
      },
      "S6": {
        "accuracy": 0.13552618678211936,
        "precision": 0.10350982773168625,
        "recall": 0.34503277350151024,
        "f1": 0.18401747632162757
      },
      "S7": {
        "accuracy": 0.2047951250175454,
        "precision": 0.18160284365892915,
        "recall": 0.18160284365892915,
        "f1": 0.18160284365892915
      },
      "S8": {
        "accuracy": 0.27240426038283827,
        "precision": 0.2409401475110804,
        "recall": 0.4433330753675508,
        "f1": 0.29796656903299096
      },
      "S9": {
        "accuracy": 0.0,
        "precision": 0.12046772577269359,
        "recall": 0.12046772577269359,
        "f1": 0.12046772577269359
      },
      "S10": {
        "accuracy": 0.18739422054411514,
        "precision": 0.2445566459849405,
        "recall": 0.2445566459849405,
        "f1": 0.2445566459849405
      },
      "S11": {
        "accuracy": 0.18785116884639358,
        "precision": 0.2539806492440141,
        "recall": 0.4025382406646449,
        "f1": 0.2951947074664335
      },
      "S13": {
        "accuracy": 0.14054566540808633,
        "precision": 0.19737648006423453,
        "recall": 0.19737648006423453,
        "f1": 0.19737648006423453
      },
      "S14": {
        "accuracy": 0.0,
        "precision": 0.15778820869105922,
        "recall": 0.15778820869105922,
        "f1": 0.15778820869105922
      },
      "S15": {
        "accuracy": 0.2146870501101641,
        "precision": 0.2445566459849405,
        "recall": 0.2445566459849405,
        "f1": 0.2445566459849405
      },
      "S16": {
        "accuracy": 0.0,
        "precision": 0.1691177783296388,
        "recall": 0.3481284475323172,
        "f1": 0.22268470404433366
      },
      "S17": {
        "accuracy": 0.14054566540808636,
        "precision": 0.13417942071474193,
        "recall": 0.13417942071474193,
        "f1": 0.13417942071474193
      },
      "average": {
        "accuracy": 0.04616193739055384,
        "precision": 0.04993051244589414,
        "recall": 0.08176214966579984,
        "f1": 0.059652879601070914
      }
    },
    "poor_ratio": 0.4
  }
}