{
  "real_subj_cnt": 15,
  "real_path": "stress_slurm/data/wesad_1hz.pickle",
  "sliding_windows": false,
  "syn_subj_cnt": 0,
  "gan_config": {
    "gan_mode": "noGAN",
    "type": null,
    "path": null,
    "eps": null
  },
  "privacy_config": {
    "l2_norm_clip": 1.0,
    "eps": null,
    "num_unique_windows": null,
    "delta": null,
    "noise_multiplier": null
  },
  "train_config": {
    "nn_mode": "CNN",
    "epochs": 10,
    "batch_size": 50,
    "learning_rate": 0.001,
    "eval_mode": "LOSO",
    "random_seed": 42,
    "data_noise_parameter": 5.0
  },
  "results": {
    "num_runs": 10,
    "mean": {
      "S2": {
        "accuracy": 0.5117647111415863,
        "precision": 0.5775394856929779,
        "recall": 0.6147058844566345,
        "f1": 0.5792379729896611
      },
      "S3": {
        "accuracy": 0.46764706671237943,
        "precision": 0.47375350892543794,
        "recall": 0.4911764770746231,
        "f1": 0.4803131175565468
      },
      "S4": {
        "accuracy": 0.45142858624458315,
        "precision": 0.4277777910232544,
        "recall": 0.42857144176959994,
        "f1": 0.4281690273072553
      },
      "S5": {
        "accuracy": 0.42285715639591215,
        "precision": 0.4811373919248581,
        "recall": 0.5028571546077728,
        "f1": 0.4684391297695213
      },
      "S6": {
        "accuracy": 0.5714285880327225,
        "precision": 0.595866909623146,
        "recall": 0.44571429807692764,
        "f1": 0.4597306670351732
      },
      "S7": {
        "accuracy": 0.505714300274849,
        "precision": 0.4119588822126389,
        "recall": 0.6771428614854813,
        "f1": 0.505109254539472
      },
      "S8": {
        "accuracy": 0.5742857277393341,
        "precision": 0.4503760665655136,
        "recall": 0.4800000101327896,
        "f1": 0.45693239025620935
      },
      "S9": {
        "accuracy": 0.49142858684062957,
        "precision": 0.4825396955013275,
        "recall": 0.4457142986357212,
        "f1": 0.4543162848243928
      },
      "S10": {
        "accuracy": 0.3833333432674408,
        "precision": 0.451628053188324,
        "recall": 0.5861111164093018,
        "f1": 0.49843081362121666
      },
      "S11": {
        "accuracy": 0.38611110746860505,
        "precision": 0.4056104063987732,
        "recall": 0.40833333432674407,
        "f1": 0.4057485094481635
      },
      "S13": {
        "accuracy": 0.4333333373069763,
        "precision": 0.4755555629730225,
        "recall": 0.4222222276031971,
        "f1": 0.40434344064052274
      },
      "S14": {
        "accuracy": 0.26388888955116274,
        "precision": 0.2004209816455841,
        "recall": 0.20555555522441865,
        "f1": 0.20257261799172444
      },
      "S15": {
        "accuracy": 0.4916666716337204,
        "precision": 0.37698413133621217,
        "recall": 0.3638888895511627,
        "f1": 0.36972809330057005
      },
      "S16": {
        "accuracy": 0.4694444417953491,
        "precision": 0.39272277653217313,
        "recall": 0.47499999701976775,
        "f1": 0.4171878416386468
      },
      "S17": {
        "accuracy": 0.5166666656732559,
        "precision": 0.532495978474617,
        "recall": 0.48611111044883726,
        "f1": 0.5038103924059002
      },
      "average": {
        "accuracy": 0.46273327867190045,
        "precision": 0.4490911748011907,
        "recall": 0.4688736437881986,
        "f1": 0.44227130355499844
      }
    },
    "std": {
      "S2": {
        "accuracy": 0.2635048907328075,
        "precision": 0.28822508499485716,
        "recall": 0.29718982707640473,
        "f1": 0.25770618179202776
      },
      "S3": {
        "accuracy": 0.1750761889442861,
        "precision": 0.18587968450329712,
        "recall": 0.2143676252251082,
        "f1": 0.19323931641546566
      },
      "S4": {
        "accuracy": 0.25082177905123804,
        "precision": 0.2826578166491754,
        "recall": 0.28220061991280027,
        "f1": 0.28242974325752424
      },
      "S5": {
        "accuracy": 0.24570690225301098,
        "precision": 0.26603934766609205,
        "recall": 0.2939140780759077,
        "f1": 0.2225093679385302
      },
      "S6": {
        "accuracy": 0.17300859502196367,
        "precision": 0.26056725559069316,
        "recall": 0.2883057151093938,
        "f1": 0.2610152216157902
      },
      "S7": {
        "accuracy": 0.26905393934542454,
        "precision": 0.2122156035562023,
        "recall": 0.42336519836304387,
        "f1": 0.2833028518682826
      },
      "S8": {
        "accuracy": 0.2553553384765194,
        "precision": 0.25965085078461125,
        "recall": 0.31350552533310266,
        "f1": 0.2684614492158051
      },
      "S9": {
        "accuracy": 0.21834255315122178,
        "precision": 0.25803620884045764,
        "recall": 0.2803302294961073,
        "f1": 0.2735414935799926
      },
      "S10": {
        "accuracy": 0.20319802393634737,
        "precision": 0.20186553785778028,
        "recall": 0.33702939751750294,
        "f1": 0.23421405919265345
      },
      "S11": {
        "accuracy": 0.1299269065384434,
        "precision": 0.1587503981768457,
        "recall": 0.16410061826809333,
        "f1": 0.1567995771677249
      },
      "S13": {
        "accuracy": 0.2576670532481583,
        "precision": 0.2836563093280172,
        "recall": 0.2859297562858759,
        "f1": 0.2248034125109633
      },
      "S14": {
        "accuracy": 0.13686801529928186,
        "precision": 0.18963366918711883,
        "recall": 0.18939655968876065,
        "f1": 0.1890127017392181
      },
      "S15": {
        "accuracy": 0.20456466974766277,
        "precision": 0.2770650938737502,
        "recall": 0.27104493811764224,
        "f1": 0.27329325030546203
      },
      "S16": {
        "accuracy": 0.1739410409468241,
        "precision": 0.18887573786776077,
        "recall": 0.30889032840009534,
        "f1": 0.2111678890383895
      },
      "S17": {
        "accuracy": 0.28484827178092054,
        "precision": 0.32787804929915665,
        "recall": 0.29520922860109045,
        "f1": 0.30809817664099276
      },
      "average": {
        "accuracy": 0.053547104874783986,
        "precision": 0.04933240909718684,
        "recall": 0.08697160653188923,
        "f1": 0.06586859556562638
      }
    },
    "poor_ratio": 0.0
  }
}