{
  "real_subj_cnt": 15,
  "real_path": "stress_slurm/data/wesad_1hz.pickle",
  "sliding_windows": false,
  "syn_subj_cnt": 0,
  "gan_config": {
    "gan_mode": "noGAN",
    "type": null,
    "path": null,
    "eps": null
  },
  "privacy_config": {
    "l2_norm_clip": 1.0,
    "eps": null,
    "num_unique_windows": null,
    "delta": null,
    "noise_multiplier": null
  },
  "train_config": {
    "nn_mode": "CNN",
    "epochs": 10,
    "batch_size": 50,
    "learning_rate": 0.001,
    "eval_mode": "LOSO",
    "random_seed": 42,
    "data_noise_parameter": 7.0
  },
  "results": {
    "num_runs": 10,
    "mean": {
      "S2": {
        "accuracy": 0.394117659330368,
        "precision": 0.4207130253314972,
        "recall": 0.33529412783682344,
        "f1": 0.32709538956397344
      },
      "S3": {
        "accuracy": 0.39411765336990356,
        "precision": 0.4050527960062027,
        "recall": 0.37647059354931117,
        "f1": 0.3258698068470696
      },
      "S4": {
        "accuracy": 0.34857144206762314,
        "precision": 0.35142858028411866,
        "recall": 0.45142858028411864,
        "f1": 0.38476191361745193
      },
      "S5": {
        "accuracy": 0.40285715758800505,
        "precision": 0.30428572595119474,
        "recall": 0.3542857259511948,
        "f1": 0.3209523926178614
      },
      "S6": {
        "accuracy": 0.38857144117355347,
        "precision": 0.4582451730966568,
        "recall": 0.4828571528196335,
        "f1": 0.4480057713027518
      },
      "S7": {
        "accuracy": 0.5457143008708953,
        "precision": 0.4624031126499176,
        "recall": 0.4828571557998657,
        "f1": 0.4707559237187368
      },
      "S8": {
        "accuracy": 0.40285715758800505,
        "precision": 0.2785714387893677,
        "recall": 0.3285714387893677,
        "f1": 0.29523810545603435
      },
      "S9": {
        "accuracy": 0.3914285868406296,
        "precision": 0.35629960894584656,
        "recall": 0.2485714377835393,
        "f1": 0.25622328937530997
      },
      "S10": {
        "accuracy": 0.2805555671453476,
        "precision": 0.35245262682437895,
        "recall": 0.4833333432674408,
        "f1": 0.3987804959747865
      },
      "S11": {
        "accuracy": 0.3444444388151169,
        "precision": 0.38111897110939025,
        "recall": 0.3749999970197678,
        "f1": 0.367651010907989
      },
      "S13": {
        "accuracy": 0.3833333432674408,
        "precision": 0.3720512926578522,
        "recall": 0.4666666746139526,
        "f1": 0.404620472196309
      },
      "S14": {
        "accuracy": 0.38333332538604736,
        "precision": 0.2672480583190918,
        "recall": 0.3222222179174423,
        "f1": 0.2861814306522545
      },
      "S15": {
        "accuracy": 0.3222222328186035,
        "precision": 0.3178362712264061,
        "recall": 0.26666667629033325,
        "f1": 0.2815295919993109
      },
      "S16": {
        "accuracy": 0.33888888657093047,
        "precision": 0.2584919035434723,
        "recall": 0.24166666567325593,
        "f1": 0.2489979229656532
      },
      "S17": {
        "accuracy": 0.4750000059604645,
        "precision": 0.5021645039319992,
        "recall": 0.4916666686534882,
        "f1": 0.49327612733684756
      },
      "average": {
        "accuracy": 0.386400879919529,
        "precision": 0.36589087257782615,
        "recall": 0.38050389708330234,
        "f1": 0.353995976302156
      }
    },
    "std": {
      "S2": {
        "accuracy": 0.21488263783849168,
        "precision": 0.30910758513827125,
        "recall": 0.2645969296681212,
        "f1": 0.21990534534418982
      },
      "S3": {
        "accuracy": 0.12646678067059672,
        "precision": 0.2512441657168464,
        "recall": 0.3528867051119978,
        "f1": 0.21790679670831198
      },
      "S4": {
        "accuracy": 0.20856925544189367,
        "precision": 0.26523425080940133,
        "recall": 0.38446004121994587,
        "f1": 0.29375631015637305
      },
      "S5": {
        "accuracy": 0.23462229058771156,
        "precision": 0.1940205952004588,
        "recall": 0.29049960724897295,
        "f1": 0.21833562685998015
      },
      "S6": {
        "accuracy": 0.177255470162507,
        "precision": 0.19335996381040618,
        "recall": 0.2905776520983851,
        "f1": 0.19341314094314724
      },
      "S7": {
        "accuracy": 0.24997052019524968,
        "precision": 0.2844917034204238,
        "recall": 0.31484798277678744,
        "f1": 0.29545755698629617
      },
      "S8": {
        "accuracy": 0.23462229058771156,
        "precision": 0.21667975112236335,
        "recall": 0.3107302495964906,
        "f1": 0.2406843371448236
      },
      "S9": {
        "accuracy": 0.16771101778234968,
        "precision": 0.31124542010561335,
        "recall": 0.21084002746785965,
        "f1": 0.21620913344369583
      },
      "S10": {
        "accuracy": 0.008784099375844482,
        "precision": 0.09931121493700082,
        "recall": 0.2998056012273748,
        "f1": 0.16651548394756166
      },
      "S11": {
        "accuracy": 0.12297745723207555,
        "precision": 0.15931355557746238,
        "recall": 0.21960261633661768,
        "f1": 0.15940786888485933
      },
      "S13": {
        "accuracy": 0.22597145261767143,
        "precision": 0.16133208516825648,
        "recall": 0.3133954859433673,
        "f1": 0.2047169075412932
      },
      "S14": {
        "accuracy": 0.16396994297610074,
        "precision": 0.22532331464913477,
        "recall": 0.31811990226723824,
        "f1": 0.24915587226530977
      },
      "S15": {
        "accuracy": 0.14054566540808636,
        "precision": 0.16935550330233037,
        "recall": 0.09460770160756478,
        "f1": 0.11760722329476861
      },
      "S16": {
        "accuracy": 0.07148244289965199,
        "precision": 0.1977761154462912,
        "recall": 0.18240975533456372,
        "f1": 0.1886173702516187
      },
      "S17": {
        "accuracy": 0.26072666021263824,
        "precision": 0.26111857663542154,
        "recall": 0.2832939791534891,
        "f1": 0.26849521715070424
      },
      "average": {
        "accuracy": 0.07011965494154232,
        "precision": 0.06372981321721924,
        "recall": 0.04979807110538859,
        "f1": 0.05897728152146779
      }
    },
    "poor_ratio": 0.2
  }
}