{
  "real_subj_cnt": 15,
  "real_path": "stress_slurm/data/wesad_1hz.pickle",
  "sliding_windows": false,
  "syn_subj_cnt": 0,
  "gan_config": {
    "gan_mode": "noGAN",
    "type": null,
    "path": null,
    "eps": null
  },
  "privacy_config": {
    "l2_norm_clip": 1.0,
    "eps": null,
    "num_unique_windows": null,
    "delta": null,
    "noise_multiplier": null
  },
  "train_config": {
    "nn_mode": "CNN",
    "epochs": 10,
    "batch_size": 50,
    "learning_rate": 0.001,
    "eval_mode": "LOSO",
    "random_seed": 42,
    "data_noise_parameter": 1.0
  },
  "results": {
    "num_runs": 10,
    "mean": {
      "S2": {
        "accuracy": 0.7941176414489746,
        "precision": 0.8018360078334809,
        "recall": 0.7970588207244873,
        "f1": 0.7993771540461125
      },
      "S3": {
        "accuracy": 0.6764705777168274,
        "precision": 0.6764705777168274,
        "recall": 0.6764705777168274,
        "f1": 0.6764705777168274
      },
      "S4": {
        "accuracy": 0.7428571581840515,
        "precision": 0.7428571581840515,
        "recall": 0.7428571581840515,
        "f1": 0.7428571581840515
      },
      "S5": {
        "accuracy": 0.8371428668498992,
        "precision": 0.8371542513370513,
        "recall": 0.8371428668498992,
        "f1": 0.8368436475831785
      },
      "S6": {
        "accuracy": 0.7142857313156128,
        "precision": 0.7142857313156128,
        "recall": 0.7142857313156128,
        "f1": 0.7142857313156128
      },
      "S7": {
        "accuracy": 0.9400000035762787,
        "precision": 0.9425108253955841,
        "recall": 0.9371428608894348,
        "f1": 0.9397479025008975
      },
      "S8": {
        "accuracy": 0.7800000131130218,
        "precision": 0.78004669547081,
        "recall": 0.7800000131130218,
        "f1": 0.7799912635277202
      },
      "S9": {
        "accuracy": 0.7400000154972076,
        "precision": 0.7400000154972076,
        "recall": 0.7400000154972076,
        "f1": 0.7400000154972076
      },
      "S10": {
        "accuracy": 0.8916666626930236,
        "precision": 0.8917288661003113,
        "recall": 0.8916666626930236,
        "f1": 0.8916629102664253
      },
      "S11": {
        "accuracy": 0.7361111044883728,
        "precision": 0.735396820306778,
        "recall": 0.7333333253860473,
        "f1": 0.7343505411719405
      },
      "S13": {
        "accuracy": 0.8249999940395355,
        "precision": 0.8249999940395355,
        "recall": 0.8249999940395355,
        "f1": 0.8249999940395355
      },
      "S14": {
        "accuracy": 0.6916666448116302,
        "precision": 0.6907936334609985,
        "recall": 0.6888888716697693,
        "f1": 0.6898278387511352
      },
      "S15": {
        "accuracy": 0.7222222089767456,
        "precision": 0.7222222089767456,
        "recall": 0.7222222089767456,
        "f1": 0.7222222089767456
      },
      "S16": {
        "accuracy": 0.6999999761581421,
        "precision": 0.7014705657958984,
        "recall": 0.6972221970558167,
        "f1": 0.6992856904049309
      },
      "S17": {
        "accuracy": 0.7138888716697693,
        "precision": 0.7123015761375427,
        "recall": 0.7083333134651184,
        "f1": 0.7102894992280682
      },
      "average": {
        "accuracy": 0.7670286313692729,
        "precision": 0.767604995171229,
        "recall": 0.7661083078384399,
        "f1": 0.7668141422140259
      }
    },
    "std": {
      "S2": {
        "accuracy": 0.043844467533723334,
        "precision": 0.04382393451576325,
        "recall": 0.0448201139077996,
        "f1": 0.043682886705129875
      },
      "S3": {
        "accuracy": 0.0,
        "precision": 0.0,
        "recall": 0.0,
        "f1": 0.0
      },
      "S4": {
        "accuracy": 0.0,
        "precision": 0.0,
        "recall": 0.0,
        "f1": 0.0
      },
      "S5": {
        "accuracy": 0.05878589882755752,
        "precision": 0.05371606647227052,
        "recall": 0.06324554943363886,
        "f1": 0.05606102193382318
      },
      "S6": {
        "accuracy": 0.0,
        "precision": 0.0,
        "recall": 0.0,
        "f1": 0.0
      },
      "S7": {
        "accuracy": 0.07432233086576426,
        "precision": 0.0737792355844326,
        "recall": 0.07595200323434331,
        "f1": 0.07442345187989892
      },
      "S8": {
        "accuracy": 0.03821409800366952,
        "precision": 0.03782064371128858,
        "recall": 0.038214098003669525,
        "f1": 0.03764224193121912
      },
      "S9": {
        "accuracy": 0.08131570641467853,
        "precision": 0.08131570641467853,
        "recall": 0.08131570641467853,
        "f1": 0.08131570641467853
      },
      "S10": {
        "accuracy": 0.03806445310204611,
        "precision": 0.03788731815208599,
        "recall": 0.03806445310204611,
        "f1": 0.03750131146295814
      },
      "S11": {
        "accuracy": 0.032736440664876645,
        "precision": 0.03247661847759985,
        "recall": 0.03260523195785838,
        "f1": 0.032377955146088905
      },
      "S13": {
        "accuracy": 0.054069632744156666,
        "precision": 0.054069632744156666,
        "recall": 0.054069632744156666,
        "f1": 0.054069632744156666
      },
      "S14": {
        "accuracy": 0.008784089951522635,
        "precision": 0.008910262313705373,
        "recall": 0.011712119935363518,
        "f1": 0.009981065965447412
      },
      "S15": {
        "accuracy": 0.0,
        "precision": 0.0,
        "recall": 0.0,
        "f1": 0.0
      },
      "S16": {
        "accuracy": 0.01756821760033262,
        "precision": 0.022218630359084637,
        "recall": 0.008784108800166317,
        "f1": 0.01530944771997624
      },
      "S17": {
        "accuracy": 0.013417947829829946,
        "precision": 0.012721822102301196,
        "recall": 0.014640181333610525,
        "f1": 0.013075403123748719
      },
      "average": {
        "accuracy": 0.010116719109246608,
        "precision": 0.010154858667765408,
        "recall": 0.01022174681261919,
        "f1": 0.009994659033101556
      }
    },
    "poor_ratio": 0.0
  }
}