{
  "real_subj_cnt": 15,
  "real_path": "stress_slurm/data/wesad_1hz.pickle",
  "sliding_windows": false,
  "syn_subj_cnt": 0,
  "gan_config": {
    "gan_mode": "noGAN",
    "type": null,
    "path": null,
    "eps": null
  },
  "privacy_config": {
    "l2_norm_clip": 1.0,
    "eps": null,
    "num_unique_windows": null,
    "delta": null,
    "noise_multiplier": null
  },
  "train_config": {
    "nn_mode": "CNN",
    "epochs": 10,
    "batch_size": 50,
    "learning_rate": 0.001,
    "eval_mode": "LOSO",
    "random_seed": 42,
    "data_noise_parameter": 0.8
  },
  "results": {
    "num_runs": 10,
    "mean": {
      "S2": {
        "accuracy": 0.8558823347091675,
        "precision": 0.85499107837677,
        "recall": 0.8499999880790711,
        "f1": 0.8524582862641557
      },
      "S3": {
        "accuracy": 0.6588235378265381,
        "precision": 0.6607843220233918,
        "recall": 0.6588235378265381,
        "f1": 0.6597892972084057
      },
      "S4": {
        "accuracy": 0.7428571581840515,
        "precision": 0.7428571581840515,
        "recall": 0.7428571581840515,
        "f1": 0.7428571581840515
      },
      "S5": {
        "accuracy": 0.9114285767078399,
        "precision": 0.9114285767078399,
        "recall": 0.9114285767078399,
        "f1": 0.9114285767078399
      },
      "S6": {
        "accuracy": 0.800000011920929,
        "precision": 0.8039470076560974,
        "recall": 0.8057142972946167,
        "f1": 0.8046804456763731
      },
      "S7": {
        "accuracy": 0.9742857158184052,
        "precision": 0.9718253970146179,
        "recall": 0.9742857158184052,
        "f1": 0.9729974055650674
      },
      "S8": {
        "accuracy": 0.8628571510314942,
        "precision": 0.8530332922935486,
        "recall": 0.8628571510314942,
        "f1": 0.8577724879297849
      },
      "S9": {
        "accuracy": 0.8457142949104309,
        "precision": 0.8463165283203125,
        "recall": 0.8485714375972748,
        "f1": 0.8473548591188358
      },
      "S10": {
        "accuracy": 0.9305555343627929,
        "precision": 0.9280029833316803,
        "recall": 0.9305555343627929,
        "f1": 0.9292617756310626
      },
      "S11": {
        "accuracy": 0.7583333373069763,
        "precision": 0.7604375898838043,
        "recall": 0.7583333373069763,
        "f1": 0.7593414434165315
      },
      "S13": {
        "accuracy": 0.9194444417953491,
        "precision": 0.9144015431404113,
        "recall": 0.9194444417953491,
        "f1": 0.9168531719052899
      },
      "S14": {
        "accuracy": 0.6694444417953491,
        "precision": 0.6626530408859252,
        "recall": 0.6694444417953491,
        "f1": 0.6659375955511172
      },
      "S15": {
        "accuracy": 0.8416666567325592,
        "precision": 0.8379822075366974,
        "recall": 0.8472222149372101,
        "f1": 0.8424490043267884
      },
      "S16": {
        "accuracy": 0.7194444239139557,
        "precision": 0.7218253791332245,
        "recall": 0.7194444239139557,
        "f1": 0.7206181342132127
      },
      "S17": {
        "accuracy": 0.6555555462837219,
        "precision": 0.6532282173633576,
        "recall": 0.6583333253860474,
        "f1": 0.6557458048612632
      },
      "average": {
        "accuracy": 0.809752877553304,
        "precision": 0.8082476214567821,
        "recall": 0.8104877054691315,
        "f1": 0.8093030297706519
      }
    },
    "std": {
      "S2": {
        "accuracy": 0.021701899280877054,
        "precision": 0.0219163873205464,
        "recall": 0.025752783423753325,
        "f1": 0.023355063710334162
      },
      "S3": {
        "accuracy": 0.015188153689988547,
        "precision": 0.014760233136087375,
        "recall": 0.015188153689988547,
        "f1": 0.014654635449083332
      },
      "S4": {
        "accuracy": 0.0,
        "precision": 0.0,
        "recall": 0.0,
        "f1": 0.0
      },
      "S5": {
        "accuracy": 0.016218462238948454,
        "precision": 0.016218462238948454,
        "recall": 0.016218462238948454,
        "f1": 0.016218462238948454
      },
      "S6": {
        "accuracy": 0.11741740258173848,
        "precision": 0.11552342732774654,
        "recall": 0.11412686694185294,
        "f1": 0.11420460014272288
      },
      "S7": {
        "accuracy": 0.02501699953089663,
        "precision": 0.026192478696195204,
        "recall": 0.016218462238948458,
        "f1": 0.02039870341420335
      },
      "S8": {
        "accuracy": 0.07830401358450526,
        "precision": 0.07564268023748086,
        "recall": 0.0805874077730204,
        "f1": 0.07715992521110923
      },
      "S9": {
        "accuracy": 0.1053662160887453,
        "precision": 0.10719676906591265,
        "recall": 0.10779167979927416,
        "f1": 0.10705518556818776
      },
      "S10": {
        "accuracy": 0.03982557583399904,
        "precision": 0.03965412020200671,
        "recall": 0.03982557583399904,
        "f1": 0.039533325147878565
      },
      "S11": {
        "accuracy": 0.013417947829829944,
        "precision": 0.014068257229626747,
        "recall": 0.018748579987530697,
        "f1": 0.01548096497196131
      },
      "S13": {
        "accuracy": 0.030569568411407514,
        "precision": 0.027388421980967397,
        "recall": 0.030569568411407514,
        "f1": 0.027895522178083297
      },
      "S14": {
        "accuracy": 0.024322068695327062,
        "precision": 0.03282148030906873,
        "recall": 0.024322068695327062,
        "f1": 0.027949857861072566
      },
      "S15": {
        "accuracy": 0.09170873753032488,
        "precision": 0.09176549234338394,
        "recall": 0.09374284989537368,
        "f1": 0.09207270722245264
      },
      "S16": {
        "accuracy": 0.04430921193536353,
        "precision": 0.05121116260578216,
        "recall": 0.04430921193536353,
        "f1": 0.047687863866946845
      },
      "S17": {
        "accuracy": 0.04934411591503555,
        "precision": 0.05273508711844561,
        "recall": 0.049082804865561394,
        "f1": 0.05080000593843017
      },
      "average": {
        "accuracy": 0.014604286630053205,
        "precision": 0.015774054744212652,
        "recall": 0.014523409169303263,
        "f1": 0.015118212378282817
      }
    },
    "poor_ratio": 0.0
  }
}