{
  "real_subj_cnt": 15,
  "real_path": "stress_slurm/data/wesad_1hz.pickle",
  "sliding_windows": false,
  "syn_subj_cnt": 0,
  "gan_config": {
    "gan_mode": "noGAN",
    "type": null,
    "path": null,
    "eps": null
  },
  "privacy_config": {
    "l2_norm_clip": 1.0,
    "eps": null,
    "num_unique_windows": null,
    "delta": null,
    "noise_multiplier": null
  },
  "train_config": {
    "nn_mode": "CNN",
    "epochs": 10,
    "batch_size": 50,
    "learning_rate": 0.001,
    "eval_mode": "LOSO",
    "random_seed": 42,
    "data_noise_parameter": 6.0
  },
  "results": {
    "num_runs": 10,
    "mean": {
      "S2": {
        "accuracy": 0.47352942228317263,
        "precision": 0.5202866554260254,
        "recall": 0.5088235408067703,
        "f1": 0.5099070018844696
      },
      "S3": {
        "accuracy": 0.5088235378265381,
        "precision": 0.5075713545084,
        "recall": 0.5676470696926117,
        "f1": 0.5296700697729704
      },
      "S4": {
        "accuracy": 0.42285715639591215,
        "precision": 0.3111051321029663,
        "recall": 0.3285714417695999,
        "f1": 0.3180519596381067
      },
      "S5": {
        "accuracy": 0.5514285862445831,
        "precision": 0.4992039710283279,
        "recall": 0.6571428641676903,
        "f1": 0.5371492582837749
      },
      "S6": {
        "accuracy": 0.40285715758800505,
        "precision": 0.3893745541572571,
        "recall": 0.6485714346170426,
        "f1": 0.4788690502240816
      },
      "S7": {
        "accuracy": 0.40285715758800505,
        "precision": 0.3560714334249496,
        "recall": 0.3285714365541935,
        "f1": 0.2984175886985191
      },
      "S8": {
        "accuracy": 0.4314285844564438,
        "precision": 0.41649351418018343,
        "recall": 0.6028571516275406,
        "f1": 0.4806349285958726
      },
      "S9": {
        "accuracy": 0.377142870426178,
        "precision": 0.37303635776042937,
        "recall": 0.377142870426178,
        "f1": 0.3727589679450874
      },
      "S10": {
        "accuracy": 0.4555555582046509,
        "precision": 0.33357927203178406,
        "recall": 0.4638888955116272,
        "f1": 0.37942762152103426
      },
      "S11": {
        "accuracy": 0.36111110746860503,
        "precision": 0.320246559381485,
        "recall": 0.3249999970197678,
        "f1": 0.32257805455140803
      },
      "S13": {
        "accuracy": 0.3583333432674408,
        "precision": 0.23459120392799376,
        "recall": 0.26666667461395266,
        "f1": 0.24756555173632142
      },
      "S14": {
        "accuracy": 0.2999999955296516,
        "precision": 0.3039310909807682,
        "recall": 0.35277777537703514,
        "f1": 0.3212844908457429
      },
      "S15": {
        "accuracy": 0.30277778804302213,
        "precision": 0.328569284081459,
        "recall": 0.39444445446133614,
        "f1": 0.34026831874538804
      },
      "S16": {
        "accuracy": 0.36944443732500076,
        "precision": 0.31527432799339294,
        "recall": 0.26388888657093046,
        "f1": 0.2779639193825295
      },
      "S17": {
        "accuracy": 0.336111119389534,
        "precision": 0.4265740752220154,
        "recall": 0.2750000089406967,
        "f1": 0.30621804869975416
      },
      "average": {
        "accuracy": 0.4036171881357829,
        "precision": 0.3757272524138292,
        "recall": 0.4240663001437982,
        "f1": 0.38138432203500405
      }
    },
    "std": {
      "S2": {
        "accuracy": 0.2207297993686376,
        "precision": 0.24273064841990438,
        "recall": 0.23202384232766804,
        "f1": 0.2281945575417197
      },
      "S3": {
        "accuracy": 0.16582833633263072,
        "precision": 0.13649024342731728,
        "recall": 0.20189890086908446,
        "f1": 0.15025619039314608
      },
      "S4": {
        "accuracy": 0.22928460188650854,
        "precision": 0.2542451369372856,
        "recall": 0.26229408839906077,
        "f1": 0.2560535293760307
      },
      "S5": {
        "accuracy": 0.22898771746248706,
        "precision": 0.2640856346297419,
        "recall": 0.37736405106561294,
        "f1": 0.2650674211909844
      },
      "S6": {
        "accuracy": 0.18973666261192382,
        "precision": 0.16682994949878907,
        "recall": 0.38428305609956964,
        "f1": 0.2363213078473496
      },
      "S7": {
        "accuracy": 0.23462229058771158,
        "precision": 0.31856773013540013,
        "recall": 0.341332588792909,
        "f1": 0.26033770703498016
      },
      "S8": {
        "accuracy": 0.2532151522369542,
        "precision": 0.1834058129265662,
        "recall": 0.3723919063001926,
        "f1": 0.23819256590438548
      },
      "S9": {
        "accuracy": 0.17807232028705197,
        "precision": 0.2201528192651593,
        "recall": 0.20856925970589296,
        "f1": 0.20850121452849033
      },
      "S10": {
        "accuracy": 0.22951011053982934,
        "precision": 0.2232860302357819,
        "recall": 0.3633713665639502,
        "f1": 0.26133222577526577
      },
      "S11": {
        "accuracy": 0.10798059272756555,
        "precision": 0.14996650182427668,
        "recall": 0.15496470775293592,
        "f1": 0.15239815004538018
      },
      "S13": {
        "accuracy": 0.21850673958426975,
        "precision": 0.20385366368061958,
        "recall": 0.28903130426726287,
        "f1": 0.23676965247905507
      },
      "S14": {
        "accuracy": 0.17113354903020545,
        "precision": 0.19107231986769546,
        "recall": 0.2677351290053842,
        "f1": 0.2102622090214505
      },
      "S15": {
        "accuracy": 0.05310973550506267,
        "precision": 0.08875079443520996,
        "recall": 0.29565903400660926,
        "f1": 0.16391133323081875
      },
      "S16": {
        "accuracy": 0.1766796613251957,
        "precision": 0.2522841370682644,
        "recall": 0.19696339453725806,
        "f1": 0.20146920460124126
      },
      "S17": {
        "accuracy": 0.14251439914975955,
        "precision": 0.3374804958495475,
        "recall": 0.19705044102971836,
        "f1": 0.19955494261202453
      },
      "average": {
        "accuracy": 0.04066604878476601,
        "precision": 0.07823993438332451,
        "recall": 0.09266929666321451,
        "f1": 0.0752238217080485
      }
    },
    "poor_ratio": 0.1
  }
}