{
  "real_subj_cnt": 15,
  "real_path": "stress_slurm/data/wesad_1hz.pickle",
  "sliding_windows": false,
  "syn_subj_cnt": 0,
  "gan_config": {
    "gan_mode": "noGAN",
    "type": null,
    "path": null,
    "eps": null
  },
  "privacy_config": {
    "l2_norm_clip": 1.0,
    "eps": null,
    "num_unique_windows": null,
    "delta": null,
    "noise_multiplier": null
  },
  "train_config": {
    "nn_mode": "CNN",
    "epochs": 10,
    "batch_size": 50,
    "learning_rate": 0.001,
    "eval_mode": "LOSO",
    "random_seed": 42,
    "data_noise_parameter": 12.0
  },
  "results": {
    "num_runs": 10,
    "mean": {
      "S2": {
        "accuracy": 0.35000001192092894,
        "precision": 0.32647059857845306,
        "recall": 0.37647059857845305,
        "f1": 0.3431372652451197
      },
      "S3": {
        "accuracy": 0.39411765336990356,
        "precision": 0.29705882668495176,
        "recall": 0.29705882668495176,
        "f1": 0.29705882668495176
      },
      "S4": {
        "accuracy": 0.45142858624458315,
        "precision": 0.4014285832643509,
        "recall": 0.45142858326435087,
        "f1": 0.4180952499310176
      },
      "S5": {
        "accuracy": 0.38571430146694186,
        "precision": 0.41994630396366117,
        "recall": 0.49714286923408507,
        "f1": 0.44811481833010547
      },
      "S6": {
        "accuracy": 0.3742857277393341,
        "precision": 0.3000000059604645,
        "recall": 0.4000000059604645,
        "f1": 0.33333333929379777
      },
      "S7": {
        "accuracy": 0.354285728931427,
        "precision": 0.33507668375968935,
        "recall": 0.4600000113248825,
        "f1": 0.37622578356645725
      },
      "S8": {
        "accuracy": 0.354285728931427,
        "precision": 0.34930314421653746,
        "recall": 0.41142858266830445,
        "f1": 0.3715538942630876
      },
      "S9": {
        "accuracy": 0.4571428716182709,
        "precision": 0.3101992905139923,
        "recall": 0.3571428656578064,
        "f1": 0.3242842152581248
      },
      "S10": {
        "accuracy": 0.3222222328186035,
        "precision": 0.26666667461395266,
        "recall": 0.26666667461395266,
        "f1": 0.26666667461395266
      },
      "S11": {
        "accuracy": 0.38333332538604736,
        "precision": 0.40277777016162875,
        "recall": 0.45277777016162873,
        "f1": 0.4194444368282954
      },
      "S13": {
        "accuracy": 0.2777777910232544,
        "precision": 0.27008548080921174,
        "recall": 0.3222222328186035,
        "f1": 0.2877777884451548
      },
      "S14": {
        "accuracy": 0.3333333283662796,
        "precision": 0.28172514140605925,
        "recall": 0.2833333283662796,
        "f1": 0.2825075026321272
      },
      "S15": {
        "accuracy": 0.3222222328186035,
        "precision": 0.26111111640930174,
        "recall": 0.3111111164093018,
        "f1": 0.2777777830759684
      },
      "S16": {
        "accuracy": 0.3055555522441864,
        "precision": 0.3055555522441864,
        "recall": 0.3055555522441864,
        "f1": 0.3055555522441864
      },
      "S17": {
        "accuracy": 0.2777777910232544,
        "precision": 0.3444444537162781,
        "recall": 0.3138888984918594,
        "f1": 0.29366926038202906
      },
      "average": {
        "accuracy": 0.3562321909268697,
        "precision": 0.3247899750868479,
        "recall": 0.3670818610986074,
        "f1": 0.3363468260529584
      }
    },
    "std": {
      "S2": {
        "accuracy": 0.1333117061754791,
        "precision": 0.178877918111516,
        "recall": 0.27618536201309496,
        "f1": 0.2029830097154752
      },
      "S3": {
        "accuracy": 0.14881305749091495,
        "precision": 0.2485830635450746,
        "recall": 0.2485830635450746,
        "f1": 0.2485830635450746
      },
      "S4": {
        "accuracy": 0.25082177905123804,
        "precision": 0.26345429287324384,
        "recall": 0.3245928897413424,
        "f1": 0.27538470441102963
      },
      "S5": {
        "accuracy": 0.21221219144392695,
        "precision": 0.20957725205561198,
        "recall": 0.3009282660419221,
        "f1": 0.23308397363981384
      },
      "S6": {
        "accuracy": 0.1794170472851854,
        "precision": 0.29508445060108124,
        "recall": 0.41948029816772464,
        "f1": 0.32684540529855877
      },
      "S7": {
        "accuracy": 0.2047951250175454,
        "precision": 0.11070714481860718,
        "recall": 0.33113560663826064,
        "f1": 0.1854017128486138
      },
      "S8": {
        "accuracy": 0.2047951250175454,
        "precision": 0.23063729236805966,
        "recall": 0.32358535518688675,
        "f1": 0.25709983775393375
      },
      "S9": {
        "accuracy": 0.22131333626754568,
        "precision": 0.2655621652781463,
        "recall": 0.33162829537059635,
        "f1": 0.27543434301994746
      },
      "S10": {
        "accuracy": 0.14054566540808636,
        "precision": 0.19737648006423456,
        "recall": 0.19737648006423456,
        "f1": 0.19737648006423456
      },
      "S11": {
        "accuracy": 0.16396994297610074,
        "precision": 0.16524599388001188,
        "recall": 0.2512144670902418,
        "f1": 0.18353430087729591
      },
      "S13": {
        "accuracy": 0.0,
        "precision": 0.11851304002276454,
        "recall": 0.25364286709641504,
        "f1": 0.15899633681137387
      },
      "S14": {
        "accuracy": 0.1315987921889882,
        "precision": 0.1922217130208217,
        "recall": 0.19236096524398288,
        "f1": 0.1922726691712951
      },
      "S15": {
        "accuracy": 0.14054566540808636,
        "precision": 0.2298833699323117,
        "recall": 0.32309375273949736,
        "f1": 0.2539131307721185
      },
      "S16": {
        "accuracy": 0.0,
        "precision": 0.0,
        "recall": 0.0,
        "f1": 0.0
      },
      "S17": {
        "accuracy": 0.0,
        "precision": 0.25899457123037656,
        "recall": 0.2566168232120599,
        "f1": 0.15921852761795782
      },
      "average": {
        "accuracy": 0.03701567277323665,
        "precision": 0.04267966226978765,
        "recall": 0.07813732278868918,
        "f1": 0.05559064353558508
      }
    },
    "poor_ratio": 0.3
  }
}