{
  "real_subj_cnt": 15,
  "real_path": "stress_slurm/data/wesad_1hz.pickle",
  "sliding_windows": false,
  "syn_subj_cnt": 0,
  "gan_config": {
    "gan_mode": "noGAN",
    "type": null,
    "path": null,
    "eps": null
  },
  "privacy_config": {
    "l2_norm_clip": 1.0,
    "eps": null,
    "num_unique_windows": null,
    "delta": null,
    "noise_multiplier": null
  },
  "train_config": {
    "nn_mode": "CNN",
    "epochs": 10,
    "batch_size": 50,
    "learning_rate": 0.001,
    "eval_mode": "LOSO",
    "random_seed": 42,
    "data_noise_parameter": 0.0
  },
  "results": {
    "num_runs": 10,
    "mean": {
      "S2": {
        "accuracy": 0.9205882132053376,
        "precision": 0.9179831743240356,
        "recall": 0.9205882132053376,
        "f1": 0.9192668166938786
      },
      "S3": {
        "accuracy": 0.7382352948188782,
        "precision": 0.7321275770664215,
        "recall": 0.7382352888584137,
        "f1": 0.7349815013070788
      },
      "S4": {
        "accuracy": 0.9771428585052491,
        "precision": 0.9772222220897675,
        "recall": 0.9800000011920929,
        "f1": 0.9785915498068067
      },
      "S5": {
        "accuracy": 0.9685714304447174,
        "precision": 0.9718121409416198,
        "recall": 0.9685714304447174,
        "f1": 0.9700155008517072
      },
      "S6": {
        "accuracy": 0.9400000035762787,
        "precision": 0.9400000035762787,
        "recall": 0.9400000035762787,
        "f1": 0.9400000035762787
      },
      "S7": {
        "accuracy": 0.8971428632736206,
        "precision": 0.8995412170886994,
        "recall": 0.8942857205867767,
        "f1": 0.8968014802178821
      },
      "S8": {
        "accuracy": 0.9514285743236541,
        "precision": 0.9514285743236541,
        "recall": 0.9514285743236541,
        "f1": 0.9514285743236541
      },
      "S9": {
        "accuracy": 0.9714285731315613,
        "precision": 0.9714285731315613,
        "recall": 0.9714285731315613,
        "f1": 0.9714285731315613
      },
      "S10": {
        "accuracy": 0.9916666626930237,
        "precision": 0.9917417407035828,
        "recall": 0.9916666626930237,
        "f1": 0.9916661282240513
      },
      "S11": {
        "accuracy": 0.82222221493721,
        "precision": 0.8173425674438477,
        "recall": 0.8277777791023254,
        "f1": 0.822337913066313
      },
      "S13": {
        "accuracy": 0.9944444417953491,
        "precision": 0.9945195198059082,
        "recall": 0.9972222208976745,
        "f1": 0.9958523587116629
      },
      "S14": {
        "accuracy": 0.5472222328186035,
        "precision": 0.5490126192569733,
        "recall": 0.547222226858139,
        "f1": 0.5478317366105101
      },
      "S15": {
        "accuracy": 1.0,
        "precision": 1.0,
        "recall": 1.0,
        "f1": 1.0
      },
      "S16": {
        "accuracy": 0.9694444358348846,
        "precision": 0.9693306744098663,
        "recall": 0.9666666567325592,
        "f1": 0.9678338423937815
      },
      "S17": {
        "accuracy": 0.5194444537162781,
        "precision": 0.5165251016616821,
        "recall": 0.5194444477558136,
        "f1": 0.5179239863801349
      },
      "average": {
        "accuracy": 0.880598816871643,
        "precision": 0.8800010470549265,
        "recall": 0.8809691866238912,
        "f1": 0.8803973310196869
      }
    },
    "std": {
      "S2": {
        "accuracy": 0.019851430418996226,
        "precision": 0.022649961884518593,
        "recall": 0.019851430418996226,
        "f1": 0.02091530348359619
      },
      "S3": {
        "accuracy": 0.021701906461316815,
        "precision": 0.02451460004748184,
        "recall": 0.025752788718344966,
        "f1": 0.021888725044807905
      },
      "S4": {
        "accuracy": 0.012046771320693121,
        "precision": 0.012007493225031562,
        "recall": 0.013801310364224825,
        "f1": 0.01215383417699432
      },
      "S5": {
        "accuracy": 0.02501699953089663,
        "precision": 0.02640434283861459,
        "recall": 0.021081849811212954,
        "f1": 0.019532544709213544
      },
      "S6": {
        "accuracy": 0.009035078490519837,
        "precision": 0.009035078490519837,
        "recall": 0.009035078490519837,
        "f1": 0.009035078490519837
      },
      "S7": {
        "accuracy": 0.02409354264138623,
        "precision": 0.023488837941579466,
        "recall": 0.027105235471559512,
        "f1": 0.02336364863825268
      },
      "S8": {
        "accuracy": 0.019284243356585257,
        "precision": 0.019284243356585257,
        "recall": 0.019284243356585257,
        "f1": 0.019284243356585257
      },
      "S9": {
        "accuracy": 0.0,
        "precision": 0.0,
        "recall": 0.0,
        "f1": 0.0
      },
      "S10": {
        "accuracy": 0.018748579987530697,
        "precision": 0.018663373369014778,
        "recall": 0.01874857998753069,
        "f1": 0.017568640876050676
      },
      "S11": {
        "accuracy": 0.035136410069143156,
        "precision": 0.041362271689465976,
        "recall": 0.0286887522750927,
        "f1": 0.033305521051420595
      },
      "S13": {
        "accuracy": 0.011712145066888419,
        "precision": 0.011555221819577579,
        "recall": 0.008784108800166307,
        "f1": 0.009352531638432185
      },
      "S14": {
        "accuracy": 0.03476847993506595,
        "precision": 0.03928256102640909,
        "recall": 0.06286756703208077,
        "f1": 0.050207065192269494
      },
      "S15": {
        "accuracy": 0.0,
        "precision": 0.0,
        "recall": 0.0,
        "f1": 0.0
      },
      "S16": {
        "accuracy": 0.027623026240539847,
        "precision": 0.024396256188198996,
        "recall": 0.03657114716491069,
        "f1": 0.028347444277976246
      },
      "S17": {
        "accuracy": 0.01874857998753069,
        "precision": 0.022169180129739063,
        "recall": 0.026352310344248772,
        "f1": 0.023617030250591312
      },
      "average": {
        "accuracy": 0.007368665503048134,
        "precision": 0.005858779532100352,
        "recall": 0.008161564008383531,
        "f1": 0.006785657578530742
      }
    },
    "poor_ratio": 0.0
  }
}