{
  "real_subj_cnt": 15,
  "real_path": "stress_slurm/data/wesad_1hz.pickle",
  "sliding_windows": false,
  "syn_subj_cnt": 0,
  "gan_config": {
    "gan_mode": "noGAN",
    "type": null,
    "path": null,
    "eps": null
  },
  "privacy_config": {
    "l2_norm_clip": 1.0,
    "eps": 10,
    "num_unique_windows": 530,
    "delta": 0.001,
    "noise_multiplier": 0.889449689463377
  },
  "train_config": {
    "nn_mode": "CNN-LSTM",
    "epochs": 20,
    "batch_size": 50,
    "learning_rate": 0.001,
    "eval_mode": "LOSO",
    "random_seed": 42
  },
  "results": {
    "num_runs": 10,
    "mean": {
      "S2": {
        "accuracy": 0.9088235199451447,
        "precision": 0.9090756237506866,
        "recall": 0.9117646992206574,
        "f1": 0.9104006754327937
      },
      "S3": {
        "accuracy": 0.7441176474094391,
        "precision": 0.7440769016742707,
        "recall": 0.7441176414489746,
        "f1": 0.7440642021476963
      },
      "S4": {
        "accuracy": 0.954285717010498,
        "precision": 0.9515079379081726,
        "recall": 0.954285717010498,
        "f1": 0.9528772656252119
      },
      "S5": {
        "accuracy": 0.9457142889499665,
        "precision": 0.9457936525344849,
        "recall": 0.9485714316368103,
        "f1": 0.9471629802515242
      },
      "S6": {
        "accuracy": 0.9171428620815277,
        "precision": 0.9171428620815277,
        "recall": 0.9171428620815277,
        "f1": 0.9171428620815277
      },
      "S7": {
        "accuracy": 0.7914285808801651,
        "precision": 0.7914285808801651,
        "recall": 0.7914285808801651,
        "f1": 0.7914285808801651
      },
      "S8": {
        "accuracy": 0.9171428620815277,
        "precision": 0.9171428620815277,
        "recall": 0.9171428620815277,
        "f1": 0.9171428620815277
      },
      "S9": {
        "accuracy": 0.9714285731315613,
        "precision": 0.9714285731315613,
        "recall": 0.9714285731315613,
        "f1": 0.9714285731315613
      },
      "S10": {
        "accuracy": 1.0,
        "precision": 1.0,
        "recall": 1.0,
        "f1": 1.0
      },
      "S11": {
        "accuracy": 0.7777777850627899,
        "precision": 0.7755662858486175,
        "recall": 0.7777777850627899,
        "f1": 0.776627120501961
      },
      "S13": {
        "accuracy": 0.8888888955116272,
        "precision": 0.8866366446018219,
        "recall": 0.8888888955116272,
        "f1": 0.887747343689578
      },
      "S14": {
        "accuracy": 0.6388888776302337,
        "precision": 0.6400793612003326,
        "recall": 0.6361110985279084,
        "f1": 0.6380672842908581
      },
      "S15": {
        "accuracy": 1.0,
        "precision": 1.0,
        "recall": 1.0,
        "f1": 1.0
      },
      "S16": {
        "accuracy": 1.0,
        "precision": 1.0,
        "recall": 1.0,
        "f1": 1.0
      },
      "S17": {
        "accuracy": 0.4916666656732559,
        "precision": 0.4943650811910629,
        "recall": 0.4916666656732559,
        "f1": 0.4929968704864681
      },
      "average": {
        "accuracy": 0.8631537516911825,
        "precision": 0.8629496244589487,
        "recall": 0.8633551208178203,
        "f1": 0.8631391080400581
      }
    },
    "std": {
      "S2": {
        "accuracy": 0.021701901973544505,
        "precision": 0.021754444175888444,
        "recall": 0.024014603890026607,
        "f1": 0.02249788649080888
      },
      "S3": {
        "accuracy": 0.019851434343883922,
        "precision": 0.02007196570680528,
        "recall": 0.024213899028039054,
        "f1": 0.021564172778362752
      },
      "S4": {
        "accuracy": 0.11523415284392159,
        "precision": 0.11434108396581813,
        "recall": 0.11523415284392159,
        "f1": 0.11469815415944407
      },
      "S5": {
        "accuracy": 0.06090771810416729,
        "precision": 0.06094545243202609,
        "recall": 0.06288599251539465,
        "f1": 0.06175370065577929
      },
      "S6": {
        "accuracy": 0.05119877811294574,
        "precision": 0.05119877811294574,
        "recall": 0.05119877811294574,
        "f1": 0.05119877811294574
      },
      "S7": {
        "accuracy": 0.12566377108037466,
        "precision": 0.12566377108037466,
        "recall": 0.12566377108037466,
        "f1": 0.12566377108037466
      },
      "S8": {
        "accuracy": 0.02841225333540487,
        "precision": 0.02841225333540487,
        "recall": 0.02841225333540487,
        "f1": 0.02841225333540487
      },
      "S9": {
        "accuracy": 0.0,
        "precision": 0.0,
        "recall": 0.0,
        "f1": 0.0
      },
      "S10": {
        "accuracy": 0.0,
        "precision": 0.0,
        "recall": 0.0,
        "f1": 0.0
      },
      "S11": {
        "accuracy": 0.06676945857392787,
        "precision": 0.06845327109518004,
        "recall": 0.07051640953054673,
        "f1": 0.06921306578326987
      },
      "S13": {
        "accuracy": 0.03464499232347423,
        "precision": 0.03910316656186872,
        "recall": 0.03464499232347423,
        "f1": 0.03679999034822401
      },
      "S14": {
        "accuracy": 0.07407406220833583,
        "precision": 0.0750607432790901,
        "recall": 0.07106140819217015,
        "f1": 0.07294045996349295
      },
      "S15": {
        "accuracy": 0.0,
        "precision": 0.0,
        "recall": 0.0,
        "f1": 0.0
      },
      "S16": {
        "accuracy": 0.0,
        "precision": 0.0,
        "recall": 0.0,
        "f1": 0.0
      },
      "S17": {
        "accuracy": 0.018748571647151043,
        "precision": 0.01664965634960868,
        "recall": 0.018748571647151043,
        "f1": 0.017514546604960924
      },
      "average": {
        "accuracy": 0.015626025626112178,
        "precision": 0.015933767815052312,
        "recall": 0.016825852981432677,
        "f1": 0.016359207974444154
      }
    },
    "poor_ratio": 0.0
  }
}