{
  "real_subj_cnt": 15,
  "real_path": "stress_slurm/data/wesad_1hz.pickle",
  "sliding_windows": false,
  "syn_subj_cnt": 0,
  "gan_config": {
    "gan_mode": "noGAN",
    "type": null,
    "path": null,
    "eps": null
  },
  "privacy_config": {
    "l2_norm_clip": 1.0,
    "eps": null,
    "num_unique_windows": null,
    "delta": null,
    "noise_multiplier": null
  },
  "train_config": {
    "nn_mode": "CNN-LSTM",
    "epochs": 20,
    "batch_size": 50,
    "learning_rate": 0.001,
    "eval_mode": "LOSO",
    "random_seed": 42
  },
  "results": {
    "num_runs": 10,
    "mean": {
      "S2": {
        "accuracy": 0.9117646992206574,
        "precision": 0.9117646992206574,
        "recall": 0.9117646992206574,
        "f1": 0.9117646992206574
      },
      "S3": {
        "accuracy": 0.735294109582901,
        "precision": 0.735294109582901,
        "recall": 0.735294109582901,
        "f1": 0.735294109582901
      },
      "S4": {
        "accuracy": 0.9942857146263122,
        "precision": 0.9942857146263122,
        "recall": 0.9942857146263122,
        "f1": 0.9942857146263122
      },
      "S5": {
        "accuracy": 0.9571428596973419,
        "precision": 0.9544444441795349,
        "recall": 0.9571428596973419,
        "f1": 0.9557746489921559
      },
      "S6": {
        "accuracy": 0.9400000035762787,
        "precision": 0.9400000035762787,
        "recall": 0.9400000035762787,
        "f1": 0.9400000035762787
      },
      "S7": {
        "accuracy": 0.7000000149011611,
        "precision": 0.7007142990827561,
        "recall": 0.702857157588005,
        "f1": 0.7017706377730675
      },
      "S8": {
        "accuracy": 0.9171428620815277,
        "precision": 0.9173809587955475,
        "recall": 0.9200000047683716,
        "f1": 0.9186720378080594
      },
      "S9": {
        "accuracy": 0.9685714304447174,
        "precision": 0.9685714304447174,
        "recall": 0.9685714304447174,
        "f1": 0.9685714304447174
      },
      "S10": {
        "accuracy": 1.0,
        "precision": 1.0,
        "recall": 1.0,
        "f1": 1.0
      },
      "S11": {
        "accuracy": 0.7944444477558136,
        "precision": 0.794047623872757,
        "recall": 0.7916666686534881,
        "f1": 0.7928403789527453
      },
      "S13": {
        "accuracy": 0.9055555582046508,
        "precision": 0.9059309363365173,
        "recall": 0.9083333373069763,
        "f1": 0.9071156820306457
      },
      "S14": {
        "accuracy": 0.6527777701616287,
        "precision": 0.6472651153802872,
        "recall": 0.6472222179174423,
        "f1": 0.6471943475864605
      },
      "S15": {
        "accuracy": 0.9972222208976745,
        "precision": 0.9972222208976745,
        "recall": 0.9972222208976745,
        "f1": 0.9972222208976745
      },
      "S16": {
        "accuracy": 1.0,
        "precision": 1.0,
        "recall": 1.0,
        "f1": 1.0
      },
      "S17": {
        "accuracy": 0.49444444477558136,
        "precision": 0.49316816926002505,
        "recall": 0.49444444477558136,
        "f1": 0.4937975654097162
      },
      "average": {
        "accuracy": 0.8645764090617497,
        "precision": 0.8640059816837311,
        "recall": 0.8645869912703832,
        "f1": 0.8642868984600927
      }
    },
    "std": {
      "S2": {
        "accuracy": 0.024014603890026614,
        "precision": 0.024014603890026614,
        "recall": 0.024014603890026614,
        "f1": 0.024014603890026614
      },
      "S3": {
        "accuracy": 0.013864838020391951,
        "precision": 0.013864838020391951,
        "recall": 0.013864838020391951,
        "f1": 0.013864838020391951
      },
      "S4": {
        "accuracy": 0.012046771320693114,
        "precision": 0.012046771320693114,
        "recall": 0.012046771320693114,
        "f1": 0.012046771320693114
      },
      "S5": {
        "accuracy": 0.050843226741085025,
        "precision": 0.050716705225462795,
        "recall": 0.050843226741085025,
        "f1": 0.05059958945377015
      },
      "S6": {
        "accuracy": 0.03676239602901656,
        "precision": 0.03676239602901656,
        "recall": 0.03676239602901656,
        "f1": 0.03676239602901656
      },
      "S7": {
        "accuracy": 0.11605769069124267,
        "precision": 0.11637231910164249,
        "recall": 0.1175718037708686,
        "f1": 0.11691607833617193
      },
      "S8": {
        "accuracy": 0.031442996257697316,
        "precision": 0.031427968261336335,
        "recall": 0.0324369244778969,
        "f1": 0.031659702241721446
      },
      "S9": {
        "accuracy": 0.009035078490519832,
        "precision": 0.009035078490519832,
        "recall": 0.009035078490519832,
        "f1": 0.009035078490519832
      },
      "S10": {
        "accuracy": 0.0,
        "precision": 0.0,
        "recall": 0.0,
        "f1": 0.0
      },
      "S11": {
        "accuracy": 0.04757493805443937,
        "precision": 0.04696978505560557,
        "recall": 0.043920525152193295,
        "f1": 0.0452931044516471
      },
      "S13": {
        "accuracy": 0.04182070175524539,
        "precision": 0.04139209817817263,
        "recall": 0.03939267764654596,
        "f1": 0.040239590242430144
      },
      "S14": {
        "accuracy": 0.09374285431086944,
        "precision": 0.09436537679503804,
        "recall": 0.09447166756560997,
        "f1": 0.09423427174494749
      },
      "S15": {
        "accuracy": 0.008784108800166317,
        "precision": 0.008784108800166317,
        "recall": 0.008784108800166317,
        "f1": 0.008784108800166317
      },
      "S16": {
        "accuracy": 0.0,
        "precision": 0.0,
        "recall": 0.0,
        "f1": 0.0
      },
      "S17": {
        "accuracy": 0.02191140949597836,
        "precision": 0.023652159476622612,
        "recall": 0.02191140949597836,
        "f1": 0.022720895114398797
      },
      "average": {
        "accuracy": 0.013078722760501746,
        "precision": 0.012932715172465626,
        "recall": 0.012750668257276103,
        "f1": 0.012821456146539265
      }
    },
    "poor_ratio": 0.0
  }
}