{
  "real_subj_cnt": 15,
  "real_path": "stress_slurm/data/wesad_1hz.pickle",
  "sliding_windows": false,
  "syn_subj_cnt": 0,
  "gan_config": {
    "gan_mode": "noGAN",
    "type": null,
    "path": null,
    "eps": null
  },
  "privacy_config": {
    "l2_norm_clip": 1.0,
    "eps": 1,
    "num_unique_windows": 530,
    "delta": 0.001,
    "noise_multiplier": 4.133285632246734
  },
  "train_config": {
    "nn_mode": "CNN-LSTM",
    "epochs": 20,
    "batch_size": 50,
    "learning_rate": 0.001,
    "eval_mode": "LOSO",
    "random_seed": 42
  },
  "results": {
    "num_runs": 10,
    "mean": {
      "S2": {
        "accuracy": 0.8970588088035584,
        "precision": 0.8970588088035584,
        "recall": 0.8970588088035584,
        "f1": 0.8970588088035584
      },
      "S3": {
        "accuracy": 0.7499999880790711,
        "precision": 0.7499999880790711,
        "recall": 0.7499999880790711,
        "f1": 0.7499999880790711
      },
      "S4": {
        "accuracy": 0.9857142865657806,
        "precision": 0.9857142865657806,
        "recall": 0.9857142865657806,
        "f1": 0.9857142865657806
      },
      "S5": {
        "accuracy": 0.9600000023841858,
        "precision": 0.957035481929779,
        "recall": 0.9571428596973419,
        "f1": 0.9570547943192302
      },
      "S6": {
        "accuracy": 0.9000000059604645,
        "precision": 0.9026890814304351,
        "recall": 0.9000000059604645,
        "f1": 0.9013250576425715
      },
      "S7": {
        "accuracy": 0.731428587436676,
        "precision": 0.7307936608791351,
        "recall": 0.7371428728103637,
        "f1": 0.7339235540456512
      },
      "S8": {
        "accuracy": 0.9257142901420593,
        "precision": 0.9257142901420593,
        "recall": 0.9257142901420593,
        "f1": 0.9257142901420593
      },
      "S9": {
        "accuracy": 0.9714285731315613,
        "precision": 0.9714285731315613,
        "recall": 0.9714285731315613,
        "f1": 0.9714285731315613
      },
      "S10": {
        "accuracy": 1.0,
        "precision": 1.0,
        "recall": 1.0,
        "f1": 1.0
      },
      "S11": {
        "accuracy": 0.7666666746139527,
        "precision": 0.7640415608882904,
        "recall": 0.7638888895511627,
        "f1": 0.7637493399595423
      },
      "S13": {
        "accuracy": 0.9111111223697662,
        "precision": 0.9082453966140747,
        "recall": 0.9083333432674408,
        "f1": 0.9082534873854426
      },
      "S14": {
        "accuracy": 0.6444444417953491,
        "precision": 0.6451587319374085,
        "recall": 0.6416666626930236,
        "f1": 0.6433881052380822
      },
      "S15": {
        "accuracy": 0.9916666626930237,
        "precision": 0.9916666626930237,
        "recall": 0.9916666626930237,
        "f1": 0.9916666626930237
      },
      "S16": {
        "accuracy": 1.0,
        "precision": 1.0,
        "recall": 1.0,
        "f1": 1.0
      },
      "S17": {
        "accuracy": 0.49722222089767454,
        "precision": 0.49722222089767454,
        "recall": 0.49722222089767454,
        "f1": 0.49722222089767454
      },
      "average": {
        "accuracy": 0.8621637109915415,
        "precision": 0.8617845829327901,
        "recall": 0.8617986309528352,
        "f1": 0.8617666112602166
      }
    },
    "std": {
      "S2": {
        "accuracy": 0.020797250006108443,
        "precision": 0.020797250006108443,
        "recall": 0.020797250006108443,
        "f1": 0.020797250006108443
      },
      "S3": {
        "accuracy": 0.0249951941524931,
        "precision": 0.0249951941524931,
        "recall": 0.0249951941524931,
        "f1": 0.0249951941524931
      },
      "S4": {
        "accuracy": 0.015058464150866395,
        "precision": 0.015058464150866395,
        "recall": 0.015058464150866395,
        "f1": 0.015058464150866395
      },
      "S5": {
        "accuracy": 0.06625724226381213,
        "precision": 0.07073716208524167,
        "recall": 0.07284313156667911,
        "f1": 0.07163433117094793
      },
      "S6": {
        "accuracy": 0.030860668152979102,
        "precision": 0.033317556600524406,
        "recall": 0.030860668152979102,
        "f1": 0.03181200384617216
      },
      "S7": {
        "accuracy": 0.11986386121785973,
        "precision": 0.12003924874932129,
        "recall": 0.12106855340905205,
        "f1": 0.12043930125099594
      },
      "S8": {
        "accuracy": 0.02760262072844967,
        "precision": 0.02760262072844967,
        "recall": 0.02760262072844967,
        "f1": 0.02760262072844967
      },
      "S9": {
        "accuracy": 0.0,
        "precision": 0.0,
        "recall": 0.0,
        "f1": 0.0
      },
      "S10": {
        "accuracy": 0.0,
        "precision": 0.0,
        "recall": 0.0,
        "f1": 0.0
      },
      "S11": {
        "accuracy": 0.0527046318580638,
        "precision": 0.05307433425282379,
        "recall": 0.05745219298340859,
        "f1": 0.05358891897816129
      },
      "S13": {
        "accuracy": 0.02868876509996916,
        "precision": 0.023054031312914988,
        "recall": 0.029426385915779733,
        "f1": 0.02568749501192023
      },
      "S14": {
        "accuracy": 0.07384222113147304,
        "precision": 0.07224735203306425,
        "recall": 0.0734347313836489,
        "f1": 0.07275854727579874
      },
      "S15": {
        "accuracy": 0.0187485799875307,
        "precision": 0.0187485799875307,
        "recall": 0.0187485799875307,
        "f1": 0.0187485799875307
      },
      "S16": {
        "accuracy": 0.0,
        "precision": 0.0,
        "recall": 0.0,
        "f1": 0.0
      },
      "S17": {
        "accuracy": 0.015767957857565375,
        "precision": 0.015767957857565375,
        "recall": 0.015767957857565375,
        "f1": 0.015767957857565375
      },
      "average": {
        "accuracy": 0.01600587886267511,
        "precision": 0.016540173283885625,
        "recall": 0.016026250069461057,
        "f1": 0.016237240809092297
      }
    },
    "poor_ratio": 0.0
  }
}