{
  "real_subj_cnt": 15,
  "real_path": "stress_slurm/data/wesad_1hz.pickle",
  "sliding_windows": false,
  "syn_subj_cnt": 0,
  "gan_config": {
    "gan_mode": "noGAN",
    "type": null,
    "path": null,
    "eps": null
  },
  "privacy_config": {
    "l2_norm_clip": 1.0,
    "eps": null,
    "num_unique_windows": null,
    "delta": null,
    "noise_multiplier": null
  },
  "train_config": {
    "nn_mode": "CNN-LSTM",
    "epochs": 20,
    "batch_size": 50,
    "learning_rate": 0.001,
    "eval_mode": "LOSO",
    "random_seed": 42,
    "data_noise_parameter": null
  },
  "results": {
    "num_runs": 10,
    "mean": {
      "S2": {
        "accuracy": 0.9088235199451447,
        "precision": 0.9088235199451447,
        "recall": 0.9088235199451447,
        "f1": 0.9088235199451447
      },
      "S3": {
        "accuracy": 0.735294109582901,
        "precision": 0.7360504150390625,
        "recall": 0.7382352888584137,
        "f1": 0.7371270195310092
      },
      "S4": {
        "accuracy": 0.9828571438789367,
        "precision": 0.9828571438789367,
        "recall": 0.9828571438789367,
        "f1": 0.9828571438789367
      },
      "S5": {
        "accuracy": 0.9228571474552154,
        "precision": 0.925126051902771,
        "recall": 0.9228571474552154,
        "f1": 0.9239751583649515
      },
      "S6": {
        "accuracy": 0.9200000047683716,
        "precision": 0.9200000047683716,
        "recall": 0.9200000047683716,
        "f1": 0.9200000047683716
      },
      "S7": {
        "accuracy": 0.7828571557998657,
        "precision": 0.7812605142593384,
        "recall": 0.777142870426178,
        "f1": 0.7791718543677539
      },
      "S8": {
        "accuracy": 0.9171428620815277,
        "precision": 0.91435107588768,
        "recall": 0.9142857193946838,
        "f1": 0.9142816354843148
      },
      "S9": {
        "accuracy": 0.9714285731315613,
        "precision": 0.9714285731315613,
        "recall": 0.9714285731315613,
        "f1": 0.9714285731315613
      },
      "S10": {
        "accuracy": 1.0,
        "precision": 1.0,
        "recall": 1.0,
        "f1": 1.0
      },
      "S11": {
        "accuracy": 0.8166666567325592,
        "precision": 0.820915025472641,
        "recall": 0.8166666567325592,
        "f1": 0.8187301500816734
      },
      "S13": {
        "accuracy": 0.9055555641651154,
        "precision": 0.9052381038665771,
        "recall": 0.9027777850627899,
        "f1": 0.9039906182664653
      },
      "S14": {
        "accuracy": 0.6333333313465118,
        "precision": 0.6312287002801895,
        "recall": 0.6305555552244186,
        "f1": 0.6308194332085477
      },
      "S15": {
        "accuracy": 0.9861111104488373,
        "precision": 0.9861111104488373,
        "recall": 0.9861111104488373,
        "f1": 0.9861111104488373
      },
      "S16": {
        "accuracy": 0.9972222208976745,
        "precision": 0.9972222208976745,
        "recall": 0.9972222208976745,
        "f1": 0.9972222208976745
      },
      "S17": {
        "accuracy": 0.49722222089767454,
        "precision": 0.49722222089767454,
        "recall": 0.49722222089767454,
        "f1": 0.49722222089767454
      },
      "average": {
        "accuracy": 0.8651581080754598,
        "precision": 0.8651889787117641,
        "recall": 0.864412387808164,
        "f1": 0.8647840442181944
      }
    },
    "std": {
      "S2": {
        "accuracy": 0.02170190197354452,
        "precision": 0.02170190197354452,
        "recall": 0.02170190197354452,
        "f1": 0.02170190197354452
      },
      "S3": {
        "accuracy": 0.01386483802039194,
        "precision": 0.014069602081945187,
        "recall": 0.016695479917673475,
        "f1": 0.015027617836260066
      },
      "S4": {
        "accuracy": 0.03614031396207935,
        "precision": 0.03614031396207935,
        "recall": 0.03614031396207935,
        "f1": 0.03614031396207935
      },
      "S5": {
        "accuracy": 0.10946167357610577,
        "precision": 0.10615946942091935,
        "recall": 0.10946167357610577,
        "f1": 0.1077874665451443
      },
      "S6": {
        "accuracy": 0.06431216003768349,
        "precision": 0.06431216003768349,
        "recall": 0.06431216003768349,
        "f1": 0.06431216003768349
      },
      "S7": {
        "accuracy": 0.1070740455992621,
        "precision": 0.10813489258196682,
        "recall": 0.11090229150787659,
        "f1": 0.10946097904564783
      },
      "S8": {
        "accuracy": 0.031442996257697316,
        "precision": 0.03271238696375166,
        "recall": 0.0329914419872496,
        "f1": 0.03230583851864651
      },
      "S9": {
        "accuracy": 0.0,
        "precision": 0.0,
        "recall": 0.0,
        "f1": 0.0
      },
      "S10": {
        "accuracy": 0.0,
        "precision": 0.0,
        "recall": 0.0,
        "f1": 0.0
      },
      "S11": {
        "accuracy": 0.0558633445563143,
        "precision": 0.049087337041473666,
        "recall": 0.0558633445563143,
        "f1": 0.052251454016159174
      },
      "S13": {
        "accuracy": 0.04573735884212249,
        "precision": 0.04587669990856955,
        "recall": 0.04766494813827148,
        "f1": 0.04663000661193223
      },
      "S14": {
        "accuracy": 0.08156561097646867,
        "precision": 0.08604472064935503,
        "recall": 0.09355976165884554,
        "f1": 0.08972604451550147
      },
      "S15": {
        "accuracy": 0.043920525152187896,
        "precision": 0.043920525152187896,
        "recall": 0.043920525152187896,
        "f1": 0.043920525152187896
      },
      "S16": {
        "accuracy": 0.008784108800166309,
        "precision": 0.008784108800166309,
        "recall": 0.008784108800166309,
        "f1": 0.008784108800166309
      },
      "S17": {
        "accuracy": 0.008784108800166316,
        "precision": 0.008784108800166316,
        "recall": 0.008784108800166316,
        "f1": 0.008784108800166316
      },
      "average": {
        "accuracy": 0.018473516508725717,
        "precision": 0.01796284841019492,
        "recall": 0.01896290346668428,
        "f1": 0.018459694741122884
      }
    },
    "poor_ratio": 0.0
  }
}