{
  "real_subj_cnt": 15,
  "real_path": "stress_slurm/data/wesad_1hz.pickle",
  "sliding_windows": false,
  "syn_subj_cnt": 0,
  "gan_config": {
    "gan_mode": "noGAN",
    "type": null,
    "path": null,
    "eps": null
  },
  "privacy_config": {
    "l2_norm_clip": 1.0,
    "eps": 0.1,
    "num_unique_windows": 530,
    "delta": 0.001,
    "noise_multiplier": 28.33369777947546
  },
  "train_config": {
    "nn_mode": "CNN-LSTM",
    "epochs": 20,
    "batch_size": 50,
    "learning_rate": 0.001,
    "eval_mode": "LOSO",
    "random_seed": 42
  },
  "results": {
    "num_runs": 10,
    "mean": {
      "S2": {
        "accuracy": 0.9117646992206574,
        "precision": 0.9117646992206574,
        "recall": 0.9117646992206574,
        "f1": 0.9117646992206574
      },
      "S3": {
        "accuracy": 0.7441176474094391,
        "precision": 0.7419327735900879,
        "recall": 0.7441176474094391,
        "f1": 0.7430093780820346
      },
      "S4": {
        "accuracy": 0.9885714292526245,
        "precision": 0.9885714292526245,
        "recall": 0.9885714292526245,
        "f1": 0.9885714292526245
      },
      "S5": {
        "accuracy": 0.9171428620815277,
        "precision": 0.9197479009628295,
        "recall": 0.9171428620815277,
        "f1": 0.9184265044513706
      },
      "S6": {
        "accuracy": 0.9285714328289032,
        "precision": 0.931335198879242,
        "recall": 0.9314285755157471,
        "f1": 0.931344007180404
      },
      "S7": {
        "accuracy": 0.7171428740024567,
        "precision": 0.7180672407150268,
        "recall": 0.7142857313156128,
        "f1": 0.7161490837970819
      },
      "S8": {
        "accuracy": 0.9142857193946838,
        "precision": 0.9142857193946838,
        "recall": 0.9142857193946838,
        "f1": 0.9142857193946838
      },
      "S9": {
        "accuracy": 0.9600000023841858,
        "precision": 0.9600000023841858,
        "recall": 0.9600000023841858,
        "f1": 0.9600000023841858
      },
      "S10": {
        "accuracy": 0.9972222208976745,
        "precision": 0.9971428573131561,
        "recall": 0.9944444417953491,
        "f1": 0.9957746466079701
      },
      "S11": {
        "accuracy": 0.7638888955116272,
        "precision": 0.7650302827358246,
        "recall": 0.7583333373069763,
        "f1": 0.761567994668398
      },
      "S13": {
        "accuracy": 0.9055555582046508,
        "precision": 0.9055555582046508,
        "recall": 0.9055555582046508,
        "f1": 0.9055555582046508
      },
      "S14": {
        "accuracy": 0.6583333253860474,
        "precision": 0.6593843758106231,
        "recall": 0.6611111044883728,
        "f1": 0.6602359132273243
      },
      "S15": {
        "accuracy": 0.9972222208976745,
        "precision": 0.9972222208976745,
        "recall": 0.9972222208976745,
        "f1": 0.9972222208976745
      },
      "S16": {
        "accuracy": 1.0,
        "precision": 1.0,
        "recall": 1.0,
        "f1": 1.0
      },
      "S17": {
        "accuracy": 0.49444444477558136,
        "precision": 0.49444444477558136,
        "recall": 0.49444444477558136,
        "f1": 0.49444444477558136
      },
      "average": {
        "accuracy": 0.859884222149849,
        "precision": 0.8602989802757899,
        "recall": 0.8595138516028722,
        "f1": 0.8598901068096427
      }
    },
    "std": {
      "S2": {
        "accuracy": 0.02401460389002662,
        "precision": 0.02401460389002662,
        "recall": 0.02401460389002662,
        "f1": 0.02401460389002662
      },
      "S3": {
        "accuracy": 0.03933804082470307,
        "precision": 0.03866854766226972,
        "recall": 0.03933804082470307,
        "f1": 0.038846607299012424
      },
      "S4": {
        "accuracy": 0.014754221391846171,
        "precision": 0.014754221391846171,
        "recall": 0.014754221391846171,
        "f1": 0.014754221391846171
      },
      "S5": {
        "accuracy": 0.0801925073535667,
        "precision": 0.07947805545413911,
        "recall": 0.0801925073535667,
        "f1": 0.07973496350535408
      },
      "S6": {
        "accuracy": 0.03868589485907399,
        "precision": 0.03634190203358686,
        "recall": 0.040852589164095246,
        "f1": 0.03815774913500555
      },
      "S7": {
        "accuracy": 0.12377288097520651,
        "precision": 0.1252042794790201,
        "recall": 0.12706345970382082,
        "f1": 0.1260868166876111
      },
      "S8": {
        "accuracy": 0.019047617912292474,
        "precision": 0.019047617912292474,
        "recall": 0.019047617912292474,
        "f1": 0.019047617912292474
      },
      "S9": {
        "accuracy": 0.027602620728449666,
        "precision": 0.027602620728449666,
        "recall": 0.027602620728449666,
        "f1": 0.027602620728449666
      },
      "S10": {
        "accuracy": 0.008784108800166323,
        "precision": 0.009035078490519842,
        "recall": 0.017568217600332618,
        "f1": 0.013361740637932785
      },
      "S11": {
        "accuracy": 0.07663400681701107,
        "precision": 0.07801729110830781,
        "recall": 0.07640993008315568,
        "f1": 0.07654379777832612
      },
      "S13": {
        "accuracy": 0.032605216159721326,
        "precision": 0.032605216159721326,
        "recall": 0.032605216159721326,
        "f1": 0.032605216159721326
      },
      "S14": {
        "accuracy": 0.05246005707812727,
        "precision": 0.05150542929400225,
        "recall": 0.050375815887501105,
        "f1": 0.05087830303319973
      },
      "S15": {
        "accuracy": 0.008784108800166309,
        "precision": 0.008784108800166309,
        "recall": 0.008784108800166309,
        "f1": 0.008784108800166309
      },
      "S16": {
        "accuracy": 0.0,
        "precision": 0.0,
        "recall": 0.0,
        "f1": 0.0
      },
      "S17": {
        "accuracy": 0.017568208176010798,
        "precision": 0.017568208176010798,
        "recall": 0.017568208176010798,
        "f1": 0.017568208176010798
      },
      "average": {
        "accuracy": 0.01169517621632932,
        "precision": 0.011797309652237038,
        "recall": 0.012232330630136725,
        "f1": 0.011964373899785417
      }
    },
    "poor_ratio": 0.0
  }
}