{
  "real_subj_cnt": 3,
  "real_path": "stress_slurm/data/wesad_1hz.pickle",
  "sliding_windows": false,
  "syn_subj_cnt": 0,
  "gan_config": {
    "gan_mode": "noGAN",
    "type": null,
    "path": null,
    "eps": null
  },
  "privacy_config": {
    "l2_norm_clip": 1.0,
    "eps": null,
    "num_unique_windows": null,
    "delta": null,
    "noise_multiplier": null
  },
  "train_config": {
    "nn_mode": "CNN-LSTM",
    "epochs": 20,
    "batch_size": 50,
    "learning_rate": 0.001,
    "eval_mode": "LOSO",
    "random_seed": 42
  },
  "results": {
    "num_runs": 2,
    "mean": {
      "S2": {
        "accuracy": 0.29411765933036804,
        "precision": 0.29411765933036804,
        "recall": 0.29411765933036804,
        "f1": 0.29411765933036804
      },
      "S3": {
        "accuracy": 0.5,
        "precision": 0.606753796339035,
        "recall": 0.7647058665752411,
        "f1": 0.6677807319509096
      },
      "S4": {
        "accuracy": 0.7428571581840515,
        "precision": 0.7428571581840515,
        "recall": 0.7428571581840515,
        "f1": 0.7428571581840515
      },
      "average": {
        "accuracy": 0.5123249391714731,
        "precision": 0.5479095379511515,
        "recall": 0.6005602280298868,
        "f1": 0.5682518498217763
      }
    },
    "std": {
      "S2": {
        "accuracy": 0.0,
        "precision": 0.0,
        "recall": 0.0,
        "f1": 0.0
      },
      "S3": {
        "accuracy": 0.2495670843669526,
        "precision": 0.09859441774947399,
        "recall": 0.1247835421834763,
        "f1": 0.012289297737091373
      },
      "S4": {
        "accuracy": 0.0,
        "precision": 0.0,
        "recall": 0.0,
        "f1": 0.0
      },
      "average": {
        "accuracy": 0.08318902812231752,
        "precision": 0.03286480591649133,
        "recall": 0.041594514061158765,
        "f1": 0.004096432579030458
      }
    },
    "poor_ratio": 0.0
  }
}