{
  "real_subj_cnt": 15,
  "real_path": "stress_slurm/data/wesad_1hz.pickle",
  "sliding_windows": false,
  "syn_subj_cnt": 0,
  "gan_config": {
    "gan_mode": "noGAN",
    "type": null,
    "path": null,
    "eps": null
  },
  "privacy_config": {
    "l2_norm_clip": 1.0,
    "eps": 1,
    "num_unique_windows": 530,
    "delta": 0.001,
    "noise_multiplier": 3.02343915027976
  },
  "train_config": {
    "nn_mode": "CNN",
    "epochs": 10,
    "batch_size": 50,
    "learning_rate": 0.001,
    "eval_mode": "LOSO",
    "random_seed": 42
  },
  "results": {
    "num_runs": 10,
    "mean": {
      "S2": {
        "accuracy": 0.9147058606147767,
        "precision": 0.9149579644203186,
        "recall": 0.9176470398902893,
        "f1": 0.9162830161024257
      },
      "S3": {
        "accuracy": 0.7411764740943909,
        "precision": 0.73817880153656,
        "recall": 0.7382352948188782,
        "f1": 0.7380481117343122
      },
      "S4": {
        "accuracy": 0.9828571438789367,
        "precision": 0.9800793647766113,
        "recall": 0.9828571438789367,
        "f1": 0.9814486924936506
      },
      "S5": {
        "accuracy": 0.9685714304447174,
        "precision": 0.9741876661777497,
        "recall": 0.9714285731315613,
        "f1": 0.972709878922989
      },
      "S6": {
        "accuracy": 0.9428571462631226,
        "precision": 0.9402381002902984,
        "recall": 0.9428571462631226,
        "f1": 0.9415291793028103
      },
      "S7": {
        "accuracy": 0.9028571486473084,
        "precision": 0.9006209194660186,
        "recall": 0.9028571486473084,
        "f1": 0.9016860635618015
      },
      "S8": {
        "accuracy": 0.9371428608894348,
        "precision": 0.9423529446125031,
        "recall": 0.934285718202591,
        "f1": 0.9382608732489122
      },
      "S9": {
        "accuracy": 0.9714285731315613,
        "precision": 0.9686461210250854,
        "recall": 0.9685714304447174,
        "f1": 0.9685696778394279
      },
      "S10": {
        "accuracy": 0.9972222208976745,
        "precision": 0.9971428573131561,
        "recall": 0.9944444417953491,
        "f1": 0.9957746466079701
      },
      "S11": {
        "accuracy": 0.7944444477558136,
        "precision": 0.8058447957038879,
        "recall": 0.7916666686534881,
        "f1": 0.7983660663573252
      },
      "S13": {
        "accuracy": 1.0,
        "precision": 0.9972972989082336,
        "recall": 0.9944444417953491,
        "f1": 0.9958132350434159
      },
      "S14": {
        "accuracy": 0.5583333432674408,
        "precision": 0.5485885918140412,
        "recall": 0.5361111223697662,
        "f1": 0.5418271027483713
      },
      "S15": {
        "accuracy": 1.0,
        "precision": 1.0,
        "recall": 1.0,
        "f1": 1.0
      },
      "S16": {
        "accuracy": 0.952777773141861,
        "precision": 0.9498719274997711,
        "recall": 0.9472222208976746,
        "f1": 0.9483442029732216
      },
      "S17": {
        "accuracy": 0.5555555522441864,
        "precision": 0.554375809431076,
        "recall": 0.5527777791023254,
        "f1": 0.5535436394940038
      },
      "average": {
        "accuracy": 0.8813286650180817,
        "precision": 0.880825544198354,
        "recall": 0.8783604113260906,
        "f1": 0.8794802924287092
      }
    },
    "std": {
      "S2": {
        "accuracy": 0.009300825517504028,
        "precision": 0.009246252199254174,
        "recall": 0.012401100690005334,
        "f1": 0.010053423993693385
      },
      "S3": {
        "accuracy": 0.03615507630311256,
        "precision": 0.031850433242233474,
        "recall": 0.04030354244502402,
        "f1": 0.03450939561212383
      },
      "S4": {
        "accuracy": 0.014754221391846165,
        "precision": 0.013748725989017285,
        "recall": 0.014754221391846165,
        "f1": 0.013559834595481459
      },
      "S5": {
        "accuracy": 0.02841225333540486,
        "precision": 0.02112983611928636,
        "recall": 0.030116928301732782,
        "f1": 0.024038390369866595
      },
      "S6": {
        "accuracy": 0.0,
        "precision": 0.008282150570815603,
        "recall": 0.0,
        "f1": 0.004199400252036975
      },
      "S7": {
        "accuracy": 0.027602620728449666,
        "precision": 0.034329011852743785,
        "recall": 0.027602620728449666,
        "f1": 0.03038567160279924
      },
      "S8": {
        "accuracy": 0.018070156981039674,
        "precision": 0.013493144968911103,
        "recall": 0.019284243356585257,
        "f1": 0.0153680276491456
      },
      "S9": {
        "accuracy": 0.0,
        "precision": 0.008507711849645315,
        "recall": 0.009035078490519837,
        "f1": 0.006033989690274017
      },
      "S10": {
        "accuracy": 0.008784108800166316,
        "precision": 0.009035078490519832,
        "recall": 0.01756821760033263,
        "f1": 0.013361740637932789
      },
      "S11": {
        "accuracy": 0.04757493805443938,
        "precision": 0.04830475685285238,
        "recall": 0.0458309948539104,
        "f1": 0.04379237901878983
      },
      "S13": {
        "accuracy": 0.0,
        "precision": 0.00854669128460544,
        "recall": 0.011712145066888426,
        "f1": 0.006742150116926756
      },
      "S14": {
        "accuracy": 0.0497765917723343,
        "precision": 0.04466954043858404,
        "recall": 0.026352314532838476,
        "f1": 0.032028115283030865
      },
      "S15": {
        "accuracy": 0.0,
        "precision": 0.0,
        "recall": 0.0,
        "f1": 0.0
      },
      "S16": {
        "accuracy": 0.03715259094869505,
        "precision": 0.031101836468043525,
        "recall": 0.04233010144695578,
        "f1": 0.03440967566724564
      },
      "S17": {
        "accuracy": 0.034644965773459324,
        "precision": 0.03315541348046891,
        "recall": 0.033256074844012155,
        "f1": 0.03288490445397062
      },
      "average": {
        "accuracy": 0.007871546482465791,
        "precision": 0.007402521115867653,
        "recall": 0.007658229423705991,
        "f1": 0.0071356246431263145
      }
    },
    "poor_ratio": 0.0
  }
}