{
  "real_subj_cnt": 15,
  "real_path": "stress_slurm/data/wesad_1hz.pickle",
  "sliding_windows": false,
  "syn_subj_cnt": 0,
  "gan_config": {
    "gan_mode": "noGAN",
    "type": null,
    "path": null,
    "eps": null
  },
  "privacy_config": {
    "l2_norm_clip": 1.0,
    "eps": null,
    "num_unique_windows": null,
    "delta": null,
    "noise_multiplier": null
  },
  "train_config": {
    "nn_mode": "CNN",
    "epochs": 10,
    "batch_size": 50,
    "learning_rate": 0.001,
    "eval_mode": "LOSO",
    "random_seed": 42
  },
  "results": {
    "num_runs": 10,
    "mean": {
      "S2": {
        "accuracy": 0.9147058606147767,
        "precision": 0.9144384860992432,
        "recall": 0.9117646872997284,
        "f1": 0.9130816329624956
      },
      "S3": {
        "accuracy": 0.7264705955982208,
        "precision": 0.732811176776886,
        "recall": 0.735294109582901,
        "f1": 0.7336002745683134
      },
      "S4": {
        "accuracy": 0.9771428585052491,
        "precision": 0.9771428585052491,
        "recall": 0.9771428585052491,
        "f1": 0.9771428585052491
      },
      "S5": {
        "accuracy": 0.9685714304447174,
        "precision": 0.9742016792297363,
        "recall": 0.9628571450710297,
        "f1": 0.96840457966665
      },
      "S6": {
        "accuracy": 0.9428571462631226,
        "precision": 0.9426890790462494,
        "recall": 0.9400000035762787,
        "f1": 0.9413250552583857
      },
      "S7": {
        "accuracy": 0.8857142925262451,
        "precision": 0.8816452264785767,
        "recall": 0.8914285778999329,
        "f1": 0.8864341687415468
      },
      "S8": {
        "accuracy": 0.9428571462631226,
        "precision": 0.9430158734321594,
        "recall": 0.9457142889499665,
        "f1": 0.9443460782447805
      },
      "S9": {
        "accuracy": 0.9714285731315613,
        "precision": 0.9714285731315613,
        "recall": 0.9714285731315613,
        "f1": 0.9714285731315613
      },
      "S10": {
        "accuracy": 0.9972222208976745,
        "precision": 1.0,
        "recall": 0.9888888835906983,
        "f1": 0.9943259529709675
      },
      "S11": {
        "accuracy": 0.7722222328186035,
        "precision": 0.775805652141571,
        "recall": 0.7694444537162781,
        "f1": 0.7725181955283842
      },
      "S13": {
        "accuracy": 0.9944444417953491,
        "precision": 0.9945945978164673,
        "recall": 1.0,
        "f1": 0.9972602756279766
      },
      "S14": {
        "accuracy": 0.5305555701255799,
        "precision": 0.5236884772777557,
        "recall": 0.5277777910232544,
        "f1": 0.5254688237400671
      },
      "S15": {
        "accuracy": 1.0,
        "precision": 1.0,
        "recall": 1.0,
        "f1": 1.0
      },
      "S16": {
        "accuracy": 0.9805555522441864,
        "precision": 0.9783625662326813,
        "recall": 0.9833333253860473,
        "f1": 0.9807807734014344
      },
      "S17": {
        "accuracy": 0.547222226858139,
        "precision": 0.5467717766761779,
        "recall": 0.5527777791023254,
        "f1": 0.5497336409109396
      },
      "average": {
        "accuracy": 0.8767980098724365,
        "precision": 0.8771064015229543,
        "recall": 0.8771901651223502,
        "f1": 0.8770567255505834
      }
    },
    "std": {
      "S2": {
        "accuracy": 0.009300825517504012,
        "precision": 0.00943227407057124,
        "recall": 0.013864838020391939,
        "f1": 0.011113162785807151
      },
      "S3": {
        "accuracy": 0.03115735174223856,
        "precision": 0.02926738056157226,
        "recall": 0.05369829037824389,
        "f1": 0.03849472065517779
      },
      "S4": {
        "accuracy": 0.01204677132069311,
        "precision": 0.01204677132069311,
        "recall": 0.01204677132069311,
        "f1": 0.01204677132069311
      },
      "S5": {
        "accuracy": 0.02501699953089663,
        "precision": 0.02842288385593755,
        "recall": 0.027105235471559515,
        "f1": 0.0259143224058267
      },
      "S6": {
        "accuracy": 0.0,
        "precision": 0.0005314752053246994,
        "recall": 0.009035078490519842,
        "f1": 0.004844897157624154
      },
      "S7": {
        "accuracy": 0.04856208771111941,
        "precision": 0.03834816120728228,
        "recall": 0.03512207202958178,
        "f1": 0.03577246712643081
      },
      "S8": {
        "accuracy": 0.0,
        "precision": 0.0005019393807070407,
        "recall": 0.009035078490519838,
        "f1": 0.004708416343106884
      },
      "S9": {
        "accuracy": 0.0,
        "precision": 0.0,
        "recall": 0.0,
        "f1": 0.0
      },
      "S10": {
        "accuracy": 0.008784108800166309,
        "precision": 0.0,
        "recall": 0.01942239533854039,
        "f1": 0.009950579522103787
      },
      "S11": {
        "accuracy": 0.05367177075376694,
        "precision": 0.05114372913387352,
        "recall": 0.055632669227045996,
        "f1": 0.05270462265217702
      },
      "S13": {
        "accuracy": 0.011712145066888426,
        "precision": 0.011395588379473923,
        "recall": 0.0,
        "f1": 0.005775846117778939
      },
      "S14": {
        "accuracy": 0.020496253867054722,
        "precision": 0.01512046836946615,
        "recall": 0.0226804713962121,
        "f1": 0.01476304625290756
      },
      "S15": {
        "accuracy": 0.0,
        "precision": 0.0,
        "recall": 0.0,
        "f1": 0.0
      },
      "S16": {
        "accuracy": 0.026352310344248786,
        "precision": 0.0324636086998354,
        "recall": 0.019422395338540416,
        "f1": 0.02574831401207665
      },
      "S17": {
        "accuracy": 0.03715259094869504,
        "precision": 0.03580774131425155,
        "recall": 0.03574120974009212,
        "f1": 0.03556342222335968
      },
      "average": {
        "accuracy": 0.009177799850793252,
        "precision": 0.0081671483191659,
        "recall": 0.009007177395304369,
        "f1": 0.008522710565080712
      }
    },
    "poor_ratio": 0.0
  }
}