{
  "real_subj_cnt": 15,
  "real_path": "stress_slurm/data/wesad_1hz.pickle",
  "sliding_windows": false,
  "syn_subj_cnt": 0,
  "gan_config": {
    "gan_mode": "noGAN",
    "type": null,
    "path": null,
    "eps": null
  },
  "privacy_config": {
    "l2_norm_clip": 1.0,
    "eps": 10,
    "num_unique_windows": 530,
    "delta": 0.001,
    "noise_multiplier": 0.7524411411777173
  },
  "train_config": {
    "nn_mode": "CNN",
    "epochs": 10,
    "batch_size": 50,
    "learning_rate": 0.001,
    "eval_mode": "LOSO",
    "random_seed": 42,
    "data_noise_parameter": null
  },
  "results": {
    "num_runs": 10,
    "mean": {
      "S2": {
        "accuracy": 0.7647058963775635,
        "precision": 0.9523809552192688,
        "recall": 0.5882353186607361,
        "f1": 0.7272727468585177
      },
      "S3": {
        "accuracy": 0.5882353186607361,
        "precision": 0.4166666567325592,
        "recall": 0.29411765933036804,
        "f1": 0.3448275912389173
      },
      "S4": {
        "accuracy": 1.0,
        "precision": 0.6785714030265808,
        "recall": 0.5428571701049805,
        "f1": 0.6031746099024632
      },
      "S5": {
        "accuracy": 0.7142857313156128,
        "precision": 0.6896551847457886,
        "recall": 0.5714285969734192,
        "f1": 0.6250000203435774
      },
      "S6": {
        "accuracy": 0.5714285969734192,
        "precision": 0.375,
        "recall": 0.17142857611179352,
        "f1": 0.2352941220583983
      },
      "S7": {
        "accuracy": 0.7428571581840515,
        "precision": 0.6000000238418579,
        "recall": 0.2571428716182709,
        "f1": 0.36000001847743984
      },
      "S8": {
        "accuracy": 0.9142857193946838,
        "precision": 0.5882353186607361,
        "recall": 0.2857142984867096,
        "f1": 0.3846154014342988
      },
      "S9": {
        "accuracy": 0.6571428775787354,
        "precision": 0.6470588445663452,
        "recall": 0.3142857253551483,
        "f1": 0.42307693760335086
      },
      "S10": {
        "accuracy": 0.6500000119209289,
        "precision": 0.5555555820465088,
        "recall": 0.5555555820465088,
        "f1": 0.5555555820465088
      },
      "S11": {
        "accuracy": 0.6388888955116272,
        "precision": 0.38461539149284363,
        "recall": 0.2777777910232544,
        "f1": 0.32258065651160245
      },
      "S13": {
        "accuracy": 0.9166666865348816,
        "precision": 1.0,
        "recall": 0.3611111044883728,
        "f1": 0.5306122377483807
      },
      "S14": {
        "accuracy": 0.5555555820465088,
        "precision": 0.3333333432674408,
        "recall": 0.25,
        "f1": 0.28571428936354965
      },
      "S15": {
        "accuracy": 0.5555555820465088,
        "precision": 0.6600000023841858,
        "recall": 0.37777777910232546,
        "f1": 0.48045112960340874
      },
      "S16": {
        "accuracy": 0.4722222089767456,
        "precision": 0.5806451439857483,
        "recall": 0.5,
        "f1": 0.5373134254267338
      },
      "S17": {
        "accuracy": 0.8333333134651184,
        "precision": 0.6153846383094788,
        "recall": 0.4444444477558136,
        "f1": 0.516129042553976
      },
      "average": {
        "accuracy": 0.705010905265808,
        "precision": 0.6051401658852895,
        "recall": 0.3861251280705134,
        "f1": 0.46210785407807486
      }
    },
    "std": {
      "S2": {
        "accuracy": 0.0,
        "precision": 0.0,
        "recall": 0.0,
        "f1": 0.0
      },
      "S3": {
        "accuracy": 0.0,
        "precision": 0.0,
        "recall": 0.0,
        "f1": 0.0
      },
      "S4": {
        "accuracy": 0.0,
        "precision": 0.0,
        "recall": 0.0,
        "f1": 0.0
      },
      "S5": {
        "accuracy": 0.0,
        "precision": 0.0,
        "recall": 0.0,
        "f1": 0.0
      },
      "S6": {
        "accuracy": 0.0,
        "precision": 0.0,
        "recall": 0.0,
        "f1": 0.0
      },
      "S7": {
        "accuracy": 0.0,
        "precision": 0.0,
        "recall": 0.0,
        "f1": 0.0
      },
      "S8": {
        "accuracy": 0.0,
        "precision": 0.0,
        "recall": 0.0,
        "f1": 0.0
      },
      "S9": {
        "accuracy": 0.0,
        "precision": 0.0,
        "recall": 0.0,
        "f1": 0.0
      },
      "S10": {
        "accuracy": 0.01434438960366589,
        "precision": 0.0,
        "recall": 0.0,
        "f1": 0.0
      },
      "S11": {
        "accuracy": 0.0,
        "precision": 0.0,
        "recall": 0.0,
        "f1": 0.0
      },
      "S13": {
        "accuracy": 0.0,
        "precision": 0.0,
        "recall": 0.0,
        "f1": 0.0
      },
      "S14": {
        "accuracy": 0.0,
        "precision": 0.0,
        "recall": 0.0,
        "f1": 0.0
      },
      "S15": {
        "accuracy": 0.0,
        "precision": 0.008606652230023265,
        "recall": 0.01434438960366588,
        "f1": 0.013912984236925056
      },
      "S16": {
        "accuracy": 0.0,
        "precision": 0.0,
        "recall": 0.0,
        "f1": 0.0
      },
      "S17": {
        "accuracy": 0.0,
        "precision": 0.0,
        "recall": 0.0,
        "f1": 0.0
      },
      "average": {
        "accuracy": 0.0009562926402444023,
        "precision": 0.0005737768153348837,
        "recall": 0.0009562926402443956,
        "f1": 0.000927532282461664
      }
    },
    "poor_ratio": 0.0
  }
}