{
  "real_subj_cnt": 15,
  "real_path": "stress_slurm/data/wesad_1hz.pickle",
  "sliding_windows": false,
  "syn_subj_cnt": 0,
  "gan_config": {
    "gan_mode": "noGAN",
    "type": null,
    "path": null,
    "eps": null
  },
  "privacy_config": {
    "l2_norm_clip": 1.0,
    "eps": 0.1,
    "num_unique_windows": 530,
    "delta": 0.001,
    "noise_multiplier": 20.09357737650037
  },
  "train_config": {
    "nn_mode": "CNN",
    "epochs": 10,
    "batch_size": 50,
    "learning_rate": 0.001,
    "eval_mode": "LOSO",
    "random_seed": 42
  },
  "results": {
    "num_runs": 10,
    "mean": {
      "S2": {
        "accuracy": 0.9058823406696319,
        "precision": 0.9033613324165344,
        "recall": 0.9058823406696319,
        "f1": 0.9046035683685881
      },
      "S3": {
        "accuracy": 0.7441176474094391,
        "precision": 0.7477637231349945,
        "recall": 0.7411764740943909,
        "f1": 0.7442902359394505
      },
      "S4": {
        "accuracy": 0.9828571438789367,
        "precision": 0.9857936501502991,
        "recall": 0.9857142865657806,
        "f1": 0.985713702592655
      },
      "S5": {
        "accuracy": 0.9742857158184052,
        "precision": 0.9688888847827911,
        "recall": 0.9742857158184052,
        "f1": 0.9715084697548073
      },
      "S6": {
        "accuracy": 0.9428571462631226,
        "precision": 0.9428571462631226,
        "recall": 0.9428571462631226,
        "f1": 0.9428571462631226
      },
      "S7": {
        "accuracy": 0.9142857193946838,
        "precision": 0.9142857193946838,
        "recall": 0.9142857193946838,
        "f1": 0.9142857193946838
      },
      "S8": {
        "accuracy": 0.9428571462631226,
        "precision": 0.9456302523612976,
        "recall": 0.9428571462631226,
        "f1": 0.944223604363019
      },
      "S9": {
        "accuracy": 0.9714285731315613,
        "precision": 0.9714285731315613,
        "recall": 0.9714285731315613,
        "f1": 0.9714285731315613
      },
      "S10": {
        "accuracy": 0.9888888835906983,
        "precision": 0.9888888835906983,
        "recall": 0.9888888835906983,
        "f1": 0.9888888835906983
      },
      "S11": {
        "accuracy": 0.8111111164093018,
        "precision": 0.8125469386577606,
        "recall": 0.8138888895511627,
        "f1": 0.8130131938762549
      },
      "S13": {
        "accuracy": 0.9944444417953491,
        "precision": 0.9944444417953491,
        "recall": 0.9944444417953491,
        "f1": 0.9944444417953491
      },
      "S14": {
        "accuracy": 0.5555555641651153,
        "precision": 0.5521854311227798,
        "recall": 0.5555555641651153,
        "f1": 0.5537882383256418
      },
      "S15": {
        "accuracy": 1.0,
        "precision": 1.0,
        "recall": 1.0,
        "f1": 1.0
      },
      "S16": {
        "accuracy": 0.9527777671813965,
        "precision": 0.94603151679039,
        "recall": 0.9555555522441864,
        "f1": 0.9505175700466729
      },
      "S17": {
        "accuracy": 0.5361111104488373,
        "precision": 0.5380067586898803,
        "recall": 0.5333333313465118,
        "f1": 0.5354754230727745
      },
      "average": {
        "accuracy": 0.8811640210946401,
        "precision": 0.880807550152143,
        "recall": 0.8813436043262481,
        "f1": 0.8810025847010186
      }
    },
    "std": {
      "S2": {
        "accuracy": 0.018601625903488454,
        "precision": 0.023267845395329518,
        "recall": 0.018601625903488454,
        "f1": 0.02071803389800668
      },
      "S3": {
        "accuracy": 0.027902446534306145,
        "precision": 0.0198458359124789,
        "recall": 0.030376347137100187,
        "f1": 0.02307602027493803
      },
      "S4": {
        "accuracy": 0.014754221391846173,
        "precision": 0.014976676855864133,
        "recall": 0.015058464150866395,
        "f1": 0.013469043559772098
      },
      "S5": {
        "accuracy": 0.03420625509651575,
        "precision": 0.031319444635136306,
        "recall": 0.03144299625769732,
        "f1": 0.0300961874307943
      },
      "S6": {
        "accuracy": 0.0,
        "precision": 0.0,
        "recall": 0.0,
        "f1": 0.0
      },
      "S7": {
        "accuracy": 0.0,
        "precision": 0.0,
        "recall": 0.0,
        "f1": 0.0
      },
      "S8": {
        "accuracy": 0.0,
        "precision": 0.008769331463535658,
        "recall": 0.0,
        "f1": 0.004321119922858605
      },
      "S9": {
        "accuracy": 0.0,
        "precision": 0.0,
        "recall": 0.0,
        "f1": 0.0
      },
      "S10": {
        "accuracy": 0.023424290133776834,
        "precision": 0.023424290133776834,
        "recall": 0.023424290133776834,
        "f1": 0.023424290133776834
      },
      "S11": {
        "accuracy": 0.044981321282673126,
        "precision": 0.044028950751389344,
        "recall": 0.032208373231252314,
        "f1": 0.03606333659579451
      },
      "S13": {
        "accuracy": 0.011712145066888412,
        "precision": 0.011712145066888412,
        "recall": 0.011712145066888412,
        "f1": 0.011712145066888412
      },
      "S14": {
        "accuracy": 0.037037029862406735,
        "precision": 0.03394724495156696,
        "recall": 0.04140866378185131,
        "f1": 0.03724421409138841
      },
      "S15": {
        "accuracy": 0.0,
        "precision": 0.0,
        "recall": 0.0,
        "f1": 0.0
      },
      "S16": {
        "accuracy": 0.039392677646545964,
        "precision": 0.042811900888459556,
        "recall": 0.02986020224538739,
        "f1": 0.03341217028100556
      },
      "S17": {
        "accuracy": 0.03715258995837356,
        "precision": 0.03616843678468339,
        "recall": 0.03884476510322355,
        "f1": 0.03606074089375015
      },
      "average": {
        "accuracy": 0.006142604218124123,
        "precision": 0.00582937908901008,
        "recall": 0.00636553922092059,
        "f1": 0.005689798172972043
      }
    },
    "poor_ratio": 0.0
  }
}