{
  "real_subj_cnt": 15,
  "real_path": "stress_slurm/data/wesad_1hz.pickle",
  "sliding_windows": false,
  "syn_subj_cnt": 0,
  "gan_config": {
    "gan_mode": "noGAN",
    "type": null,
    "path": null,
    "eps": null
  },
  "privacy_config": {
    "l2_norm_clip": 1.0,
    "eps": null,
    "num_unique_windows": null,
    "delta": null,
    "noise_multiplier": null
  },
  "train_config": {
    "nn_mode": "CNN",
    "epochs": 10,
    "batch_size": 50,
    "learning_rate": 0.001,
    "eval_mode": "LOSO",
    "random_seed": 42,
    "data_noise_parameter": null
  },
  "results": {
    "num_runs": 10,
    "mean": {
      "S2": {
        "accuracy": 0.920588219165802,
        "precision": 0.9176317691802979,
        "recall": 0.9176470458507537,
        "f1": 0.9175999677256573
      },
      "S3": {
        "accuracy": 0.7441176474094391,
        "precision": 0.7429450035095215,
        "recall": 0.7382352948188782,
        "f1": 0.7404271407109699
      },
      "S4": {
        "accuracy": 0.9828571438789367,
        "precision": 0.9828571438789367,
        "recall": 0.9800000011920929,
        "f1": 0.9814078686042533
      },
      "S5": {
        "accuracy": 0.9657142877578735,
        "precision": 0.9691183984279632,
        "recall": 0.9742857158184052,
        "f1": 0.9715043835872942
      },
      "S6": {
        "accuracy": 0.934285718202591,
        "precision": 0.934285718202591,
        "recall": 0.934285718202591,
        "f1": 0.934285718202591
      },
      "S7": {
        "accuracy": 0.9000000059604645,
        "precision": 0.902521014213562,
        "recall": 0.9000000059604645,
        "f1": 0.9012422419125181
      },
      "S8": {
        "accuracy": 0.9514285743236541,
        "precision": 0.9488612115383148,
        "recall": 0.9485714316368103,
        "f1": 0.9485212203034565
      },
      "S9": {
        "accuracy": 0.9714285731315613,
        "precision": 0.9714285731315613,
        "recall": 0.9714285731315613,
        "f1": 0.9714285731315613
      },
      "S10": {
        "accuracy": 0.9916666626930237,
        "precision": 0.989114111661911,
        "recall": 0.9916666626930237,
        "f1": 0.9903343162339594
      },
      "S11": {
        "accuracy": 0.7999999940395355,
        "precision": 0.7943518698215485,
        "recall": 0.8027777731418609,
        "f1": 0.7984175253478323
      },
      "S13": {
        "accuracy": 0.9972222208976745,
        "precision": 0.9972222208976745,
        "recall": 0.9972222208976745,
        "f1": 0.9972222208976745
      },
      "S14": {
        "accuracy": 0.5527777820825577,
        "precision": 0.5425496757030487,
        "recall": 0.5472222238779068,
        "f1": 0.5446105276368326
      },
      "S15": {
        "accuracy": 1.0,
        "precision": 1.0,
        "recall": 1.0,
        "f1": 1.0
      },
      "S16": {
        "accuracy": 0.9694444417953492,
        "precision": 0.9654712378978729,
        "recall": 0.9694444417953492,
        "f1": 0.9672607214526854
      },
      "S17": {
        "accuracy": 0.5361111164093018,
        "precision": 0.5326798975467681,
        "recall": 0.5388888835906982,
        "f1": 0.535679995133304
      },
      "average": {
        "accuracy": 0.8811761591831843,
        "precision": 0.8794025230407716,
        "recall": 0.8807783995072047,
        "f1": 0.8799961613920393
      }
    },
    "std": {
      "S2": {
        "accuracy": 0.014207245653179655,
        "precision": 0.012469449131686872,
        "recall": 0.018601638469250895,
        "f1": 0.014537900367638157
      },
      "S3": {
        "accuracy": 0.02790244653430614,
        "precision": 0.030225130368505833,
        "recall": 0.029247902850392925,
        "f1": 0.027553282647028977
      },
      "S4": {
        "accuracy": 0.014754221391846168,
        "precision": 0.014754221391846168,
        "recall": 0.013801310364224825,
        "f1": 0.013545499390347096
      },
      "S5": {
        "accuracy": 0.02625532939142265,
        "precision": 0.02796636101147902,
        "recall": 0.02841225333540487,
        "f1": 0.024258578895372255
      },
      "S6": {
        "accuracy": 0.01928424335658525,
        "precision": 0.01928424335658525,
        "recall": 0.01928424335658525,
        "f1": 0.01928424335658525
      },
      "S7": {
        "accuracy": 0.03086066815297911,
        "precision": 0.02785389838382536,
        "recall": 0.03086066815297911,
        "f1": 0.02914625467527335
      },
      "S8": {
        "accuracy": 0.01380131036422483,
        "precision": 0.017129274962032082,
        "recall": 0.022537445449423932,
        "f1": 0.013839199306747254
      },
      "S9": {
        "accuracy": 0.0,
        "precision": 0.0,
        "recall": 0.0,
        "f1": 0.0
      },
      "S10": {
        "accuracy": 0.018748579987530697,
        "precision": 0.0189703952530158,
        "recall": 0.01341794782982994,
        "f1": 0.014576430417729111
      },
      "S11": {
        "accuracy": 0.07027283113332454,
        "precision": 0.06522825360472644,
        "recall": 0.0634107083607272,
        "f1": 0.06345596446387956
      },
      "S13": {
        "accuracy": 0.008784108800166323,
        "precision": 0.008784108800166323,
        "recall": 0.008784108800166323,
        "f1": 0.008784108800166323
      },
      "S14": {
        "accuracy": 0.07685742463621438,
        "precision": 0.06714111236195783,
        "recall": 0.07413191489424027,
        "f1": 0.06925666286955569
      },
      "S15": {
        "accuracy": 0.0,
        "precision": 0.0,
        "recall": 0.0,
        "f1": 0.0
      },
      "S16": {
        "accuracy": 0.03806444826905791,
        "precision": 0.05348775677652007,
        "recall": 0.030569573225733344,
        "f1": 0.041617204885362406
      },
      "S17": {
        "accuracy": 0.0371525983761026,
        "precision": 0.03419190698501069,
        "recall": 0.04182069471701025,
        "f1": 0.037380485543772976
      },
      "average": {
        "accuracy": 0.008453362920419073,
        "precision": 0.008694050740954227,
        "recall": 0.008379597903507842,
        "f1": 0.008262557986829542
      }
    },
    "poor_ratio": 0.0
  }
}