{
  "real_subj_cnt": 15,
  "real_path": "stress_slurm/data/wesad_1hz.pickle",
  "sliding_windows": false,
  "syn_subj_cnt": 0,
  "gan_config": {
    "gan_mode": "noGAN",
    "type": null,
    "path": null,
    "eps": null
  },
  "privacy_config": {
    "l2_norm_clip": 1.0,
    "eps": 10,
    "num_unique_windows": 530,
    "delta": 0.001,
    "noise_multiplier": 0.7524403795540332
  },
  "train_config": {
    "nn_mode": "CNN",
    "epochs": 10,
    "batch_size": 50,
    "learning_rate": 0.001,
    "eval_mode": "LOSO",
    "random_seed": 42
  },
  "results": {
    "num_runs": 10,
    "mean": {
      "S2": {
        "accuracy": 0.9058823406696319,
        "precision": 0.9089758276939393,
        "recall": 0.9058823347091675,
        "f1": 0.9073238627005218
      },
      "S3": {
        "accuracy": 0.7382353007793426,
        "precision": 0.732521015405655,
        "recall": 0.7411764740943909,
        "f1": 0.7367860240611777
      },
      "S4": {
        "accuracy": 0.9742857158184052,
        "precision": 0.9742857158184052,
        "recall": 0.9742857158184052,
        "f1": 0.9742857158184052
      },
      "S5": {
        "accuracy": 0.9685714304447174,
        "precision": 0.9741923332214355,
        "recall": 0.9628571450710297,
        "f1": 0.9683614177490962
      },
      "S6": {
        "accuracy": 0.9428571462631226,
        "precision": 0.9402381002902984,
        "recall": 0.9428571462631226,
        "f1": 0.9415291793028103
      },
      "S7": {
        "accuracy": 0.888571435213089,
        "precision": 0.8829732060432434,
        "recall": 0.8857142925262451,
        "f1": 0.8841517072998892
      },
      "S8": {
        "accuracy": 0.9485714316368103,
        "precision": 0.9514986038208008,
        "recall": 0.9428571462631226,
        "f1": 0.9470352074806414
      },
      "S9": {
        "accuracy": 0.9714285731315613,
        "precision": 0.9714285731315613,
        "recall": 0.9714285731315613,
        "f1": 0.9714285731315613
      },
      "S10": {
        "accuracy": 0.9972222208976745,
        "precision": 0.9972972989082336,
        "recall": 1.0,
        "f1": 0.9986301378139884
      },
      "S11": {
        "accuracy": 0.7861111104488373,
        "precision": 0.7814436078071594,
        "recall": 0.775,
        "f1": 0.7776220982063493
      },
      "S13": {
        "accuracy": 0.9972222208976745,
        "precision": 0.9972972989082336,
        "recall": 1.0,
        "f1": 0.9986301378139884
      },
      "S14": {
        "accuracy": 0.5333333551883698,
        "precision": 0.5380117118358612,
        "recall": 0.5444444596767426,
        "f1": 0.5411411567401329
      },
      "S15": {
        "accuracy": 0.9972222208976745,
        "precision": 0.9972222208976745,
        "recall": 0.9972222208976745,
        "f1": 0.9972222208976745
      },
      "S16": {
        "accuracy": 0.949999988079071,
        "precision": 0.9455343246459961,
        "recall": 0.9527777671813965,
        "f1": 0.9489642364300129
      },
      "S17": {
        "accuracy": 0.544444453716278,
        "precision": 0.5461969256401062,
        "recall": 0.5416666746139527,
        "f1": 0.5438790385542489
      },
      "average": {
        "accuracy": 0.8762639296054839,
        "precision": 0.8759411176045736,
        "recall": 0.8758779966831207,
        "f1": 0.8757993809333666
      }
    },
    "std": {
      "S2": {
        "accuracy": 0.027027547844546456,
        "precision": 0.03169031231846775,
        "recall": 0.023200313171227994,
        "f1": 0.02567118175223323
      },
      "S3": {
        "accuracy": 0.03784364374311973,
        "precision": 0.03276484569473254,
        "recall": 0.03615507630311257,
        "f1": 0.03401894665524743
      },
      "S4": {
        "accuracy": 0.009035078490519842,
        "precision": 0.009035078490519842,
        "recall": 0.009035078490519842,
        "f1": 0.009035078490519842
      },
      "S5": {
        "accuracy": 0.02501699953089663,
        "precision": 0.024836886046971277,
        "recall": 0.027105235471559505,
        "f1": 0.0231950811941916
      },
      "S6": {
        "accuracy": 0.0,
        "precision": 0.008282150570815602,
        "recall": 0.0,
        "f1": 0.004199400252036982
      },
      "S7": {
        "accuracy": 0.031442996257697316,
        "precision": 0.032830556844443214,
        "recall": 0.046656944700613566,
        "f1": 0.038173035187915295
      },
      "S8": {
        "accuracy": 0.02253744544942393,
        "precision": 0.026817549019857542,
        "recall": 0.013468699791232362,
        "f1": 0.01771553764815698
      },
      "S9": {
        "accuracy": 0.0,
        "precision": 0.0,
        "recall": 0.0,
        "f1": 0.0
      },
      "S10": {
        "accuracy": 0.008784108800166309,
        "precision": 0.008546691284605433,
        "recall": 0.0,
        "f1": 0.00433188458833421
      },
      "S11": {
        "accuracy": 0.05563266889636826,
        "precision": 0.049703565898410025,
        "recall": 0.06734480080802335,
        "f1": 0.05489794225590349
      },
      "S13": {
        "accuracy": 0.008784108800166307,
        "precision": 0.00854669128460544,
        "recall": 0.0,
        "f1": 0.004331884588334201
      },
      "S14": {
        "accuracy": 0.04684856770179122,
        "precision": 0.0502304086221193,
        "recall": 0.05737753148242255,
        "f1": 0.053397565499212964
      },
      "S15": {
        "accuracy": 0.008784108800166314,
        "precision": 0.008784108800166314,
        "recall": 0.008784108800166314,
        "f1": 0.008784108800166314
      },
      "S16": {
        "accuracy": 0.03414645891765328,
        "precision": 0.04217147072047622,
        "recall": 0.034768485226209754,
        "f1": 0.03623539892646569
      },
      "S17": {
        "accuracy": 0.03260521051752422,
        "precision": 0.033819452093375856,
        "recall": 0.03525820476527546,
        "f1": 0.03417643021611381
      },
      "average": {
        "accuracy": 0.00875065747891784,
        "precision": 0.00910750581727991,
        "recall": 0.008586076907337217,
        "f1": 0.008667627457655636
      }
    },
    "poor_ratio": 0.0
  }
}