{
  "real_subj_cnt": 15,
  "real_path": "stress_slurm/data/wesad_1hz.pickle",
  "sliding_windows": false,
  "syn_subj_cnt": 0,
  "gan_config": {
    "gan_mode": "noGAN",
    "type": null,
    "path": null,
    "eps": null
  },
  "privacy_config": {
    "l2_norm_clip": 1.0,
    "eps": 0.1,
    "num_unique_windows": 530,
    "delta": 0.001,
    "noise_multiplier": 66.28937253435255
  },
  "train_config": {
    "nn_mode": "Transformer",
    "epochs": 110,
    "batch_size": 50,
    "learning_rate": 0.0001,
    "eval_mode": "LOSO",
    "random_seed": 42
  },
  "results": {
    "num_runs": 10,
    "mean": {
      "S2": {
        "accuracy": 0.9,
        "precision": 0.8975477516651154,
        "recall": 0.9,
        "f1": 0.8987167768502644
      },
      "S3": {
        "accuracy": 0.6764705896377563,
        "precision": 0.6661616206169129,
        "recall": 0.6764705896377563,
        "f1": 0.6711288308724143
      },
      "S4": {
        "accuracy": 0.9628571450710297,
        "precision": 0.960379284620285,
        "recall": 0.9628571450710297,
        "f1": 0.9615251897871125
      },
      "S5": {
        "accuracy": 0.9285714328289032,
        "precision": 0.9303896129131317,
        "recall": 0.9257142901420593,
        "f1": 0.9279831968093207
      },
      "S6": {
        "accuracy": 0.9285714328289032,
        "precision": 0.9289682567119598,
        "recall": 0.9314285755157471,
        "f1": 0.9301810899156353
      },
      "S7": {
        "accuracy": 0.7514285832643509,
        "precision": 0.7538468807935714,
        "recall": 0.7514285832643509,
        "f1": 0.752583919575982
      },
      "S8": {
        "accuracy": 0.9371428608894348,
        "precision": 0.9295530498027802,
        "recall": 0.9400000035762787,
        "f1": 0.9345993790375811
      },
      "S9": {
        "accuracy": 0.9000000059604645,
        "precision": 0.9000000059604645,
        "recall": 0.9000000059604645,
        "f1": 0.9000000059604645
      },
      "S10": {
        "accuracy": 0.9972222208976745,
        "precision": 0.9972222208976745,
        "recall": 0.9972222208976745,
        "f1": 0.9972222208976745
      },
      "S11": {
        "accuracy": 0.7138888895511627,
        "precision": 0.7150793671607971,
        "recall": 0.7111111104488372,
        "f1": 0.7130672933160962
      },
      "S13": {
        "accuracy": 0.9111111044883728,
        "precision": 0.9085585534572601,
        "recall": 0.9111111044883728,
        "f1": 0.9098173457566425
      },
      "S14": {
        "accuracy": 0.30833333283662795,
        "precision": 0.31584968119859697,
        "recall": 0.30833333879709246,
        "f1": 0.3119841336437634
      },
      "S15": {
        "accuracy": 0.9861111104488373,
        "precision": 0.9861111104488373,
        "recall": 0.9861111104488373,
        "f1": 0.9861111104488373
      },
      "S16": {
        "accuracy": 0.9444444417953491,
        "precision": 0.9454954981803894,
        "recall": 0.95,
        "f1": 0.947678308629686
      },
      "S17": {
        "accuracy": 0.5333333373069763,
        "precision": 0.5336137056350708,
        "recall": 0.5277777850627899,
        "f1": 0.5305259330808618
      },
      "average": {
        "accuracy": 0.8252990991870564,
        "precision": 0.8245851066708564,
        "recall": 0.8253043908874194,
        "f1": 0.8248749823054892
      }
    },
    "std": {
      "S2": {
        "accuracy": 0.060752675036880116,
        "precision": 0.05856142051253209,
        "recall": 0.057501482129128444,
        "f1": 0.05757017620810946
      },
      "S3": {
        "accuracy": 0.04802921183562807,
        "precision": 0.032156975323505324,
        "recall": 0.048029211835628055,
        "f1": 0.03931981264003126
      },
      "S4": {
        "accuracy": 0.019284243356585247,
        "precision": 0.023099805558947903,
        "recall": 0.019284243356585247,
        "f1": 0.01895870732024908
      },
      "S5": {
        "accuracy": 0.11914281197659939,
        "precision": 0.11708367708940601,
        "recall": 0.12285344408000823,
        "f1": 0.11986049093002868
      },
      "S6": {
        "accuracy": 0.06353172985191041,
        "precision": 0.06304655006998115,
        "recall": 0.060534276704526026,
        "f1": 0.06169837556772259
      },
      "S7": {
        "accuracy": 0.16498470642041937,
        "precision": 0.1664151782755034,
        "recall": 0.1655335592159436,
        "f1": 0.16578032977998317
      },
      "S8": {
        "accuracy": 0.04216369962242591,
        "precision": 0.04009586456441538,
        "recall": 0.04353953816926956,
        "f1": 0.03994741792077776
      },
      "S9": {
        "accuracy": 0.06353172985191041,
        "precision": 0.06353172985191041,
        "recall": 0.06353172985191041,
        "f1": 0.06353172985191041
      },
      "S10": {
        "accuracy": 0.008784108800166323,
        "precision": 0.008784108800166323,
        "recall": 0.008784108800166323,
        "f1": 0.008784108800166323
      },
      "S11": {
        "accuracy": 0.09355975290888635,
        "precision": 0.09241554281719214,
        "recall": 0.09277758207834375,
        "f1": 0.0925045947822432
      },
      "S13": {
        "accuracy": 0.0677889030877415,
        "precision": 0.06686862349447788,
        "recall": 0.0677889030877415,
        "f1": 0.06720297296542632
      },
      "S14": {
        "accuracy": 0.1557373177265497,
        "precision": 0.15799535685729846,
        "recall": 0.14724842762116094,
        "f1": 0.15241560378738697
      },
      "S15": {
        "accuracy": 0.03525820737409742,
        "precision": 0.03525820737409742,
        "recall": 0.03525820737409742,
        "f1": 0.03525820737409742
      },
      "S16": {
        "accuracy": 0.08072034827404183,
        "precision": 0.07894845728332396,
        "recall": 0.07148243440687677,
        "f1": 0.07490275708814031
      },
      "S17": {
        "accuracy": 0.06651216351743634,
        "precision": 0.06727843484105274,
        "recall": 0.07051641996584425,
        "f1": 0.06825222532670217
      },
      "average": {
        "accuracy": 0.026758003727834292,
        "precision": 0.025879229694803167,
        "recall": 0.025870788288849374,
        "f1": 0.025767844702167902
      }
    },
    "poor_ratio": 0.0
  }
}