{
  "real_subj_cnt": 15,
  "real_path": "stress_slurm/data/wesad_1hz.pickle",
  "sliding_windows": false,
  "syn_subj_cnt": 0,
  "gan_config": {
    "gan_mode": "noGAN",
    "type": null,
    "path": null,
    "eps": null
  },
  "privacy_config": {
    "l2_norm_clip": 1.0,
    "eps": 10,
    "num_unique_windows": 530,
    "delta": 0.001,
    "noise_multiplier": 1.5811807604553576
  },
  "train_config": {
    "nn_mode": "Transformer",
    "epochs": 110,
    "batch_size": 50,
    "learning_rate": 0.0001,
    "eval_mode": "LOSO",
    "random_seed": 42,
    "data_noise_parameter": null
  },
  "results": {
    "num_runs": 10,
    "mean": {
      "S2": {
        "accuracy": 0.8823529481887817,
        "precision": 0.8888888955116272,
        "recall": 0.7058823704719543,
        "f1": 0.7868852593891724
      },
      "S3": {
        "accuracy": 0.6764705777168274,
        "precision": 0.5714285969734192,
        "recall": 0.47058823704719543,
        "f1": 0.5161290437324236
      },
      "S4": {
        "accuracy": 0.800000011920929,
        "precision": 0.5098039507865906,
        "recall": 0.7428571581840515,
        "f1": 0.6046511884184382
      },
      "S5": {
        "accuracy": 0.9142857193946838,
        "precision": 0.875,
        "recall": 0.6000000238418579,
        "f1": 0.7118644235600549
      },
      "S6": {
        "accuracy": 0.6571428775787354,
        "precision": 0.7142857313156128,
        "recall": 0.4285714328289032,
        "f1": 0.5357142938300967
      },
      "S7": {
        "accuracy": 0.6571428775787354,
        "precision": 0.8571428656578064,
        "recall": 0.34285715222358704,
        "f1": 0.48979592931513877
      },
      "S8": {
        "accuracy": 0.8285714387893677,
        "precision": 0.8333333134651184,
        "recall": 0.8571428656578064,
        "f1": 0.8450704164576892
      },
      "S9": {
        "accuracy": 0.6000000238418579,
        "precision": 0.875,
        "recall": 0.6000000238418579,
        "f1": 0.7118644235600549
      },
      "S10": {
        "accuracy": 0.8333333134651184,
        "precision": 0.6129032373428345,
        "recall": 0.5277777910232544,
        "f1": 0.5671641916919589
      },
      "S11": {
        "accuracy": 0.6944444179534912,
        "precision": 0.6666666865348816,
        "recall": 0.6111111044883728,
        "f1": 0.6376811649037667
      },
      "S13": {
        "accuracy": 0.7222222089767456,
        "precision": 0.9599999785423279,
        "recall": 0.6666666865348816,
        "f1": 0.7868852525332762
      },
      "S14": {
        "accuracy": 0.3611111044883728,
        "precision": 0.3478260934352875,
        "recall": 0.2222222238779068,
        "f1": 0.27118644387993923
      },
      "S15": {
        "accuracy": 0.7222222089767456,
        "precision": 0.6153846383094788,
        "recall": 0.2222222238779068,
        "f1": 0.32653061725953275
      },
      "S16": {
        "accuracy": 0.6388888955116272,
        "precision": 0.5714285969734192,
        "recall": 0.3333333432674408,
        "f1": 0.42105264643883106
      },
      "S17": {
        "accuracy": 0.8333333134651184,
        "precision": 0.6976743936538696,
        "recall": 0.8333333134651184,
        "f1": 0.7594936478502798
      },
      "average": {
        "accuracy": 0.7214347958564759,
        "precision": 0.7064511319001515,
        "recall": 0.5443043967088064,
        "f1": 0.5981312628547102
      }
    },
    "std": {
      "S2": {
        "accuracy": 0.0,
        "precision": 0.0,
        "recall": 0.0,
        "f1": 0.0
      },
      "S3": {
        "accuracy": 0.0,
        "precision": 0.0,
        "recall": 0.0,
        "f1": 0.0
      },
      "S4": {
        "accuracy": 0.0,
        "precision": 0.0,
        "recall": 0.0,
        "f1": 0.0
      },
      "S5": {
        "accuracy": 0.0,
        "precision": 0.0,
        "recall": 0.0,
        "f1": 0.0
      },
      "S6": {
        "accuracy": 0.0,
        "precision": 0.0,
        "recall": 0.0,
        "f1": 0.0
      },
      "S7": {
        "accuracy": 0.0,
        "precision": 0.0,
        "recall": 0.0,
        "f1": 0.0
      },
      "S8": {
        "accuracy": 0.0,
        "precision": 0.0,
        "recall": 0.0,
        "f1": 0.0
      },
      "S9": {
        "accuracy": 0.0,
        "precision": 0.0,
        "recall": 0.0,
        "f1": 0.0
      },
      "S10": {
        "accuracy": 0.0,
        "precision": 0.0,
        "recall": 0.0,
        "f1": 0.0
      },
      "S11": {
        "accuracy": 0.0,
        "precision": 0.0,
        "recall": 0.0,
        "f1": 0.0
      },
      "S13": {
        "accuracy": 0.0,
        "precision": 0.0,
        "recall": 0.0,
        "f1": 0.0
      },
      "S14": {
        "accuracy": 0.0,
        "precision": 0.0,
        "recall": 0.0,
        "f1": 0.0
      },
      "S15": {
        "accuracy": 0.0,
        "precision": 0.0,
        "recall": 0.0,
        "f1": 0.0
      },
      "S16": {
        "accuracy": 0.0,
        "precision": 0.0,
        "recall": 0.0,
        "f1": 0.0
      },
      "S17": {
        "accuracy": 0.0,
        "precision": 0.0,
        "recall": 0.0,
        "f1": 0.0
      },
      "average": {
        "accuracy": 0.0,
        "precision": 0.0,
        "recall": 0.0,
        "f1": 0.0
      }
    },
    "poor_ratio": 0.0
  }
}