{
  "real_subj_cnt": 15,
  "real_path": "stress_slurm/data/wesad_1hz.pickle",
  "sliding_windows": false,
  "syn_subj_cnt": 0,
  "gan_config": {
    "gan_mode": "noGAN",
    "type": null,
    "path": null,
    "eps": null
  },
  "privacy_config": {
    "l2_norm_clip": 1.0,
    "eps": 0.1,
    "num_unique_windows": 530,
    "delta": 0.001,
    "noise_multiplier": 66.28937346300879
  },
  "train_config": {
    "nn_mode": "Transformer",
    "epochs": 110,
    "batch_size": 50,
    "learning_rate": 0.0001,
    "eval_mode": "LOSO",
    "random_seed": 42,
    "data_noise_parameter": null
  },
  "results": {
    "num_runs": 10,
    "mean": {
      "S2": {
        "accuracy": 0.8823529481887817,
        "precision": 0.8275862336158752,
        "recall": 0.7058823704719543,
        "f1": 0.7619047834399245
      },
      "S3": {
        "accuracy": 0.6764705777168274,
        "precision": 0.5185185074806213,
        "recall": 0.4117647111415863,
        "f1": 0.45901639238540526
      },
      "S4": {
        "accuracy": 0.7714285850524902,
        "precision": 0.5,
        "recall": 0.7428571581840515,
        "f1": 0.5977011543864349
      },
      "S5": {
        "accuracy": 0.8857142925262451,
        "precision": 0.807692289352417,
        "recall": 0.6000000238418579,
        "f1": 0.6885245991983384
      },
      "S6": {
        "accuracy": 0.7142857313156128,
        "precision": 0.75,
        "recall": 0.4285714328289032,
        "f1": 0.545454548902748
      },
      "S7": {
        "accuracy": 0.6285714507102966,
        "precision": 0.8461538553237915,
        "recall": 0.3142857253551483,
        "f1": 0.45833334644945956
      },
      "S8": {
        "accuracy": 0.8285714387893677,
        "precision": 0.7894737124443054,
        "recall": 0.8571428656578064,
        "f1": 0.8219178274349369
      },
      "S9": {
        "accuracy": 0.7142857313156128,
        "precision": 0.875,
        "recall": 0.6000000238418579,
        "f1": 0.7118644235600549
      },
      "S10": {
        "accuracy": 0.8055555820465088,
        "precision": 0.6363636255264282,
        "recall": 0.5833333134651184,
        "f1": 0.6086956363995268
      },
      "S11": {
        "accuracy": 0.6944444179534912,
        "precision": 0.6666666865348816,
        "recall": 0.6666666865348816,
        "f1": 0.6666666865348816
      },
      "S13": {
        "accuracy": 0.7222222089767456,
        "precision": 0.9599999785423279,
        "recall": 0.6666666865348816,
        "f1": 0.7868852525332762
      },
      "S14": {
        "accuracy": 0.2777777910232544,
        "precision": 0.23529411852359772,
        "recall": 0.1111111119389534,
        "f1": 0.1509433971706681
      },
      "S15": {
        "accuracy": 0.7222222089767456,
        "precision": 0.6428571343421936,
        "recall": 0.25,
        "f1": 0.35999999866485594
      },
      "S16": {
        "accuracy": 0.6388888955116272,
        "precision": 0.6666666865348816,
        "recall": 0.3333333432674408,
        "f1": 0.4444444576899211
      },
      "S17": {
        "accuracy": 0.8333333134651184,
        "precision": 0.6976743936538696,
        "recall": 0.8333333134651184,
        "f1": 0.7594936478502798
      },
      "average": {
        "accuracy": 0.719741678237915,
        "precision": 0.6946631481250127,
        "recall": 0.5403299177686374,
        "f1": 0.5881230768400474
      }
    },
    "std": {
      "S2": {
        "accuracy": 0.0,
        "precision": 0.0,
        "recall": 0.0,
        "f1": 0.0
      },
      "S3": {
        "accuracy": 0.0,
        "precision": 0.0,
        "recall": 0.0,
        "f1": 0.0
      },
      "S4": {
        "accuracy": 0.0,
        "precision": 0.0,
        "recall": 0.0,
        "f1": 0.0
      },
      "S5": {
        "accuracy": 0.0,
        "precision": 0.0,
        "recall": 0.0,
        "f1": 0.0
      },
      "S6": {
        "accuracy": 0.0,
        "precision": 0.0,
        "recall": 0.0,
        "f1": 0.0
      },
      "S7": {
        "accuracy": 0.0,
        "precision": 0.0,
        "recall": 0.0,
        "f1": 0.0
      },
      "S8": {
        "accuracy": 0.0,
        "precision": 0.0,
        "recall": 0.0,
        "f1": 0.0
      },
      "S9": {
        "accuracy": 0.0,
        "precision": 0.0,
        "recall": 0.0,
        "f1": 0.0
      },
      "S10": {
        "accuracy": 0.0,
        "precision": 0.0,
        "recall": 0.0,
        "f1": 0.0
      },
      "S11": {
        "accuracy": 0.0,
        "precision": 0.0,
        "recall": 0.0,
        "f1": 0.0
      },
      "S13": {
        "accuracy": 0.0,
        "precision": 0.0,
        "recall": 0.0,
        "f1": 0.0
      },
      "S14": {
        "accuracy": 0.0,
        "precision": 0.0,
        "recall": 0.0,
        "f1": 0.0
      },
      "S15": {
        "accuracy": 0.0,
        "precision": 0.0,
        "recall": 0.0,
        "f1": 0.0
      },
      "S16": {
        "accuracy": 0.0,
        "precision": 0.0,
        "recall": 0.0,
        "f1": 0.0
      },
      "S17": {
        "accuracy": 0.0,
        "precision": 0.0,
        "recall": 0.0,
        "f1": 0.0
      },
      "average": {
        "accuracy": 0.0,
        "precision": 0.0,
        "recall": 0.0,
        "f1": 0.0
      }
    },
    "poor_ratio": 0.0
  }
}