{
  "real_subj_cnt": 15,
  "real_path": "stress_slurm/data/wesad_1hz.pickle",
  "sliding_windows": false,
  "syn_subj_cnt": 0,
  "gan_config": {
    "gan_mode": "noGAN",
    "type": null,
    "path": null,
    "eps": null
  },
  "privacy_config": {
    "l2_norm_clip": 1.0,
    "eps": 10,
    "num_unique_windows": 530,
    "delta": 0.001,
    "noise_multiplier": 1.5811797605907918
  },
  "train_config": {
    "nn_mode": "Transformer",
    "epochs": 110,
    "batch_size": 50,
    "learning_rate": 0.0001,
    "eval_mode": "LOSO",
    "random_seed": 42
  },
  "results": {
    "num_runs": 10,
    "mean": {
      "S2": {
        "accuracy": 0.8264705836772919,
        "precision": 0.8252891540527344,
        "recall": 0.8294117510318756,
        "f1": 0.82701209572515
      },
      "S3": {
        "accuracy": 0.6617647051811218,
        "precision": 0.6592156887054443,
        "recall": 0.65,
        "f1": 0.6542985612406145
      },
      "S4": {
        "accuracy": 0.9600000023841858,
        "precision": 0.9572222232818604,
        "recall": 0.9600000023841858,
        "f1": 0.9585915509988997
      },
      "S5": {
        "accuracy": 0.8485714375972748,
        "precision": 0.8472268939018249,
        "recall": 0.842857152223587,
        "f1": 0.8450103583130059
      },
      "S6": {
        "accuracy": 0.9228571474552154,
        "precision": 0.9255462169647217,
        "recall": 0.9200000047683716,
        "f1": 0.9227329209681644
      },
      "S7": {
        "accuracy": 0.8114285796880722,
        "precision": 0.8096681147813797,
        "recall": 0.8085714370012284,
        "f1": 0.8090484149719757
      },
      "S8": {
        "accuracy": 0.9257142901420593,
        "precision": 0.9257142901420593,
        "recall": 0.9257142901420593,
        "f1": 0.9257142901420593
      },
      "S9": {
        "accuracy": 0.9314285755157471,
        "precision": 0.9314285755157471,
        "recall": 0.9314285755157471,
        "f1": 0.9314285755157471
      },
      "S10": {
        "accuracy": 0.9944444417953491,
        "precision": 0.9944444417953491,
        "recall": 0.9944444417953491,
        "f1": 0.9944444417953491
      },
      "S11": {
        "accuracy": 0.7111111044883728,
        "precision": 0.714899343252182,
        "recall": 0.7194444358348846,
        "f1": 0.7169164326733698
      },
      "S13": {
        "accuracy": 0.9166666626930237,
        "precision": 0.9242209792137146,
        "recall": 0.9166666626930237,
        "f1": 0.9202459082663126
      },
      "S14": {
        "accuracy": 0.3027777820825577,
        "precision": 0.3145920351147652,
        "recall": 0.31944444626569746,
        "f1": 0.3168895442576175
      },
      "S15": {
        "accuracy": 0.9194444417953491,
        "precision": 0.9244949460029602,
        "recall": 0.9138888835906982,
        "f1": 0.9190021728794833
      },
      "S16": {
        "accuracy": 0.8972222208976746,
        "precision": 0.8976608753204346,
        "recall": 0.9111111104488373,
        "f1": 0.9040779399234913
      },
      "S17": {
        "accuracy": 0.5416666686534881,
        "precision": 0.5404247879981995,
        "recall": 0.5472222238779068,
        "f1": 0.5435827254738379
      },
      "average": {
        "accuracy": 0.811437909603119,
        "precision": 0.8128032377362251,
        "recall": 0.8126803611715635,
        "f1": 0.8125997288763385
      }
    },
    "std": {
      "S2": {
        "accuracy": 0.06569359173500819,
        "precision": 0.07395725738485587,
        "recall": 0.07310334115379592,
        "f1": 0.07119924271369842
      },
      "S3": {
        "accuracy": 0.04438914567340308,
        "precision": 0.046847739222883614,
        "recall": 0.025752792500195514,
        "f1": 0.034165845770768026
      },
      "S4": {
        "accuracy": 0.024093542641386228,
        "precision": 0.02026686165044247,
        "recall": 0.024093542641386228,
        "f1": 0.021797717284834713
      },
      "S5": {
        "accuracy": 0.11590127253232674,
        "precision": 0.11697205085718458,
        "recall": 0.12065579718282914,
        "f1": 0.11876545451460851
      },
      "S6": {
        "accuracy": 0.048655386716845356,
        "precision": 0.05058670637140533,
        "recall": 0.04626650315274371,
        "f1": 0.04808948846737997
      },
      "S7": {
        "accuracy": 0.1867249637803604,
        "precision": 0.18451029312407793,
        "recall": 0.19002326783109816,
        "f1": 0.18719288608289486
      },
      "S8": {
        "accuracy": 0.03614031396207935,
        "precision": 0.03614031396207935,
        "recall": 0.03614031396207935,
        "f1": 0.03614031396207935
      },
      "S9": {
        "accuracy": 0.054210470943119024,
        "precision": 0.054210470943119024,
        "recall": 0.054210470943119024,
        "f1": 0.054210470943119024
      },
      "S10": {
        "accuracy": 0.011712145066888408,
        "precision": 0.011712145066888408,
        "recall": 0.011712145066888408,
        "f1": 0.011712145066888408
      },
      "S11": {
        "accuracy": 0.09728833982911408,
        "precision": 0.09931236772695726,
        "recall": 0.09483397741546162,
        "f1": 0.09616607870578861
      },
      "S13": {
        "accuracy": 0.050715050411710656,
        "precision": 0.04182513998009179,
        "recall": 0.05237828047814429,
        "f1": 0.045757411088098644
      },
      "S14": {
        "accuracy": 0.10833729118114933,
        "precision": 0.10000957930375363,
        "recall": 0.09993996782890975,
        "f1": 0.09982999875442156
      },
      "S15": {
        "accuracy": 0.08119689242863794,
        "precision": 0.08065405073988886,
        "recall": 0.0801340594633082,
        "f1": 0.079419120294653
      },
      "S16": {
        "accuracy": 0.0962695767346939,
        "precision": 0.09001436084858548,
        "recall": 0.07943558726221762,
        "f1": 0.08354180893966338
      },
      "S17": {
        "accuracy": 0.05892556041589874,
        "precision": 0.054798635033075443,
        "recall": 0.05246005409738015,
        "f1": 0.052458177474080124
      },
      "average": {
        "accuracy": 0.026289048783125442,
        "precision": 0.027235418018609653,
        "recall": 0.02825223342998412,
        "f1": 0.027640104017808198
      }
    },
    "poor_ratio": 0.0
  }
}