{
  "real_subj_cnt": 15,
  "real_path": "stress_slurm/data/wesad_1hz.pickle",
  "sliding_windows": false,
  "syn_subj_cnt": 0,
  "gan_config": {
    "gan_mode": "noGAN",
    "type": null,
    "path": null,
    "eps": null
  },
  "privacy_config": {
    "l2_norm_clip": 1.0,
    "eps": 1,
    "num_unique_windows": 530,
    "delta": 0.001,
    "noise_multiplier": 9.41174388226867
  },
  "train_config": {
    "nn_mode": "Transformer",
    "epochs": 110,
    "batch_size": 50,
    "learning_rate": 0.0001,
    "eval_mode": "LOSO",
    "random_seed": 42
  },
  "results": {
    "num_runs": 10,
    "mean": {
      "S2": {
        "accuracy": 0.8852941155433655,
        "precision": 0.8881461679935455,
        "recall": 0.8852941155433655,
        "f1": 0.8866988577763575
      },
      "S3": {
        "accuracy": 0.6558823525905609,
        "precision": 0.6541456639766693,
        "recall": 0.6558823525905609,
        "f1": 0.6549725823308883
      },
      "S4": {
        "accuracy": 0.954285717010498,
        "precision": 0.954285717010498,
        "recall": 0.954285717010498,
        "f1": 0.954285717010498
      },
      "S5": {
        "accuracy": 0.8542857229709625,
        "precision": 0.8542857229709625,
        "recall": 0.8542857229709625,
        "f1": 0.8542857229709625
      },
      "S6": {
        "accuracy": 0.9228571474552154,
        "precision": 0.927899158000946,
        "recall": 0.9228571474552154,
        "f1": 0.9253416164648479
      },
      "S7": {
        "accuracy": 0.6428571611642837,
        "precision": 0.6456735581159592,
        "recall": 0.6400000184774399,
        "f1": 0.6427633835136541
      },
      "S8": {
        "accuracy": 0.9228571474552154,
        "precision": 0.9230112075805664,
        "recall": 0.9228571474552154,
        "f1": 0.9228956385947997
      },
      "S9": {
        "accuracy": 0.9485714316368103,
        "precision": 0.9484873950481415,
        "recall": 0.9457142889499665,
        "f1": 0.9470807470498629
      },
      "S10": {
        "accuracy": 0.9749999880790711,
        "precision": 0.9749206244945526,
        "recall": 0.9722222089767456,
        "f1": 0.9735524137893666
      },
      "S11": {
        "accuracy": 0.6555555433034896,
        "precision": 0.6538917064666748,
        "recall": 0.6527777642011643,
        "f1": 0.6532497290851026
      },
      "S13": {
        "accuracy": 0.924999988079071,
        "precision": 0.9225975871086121,
        "recall": 0.9277777671813965,
        "f1": 0.9251521964595742
      },
      "S14": {
        "accuracy": 0.26666666865348815,
        "precision": 0.2659159153699875,
        "recall": 0.26666666865348815,
        "f1": 0.26628614984862364
      },
      "S15": {
        "accuracy": 0.9138888835906982,
        "precision": 0.9120914995670318,
        "recall": 0.9083333313465118,
        "f1": 0.9101587273636642
      },
      "S16": {
        "accuracy": 0.9055555582046508,
        "precision": 0.8956456482410431,
        "recall": 0.9027777791023255,
        "f1": 0.8991628634681351
      },
      "S17": {
        "accuracy": 0.49166666269302367,
        "precision": 0.49704221189022063,
        "recall": 0.48333333134651185,
        "f1": 0.4897948093116722
      },
      "average": {
        "accuracy": 0.7946816058953603,
        "precision": 0.7945359855890274,
        "recall": 0.7930043574174246,
        "f1": 0.793712077002534
      }
    },
    "std": {
      "S2": {
        "accuracy": 0.08484783282563838,
        "precision": 0.08737661729896312,
        "recall": 0.08484783282563838,
        "f1": 0.08598449205543957
      },
      "S3": {
        "accuracy": 0.024213895005836247,
        "precision": 0.02692316524982255,
        "recall": 0.024213895005836247,
        "f1": 0.025052059474239406
      },
      "S4": {
        "accuracy": 0.014754221391846175,
        "precision": 0.014754221391846175,
        "recall": 0.014754221391846175,
        "f1": 0.014754221391846175
      },
      "S5": {
        "accuracy": 0.129502791697451,
        "precision": 0.129502791697451,
        "recall": 0.129502791697451,
        "f1": 0.129502791697451
      },
      "S6": {
        "accuracy": 0.06466378737152037,
        "precision": 0.06046113347774365,
        "recall": 0.06466378737152037,
        "f1": 0.062399471006404805
      },
      "S7": {
        "accuracy": 0.142061270339937,
        "precision": 0.1470428256242115,
        "recall": 0.14581073229220948,
        "f1": 0.14623197190598966
      },
      "S8": {
        "accuracy": 0.0405181830824187,
        "precision": 0.042546506669367566,
        "recall": 0.0405181830824187,
        "f1": 0.04103380785074488
      },
      "S9": {
        "accuracy": 0.04818708528277246,
        "precision": 0.04814350719097257,
        "recall": 0.047523711262126477,
        "f1": 0.047628765316634354
      },
      "S10": {
        "accuracy": 0.02762303889423378,
        "precision": 0.02763304475517124,
        "recall": 0.02928036266722104,
        "f1": 0.028158882062662576
      },
      "S11": {
        "accuracy": 0.1201565068849012,
        "precision": 0.11526146217001669,
        "recall": 0.10975249281524371,
        "f1": 0.11234394996278456
      },
      "S13": {
        "accuracy": 0.04352836223253137,
        "precision": 0.04309458512040417,
        "recall": 0.04573736205988436,
        "f1": 0.04408059355328103
      },
      "S14": {
        "accuracy": 0.023424279138735477,
        "precision": 0.02314726811530616,
        "recall": 0.023424279138735477,
        "f1": 0.023254016066297623
      },
      "S15": {
        "accuracy": 0.10674283741215643,
        "precision": 0.11091817435545138,
        "recall": 0.12004942426003531,
        "f1": 0.11555172422479383
      },
      "S16": {
        "accuracy": 0.07878535435908364,
        "precision": 0.08169970797666352,
        "recall": 0.07883974495316182,
        "f1": 0.08009569022567613
      },
      "S17": {
        "accuracy": 0.07970495421457316,
        "precision": 0.067830365460265,
        "recall": 0.08198497866848718,
        "f1": 0.07433316646978655
      },
      "average": {
        "accuracy": 0.022717341674323988,
        "precision": 0.02227951339689348,
        "recall": 0.022943281984647446,
        "f1": 0.022558920371055537
      }
    },
    "poor_ratio": 0.0
  }
}