{
  "real_subj_cnt": 15,
  "real_path": "stress_slurm/data/wesad_1hz.pickle",
  "sliding_windows": false,
  "syn_subj_cnt": 0,
  "gan_config": {
    "gan_mode": "noGAN",
    "type": null,
    "path": null,
    "eps": null
  },
  "privacy_config": {
    "l2_norm_clip": 1.0,
    "eps": null,
    "num_unique_windows": null,
    "delta": null,
    "noise_multiplier": null
  },
  "train_config": {
    "nn_mode": "Transformer",
    "epochs": 110,
    "batch_size": 50,
    "learning_rate": 0.0001,
    "eval_mode": "LOSO",
    "random_seed": 42
  },
  "results": {
    "num_runs": 10,
    "mean": {
      "S2": {
        "accuracy": 0.8529411733150483,
        "precision": 0.8556149721145629,
        "recall": 0.8558823525905609,
        "f1": 0.8556440478104819
      },
      "S3": {
        "accuracy": 0.6500000059604645,
        "precision": 0.6522740125656128,
        "recall": 0.6500000059604645,
        "f1": 0.6510656527489757
      },
      "S4": {
        "accuracy": 0.9457142889499665,
        "precision": 0.9459523856639862,
        "recall": 0.9485714316368103,
        "f1": 0.9472434646764981
      },
      "S5": {
        "accuracy": 0.842857152223587,
        "precision": 0.8435628533363342,
        "recall": 0.8514285802841186,
        "f1": 0.8474033154598045
      },
      "S6": {
        "accuracy": 0.9000000059604645,
        "precision": 0.9000000059604645,
        "recall": 0.9000000059604645,
        "f1": 0.9000000059604645
      },
      "S7": {
        "accuracy": 0.8257142961025238,
        "precision": 0.8240476250648499,
        "recall": 0.8257142961025238,
        "f1": 0.8248692234329609
      },
      "S8": {
        "accuracy": 0.9114285767078399,
        "precision": 0.9141125619411469,
        "recall": 0.908571434020996,
        "f1": 0.9112605107722604
      },
      "S9": {
        "accuracy": 0.9228571474552154,
        "precision": 0.9228571474552154,
        "recall": 0.9228571474552154,
        "f1": 0.9228571474552154
      },
      "S10": {
        "accuracy": 0.977777773141861,
        "precision": 0.975375372171402,
        "recall": 0.9805555522441864,
        "f1": 0.9779299815234828
      },
      "S11": {
        "accuracy": 0.661111107468605,
        "precision": 0.6705040782690048,
        "recall": 0.6555555552244187,
        "f1": 0.6623863089678144
      },
      "S13": {
        "accuracy": 0.9305555522441864,
        "precision": 0.9305426836013794,
        "recall": 0.9305555522441864,
        "f1": 0.9305137496205497
      },
      "S14": {
        "accuracy": 0.38055555522441864,
        "precision": 0.3772951543331146,
        "recall": 0.37777777910232546,
        "f1": 0.3775221360204612
      },
      "S15": {
        "accuracy": 0.925,
        "precision": 0.9228004038333892,
        "recall": 0.925,
        "f1": 0.9236825406781021
      },
      "S16": {
        "accuracy": 0.9388888895511627,
        "precision": 0.9364864885807037,
        "recall": 0.9361111104488373,
        "f1": 0.936262782889546
      },
      "S17": {
        "accuracy": 0.4944444477558136,
        "precision": 0.4912739396095276,
        "recall": 0.4972222238779068,
        "f1": 0.4940996764720852
      },
      "average": {
        "accuracy": 0.8106563981374105,
        "precision": 0.8108466456333796,
        "recall": 0.8110535351435344,
        "f1": 0.8108493696325801
      }
    },
    "std": {
      "S2": {
        "accuracy": 0.08658588568543155,
        "precision": 0.08211259902048579,
        "recall": 0.08708398726726808,
        "f1": 0.08409708282753409
      },
      "S3": {
        "accuracy": 0.04030353036256013,
        "precision": 0.03449230154065144,
        "recall": 0.029247912840154097,
        "f1": 0.03115815511668214
      },
      "S4": {
        "accuracy": 0.021081849811212947,
        "precision": 0.02069739877505862,
        "recall": 0.01807015698103967,
        "f1": 0.01900075280884967
      },
      "S5": {
        "accuracy": 0.10454522424528605,
        "precision": 0.10494378133801589,
        "recall": 0.11252613034238189,
        "f1": 0.10832819453829219
      },
      "S6": {
        "accuracy": 0.04517539245259918,
        "precision": 0.04517539245259918,
        "recall": 0.04517539245259918,
        "f1": 0.04517539245259918
      },
      "S7": {
        "accuracy": 0.12229846408181075,
        "precision": 0.12578025766725237,
        "recall": 0.12229846408181075,
        "f1": 0.12404810957706926
      },
      "S8": {
        "accuracy": 0.04557518247971832,
        "precision": 0.048338265909546464,
        "recall": 0.04426266417553852,
        "f1": 0.04544933203016678
      },
      "S9": {
        "accuracy": 0.05722216377329229,
        "precision": 0.05722216377329229,
        "recall": 0.05722216377329229,
        "f1": 0.05722216377329229
      },
      "S10": {
        "accuracy": 0.028688765099969153,
        "precision": 0.03493443446220386,
        "recall": 0.029426385915779726,
        "f1": 0.03187021896945618
      },
      "S11": {
        "accuracy": 0.1078216760529575,
        "precision": 0.11486298183647015,
        "recall": 0.10573409024827052,
        "f1": 0.10786573674075013
      },
      "S13": {
        "accuracy": 0.06708969938907575,
        "precision": 0.06581147848683568,
        "recall": 0.06708969938907575,
        "f1": 0.06619053276044128
      },
      "S14": {
        "accuracy": 0.08077343488243782,
        "precision": 0.08151737459027383,
        "recall": 0.08405040683996806,
        "f1": 0.08275289912166031
      },
      "S15": {
        "accuracy": 0.08981958158514959,
        "precision": 0.0888855162849652,
        "recall": 0.08981958158514959,
        "f1": 0.08819817440447707
      },
      "S16": {
        "accuracy": 0.08364140395037614,
        "precision": 0.08556011435452728,
        "recall": 0.08182796444664651,
        "f1": 0.0834910855298743
      },
      "S17": {
        "accuracy": 0.08958064267457473,
        "precision": 0.08500795390450146,
        "recall": 0.09114611109265815,
        "f1": 0.08764813717057236
      },
      "average": {
        "accuracy": 0.021071501920523192,
        "precision": 0.022212267984184547,
        "recall": 0.020800025328010778,
        "f1": 0.021341167135336642
      }
    },
    "poor_ratio": 0.0
  }
}