{
  "real_subj_cnt": 15,
  "real_path": "stress_slurm/data/wesad_1hz.pickle",
  "sliding_windows": false,
  "syn_subj_cnt": 10,
  "gan_config": {
    "gan_mode": "CGAN",
    "path": "stress_slurm/data/100_subj_cGAN.csv",
    "eps": null
  },
  "privacy_config": {
    "l2_norm_clip": 1.0,
    "eps": null,
    "num_unique_windows": null,
    "delta": null,
    "noise_multiplier": null
  },
  "train_config": {
    "nn_mode": "CNN-LSTM",
    "epochs": 20,
    "batch_size": 50,
    "learning_rate": 0.001,
    "eval_mode": "LOSO",
    "random_seed": 42
  },
  "results": {
    "num_runs": 10,
    "mean": {
      "S2": {
        "accuracy": 0.9411764740943909,
        "precision": 0.9411764740943909,
        "recall": 0.9411764740943909,
        "f1": 0.9411764740943909
      },
      "S3": {
        "accuracy": 0.8264705836772919,
        "precision": 0.8240047454833984,
        "recall": 0.8235294044017791,
        "f1": 0.823671132339895
      },
      "S4": {
        "accuracy": 0.9514285743236541,
        "precision": 0.9514285743236541,
        "recall": 0.9514285743236541,
        "f1": 0.9514285743236541
      },
      "S5": {
        "accuracy": 0.9971428573131561,
        "precision": 0.9971428573131561,
        "recall": 0.9971428573131561,
        "f1": 0.9971428573131561
      },
      "S6": {
        "accuracy": 0.9714285731315613,
        "precision": 0.9714285731315613,
        "recall": 0.9714285731315613,
        "f1": 0.9714285731315613
      },
      "S7": {
        "accuracy": 0.9057142913341523,
        "precision": 0.9057142913341523,
        "recall": 0.9057142913341523,
        "f1": 0.9057142913341523
      },
      "S8": {
        "accuracy": 0.9485714316368103,
        "precision": 0.9513445377349854,
        "recall": 0.9485714316368103,
        "f1": 0.9499378897367068
      },
      "S9": {
        "accuracy": 0.9685714304447174,
        "precision": 0.9685714304447174,
        "recall": 0.9685714304447174,
        "f1": 0.9685714304447174
      },
      "S10": {
        "accuracy": 0.9527777671813965,
        "precision": 0.9557764828205109,
        "recall": 0.955555546283722,
        "f1": 0.9556300425616507
      },
      "S11": {
        "accuracy": 0.772222226858139,
        "precision": 0.7710961043834687,
        "recall": 0.7750000059604645,
        "f1": 0.7730213161357282
      },
      "S13": {
        "accuracy": 1.0,
        "precision": 1.0,
        "recall": 1.0,
        "f1": 1.0
      },
      "S14": {
        "accuracy": 0.6916666626930237,
        "precision": 0.6889210641384125,
        "recall": 0.6888888835906982,
        "f1": 0.688877631559805
      },
      "S15": {
        "accuracy": 0.9972222208976745,
        "precision": 0.9972222208976745,
        "recall": 0.9972222208976745,
        "f1": 0.9972222208976745
      },
      "S16": {
        "accuracy": 0.9583333253860473,
        "precision": 0.9582539618015289,
        "recall": 0.955555546283722,
        "f1": 0.9568857510963429
      },
      "S17": {
        "accuracy": 0.5861111104488372,
        "precision": 0.5845765560865402,
        "recall": 0.577777773141861,
        "f1": 0.5810564911260554
      },
      "average": {
        "accuracy": 0.8979225019613901,
        "precision": 0.8977771915992101,
        "recall": 0.8971708675225576,
        "f1": 0.8974509784063661
      }
    },
    "std": {
      "S2": {
        "accuracy": 0.0,
        "precision": 0.0,
        "recall": 0.0,
        "f1": 0.0
      },
      "S3": {
        "accuracy": 0.06855737388381312,
        "precision": 0.06693284111803398,
        "recall": 0.06353666666099139,
        "f1": 0.06473417236883552
      },
      "S4": {
        "accuracy": 0.08416590391774262,
        "precision": 0.08416590391774262,
        "recall": 0.08416590391774262,
        "f1": 0.08416590391774262
      },
      "S5": {
        "accuracy": 0.009035078490519832,
        "precision": 0.009035078490519832,
        "recall": 0.009035078490519832,
        "f1": 0.009035078490519832
      },
      "S6": {
        "accuracy": 0.0,
        "precision": 0.0,
        "recall": 0.0,
        "f1": 0.0
      },
      "S7": {
        "accuracy": 0.013801310364224832,
        "precision": 0.013801310364224832,
        "recall": 0.013801310364224832,
        "f1": 0.013801310364224832
      },
      "S8": {
        "accuracy": 0.01204677132069311,
        "precision": 0.013667912422101596,
        "recall": 0.01204677132069311,
        "f1": 0.012101443252252054
      },
      "S9": {
        "accuracy": 0.009035078490519832,
        "precision": 0.009035078490519832,
        "recall": 0.009035078490519832,
        "f1": 0.009035078490519832
      },
      "S10": {
        "accuracy": 0.04151205824515907,
        "precision": 0.041262095888724114,
        "recall": 0.037497141331862466,
        "f1": 0.03897285349603892
      },
      "S11": {
        "accuracy": 0.09053264331923402,
        "precision": 0.09120751285968373,
        "recall": 0.0882791589976727,
        "f1": 0.08968098742778424
      },
      "S13": {
        "accuracy": 0.0,
        "precision": 0.0,
        "recall": 0.0,
        "f1": 0.0
      },
      "S14": {
        "accuracy": 0.057749861953142696,
        "precision": 0.05647631704010597,
        "recall": 0.05677669019808173,
        "f1": 0.056425951516814794
      },
      "S15": {
        "accuracy": 0.008784108800166317,
        "precision": 0.008784108800166317,
        "recall": 0.008784108800166317,
        "f1": 0.008784108800166317
      },
      "S16": {
        "accuracy": 0.052785903569732666,
        "precision": 0.05276329319748404,
        "recall": 0.052704632556160466,
        "f1": 0.05256070896725611
      },
      "S17": {
        "accuracy": 0.07573372134249627,
        "precision": 0.07011882030369529,
        "recall": 0.06651216130472927,
        "f1": 0.06776402710818288
      },
      "average": {
        "accuracy": 0.011349653016416167,
        "precision": 0.01139849195255568,
        "recall": 0.010827795152058504,
        "f1": 0.011074642563329486
      }
    },
    "poor_ratio": 0.0
  }
}