{
  "real_subj_cnt": 15,
  "real_path": "stress_slurm/data/wesad_1hz.pickle",
  "sliding_windows": false,
  "syn_subj_cnt": 30,
  "gan_config": {
    "gan_mode": "CGAN",
    "path": "stress_slurm/data/100_subj_cGAN.csv",
    "eps": null
  },
  "privacy_config": {
    "l2_norm_clip": 1.0,
    "eps": null,
    "num_unique_windows": null,
    "delta": null,
    "noise_multiplier": null
  },
  "train_config": {
    "nn_mode": "CNN-LSTM",
    "epochs": 20,
    "batch_size": 50,
    "learning_rate": 0.001,
    "eval_mode": "LOSO",
    "random_seed": 42
  },
  "results": {
    "num_runs": 10,
    "mean": {
      "S2": {
        "accuracy": 0.9529411673545838,
        "precision": 0.9529411673545838,
        "recall": 0.9529411673545838,
        "f1": 0.9529411673545838
      },
      "S3": {
        "accuracy": 0.7852941155433655,
        "precision": 0.7893048107624054,
        "recall": 0.7823529362678527,
        "f1": 0.7857769938334773
      },
      "S4": {
        "accuracy": 1.0,
        "precision": 1.0,
        "recall": 1.0,
        "f1": 1.0
      },
      "S5": {
        "accuracy": 0.9828571438789367,
        "precision": 0.9828571438789367,
        "recall": 0.9828571438789367,
        "f1": 0.9828571438789367
      },
      "S6": {
        "accuracy": 0.9800000011920929,
        "precision": 0.9800000011920929,
        "recall": 0.9800000011920929,
        "f1": 0.9800000011920929
      },
      "S7": {
        "accuracy": 0.9228571474552154,
        "precision": 0.9228571474552154,
        "recall": 0.9228571474552154,
        "f1": 0.9228571474552154
      },
      "S8": {
        "accuracy": 0.9714285731315613,
        "precision": 0.9715079367160797,
        "recall": 0.9742857158184052,
        "f1": 0.9728772644331191
      },
      "S9": {
        "accuracy": 0.9771428585052491,
        "precision": 0.9771428585052491,
        "recall": 0.9771428585052491,
        "f1": 0.9771428585052491
      },
      "S10": {
        "accuracy": 0.9777777671813965,
        "precision": 0.9805555462837219,
        "recall": 0.9777777671813965,
        "f1": 0.9791470948984358
      },
      "S11": {
        "accuracy": 0.8500000059604644,
        "precision": 0.8505255281925201,
        "recall": 0.8527777791023254,
        "f1": 0.8516362272802762
      },
      "S13": {
        "accuracy": 1.0,
        "precision": 1.0,
        "recall": 1.0,
        "f1": 1.0
      },
      "S14": {
        "accuracy": 0.702777761220932,
        "precision": 0.7034534394741059,
        "recall": 0.7055555403232574,
        "f1": 0.704490091956608
      },
      "S15": {
        "accuracy": 1.0,
        "precision": 1.0,
        "recall": 1.0,
        "f1": 1.0
      },
      "S16": {
        "accuracy": 0.9611110985279083,
        "precision": 0.9611110985279083,
        "recall": 0.9611110985279083,
        "f1": 0.9611110985279083
      },
      "S17": {
        "accuracy": 0.7861111104488373,
        "precision": 0.7847953200340271,
        "recall": 0.7888888895511628,
        "f1": 0.7867867862551294
      },
      "average": {
        "accuracy": 0.9233532500267028,
        "precision": 0.9238034665584565,
        "recall": 0.9239032030105591,
        "f1": 0.9238415917047356
      }
    },
    "std": {
      "S2": {
        "accuracy": 0.015188153689988538,
        "precision": 0.015188153689988538,
        "recall": 0.015188153689988538,
        "f1": 0.015188153689988538
      },
      "S3": {
        "accuracy": 0.05197003406074046,
        "precision": 0.04901006428264054,
        "recall": 0.0503734611837913,
        "f1": 0.04939014046561569
      },
      "S4": {
        "accuracy": 0.0,
        "precision": 0.0,
        "recall": 0.0,
        "f1": 0.0
      },
      "S5": {
        "accuracy": 0.014754221391846175,
        "precision": 0.014754221391846175,
        "recall": 0.014754221391846175,
        "f1": 0.014754221391846175
      },
      "S6": {
        "accuracy": 0.01380131036422483,
        "precision": 0.01380131036422483,
        "recall": 0.01380131036422483,
        "f1": 0.01380131036422483
      },
      "S7": {
        "accuracy": 0.01380131036422483,
        "precision": 0.01380131036422483,
        "recall": 0.01380131036422483,
        "f1": 0.01380131036422483
      },
      "S8": {
        "accuracy": 0.023328472350306783,
        "precision": 0.02332982228788947,
        "recall": 0.02501699953089663,
        "f1": 0.023774033883022835
      },
      "S9": {
        "accuracy": 0.01204677132069311,
        "precision": 0.01204677132069311,
        "recall": 0.01204677132069311,
        "f1": 0.01204677132069311
      },
      "S10": {
        "accuracy": 0.02552602837932751,
        "precision": 0.02635232640049894,
        "recall": 0.02552602837932751,
        "f1": 0.025562148193577407
      },
      "S11": {
        "accuracy": 0.04382281395444818,
        "precision": 0.043258494572738004,
        "recall": 0.04151206356308461,
        "f1": 0.04225646925560224
      },
      "S13": {
        "accuracy": 0.0,
        "precision": 0.0,
        "recall": 0.0,
        "f1": 0.0
      },
      "S14": {
        "accuracy": 0.02942638591577973,
        "precision": 0.03068195124159885,
        "recall": 0.03513642263490562,
        "f1": 0.032786003787705326
      },
      "S15": {
        "accuracy": 0.0,
        "precision": 0.0,
        "recall": 0.0,
        "f1": 0.0
      },
      "S16": {
        "accuracy": 0.01942238018366392,
        "precision": 0.01942238018366392,
        "recall": 0.01942238018366392,
        "f1": 0.01942238018366392
      },
      "S17": {
        "accuracy": 0.06007824417963326,
        "precision": 0.061092524793424745,
        "recall": 0.05885276370434599,
        "f1": 0.05966355591664263
      },
      "average": {
        "accuracy": 0.007884957216478508,
        "precision": 0.0076688244604627715,
        "recall": 0.0076970325224372665,
        "f1": 0.007674127086821628
      }
    },
    "poor_ratio": 0.0
  }
}