{
  "real_subj_cnt": 15,
  "real_path": "stress_slurm/data/wesad_1hz.pickle",
  "sliding_windows": false,
  "syn_subj_cnt": 15,
  "gan_config": {
    "gan_mode": "CGAN",
    "path": "stress_slurm/data/100_subj_cGAN.csv",
    "eps": null
  },
  "privacy_config": {
    "l2_norm_clip": 1.0,
    "eps": null,
    "num_unique_windows": null,
    "delta": null,
    "noise_multiplier": null
  },
  "train_config": {
    "nn_mode": "CNN-LSTM",
    "epochs": 20,
    "batch_size": 50,
    "learning_rate": 0.001,
    "eval_mode": "LOSO",
    "random_seed": 42
  },
  "results": {
    "num_runs": 10,
    "mean": {
      "S2": {
        "accuracy": 0.9411764681339264,
        "precision": 0.9414285719394684,
        "recall": 0.944117647409439,
        "f1": 0.9427536236215754
      },
      "S3": {
        "accuracy": 0.7941176474094391,
        "precision": 0.7935828864574432,
        "recall": 0.7911764681339264,
        "f1": 0.7923617189406924
      },
      "S4": {
        "accuracy": 0.9942857146263122,
        "precision": 0.9942857146263122,
        "recall": 0.9942857146263122,
        "f1": 0.9942857146263122
      },
      "S5": {
        "accuracy": 0.9742857158184052,
        "precision": 0.9741176486015319,
        "recall": 0.9714285731315613,
        "f1": 0.9727536248136683
      },
      "S6": {
        "accuracy": 0.9857142865657806,
        "precision": 0.9857142865657806,
        "recall": 0.9857142865657806,
        "f1": 0.9857142865657806
      },
      "S7": {
        "accuracy": 0.908571434020996,
        "precision": 0.908571434020996,
        "recall": 0.908571434020996,
        "f1": 0.908571434020996
      },
      "S8": {
        "accuracy": 0.9771428585052491,
        "precision": 0.9771428585052491,
        "recall": 0.9771428585052491,
        "f1": 0.9771428585052491
      },
      "S9": {
        "accuracy": 0.9885714292526245,
        "precision": 0.9885714292526245,
        "recall": 0.9885714292526245,
        "f1": 0.9885714292526245
      },
      "S10": {
        "accuracy": 0.9361111104488373,
        "precision": 0.9361111104488373,
        "recall": 0.9361111104488373,
        "f1": 0.9361111104488373
      },
      "S11": {
        "accuracy": 0.8638888895511627,
        "precision": 0.864114111661911,
        "recall": 0.8666666626930237,
        "f1": 0.8653729039612934
      },
      "S13": {
        "accuracy": 0.9972222208976745,
        "precision": 0.9972222208976745,
        "recall": 0.9972222208976745,
        "f1": 0.9972222208976745
      },
      "S14": {
        "accuracy": 0.6722222208976746,
        "precision": 0.6687095046043396,
        "recall": 0.6777777791023254,
        "f1": 0.6731591215723374
      },
      "S15": {
        "accuracy": 1.0,
        "precision": 1.0,
        "recall": 1.0,
        "f1": 1.0
      },
      "S16": {
        "accuracy": 0.9472222208976746,
        "precision": 0.9498412668704986,
        "recall": 0.9472222208976746,
        "f1": 0.9485132999101864
      },
      "S17": {
        "accuracy": 0.6305555582046509,
        "precision": 0.6269905626773834,
        "recall": 0.625,
        "f1": 0.6259604049353296
      },
      "average": {
        "accuracy": 0.9074058516820273,
        "precision": 0.90709357380867,
        "recall": 0.9074005603790283,
        "f1": 0.9072329168048372
      }
    },
    "std": {
      "S2": {
        "accuracy": 0.013864838020391937,
        "precision": 0.013281261661955916,
        "recall": 0.009300806668860353,
        "f1": 0.01067828601513881
      },
      "S3": {
        "accuracy": 0.041594518744144514,
        "precision": 0.041206940847663805,
        "recall": 0.04030354002853153,
        "f1": 0.04057302344132356
      },
      "S4": {
        "accuracy": 0.012046771320693114,
        "precision": 0.012046771320693114,
        "recall": 0.012046771320693114,
        "f1": 0.012046771320693114
      },
      "S5": {
        "accuracy": 0.016218462238948454,
        "precision": 0.01658490308791526,
        "recall": 0.023328472350306786,
        "f1": 0.019837205467743455
      },
      "S6": {
        "accuracy": 0.015058464150866395,
        "precision": 0.015058464150866395,
        "recall": 0.015058464150866395,
        "f1": 0.015058464150866395
      },
      "S7": {
        "accuracy": 0.03512207202958177,
        "precision": 0.03512207202958177,
        "recall": 0.03512207202958177,
        "f1": 0.03512207202958177
      },
      "S8": {
        "accuracy": 0.02253744544942393,
        "precision": 0.02253744544942393,
        "recall": 0.02253744544942393,
        "f1": 0.02253744544942393
      },
      "S9": {
        "accuracy": 0.014754221391846173,
        "precision": 0.014754221391846173,
        "recall": 0.014754221391846173,
        "f1": 0.014754221391846173
      },
      "S10": {
        "accuracy": 0.03715258797773265,
        "precision": 0.03715258797773265,
        "recall": 0.03715258797773265,
        "f1": 0.03715258797773265
      },
      "S11": {
        "accuracy": 0.06734480381287895,
        "precision": 0.06754439132240538,
        "recall": 0.07027283375119171,
        "f1": 0.06878514901067342
      },
      "S13": {
        "accuracy": 0.008784108800166307,
        "precision": 0.008784108800166307,
        "recall": 0.008784108800166307,
        "f1": 0.008784108800166307
      },
      "S14": {
        "accuracy": 0.059720430982521264,
        "precision": 0.053259510147535084,
        "recall": 0.05270462697137773,
        "f1": 0.05264257567340928
      },
      "S15": {
        "accuracy": 0.0,
        "precision": 0.0,
        "recall": 0.0,
        "f1": 0.0
      },
      "S16": {
        "accuracy": 0.04802333706994839,
        "precision": 0.04687215153810136,
        "recall": 0.04802333706994839,
        "f1": 0.047278366674711844
      },
      "S17": {
        "accuracy": 0.06935178862627922,
        "precision": 0.07110761720037842,
        "recall": 0.06959859316955389,
        "f1": 0.07021503271663714
      },
      "average": {
        "accuracy": 0.007201378582906002,
        "precision": 0.007021917012125412,
        "recall": 0.00797322396831008,
        "f1": 0.007469411843085388
      }
    },
    "poor_ratio": 0.0
  }
}