{
  "real_subj_cnt": 15,
  "real_path": "stress_slurm/data/wesad_1hz.pickle",
  "sliding_windows": false,
  "syn_subj_cnt": 1,
  "gan_config": {
    "gan_mode": "CGAN",
    "path": "stress_slurm/data/100_subj_cGAN.csv",
    "eps": null
  },
  "privacy_config": {
    "l2_norm_clip": 1.0,
    "eps": null,
    "num_unique_windows": null,
    "delta": null,
    "noise_multiplier": null
  },
  "train_config": {
    "nn_mode": "CNN-LSTM",
    "epochs": 20,
    "batch_size": 50,
    "learning_rate": 0.001,
    "eval_mode": "LOSO",
    "random_seed": 42,
    "data_noise_parameter": null
  },
  "results": {
    "num_runs": 10,
    "mean": {
      "S2": {
        "accuracy": 0.9176470458507537,
        "precision": 0.9176470458507537,
        "recall": 0.9176470458507537,
        "f1": 0.9176470458507537
      },
      "S3": {
        "accuracy": 0.714705890417099,
        "precision": 0.7096129417419433,
        "recall": 0.7117647111415863,
        "f1": 0.7106430816399133
      },
      "S4": {
        "accuracy": 0.9257142901420593,
        "precision": 0.9258309960365295,
        "recall": 0.9257142901420593,
        "f1": 0.9257434468670047
      },
      "S5": {
        "accuracy": 0.9057142913341523,
        "precision": 0.9082352995872498,
        "recall": 0.9057142913341523,
        "f1": 0.9069565272862059
      },
      "S6": {
        "accuracy": 0.9114285767078399,
        "precision": 0.9114285767078399,
        "recall": 0.9114285767078399,
        "f1": 0.9114285767078399
      },
      "S7": {
        "accuracy": 0.8200000107288361,
        "precision": 0.8235316872596741,
        "recall": 0.8257142961025238,
        "f1": 0.824537619461619
      },
      "S8": {
        "accuracy": 0.908571434020996,
        "precision": 0.908571434020996,
        "recall": 0.908571434020996,
        "f1": 0.908571434020996
      },
      "S9": {
        "accuracy": 0.9714285731315613,
        "precision": 0.9714285731315613,
        "recall": 0.9714285731315613,
        "f1": 0.9714285731315613
      },
      "S10": {
        "accuracy": 1.0,
        "precision": 1.0,
        "recall": 1.0,
        "f1": 1.0
      },
      "S11": {
        "accuracy": 0.7805555462837219,
        "precision": 0.7779367506504059,
        "recall": 0.7861111104488373,
        "f1": 0.7818122572355415
      },
      "S13": {
        "accuracy": 0.9250000059604645,
        "precision": 0.9250000059604645,
        "recall": 0.9250000059604645,
        "f1": 0.9250000059604645
      },
      "S14": {
        "accuracy": 0.6222222208976745,
        "precision": 0.6194873511791229,
        "recall": 0.6194444417953491,
        "f1": 0.6194165775881323
      },
      "S15": {
        "accuracy": 0.9944444417953491,
        "precision": 0.9944444417953491,
        "recall": 0.9944444417953491,
        "f1": 0.9944444417953491
      },
      "S16": {
        "accuracy": 1.0,
        "precision": 1.0,
        "recall": 1.0,
        "f1": 1.0
      },
      "S17": {
        "accuracy": 0.49166666269302367,
        "precision": 0.49166666269302367,
        "recall": 0.49166666269302367,
        "f1": 0.49166666269302367
      },
      "average": {
        "accuracy": 0.8592732659975688,
        "precision": 0.8589881177743276,
        "recall": 0.8596433254082998,
        "f1": 0.8592864166825602
      }
    },
    "std": {
      "S2": {
        "accuracy": 0.0186016384692509,
        "precision": 0.0186016384692509,
        "recall": 0.0186016384692509,
        "f1": 0.0186016384692509
      },
      "S3": {
        "accuracy": 0.03681369039513672,
        "precision": 0.03532345483025446,
        "recall": 0.03872238726906492,
        "f1": 0.036584522473975166
      },
      "S4": {
        "accuracy": 0.11364901334161946,
        "precision": 0.11301603881941592,
        "recall": 0.11284809417733759,
        "f1": 0.11288996889326852
      },
      "S5": {
        "accuracy": 0.08629432849511819,
        "precision": 0.08507735977006875,
        "recall": 0.08629432849511819,
        "f1": 0.0856040888586708
      },
      "S6": {
        "accuracy": 0.06794688730904765,
        "precision": 0.06794688730904765,
        "recall": 0.06794688730904765,
        "f1": 0.06794688730904765
      },
      "S7": {
        "accuracy": 0.09139879923037873,
        "precision": 0.09393025955940773,
        "recall": 0.09375027785833118,
        "f1": 0.09336086770005418
      },
      "S8": {
        "accuracy": 0.022537445449423935,
        "precision": 0.022537445449423935,
        "recall": 0.022537445449423935,
        "f1": 0.022537445449423935
      },
      "S9": {
        "accuracy": 0.0,
        "precision": 0.0,
        "recall": 0.0,
        "f1": 0.0
      },
      "S10": {
        "accuracy": 0.0,
        "precision": 0.0,
        "recall": 0.0,
        "f1": 0.0
      },
      "S11": {
        "accuracy": 0.06860604376019111,
        "precision": 0.07043085332069139,
        "recall": 0.06935178836101592,
        "f1": 0.06861204079079045
      },
      "S13": {
        "accuracy": 0.04730384984976327,
        "precision": 0.04730384984976327,
        "recall": 0.04730384984976327,
        "f1": 0.04730384984976327
      },
      "S14": {
        "accuracy": 0.05737752314625309,
        "precision": 0.05798676659280317,
        "recall": 0.058633846034913034,
        "f1": 0.05798812048627642
      },
      "S15": {
        "accuracy": 0.011712145066888412,
        "precision": 0.011712145066888412,
        "recall": 0.011712145066888412,
        "f1": 0.011712145066888412
      },
      "S16": {
        "accuracy": 0.0,
        "precision": 0.0,
        "recall": 0.0,
        "f1": 0.0
      },
      "S17": {
        "accuracy": 0.03939267577853286,
        "precision": 0.03939267577853286,
        "recall": 0.03939267577853286,
        "f1": 0.03939267577853286
      },
      "average": {
        "accuracy": 0.012887261038114097,
        "precision": 0.012542249126225919,
        "recall": 0.011724835216459567,
        "f1": 0.012073609231929502
      }
    },
    "poor_ratio": 0.0
  }
}