{
  "real_subj_cnt": 15,
  "real_path": "stress_slurm/data/wesad_1hz.pickle",
  "sliding_windows": false,
  "syn_subj_cnt": 50,
  "gan_config": {
    "gan_mode": "CGAN",
    "path": "stress_slurm/data/100_subj_cGAN.csv",
    "eps": null
  },
  "privacy_config": {
    "l2_norm_clip": 1.0,
    "eps": null,
    "num_unique_windows": null,
    "delta": null,
    "noise_multiplier": null
  },
  "train_config": {
    "nn_mode": "CNN-LSTM",
    "epochs": 20,
    "batch_size": 50,
    "learning_rate": 0.001,
    "eval_mode": "LOSO",
    "random_seed": 42
  },
  "results": {
    "num_runs": 10,
    "mean": {
      "S2": {
        "accuracy": 0.9499999940395355,
        "precision": 0.9499999940395355,
        "recall": 0.9499999940395355,
        "f1": 0.9499999940395355
      },
      "S3": {
        "accuracy": 0.7676470577716827,
        "precision": 0.7676470577716827,
        "recall": 0.7676470577716827,
        "f1": 0.7676470577716827
      },
      "S4": {
        "accuracy": 0.9942857146263122,
        "precision": 0.9942857146263122,
        "recall": 0.9914285719394684,
        "f1": 0.992836439351629
      },
      "S5": {
        "accuracy": 0.9600000023841858,
        "precision": 0.9600000023841858,
        "recall": 0.9600000023841858,
        "f1": 0.9600000023841858
      },
      "S6": {
        "accuracy": 0.9800000011920929,
        "precision": 0.9800000011920929,
        "recall": 0.9800000011920929,
        "f1": 0.9800000011920929
      },
      "S7": {
        "accuracy": 0.9285714328289032,
        "precision": 0.9285714328289032,
        "recall": 0.9285714328289032,
        "f1": 0.9285714328289032
      },
      "S8": {
        "accuracy": 0.9800000011920929,
        "precision": 0.9800000011920929,
        "recall": 0.9800000011920929,
        "f1": 0.9800000011920929
      },
      "S9": {
        "accuracy": 0.9800000011920929,
        "precision": 0.9800000011920929,
        "recall": 0.9800000011920929,
        "f1": 0.9800000011920929
      },
      "S10": {
        "accuracy": 0.9638888835906982,
        "precision": 0.9638888835906982,
        "recall": 0.9638888835906982,
        "f1": 0.9638888835906982
      },
      "S11": {
        "accuracy": 0.9138888955116272,
        "precision": 0.9090840876102447,
        "recall": 0.9138888955116272,
        "f1": 0.9114535818965244
      },
      "S13": {
        "accuracy": 0.9944444417953491,
        "precision": 0.9944444417953491,
        "recall": 0.9944444417953491,
        "f1": 0.9944444417953491
      },
      "S14": {
        "accuracy": 0.705555534362793,
        "precision": 0.705555534362793,
        "recall": 0.705555534362793,
        "f1": 0.705555534362793
      },
      "S15": {
        "accuracy": 1.0,
        "precision": 1.0,
        "recall": 1.0,
        "f1": 1.0
      },
      "S16": {
        "accuracy": 0.9555555403232574,
        "precision": 0.9555555403232574,
        "recall": 0.9555555403232574,
        "f1": 0.9555555403232574
      },
      "S17": {
        "accuracy": 0.850000011920929,
        "precision": 0.8496031880378723,
        "recall": 0.8472222328186035,
        "f1": 0.8483959431178606
      },
      "average": {
        "accuracy": 0.9282558341821036,
        "precision": 0.9279090587298076,
        "recall": 0.9278801727294923,
        "f1": 0.9278899236692466
      }
    },
    "std": {
      "S2": {
        "accuracy": 0.014207216861400883,
        "precision": 0.014207216861400883,
        "recall": 0.014207216861400883,
        "f1": 0.014207216861400883
      },
      "S3": {
        "accuracy": 0.035212320039945226,
        "precision": 0.035212320039945226,
        "recall": 0.035212320039945226,
        "f1": 0.035212320039945226
      },
      "S4": {
        "accuracy": 0.012046771320693114,
        "precision": 0.012046771320693114,
        "recall": 0.013801310364224833,
        "f1": 0.012154225315360846
      },
      "S5": {
        "accuracy": 0.019977310202976627,
        "precision": 0.019977310202976627,
        "recall": 0.019977310202976627,
        "f1": 0.019977310202976627
      },
      "S6": {
        "accuracy": 0.013801310364224833,
        "precision": 0.013801310364224833,
        "recall": 0.013801310364224833,
        "f1": 0.013801310364224833
      },
      "S7": {
        "accuracy": 0.020203049686848547,
        "precision": 0.020203049686848547,
        "recall": 0.020203049686848547,
        "f1": 0.020203049686848547
      },
      "S8": {
        "accuracy": 0.01928424335658525,
        "precision": 0.01928424335658525,
        "recall": 0.01928424335658525,
        "f1": 0.01928424335658525
      },
      "S9": {
        "accuracy": 0.013801310364224826,
        "precision": 0.013801310364224826,
        "recall": 0.013801310364224826,
        "f1": 0.013801310364224826
      },
      "S10": {
        "accuracy": 0.03220837951413241,
        "precision": 0.03220837951413241,
        "recall": 0.03220837951413241,
        "f1": 0.03220837951413241
      },
      "S11": {
        "accuracy": 0.030569576836481097,
        "precision": 0.03598464622123777,
        "recall": 0.030569576836481097,
        "f1": 0.03303766877901228
      },
      "S13": {
        "accuracy": 0.011712145066888412,
        "precision": 0.011712145066888412,
        "recall": 0.011712145066888412,
        "f1": 0.011712145066888412
      },
      "S14": {
        "accuracy": 0.026835895659659895,
        "precision": 0.026835895659659895,
        "recall": 0.026835895659659895,
        "f1": 0.026835895659659895
      },
      "S15": {
        "accuracy": 0.0,
        "precision": 0.0,
        "recall": 0.0,
        "f1": 0.0
      },
      "S16": {
        "accuracy": 0.019422382078025283,
        "precision": 0.019422382078025283,
        "recall": 0.019422382078025283,
        "f1": 0.019422382078025283
      },
      "S17": {
        "accuracy": 0.041820694717010255,
        "precision": 0.041722261376129756,
        "recall": 0.04192307300478629,
        "f1": 0.041654463180445
      },
      "average": {
        "accuracy": 0.006100272622890683,
        "precision": 0.006160308040108459,
        "recall": 0.005546725707697474,
        "f1": 0.005831325820525307
      }
    },
    "poor_ratio": 0.0
  }
}