{
  "real_subj_cnt": 15,
  "real_path": "stress_slurm/data/wesad_1hz.pickle",
  "sliding_windows": false,
  "syn_subj_cnt": 5,
  "gan_config": {
    "gan_mode": "CGAN",
    "path": "stress_slurm/data/100_subj_cGAN.csv",
    "eps": null
  },
  "privacy_config": {
    "l2_norm_clip": 1.0,
    "eps": null,
    "num_unique_windows": null,
    "delta": null,
    "noise_multiplier": null
  },
  "train_config": {
    "nn_mode": "CNN-LSTM",
    "epochs": 20,
    "batch_size": 50,
    "learning_rate": 0.001,
    "eval_mode": "LOSO",
    "random_seed": 42,
    "data_noise_parameter": null
  },
  "results": {
    "num_runs": 10,
    "mean": {
      "S2": {
        "accuracy": 0.93529412150383,
        "precision": 0.93529412150383,
        "recall": 0.93529412150383,
        "f1": 0.93529412150383
      },
      "S3": {
        "accuracy": 0.7117647051811218,
        "precision": 0.7100713014602661,
        "recall": 0.7058823525905609,
        "f1": 0.7079455662089696
      },
      "S4": {
        "accuracy": 1.0,
        "precision": 1.0,
        "recall": 1.0,
        "f1": 1.0
      },
      "S5": {
        "accuracy": 1.0,
        "precision": 1.0,
        "recall": 1.0,
        "f1": 1.0
      },
      "S6": {
        "accuracy": 0.9714285731315613,
        "precision": 0.9714285731315613,
        "recall": 0.9714285731315613,
        "f1": 0.9714285731315613
      },
      "S7": {
        "accuracy": 0.9171428620815277,
        "precision": 0.9171428620815277,
        "recall": 0.9171428620815277,
        "f1": 0.9171428620815277
      },
      "S8": {
        "accuracy": 0.9828571438789367,
        "precision": 0.9828571438789367,
        "recall": 0.9828571438789367,
        "f1": 0.9828571438789367
      },
      "S9": {
        "accuracy": 0.9742857158184052,
        "precision": 0.9742857158184052,
        "recall": 0.9742857158184052,
        "f1": 0.9742857158184052
      },
      "S10": {
        "accuracy": 0.949999988079071,
        "precision": 0.949999988079071,
        "recall": 0.949999988079071,
        "f1": 0.949999988079071
      },
      "S11": {
        "accuracy": 0.7777777850627899,
        "precision": 0.7724359035491943,
        "recall": 0.7861111164093018,
        "f1": 0.7790000057411194
      },
      "S13": {
        "accuracy": 0.9749999940395355,
        "precision": 0.9749999940395355,
        "recall": 0.9749999940395355,
        "f1": 0.9749999940395355
      },
      "S14": {
        "accuracy": 0.6444444477558136,
        "precision": 0.648011589050293,
        "recall": 0.6500000059604645,
        "f1": 0.6489436679794474
      },
      "S15": {
        "accuracy": 0.9972222208976745,
        "precision": 0.9972222208976745,
        "recall": 0.9972222208976745,
        "f1": 0.9972222208976745
      },
      "S16": {
        "accuracy": 0.9694444417953492,
        "precision": 0.9721385657787323,
        "recall": 0.9694444417953492,
        "f1": 0.9707349863388887
      },
      "S17": {
        "accuracy": 0.6361111134290696,
        "precision": 0.6397899150848388,
        "recall": 0.6305555552244186,
        "f1": 0.6350804823239772
      },
      "average": {
        "accuracy": 0.896184874176979,
        "precision": 0.8963785262902577,
        "recall": 0.8963482727607092,
        "f1": 0.8963290218681962
      }
    },
    "std": {
      "S2": {
        "accuracy": 0.01860163218636437,
        "precision": 0.01860163218636437,
        "recall": 0.01860163218636437,
        "f1": 0.01860163218636437
      },
      "S3": {
        "accuracy": 0.05682892708571876,
        "precision": 0.056674728765531666,
        "recall": 0.05716619504750491,
        "f1": 0.05675308995349251
      },
      "S4": {
        "accuracy": 0.0,
        "precision": 0.0,
        "recall": 0.0,
        "f1": 0.0
      },
      "S5": {
        "accuracy": 0.0,
        "precision": 0.0,
        "recall": 0.0,
        "f1": 0.0
      },
      "S6": {
        "accuracy": 0.0,
        "precision": 0.0,
        "recall": 0.0,
        "f1": 0.0
      },
      "S7": {
        "accuracy": 0.01621846223894846,
        "precision": 0.01621846223894846,
        "recall": 0.01621846223894846,
        "f1": 0.01621846223894846
      },
      "S8": {
        "accuracy": 0.014754221391846173,
        "precision": 0.014754221391846173,
        "recall": 0.014754221391846173,
        "f1": 0.014754221391846173
      },
      "S9": {
        "accuracy": 0.009035078490519842,
        "precision": 0.009035078490519842,
        "recall": 0.009035078490519842,
        "f1": 0.009035078490519842
      },
      "S10": {
        "accuracy": 0.025526011082632364,
        "precision": 0.025526011082632364,
        "recall": 0.025526011082632364,
        "f1": 0.025526011082632364
      },
      "S11": {
        "accuracy": 0.07407406717538935,
        "precision": 0.0663598216277793,
        "recall": 0.08182796017508272,
        "f1": 0.07277649816512581
      },
      "S13": {
        "accuracy": 0.0332560875670776,
        "precision": 0.0332560875670776,
        "recall": 0.0332560875670776,
        "f1": 0.0332560875670776
      },
      "S14": {
        "accuracy": 0.08050764630488125,
        "precision": 0.0744177617488902,
        "recall": 0.07768953967824369,
        "f1": 0.07577538198383321
      },
      "S15": {
        "accuracy": 0.008784108800166309,
        "precision": 0.008784108800166309,
        "recall": 0.008784108800166309,
        "f1": 0.008784108800166309
      },
      "S16": {
        "accuracy": 0.04802334319913282,
        "precision": 0.04547247992729409,
        "recall": 0.04802334319913282,
        "f1": 0.04613686801490923
      },
      "S17": {
        "accuracy": 0.11222436801649661,
        "precision": 0.11426409952386378,
        "recall": 0.11114969024378946,
        "f1": 0.1124918624695697
      },
      "average": {
        "accuracy": 0.011251260796399707,
        "precision": 0.011531911718473824,
        "recall": 0.011428157177099775,
        "f1": 0.011409907092475862
      }
    },
    "poor_ratio": 0.0
  }
}