{
  "real_subj_cnt": 15,
  "real_path": "stress_slurm/data/wesad_1hz.pickle",
  "sliding_windows": false,
  "syn_subj_cnt": 10,
  "gan_config": {
    "gan_mode": "CGAN",
    "path": "stress_slurm/data/100_subj_cGAN.csv",
    "eps": null
  },
  "privacy_config": {
    "l2_norm_clip": 1.0,
    "eps": null,
    "num_unique_windows": null,
    "delta": null,
    "noise_multiplier": null
  },
  "train_config": {
    "nn_mode": "CNN-LSTM",
    "epochs": 20,
    "batch_size": 50,
    "learning_rate": 0.001,
    "eval_mode": "LOSO",
    "random_seed": 42,
    "data_noise_parameter": null
  },
  "results": {
    "num_runs": 10,
    "mean": {
      "S2": {
        "accuracy": 0.9411764740943909,
        "precision": 0.9411764740943909,
        "recall": 0.9411764740943909,
        "f1": 0.9411764740943909
      },
      "S3": {
        "accuracy": 0.8470588147640228,
        "precision": 0.8494485199451447,
        "recall": 0.8441176354885102,
        "f1": 0.8467023067073717
      },
      "S4": {
        "accuracy": 0.954285717010498,
        "precision": 0.954285717010498,
        "recall": 0.954285717010498,
        "f1": 0.954285717010498
      },
      "S5": {
        "accuracy": 0.9885714292526245,
        "precision": 0.9887301564216614,
        "recall": 0.9914285719394684,
        "f1": 0.9900603612342824
      },
      "S6": {
        "accuracy": 0.9742857158184052,
        "precision": 0.9742857158184052,
        "recall": 0.9742857158184052,
        "f1": 0.9742857158184052
      },
      "S7": {
        "accuracy": 0.8942857205867767,
        "precision": 0.8942857205867767,
        "recall": 0.8942857205867767,
        "f1": 0.8942857205867767
      },
      "S8": {
        "accuracy": 0.9457142889499665,
        "precision": 0.9457142889499665,
        "recall": 0.9457142889499665,
        "f1": 0.9457142889499665
      },
      "S9": {
        "accuracy": 0.9628571450710297,
        "precision": 0.9631746053695679,
        "recall": 0.9657142877578735,
        "f1": 0.9644265614776615
      },
      "S10": {
        "accuracy": 0.9638888835906982,
        "precision": 0.9637301564216614,
        "recall": 0.9611111104488372,
        "f1": 0.9624021894613491
      },
      "S11": {
        "accuracy": 0.7888888835906982,
        "precision": 0.7866366326808929,
        "recall": 0.7888888835906982,
        "f1": 0.787747331768649
      },
      "S13": {
        "accuracy": 1.0,
        "precision": 1.0,
        "recall": 1.0,
        "f1": 1.0
      },
      "S14": {
        "accuracy": 0.6888888835906982,
        "precision": 0.6888888835906982,
        "recall": 0.6888888835906982,
        "f1": 0.6888888835906982
      },
      "S15": {
        "accuracy": 0.9944444417953491,
        "precision": 0.9944444417953491,
        "recall": 0.9944444417953491,
        "f1": 0.9944444417953491
      },
      "S16": {
        "accuracy": 0.9333333313465119,
        "precision": 0.9333333313465119,
        "recall": 0.9333333313465119,
        "f1": 0.9333333313465119
      },
      "S17": {
        "accuracy": 0.6277777791023255,
        "precision": 0.6315873086452484,
        "recall": 0.6277777791023255,
        "f1": 0.6296557161607479
      },
      "average": {
        "accuracy": 0.9003638339042663,
        "precision": 0.9006481301784515,
        "recall": 0.9003635227680207,
        "f1": 0.9004939360001772
      }
    },
    "std": {
      "S2": {
        "accuracy": 0.0,
        "precision": 0.0,
        "recall": 0.0,
        "f1": 0.0
      },
      "S3": {
        "accuracy": 0.07568728954509021,
        "precision": 0.07728583730761282,
        "recall": 0.07472877841485075,
        "f1": 0.0755107631395633
      },
      "S4": {
        "accuracy": 0.08645184793590775,
        "precision": 0.08645184793590775,
        "recall": 0.08645184793590775,
        "f1": 0.08645184793590775
      },
      "S5": {
        "accuracy": 0.019977310202976627,
        "precision": 0.019576010887254743,
        "recall": 0.013801310364224838,
        "f1": 0.016431845123355122
      },
      "S6": {
        "accuracy": 0.009035078490519837,
        "precision": 0.009035078490519837,
        "recall": 0.009035078490519837,
        "f1": 0.009035078490519837
      },
      "S7": {
        "accuracy": 0.013801310364224837,
        "precision": 0.013801310364224837,
        "recall": 0.013801310364224837,
        "f1": 0.013801310364224837
      },
      "S8": {
        "accuracy": 0.025016999530896627,
        "precision": 0.025016999530896627,
        "recall": 0.025016999530896627,
        "f1": 0.025016999530896627
      },
      "S9": {
        "accuracy": 0.02710523547155951,
        "precision": 0.026101337861501747,
        "recall": 0.01807015698103967,
        "f1": 0.022142305029365875
      },
      "S10": {
        "accuracy": 0.03476848628443842,
        "precision": 0.03487059177167037,
        "recall": 0.03749713642575637,
        "f1": 0.035988750640390164
      },
      "S11": {
        "accuracy": 0.07986615498289948,
        "precision": 0.07878378381355487,
        "recall": 0.07986615498289948,
        "f1": 0.07923943649073928
      },
      "S13": {
        "accuracy": 0.0,
        "precision": 0.0,
        "recall": 0.0,
        "f1": 0.0
      },
      "S14": {
        "accuracy": 0.06521043796162694,
        "precision": 0.06521043796162694,
        "recall": 0.06521043796162694,
        "f1": 0.06521043796162694
      },
      "S15": {
        "accuracy": 0.017568217600332618,
        "precision": 0.017568217600332618,
        "recall": 0.017568217600332618,
        "f1": 0.017568217600332618
      },
      "S16": {
        "accuracy": 0.05270462487708329,
        "precision": 0.05270462487708329,
        "recall": 0.05270462487708329,
        "f1": 0.05270462487708329
      },
      "S17": {
        "accuracy": 0.06029192026829404,
        "precision": 0.06378547441822835,
        "recall": 0.06029192026829404,
        "f1": 0.06190748594897624
      },
      "average": {
        "accuracy": 0.006350623075715184,
        "precision": 0.006495640344316013,
        "recall": 0.00595597317676545,
        "f1": 0.0061759514453940964
      }
    },
    "poor_ratio": 0.0
  }
}