{
  "real_subj_cnt": 15,
  "real_path": "stress_slurm/data/wesad_1hz.pickle",
  "sliding_windows": false,
  "syn_subj_cnt": 50,
  "gan_config": {
    "gan_mode": "CGAN",
    "path": "stress_slurm/data/100_subj_cGAN.csv",
    "eps": null
  },
  "privacy_config": {
    "l2_norm_clip": 1.0,
    "eps": null,
    "num_unique_windows": null,
    "delta": null,
    "noise_multiplier": null
  },
  "train_config": {
    "nn_mode": "CNN-LSTM",
    "epochs": 20,
    "batch_size": 50,
    "learning_rate": 0.001,
    "eval_mode": "LOSO",
    "random_seed": 42,
    "data_noise_parameter": null
  },
  "results": {
    "num_runs": 10,
    "mean": {
      "S2": {
        "accuracy": 0.955882340669632,
        "precision": 0.955882340669632,
        "recall": 0.955882340669632,
        "f1": 0.955882340669632
      },
      "S3": {
        "accuracy": 0.7676470637321472,
        "precision": 0.7707257509231568,
        "recall": 0.7705882370471955,
        "f1": 0.770622594316142
      },
      "S4": {
        "accuracy": 0.9828571438789367,
        "precision": 0.9856302499771118,
        "recall": 0.9828571438789367,
        "f1": 0.9842236019788333
      },
      "S5": {
        "accuracy": 0.9685714304447174,
        "precision": 0.9685714304447174,
        "recall": 0.9685714304447174,
        "f1": 0.9685714304447174
      },
      "S6": {
        "accuracy": 0.9714285731315613,
        "precision": 0.9714285731315613,
        "recall": 0.9714285731315613,
        "f1": 0.9714285731315613
      },
      "S7": {
        "accuracy": 0.9200000047683716,
        "precision": 0.9200000047683716,
        "recall": 0.9200000047683716,
        "f1": 0.9200000047683716
      },
      "S8": {
        "accuracy": 0.9857142865657806,
        "precision": 0.9857142865657806,
        "recall": 0.9857142865657806,
        "f1": 0.9857142865657806
      },
      "S9": {
        "accuracy": 0.9857142865657806,
        "precision": 0.9857142865657806,
        "recall": 0.9857142865657806,
        "f1": 0.9857142865657806
      },
      "S10": {
        "accuracy": 0.9666666507720947,
        "precision": 0.9666666507720947,
        "recall": 0.9666666507720947,
        "f1": 0.9666666507720947
      },
      "S11": {
        "accuracy": 0.8861110985279084,
        "precision": 0.8835585474967956,
        "recall": 0.8861110985279084,
        "f1": 0.884817339796178
      },
      "S13": {
        "accuracy": 0.9944444417953491,
        "precision": 0.9944444417953491,
        "recall": 0.9944444417953491,
        "f1": 0.9944444417953491
      },
      "S14": {
        "accuracy": 0.7083333194255829,
        "precision": 0.7062312185764312,
        "recall": 0.7083333194255829,
        "f1": 0.7072678710589335
      },
      "S15": {
        "accuracy": 1.0,
        "precision": 1.0,
        "recall": 1.0,
        "f1": 1.0
      },
      "S16": {
        "accuracy": 0.9611110925674439,
        "precision": 0.9611110925674439,
        "recall": 0.9611110925674439,
        "f1": 0.9611110925674439
      },
      "S17": {
        "accuracy": 0.8250000059604645,
        "precision": 0.8250000059604645,
        "recall": 0.8250000059604645,
        "f1": 0.8250000059604645
      },
      "average": {
        "accuracy": 0.9252987825870514,
        "precision": 0.9253785920143127,
        "recall": 0.9254948608080547,
        "f1": 0.9254309680260855
      }
    },
    "std": {
      "S2": {
        "accuracy": 0.015501344448100583,
        "precision": 0.015501344448100583,
        "recall": 0.015501344448100583,
        "f1": 0.015501344448100583
      },
      "S3": {
        "accuracy": 0.037843636022413814,
        "precision": 0.0403501388990285,
        "recall": 0.038722377208402436,
        "f1": 0.039134946474637375
      },
      "S4": {
        "accuracy": 0.030713361020002057,
        "precision": 0.027815704454803962,
        "recall": 0.030713361020002057,
        "f1": 0.028991717568289183
      },
      "S5": {
        "accuracy": 0.009035078490519842,
        "precision": 0.009035078490519842,
        "recall": 0.009035078490519842,
        "f1": 0.009035078490519842
      },
      "S6": {
        "accuracy": 0.0,
        "precision": 0.0,
        "recall": 0.0,
        "f1": 0.0
      },
      "S7": {
        "accuracy": 0.026255329391422645,
        "precision": 0.026255329391422645,
        "recall": 0.026255329391422645,
        "f1": 0.026255329391422645
      },
      "S8": {
        "accuracy": 0.015058464150866395,
        "precision": 0.015058464150866395,
        "recall": 0.015058464150866395,
        "f1": 0.015058464150866395
      },
      "S9": {
        "accuracy": 0.015058464150866395,
        "precision": 0.015058464150866395,
        "recall": 0.015058464150866395,
        "f1": 0.015058464150866395
      },
      "S10": {
        "accuracy": 0.021911417052245506,
        "precision": 0.021911417052245506,
        "recall": 0.021911417052245506,
        "f1": 0.021911417052245506
      },
      "S11": {
        "accuracy": 0.0620439366965883,
        "precision": 0.059864171944412334,
        "recall": 0.0620439366965883,
        "f1": 0.06081511960138109
      },
      "S13": {
        "accuracy": 0.017568217600332618,
        "precision": 0.017568217600332618,
        "recall": 0.017568217600332618,
        "f1": 0.017568217600332618
      },
      "S14": {
        "accuracy": 0.030003434268853692,
        "precision": 0.024899717703090005,
        "recall": 0.030003434268853692,
        "f1": 0.027333802545925955
      },
      "S15": {
        "accuracy": 0.0,
        "precision": 0.0,
        "recall": 0.0,
        "f1": 0.0
      },
      "S16": {
        "accuracy": 0.01434438960366589,
        "precision": 0.01434438960366589,
        "recall": 0.01434438960366589,
        "f1": 0.01434438960366589
      },
      "S17": {
        "accuracy": 0.0415120498251132,
        "precision": 0.0415120498251132,
        "recall": 0.0415120498251132,
        "f1": 0.0415120498251132
      },
      "average": {
        "accuracy": 0.007669669857543016,
        "precision": 0.006843845567984378,
        "recall": 0.007881663814028845,
        "f1": 0.007341817083631285
      }
    },
    "poor_ratio": 0.0
  }
}