{
  "real_subj_cnt": 15,
  "real_path": "stress_slurm/data/wesad_1hz.pickle",
  "sliding_windows": false,
  "syn_subj_cnt": 10,
  "gan_config": {
    "gan_mode": "CGAN",
    "path": "stress_slurm/data/100_subj_cGAN.csv",
    "eps": null
  },
  "privacy_config": {
    "l2_norm_clip": 1.0,
    "eps": null,
    "num_unique_windows": null,
    "delta": null,
    "noise_multiplier": null
  },
  "train_config": {
    "nn_mode": "CNN-LSTM",
    "epochs": 20,
    "batch_size": 50,
    "learning_rate": 0.001,
    "eval_mode": "LOSO",
    "random_seed": 42,
    "data_noise_parameter": null
  },
  "results": {
    "num_runs": 10,
    "mean": {
      "S2": {
        "accuracy": 0.9411764740943909,
        "precision": 0.9411764740943909,
        "recall": 0.9411764740943909,
        "f1": 0.9411764740943909
      },
      "S3": {
        "accuracy": 0.8264705836772919,
        "precision": 0.8289661288261414,
        "recall": 0.8264705836772919,
        "f1": 0.8276997327698341
      },
      "S4": {
        "accuracy": 0.954285717010498,
        "precision": 0.951587301492691,
        "recall": 0.954285717010498,
        "f1": 0.952917506305312
      },
      "S5": {
        "accuracy": 0.9914285719394684,
        "precision": 0.9914285719394684,
        "recall": 0.9914285719394684,
        "f1": 0.9914285719394684
      },
      "S6": {
        "accuracy": 0.9685714304447174,
        "precision": 0.9685714304447174,
        "recall": 0.9685714304447174,
        "f1": 0.9685714304447174
      },
      "S7": {
        "accuracy": 0.8942857205867767,
        "precision": 0.8942857205867767,
        "recall": 0.8942857205867767,
        "f1": 0.8942857205867767
      },
      "S8": {
        "accuracy": 0.9457142889499665,
        "precision": 0.9457142889499665,
        "recall": 0.9457142889499665,
        "f1": 0.9457142889499665
      },
      "S9": {
        "accuracy": 0.9742857158184052,
        "precision": 0.9742857158184052,
        "recall": 0.9742857158184052,
        "f1": 0.9742857158184052
      },
      "S10": {
        "accuracy": 0.9666666567325592,
        "precision": 0.9666666567325592,
        "recall": 0.9666666567325592,
        "f1": 0.9666666567325592
      },
      "S11": {
        "accuracy": 0.7972222149372101,
        "precision": 0.7954590320587158,
        "recall": 0.7916666686534881,
        "f1": 0.7935017274852031
      },
      "S13": {
        "accuracy": 1.0,
        "precision": 1.0,
        "recall": 1.0,
        "f1": 1.0
      },
      "S14": {
        "accuracy": 0.6499999940395356,
        "precision": 0.6560179889202118,
        "recall": 0.6499999940395356,
        "f1": 0.6529108083187165
      },
      "S15": {
        "accuracy": 0.9972222208976745,
        "precision": 0.9972222208976745,
        "recall": 0.9972222208976745,
        "f1": 0.9972222208976745
      },
      "S16": {
        "accuracy": 0.922222226858139,
        "precision": 0.9248412728309632,
        "recall": 0.922222226858139,
        "f1": 0.923513305870651
      },
      "S17": {
        "accuracy": 0.5777777701616287,
        "precision": 0.5777777701616287,
        "recall": 0.5777777701616287,
        "f1": 0.5777777701616287
      },
      "average": {
        "accuracy": 0.8938219724098841,
        "precision": 0.8942667049169539,
        "recall": 0.8934516026576359,
        "f1": 0.8938447953583536
      }
    },
    "std": {
      "S2": {
        "accuracy": 0.0,
        "precision": 0.0,
        "recall": 0.0,
        "f1": 0.0
      },
      "S3": {
        "accuracy": 0.04030353036256013,
        "precision": 0.040869809720468706,
        "recall": 0.04030353036256013,
        "f1": 0.04039119980371549
      },
      "S4": {
        "accuracy": 0.047044145901582485,
        "precision": 0.04672439781498761,
        "recall": 0.047044145901582485,
        "f1": 0.04668778597744226
      },
      "S5": {
        "accuracy": 0.01928424335658525,
        "precision": 0.01928424335658525,
        "recall": 0.01928424335658525,
        "f1": 0.01928424335658525
      },
      "S6": {
        "accuracy": 0.009035078490519837,
        "precision": 0.009035078490519837,
        "recall": 0.009035078490519837,
        "f1": 0.009035078490519837
      },
      "S7": {
        "accuracy": 0.013801310364224832,
        "precision": 0.013801310364224832,
        "recall": 0.013801310364224832,
        "f1": 0.013801310364224832
      },
      "S8": {
        "accuracy": 0.02501699953089663,
        "precision": 0.02501699953089663,
        "recall": 0.02501699953089663,
        "f1": 0.02501699953089663
      },
      "S9": {
        "accuracy": 0.009035078490519832,
        "precision": 0.009035078490519832,
        "recall": 0.009035078490519832,
        "f1": 0.009035078490519832
      },
      "S10": {
        "accuracy": 0.03153590521481889,
        "precision": 0.03153590521481889,
        "recall": 0.03153590521481889,
        "f1": 0.03153590521481889
      },
      "S11": {
        "accuracy": 0.06683364160599904,
        "precision": 0.0691248659206418,
        "recall": 0.0777447023561702,
        "f1": 0.07322582676316204
      },
      "S13": {
        "accuracy": 0.0,
        "precision": 0.0,
        "recall": 0.0,
        "f1": 0.0
      },
      "S14": {
        "accuracy": 0.07075915516816551,
        "precision": 0.07196432240426867,
        "recall": 0.06702577582757407,
        "f1": 0.06897535162516101
      },
      "S15": {
        "accuracy": 0.008784108800166323,
        "precision": 0.008784108800166323,
        "recall": 0.008784108800166323,
        "f1": 0.008784108800166323
      },
      "S16": {
        "accuracy": 0.058267150022784674,
        "precision": 0.058577478416280644,
        "recall": 0.058267150022784674,
        "f1": 0.058273410905640144
      },
      "S17": {
        "accuracy": 0.07943559212560813,
        "precision": 0.07943559212560813,
        "recall": 0.07943559212560813,
        "f1": 0.07943559212560813
      },
      "average": {
        "accuracy": 0.01156172037752145,
        "precision": 0.011439707803838978,
        "recall": 0.010571301682354997,
        "f1": 0.010966313069911459
      }
    },
    "poor_ratio": 0.0
  }
}