{
  "real_subj_cnt": 15,
  "real_path": "stress_slurm/data/wesad_1hz.pickle",
  "sliding_windows": false,
  "syn_subj_cnt": 15,
  "gan_config": {
    "gan_mode": "CGAN",
    "path": "stress_slurm/data/100_subj_cGAN.csv",
    "eps": null
  },
  "privacy_config": {
    "l2_norm_clip": 1.0,
    "eps": null,
    "num_unique_windows": null,
    "delta": null,
    "noise_multiplier": null
  },
  "train_config": {
    "nn_mode": "CNN-LSTM",
    "epochs": 20,
    "batch_size": 50,
    "learning_rate": 0.001,
    "eval_mode": "LOSO",
    "random_seed": 42,
    "data_noise_parameter": null
  },
  "results": {
    "num_runs": 10,
    "mean": {
      "S2": {
        "accuracy": 0.944117647409439,
        "precision": 0.944117647409439,
        "recall": 0.944117647409439,
        "f1": 0.944117647409439
      },
      "S3": {
        "accuracy": 0.8147058725357056,
        "precision": 0.8123529314994812,
        "recall": 0.8147058725357056,
        "f1": 0.8135123517214813
      },
      "S4": {
        "accuracy": 0.9971428573131561,
        "precision": 0.9971428573131561,
        "recall": 0.9971428573131561,
        "f1": 0.9971428573131561
      },
      "S5": {
        "accuracy": 0.9857142865657806,
        "precision": 0.9857936501502991,
        "recall": 0.9885714292526245,
        "f1": 0.9871629778673384
      },
      "S6": {
        "accuracy": 0.9800000011920929,
        "precision": 0.9800793647766113,
        "recall": 0.9828571438789367,
        "f1": 0.9814486924936506
      },
      "S7": {
        "accuracy": 0.9171428620815277,
        "precision": 0.914603179693222,
        "recall": 0.9171428620815277,
        "f1": 0.9158551358013156
      },
      "S8": {
        "accuracy": 0.9685714304447174,
        "precision": 0.9685714304447174,
        "recall": 0.9685714304447174,
        "f1": 0.9685714304447174
      },
      "S9": {
        "accuracy": 0.9828571438789367,
        "precision": 0.9828571438789367,
        "recall": 0.9828571438789367,
        "f1": 0.9828571438789367
      },
      "S10": {
        "accuracy": 0.9388888895511627,
        "precision": 0.9388888895511627,
        "recall": 0.9388888895511627,
        "f1": 0.9388888895511627
      },
      "S11": {
        "accuracy": 0.8027777731418609,
        "precision": 0.8072222232818603,
        "recall": 0.8027777731418609,
        "f1": 0.8049686992270113
      },
      "S13": {
        "accuracy": 1.0,
        "precision": 1.0,
        "recall": 1.0,
        "f1": 1.0
      },
      "S14": {
        "accuracy": 0.6305555582046509,
        "precision": 0.627726411819458,
        "recall": 0.6333333313465118,
        "f1": 0.6304671106215491
      },
      "S15": {
        "accuracy": 0.9972222208976745,
        "precision": 0.9972222208976745,
        "recall": 0.9972222208976745,
        "f1": 0.9972222208976745
      },
      "S16": {
        "accuracy": 0.9027777850627899,
        "precision": 0.900375384092331,
        "recall": 0.9027777850627899,
        "f1": 0.9015601297864594
      },
      "S17": {
        "accuracy": 0.6055555582046509,
        "precision": 0.6055555582046509,
        "recall": 0.6055555582046509,
        "f1": 0.6055555582046509
      },
      "average": {
        "accuracy": 0.8978686590989431,
        "precision": 0.8975005928675334,
        "recall": 0.898434796333313,
        "f1": 0.8979553896812362
      }
    },
    "std": {
      "S2": {
        "accuracy": 0.009300806668860354,
        "precision": 0.009300806668860354,
        "recall": 0.009300806668860354,
        "f1": 0.009300806668860354
      },
      "S3": {
        "accuracy": 0.031157344865368034,
        "precision": 0.03130506746804742,
        "recall": 0.031157344865368034,
        "f1": 0.031010040882869544
      },
      "S4": {
        "accuracy": 0.009035078490519838,
        "precision": 0.009035078490519838,
        "recall": 0.009035078490519838,
        "f1": 0.009035078490519838
      },
      "S5": {
        "accuracy": 0.015058464150866388,
        "precision": 0.014976676855864113,
        "recall": 0.014754221391846168,
        "f1": 0.014204020914754955
      },
      "S6": {
        "accuracy": 0.01380131036422483,
        "precision": 0.013748725989017267,
        "recall": 0.014754221391846171,
        "f1": 0.013559834595481482
      },
      "S7": {
        "accuracy": 0.021081849811212954,
        "precision": 0.022914389024822686,
        "recall": 0.021081849811212954,
        "f1": 0.021661090013594845
      },
      "S8": {
        "accuracy": 0.009035078490519842,
        "precision": 0.009035078490519842,
        "recall": 0.009035078490519842,
        "f1": 0.009035078490519842
      },
      "S9": {
        "accuracy": 0.014754221391846177,
        "precision": 0.014754221391846177,
        "recall": 0.014754221391846177,
        "f1": 0.014754221391846177
      },
      "S10": {
        "accuracy": 0.028688753557582332,
        "precision": 0.028688753557582332,
        "recall": 0.028688753557582332,
        "f1": 0.028688753557582332
      },
      "S11": {
        "accuracy": 0.07905695011408463,
        "precision": 0.07861502203312724,
        "recall": 0.07905695011408463,
        "f1": 0.07869811803444794
      },
      "S13": {
        "accuracy": 0.0,
        "precision": 0.0,
        "recall": 0.0,
        "f1": 0.0
      },
      "S14": {
        "accuracy": 0.11268179931100133,
        "precision": 0.11077529933770437,
        "recall": 0.1140055084624965,
        "f1": 0.11219551608151151
      },
      "S15": {
        "accuracy": 0.008784108800166312,
        "precision": 0.008784108800166312,
        "recall": 0.008784108800166312,
        "f1": 0.008784108800166312
      },
      "S16": {
        "accuracy": 0.03525821259174859,
        "precision": 0.03708106040864809,
        "recall": 0.03525821259174859,
        "f1": 0.03599375437002799
      },
      "S17": {
        "accuracy": 0.07724686968481827,
        "precision": 0.07724686968481827,
        "recall": 0.07724686968481827,
        "f1": 0.07724686968481827
      },
      "average": {
        "accuracy": 0.009224124306670174,
        "precision": 0.00962747077454535,
        "recall": 0.00899773109015089,
        "f1": 0.009280080465373652
      }
    },
    "poor_ratio": 0.0
  }
}