{
  "real_subj_cnt": 15,
  "real_path": "stress_slurm/data/wesad_1hz.pickle",
  "sliding_windows": false,
  "syn_subj_cnt": 100,
  "gan_config": {
    "gan_mode": "CGAN",
    "path": "stress_slurm/data/100_subj_cGAN.csv",
    "eps": null
  },
  "privacy_config": {
    "l2_norm_clip": 1.0,
    "eps": null,
    "num_unique_windows": null,
    "delta": null,
    "noise_multiplier": null
  },
  "train_config": {
    "nn_mode": "CNN-LSTM",
    "epochs": 20,
    "batch_size": 50,
    "learning_rate": 0.001,
    "eval_mode": "LOSO",
    "random_seed": 42
  },
  "results": {
    "num_runs": 10,
    "mean": {
      "S2": {
        "accuracy": 0.9352941036224365,
        "precision": 0.9352941036224365,
        "recall": 0.9352941036224365,
        "f1": 0.9352941036224365
      },
      "S3": {
        "accuracy": 0.7794117629528046,
        "precision": 0.777142858505249,
        "recall": 0.7794117629528046,
        "f1": 0.7782608694149851
      },
      "S4": {
        "accuracy": 0.9800000011920929,
        "precision": 0.9800000011920929,
        "recall": 0.9800000011920929,
        "f1": 0.9800000011920929
      },
      "S5": {
        "accuracy": 0.9685714304447174,
        "precision": 0.9685714304447174,
        "recall": 0.9685714304447174,
        "f1": 0.9685714304447174
      },
      "S6": {
        "accuracy": 0.9742857158184052,
        "precision": 0.9742857158184052,
        "recall": 0.9742857158184052,
        "f1": 0.9742857158184052
      },
      "S7": {
        "accuracy": 0.9142857193946838,
        "precision": 0.9142857193946838,
        "recall": 0.9142857193946838,
        "f1": 0.9142857193946838
      },
      "S8": {
        "accuracy": 0.9600000023841858,
        "precision": 0.9600000023841858,
        "recall": 0.9600000023841858,
        "f1": 0.9600000023841858
      },
      "S9": {
        "accuracy": 0.9885714292526245,
        "precision": 0.988650792837143,
        "recall": 0.9885714292526245,
        "f1": 0.9885708452794988
      },
      "S10": {
        "accuracy": 0.9805555522441864,
        "precision": 0.9805555522441864,
        "recall": 0.9805555522441864,
        "f1": 0.9805555522441864
      },
      "S11": {
        "accuracy": 0.9166666686534881,
        "precision": 0.9166666686534881,
        "recall": 0.9166666686534881,
        "f1": 0.9166666686534881
      },
      "S13": {
        "accuracy": 0.9499999821186066,
        "precision": 0.9499999821186066,
        "recall": 0.9499999821186066,
        "f1": 0.9499999821186066
      },
      "S14": {
        "accuracy": 0.7472222149372101,
        "precision": 0.7472222149372101,
        "recall": 0.7472222149372101,
        "f1": 0.7472222149372101
      },
      "S15": {
        "accuracy": 1.0,
        "precision": 1.0,
        "recall": 1.0,
        "f1": 1.0
      },
      "S16": {
        "accuracy": 0.9527777671813965,
        "precision": 0.9527777671813965,
        "recall": 0.9527777671813965,
        "f1": 0.9527777671813965
      },
      "S17": {
        "accuracy": 0.8555555582046509,
        "precision": 0.8555555582046509,
        "recall": 0.8555555582046509,
        "f1": 0.8555555582046509
      },
      "average": {
        "accuracy": 0.9268798605600994,
        "precision": 0.9267338911692301,
        "recall": 0.9268798605600994,
        "f1": 0.9268030953927029
      }
    },
    "std": {
      "S2": {
        "accuracy": 0.02320031485040018,
        "precision": 0.02320031485040018,
        "recall": 0.02320031485040018,
        "f1": 0.02320031485040018
      },
      "S3": {
        "accuracy": 0.031768339461962586,
        "precision": 0.0314095453879024,
        "recall": 0.031768339461962586,
        "f1": 0.031382512518085805
      },
      "S4": {
        "accuracy": 0.03026713835226301,
        "precision": 0.03026713835226301,
        "recall": 0.03026713835226301,
        "f1": 0.03026713835226301
      },
      "S5": {
        "accuracy": 0.009035078490519842,
        "precision": 0.009035078490519842,
        "recall": 0.009035078490519842,
        "f1": 0.009035078490519842
      },
      "S6": {
        "accuracy": 0.009035078490519842,
        "precision": 0.009035078490519842,
        "recall": 0.009035078490519842,
        "f1": 0.009035078490519842
      },
      "S7": {
        "accuracy": 0.0,
        "precision": 0.0,
        "recall": 0.0,
        "f1": 0.0
      },
      "S8": {
        "accuracy": 0.019977310202976623,
        "precision": 0.019977310202976623,
        "recall": 0.019977310202976623,
        "f1": 0.019977310202976623
      },
      "S9": {
        "accuracy": 0.019977310202976627,
        "precision": 0.019903078512213058,
        "recall": 0.019977310202976627,
        "f1": 0.018808360442731844
      },
      "S10": {
        "accuracy": 0.029426385915779726,
        "precision": 0.029426385915779726,
        "recall": 0.029426385915779726,
        "f1": 0.029426385915779726
      },
      "S11": {
        "accuracy": 0.048995380464774245,
        "precision": 0.048995380464774245,
        "recall": 0.048995380464774245,
        "f1": 0.048995380464774245
      },
      "S13": {
        "accuracy": 0.017568205034575794,
        "precision": 0.017568205034575794,
        "recall": 0.017568205034575794,
        "f1": 0.017568205034575794
      },
      "S14": {
        "accuracy": 0.07685743720254705,
        "precision": 0.07685743720254705,
        "recall": 0.07685743720254705,
        "f1": 0.07685743720254705
      },
      "S15": {
        "accuracy": 0.0,
        "precision": 0.0,
        "recall": 0.0,
        "f1": 0.0
      },
      "S16": {
        "accuracy": 0.02942637778856871,
        "precision": 0.02942637778856871,
        "recall": 0.02942637778856871,
        "f1": 0.02942637778856871
      },
      "S17": {
        "accuracy": 0.05037581661786842,
        "precision": 0.05037581661786842,
        "recall": 0.05037581661786842,
        "f1": 0.05037581661786842
      },
      "average": {
        "accuracy": 0.005907181886582049,
        "precision": 0.006463681740595575,
        "recall": 0.005907181886582049,
        "f1": 0.006171278859073416
      }
    },
    "poor_ratio": 0.0
  }
}