{
  "real_subj_cnt": 15,
  "real_path": "stress_slurm/data/wesad_1hz.pickle",
  "sliding_windows": false,
  "syn_subj_cnt": 5,
  "gan_config": {
    "gan_mode": "CGAN",
    "path": "stress_slurm/data/100_subj_cGAN.csv",
    "eps": null
  },
  "privacy_config": {
    "l2_norm_clip": 1.0,
    "eps": null,
    "num_unique_windows": null,
    "delta": null,
    "noise_multiplier": null
  },
  "train_config": {
    "nn_mode": "CNN-LSTM",
    "epochs": 20,
    "batch_size": 50,
    "learning_rate": 0.001,
    "eval_mode": "LOSO",
    "random_seed": 42,
    "data_noise_parameter": null
  },
  "results": {
    "num_runs": 10,
    "mean": {
      "S2": {
        "accuracy": 0.9352941155433655,
        "precision": 0.9352049946784973,
        "recall": 0.9323529422283172,
        "f1": 0.9337576844613092
      },
      "S3": {
        "accuracy": 0.7029411792755127,
        "precision": 0.6997759163379669,
        "recall": 0.7058823585510254,
        "f1": 0.7027572826260086
      },
      "S4": {
        "accuracy": 0.9971428573131561,
        "precision": 0.9971428573131561,
        "recall": 0.9971428573131561,
        "f1": 0.9971428573131561
      },
      "S5": {
        "accuracy": 0.9914285719394684,
        "precision": 0.9914285719394684,
        "recall": 0.9914285719394684,
        "f1": 0.9914285719394684
      },
      "S6": {
        "accuracy": 0.9714285731315613,
        "precision": 0.9714285731315613,
        "recall": 0.9714285731315613,
        "f1": 0.9714285731315613
      },
      "S7": {
        "accuracy": 0.934285718202591,
        "precision": 0.934285718202591,
        "recall": 0.934285718202591,
        "f1": 0.934285718202591
      },
      "S8": {
        "accuracy": 0.9742857158184052,
        "precision": 0.9715079367160797,
        "recall": 0.9742857158184052,
        "f1": 0.9728772644331191
      },
      "S9": {
        "accuracy": 0.9742857158184052,
        "precision": 0.9742857158184052,
        "recall": 0.9742857158184052,
        "f1": 0.9742857158184052
      },
      "S10": {
        "accuracy": 0.9583333253860473,
        "precision": 0.9583333253860473,
        "recall": 0.9583333253860473,
        "f1": 0.9583333253860473
      },
      "S11": {
        "accuracy": 0.794444453716278,
        "precision": 0.7972514688968658,
        "recall": 0.8000000059604645,
        "f1": 0.7985429155705813
      },
      "S13": {
        "accuracy": 0.9888888895511627,
        "precision": 0.9888888895511627,
        "recall": 0.9888888895511627,
        "f1": 0.9888888895511627
      },
      "S14": {
        "accuracy": 0.6777777731418609,
        "precision": 0.6781681716442108,
        "recall": 0.6805555522441864,
        "f1": 0.6793223573332798
      },
      "S15": {
        "accuracy": 0.9861111104488373,
        "precision": 0.9861111104488373,
        "recall": 0.9861111104488373,
        "f1": 0.9861111104488373
      },
      "S16": {
        "accuracy": 0.9611111044883728,
        "precision": 0.9557807743549347,
        "recall": 0.9611111044883728,
        "f1": 0.9584094303122692
      },
      "S17": {
        "accuracy": 0.6055555641651154,
        "precision": 0.6065315365791321,
        "recall": 0.6083333432674408,
        "f1": 0.6074200987480307
      },
      "average": {
        "accuracy": 0.8968876445293427,
        "precision": 0.8964083707332611,
        "recall": 0.897628385623296,
        "f1": 0.8969994530183885
      }
    },
    "std": {
      "S2": {
        "accuracy": 0.023200309812886778,
        "precision": 0.023050898769539016,
        "recall": 0.019851430418996265,
        "f1": 0.021008480909053003
      },
      "S3": {
        "accuracy": 0.06269911924780758,
        "precision": 0.06116823637010481,
        "recall": 0.06200543747977577,
        "f1": 0.061219221326750096
      },
      "S4": {
        "accuracy": 0.009035078490519838,
        "precision": 0.009035078490519838,
        "recall": 0.009035078490519838,
        "f1": 0.009035078490519838
      },
      "S5": {
        "accuracy": 0.01928424335658525,
        "precision": 0.01928424335658525,
        "recall": 0.01928424335658525,
        "f1": 0.01928424335658525
      },
      "S6": {
        "accuracy": 0.0,
        "precision": 0.0,
        "recall": 0.0,
        "f1": 0.0
      },
      "S7": {
        "accuracy": 0.013801310364224832,
        "precision": 0.013801310364224832,
        "recall": 0.013801310364224832,
        "f1": 0.013801310364224832
      },
      "S8": {
        "accuracy": 0.016218462238948454,
        "precision": 0.013471037816434895,
        "recall": 0.016218462238948454,
        "f1": 0.014226487231162594
      },
      "S9": {
        "accuracy": 0.009035078490519842,
        "precision": 0.009035078490519842,
        "recall": 0.009035078490519842,
        "f1": 0.009035078490519842
      },
      "S10": {
        "accuracy": 0.037611287279949515,
        "precision": 0.037611287279949515,
        "recall": 0.037611287279949515,
        "f1": 0.037611287279949515
      },
      "S11": {
        "accuracy": 0.07545018058594373,
        "precision": 0.07604652700809664,
        "recall": 0.08466021158582832,
        "f1": 0.07985791438652387
      },
      "S13": {
        "accuracy": 0.026835877836178496,
        "precision": 0.026835877836178496,
        "recall": 0.026835877836178496,
        "f1": 0.026835877836178496
      },
      "S14": {
        "accuracy": 0.05586334521494094,
        "precision": 0.04921119293641679,
        "recall": 0.05745219298340719,
        "f1": 0.0532048152524168
      },
      "S15": {
        "accuracy": 0.026995143496757783,
        "precision": 0.026995143496757783,
        "recall": 0.026995143496757783,
        "f1": 0.026995143496757783
      },
      "S16": {
        "accuracy": 0.0457373676909674,
        "precision": 0.04381516907504157,
        "recall": 0.0457373676909674,
        "f1": 0.04441945114818489
      },
      "S17": {
        "accuracy": 0.06388217080106724,
        "precision": 0.0645193863607443,
        "recall": 0.06605947105746926,
        "f1": 0.06522124119442939
      },
      "average": {
        "accuracy": 0.006338811120394993,
        "precision": 0.006128717999861278,
        "recall": 0.007178436645074535,
        "f1": 0.006582106210031035
      }
    },
    "poor_ratio": 0.0
  }
}