{
  "real_subj_cnt": 15,
  "real_path": "stress_slurm/data/wesad_1hz.pickle",
  "sliding_windows": false,
  "syn_subj_cnt": 5,
  "gan_config": {
    "gan_mode": "CGAN",
    "path": "stress_slurm/data/100_subj_cGAN.csv",
    "eps": null
  },
  "privacy_config": {
    "l2_norm_clip": 1.0,
    "eps": null,
    "num_unique_windows": null,
    "delta": null,
    "noise_multiplier": null
  },
  "train_config": {
    "nn_mode": "CNN",
    "epochs": 10,
    "batch_size": 50,
    "learning_rate": 0.001,
    "eval_mode": "LOSO",
    "random_seed": 42,
    "data_noise_parameter": null
  },
  "results": {
    "num_runs": 10,
    "mean": {
      "S2": {
        "accuracy": 0.9176470398902893,
        "precision": 0.920572942495346,
        "recall": 0.920588219165802,
        "f1": 0.9205411410407056
      },
      "S3": {
        "accuracy": 0.8264705836772919,
        "precision": 0.8234920680522919,
        "recall": 0.8352941036224365,
        "f1": 0.8291687481032319
      },
      "S4": {
        "accuracy": 0.9714285731315613,
        "precision": 0.9714285731315613,
        "recall": 0.9714285731315613,
        "f1": 0.9714285731315613
      },
      "S5": {
        "accuracy": 0.9771428585052491,
        "precision": 0.9743650794029236,
        "recall": 0.9742857158184052,
        "f1": 0.9742851318452794
      },
      "S6": {
        "accuracy": 0.9371428608894348,
        "precision": 0.9425108253955841,
        "recall": 0.9371428608894348,
        "f1": 0.9397479025008975
      },
      "S7": {
        "accuracy": 0.8971428632736206,
        "precision": 0.8943510770797729,
        "recall": 0.8942857205867767,
        "f1": 0.8942816366764077
      },
      "S8": {
        "accuracy": 0.9371428608894348,
        "precision": 0.9429792821407318,
        "recall": 0.9457142889499665,
        "f1": 0.944175246426487
      },
      "S9": {
        "accuracy": 0.9657142877578735,
        "precision": 0.9657142877578735,
        "recall": 0.9657142877578735,
        "f1": 0.9657142877578735
      },
      "S10": {
        "accuracy": 0.9916666626930237,
        "precision": 0.9945945918560029,
        "recall": 0.9944444417953491,
        "f1": 0.9944819575222965
      },
      "S11": {
        "accuracy": 0.8138888895511627,
        "precision": 0.8014405488967895,
        "recall": 0.8166666567325592,
        "f1": 0.8085242688626393
      },
      "S13": {
        "accuracy": 0.9916666626930237,
        "precision": 0.9891812860965729,
        "recall": 0.9944444417953491,
        "f1": 0.9917417402507791
      },
      "S14": {
        "accuracy": 0.544444453716278,
        "precision": 0.5444903284311294,
        "recall": 0.550000011920929,
        "f1": 0.5470090382133954
      },
      "S15": {
        "accuracy": 1.0,
        "precision": 1.0,
        "recall": 1.0,
        "f1": 1.0
      },
      "S16": {
        "accuracy": 0.9833333313465118,
        "precision": 0.9808558523654938,
        "recall": 0.9777777671813965,
        "f1": 0.9792221294147723
      },
      "S17": {
        "accuracy": 0.6638888835906982,
        "precision": 0.6623977601528168,
        "recall": 0.647222226858139,
        "f1": 0.6543998566464901
      },
      "average": {
        "accuracy": 0.8945813874403635,
        "precision": 0.893891633550326,
        "recall": 0.8950006210803986,
        "f1": 0.8943147772261877
      }
    },
    "std": {
      "S2": {
        "accuracy": 0.023200309812886743,
        "precision": 0.019896707301945152,
        "recall": 0.024213899028039033,
        "f1": 0.021259120380030607
      },
      "S3": {
        "accuracy": 0.021701901973544515,
        "precision": 0.022353488563648254,
        "recall": 0.02480217310704819,
        "f1": 0.019751962329033014
      },
      "S4": {
        "accuracy": 0.013468699791232362,
        "precision": 0.013468699791232362,
        "recall": 0.013468699791232362,
        "f1": 0.013468699791232362
      },
      "S5": {
        "accuracy": 0.029508442783692343,
        "precision": 0.02840449312408189,
        "recall": 0.028412253335404866,
        "f1": 0.027602519819116336
      },
      "S6": {
        "accuracy": 0.018070156981039674,
        "precision": 0.0010951627426669661,
        "recall": 0.018070156981039674,
        "f1": 0.00983229208930208
      },
      "S7": {
        "accuracy": 0.02409354264138623,
        "precision": 0.023191758562460005,
        "recall": 0.023522072950791246,
        "f1": 0.022546360388773626
      },
      "S8": {
        "accuracy": 0.01807015698103967,
        "precision": 0.013191379375031296,
        "recall": 0.03144299625769732,
        "f1": 0.01994295773384166
      },
      "S9": {
        "accuracy": 0.01807015698103968,
        "precision": 0.01807015698103968,
        "recall": 0.01807015698103968,
        "f1": 0.01807015698103968
      },
      "S10": {
        "accuracy": 0.018748579987530697,
        "precision": 0.01709340141785456,
        "recall": 0.011712145066888412,
        "f1": 0.013261303343444344
      },
      "S11": {
        "accuracy": 0.05079950344911445,
        "precision": 0.05105116567709095,
        "recall": 0.06029192881175559,
        "f1": 0.05204898770900431
      },
      "S13": {
        "accuracy": 0.01874857998753069,
        "precision": 0.022818262136183768,
        "recall": 0.017568217600332628,
        "f1": 0.018663373874970832
      },
      "S14": {
        "accuracy": 0.02986021087061095,
        "precision": 0.029556368160689156,
        "recall": 0.028688757405042585,
        "f1": 0.026785464459786856
      },
      "S15": {
        "accuracy": 0.0,
        "precision": 0.0,
        "recall": 0.0,
        "f1": 0.0
      },
      "S16": {
        "accuracy": 0.026835879207216442,
        "precision": 0.025721664005546395,
        "recall": 0.01756821760033261,
        "f1": 0.019640392176472527
      },
      "S17": {
        "accuracy": 0.05470019325334727,
        "precision": 0.048606913302855534,
        "recall": 0.04908280299153599,
        "f1": 0.04670426299050175
      },
      "average": {
        "accuracy": 0.007555670727600112,
        "precision": 0.00631215425984826,
        "recall": 0.0065367920154352065,
        "f1": 0.006255560374669973
      }
    },
    "poor_ratio": 0.0
  }
}