{
  "real_subj_cnt": 15,
  "real_path": "stress_slurm/data/wesad_1hz.pickle",
  "sliding_windows": false,
  "syn_subj_cnt": 1,
  "gan_config": {
    "gan_mode": "CGAN",
    "path": "stress_slurm/data/100_subj_cGAN.csv",
    "eps": null
  },
  "privacy_config": {
    "l2_norm_clip": 1.0,
    "eps": null,
    "num_unique_windows": null,
    "delta": null,
    "noise_multiplier": null
  },
  "train_config": {
    "nn_mode": "CNN",
    "epochs": 10,
    "batch_size": 50,
    "learning_rate": 0.001,
    "eval_mode": "LOSO",
    "random_seed": 42,
    "data_noise_parameter": null
  },
  "results": {
    "num_runs": 10,
    "mean": {
      "S2": {
        "accuracy": 0.9117646872997284,
        "precision": 0.9226153135299683,
        "recall": 0.9029411613941193,
        "f1": 0.9124542720674489
      },
      "S3": {
        "accuracy": 0.7382352948188782,
        "precision": 0.7436844408512115,
        "recall": 0.7411764800548554,
        "f1": 0.7422773479453568
      },
      "S4": {
        "accuracy": 0.9828571438789367,
        "precision": 0.9829365074634552,
        "recall": 0.9857142865657806,
        "f1": 0.9843058351804945
      },
      "S5": {
        "accuracy": 0.9742857158184052,
        "precision": 0.9745945930480957,
        "recall": 0.9742857158184052,
        "f1": 0.9742810456777663
      },
      "S6": {
        "accuracy": 0.9428571462631226,
        "precision": 0.9428571462631226,
        "recall": 0.9428571462631226,
        "f1": 0.9428571462631226
      },
      "S7": {
        "accuracy": 0.9000000059604645,
        "precision": 0.9003174662590027,
        "recall": 0.9028571486473084,
        "f1": 0.9015694223670963
      },
      "S8": {
        "accuracy": 0.9514285743236541,
        "precision": 0.9568907558918,
        "recall": 0.9428571462631226,
        "f1": 0.9497296325408499
      },
      "S9": {
        "accuracy": 0.9714285731315613,
        "precision": 0.9714285731315613,
        "recall": 0.9714285731315613,
        "f1": 0.9714285731315613
      },
      "S10": {
        "accuracy": 1.0,
        "precision": 1.0,
        "recall": 1.0,
        "f1": 1.0
      },
      "S11": {
        "accuracy": 0.8222222208976746,
        "precision": 0.8264362454414368,
        "recall": 0.8305555582046509,
        "f1": 0.8284084343273548
      },
      "S13": {
        "accuracy": 0.9972222208976745,
        "precision": 0.9972972989082336,
        "recall": 0.9972222208976745,
        "f1": 0.9972216864287022
      },
      "S14": {
        "accuracy": 0.5500000059604645,
        "precision": 0.5560385823249817,
        "recall": 0.5666666626930237,
        "f1": 0.5611259676109651
      },
      "S15": {
        "accuracy": 0.9972222208976745,
        "precision": 0.9972222208976745,
        "recall": 0.9972222208976745,
        "f1": 0.9972222208976745
      },
      "S16": {
        "accuracy": 0.9805555462837219,
        "precision": 0.9752252221107482,
        "recall": 0.9749999880790711,
        "f1": 0.9749581431842659
      },
      "S17": {
        "accuracy": 0.5583333313465119,
        "precision": 0.5578961312770844,
        "recall": 0.5611111104488373,
        "f1": 0.5594194384927662
      },
      "average": {
        "accuracy": 0.8852275125185649,
        "precision": 0.8870293664932252,
        "recall": 0.8861263612906137,
        "f1": 0.886483944407695
      }
    },
    "std": {
      "S2": {
        "accuracy": 0.024014595778858814,
        "precision": 0.02756605978190575,
        "recall": 0.01420721686140088,
        "f1": 0.015636984821033827
      },
      "S3": {
        "accuracy": 0.03521231174229123,
        "precision": 0.03447686952426298,
        "recall": 0.0333909470016183,
        "f1": 0.03184167298377097
      },
      "S4": {
        "accuracy": 0.014754221391846173,
        "precision": 0.01468790154128033,
        "recall": 0.015058464150866395,
        "f1": 0.014208517019911814
      },
      "S5": {
        "accuracy": 0.028412253335404862,
        "precision": 0.028047064273549388,
        "recall": 0.02841225333540487,
        "f1": 0.025020558341291035
      },
      "S6": {
        "accuracy": 0.0,
        "precision": 0.0,
        "recall": 0.0,
        "f1": 0.0
      },
      "S7": {
        "accuracy": 0.027766435939492778,
        "precision": 0.027602620728449663,
        "recall": 0.027602620728449663,
        "f1": 0.027309026040084214
      },
      "S8": {
        "accuracy": 0.019284243356585254,
        "precision": 0.0243425230966526,
        "recall": 0.013468699791232368,
        "f1": 0.016790158809309213
      },
      "S9": {
        "accuracy": 0.0,
        "precision": 0.0,
        "recall": 0.0,
        "f1": 0.0
      },
      "S10": {
        "accuracy": 0.0,
        "precision": 0.0,
        "recall": 0.0,
        "f1": 0.0
      },
      "S11": {
        "accuracy": 0.05737753148242256,
        "precision": 0.04767004353634982,
        "recall": 0.04233010057776324,
        "f1": 0.0443733143911899
      },
      "S13": {
        "accuracy": 0.008784108800166323,
        "precision": 0.008546691284605437,
        "recall": 0.008784108800166314,
        "f1": 0.005857905468807358
      },
      "S14": {
        "accuracy": 0.03884476415604293,
        "precision": 0.03439586811981796,
        "recall": 0.03749713250087049,
        "f1": 0.03447248821288135
      },
      "S15": {
        "accuracy": 0.008784108800166307,
        "precision": 0.008784108800166307,
        "recall": 0.008784108800166307,
        "f1": 0.008784108800166307
      },
      "S16": {
        "accuracy": 0.018748579987530694,
        "precision": 0.015727990462391515,
        "recall": 0.020496253867054726,
        "f1": 0.012821670240007937
      },
      "S17": {
        "accuracy": 0.027623008924951908,
        "precision": 0.028628754363531975,
        "recall": 0.03414645029761085,
        "f1": 0.030806990840402674
      },
      "average": {
        "accuracy": 0.0056795220418514245,
        "precision": 0.006726141509047748,
        "recall": 0.005930231951509406,
        "f1": 0.005904713130632829
      }
    },
    "poor_ratio": 0.0
  }
}