{
  "real_subj_cnt": 15,
  "real_path": "stress_slurm/data/wesad_1hz.pickle",
  "sliding_windows": false,
  "syn_subj_cnt": 30,
  "gan_config": {
    "gan_mode": "CGAN",
    "path": "stress_slurm/data/100_subj_cGAN.csv",
    "eps": null
  },
  "privacy_config": {
    "l2_norm_clip": 1.0,
    "eps": null,
    "num_unique_windows": null,
    "delta": null,
    "noise_multiplier": null
  },
  "train_config": {
    "nn_mode": "CNN",
    "epochs": 10,
    "batch_size": 50,
    "learning_rate": 0.001,
    "eval_mode": "LOSO",
    "random_seed": 42,
    "data_noise_parameter": null
  },
  "results": {
    "num_runs": 10,
    "mean": {
      "S2": {
        "accuracy": 0.9352941155433655,
        "precision": 0.9352941155433655,
        "recall": 0.9352941155433655,
        "f1": 0.9352941155433655
      },
      "S3": {
        "accuracy": 0.8882352769374847,
        "precision": 0.8900592088699341,
        "recall": 0.8794117629528045,
        "f1": 0.8845793708185102
      },
      "S4": {
        "accuracy": 0.9800000011920929,
        "precision": 0.9800000011920929,
        "recall": 0.9800000011920929,
        "f1": 0.9800000011920929
      },
      "S5": {
        "accuracy": 0.9742857158184052,
        "precision": 0.9743604063987732,
        "recall": 0.9742857158184052,
        "f1": 0.9742839632131156
      },
      "S6": {
        "accuracy": 0.9428571462631226,
        "precision": 0.9428571462631226,
        "recall": 0.9428571462631226,
        "f1": 0.9428571462631226
      },
      "S7": {
        "accuracy": 0.908571434020996,
        "precision": 0.908571434020996,
        "recall": 0.908571434020996,
        "f1": 0.908571434020996
      },
      "S8": {
        "accuracy": 0.9771428585052491,
        "precision": 0.9743557333946228,
        "recall": 0.9742857158184052,
        "f1": 0.9742419699277258
      },
      "S9": {
        "accuracy": 0.9628571450710297,
        "precision": 0.9602380990982056,
        "recall": 0.9628571450710297,
        "f1": 0.9615291781107175
      },
      "S10": {
        "accuracy": 0.9666666626930237,
        "precision": 0.9614864826202393,
        "recall": 0.9666666626930237,
        "f1": 0.9640410919712015
      },
      "S11": {
        "accuracy": 0.8694444358348846,
        "precision": 0.8697447359561921,
        "recall": 0.8722222149372101,
        "f1": 0.870966506402518
      },
      "S13": {
        "accuracy": 0.9888888835906983,
        "precision": 0.9916666626930237,
        "recall": 0.9888888835906983,
        "f1": 0.9902582113077376
      },
      "S14": {
        "accuracy": 0.5805555582046509,
        "precision": 0.579688447713852,
        "recall": 0.575,
        "f1": 0.5771265520916866
      },
      "S15": {
        "accuracy": 0.9972222208976745,
        "precision": 0.9972222208976745,
        "recall": 0.9944444417953491,
        "f1": 0.9958137695123884
      },
      "S16": {
        "accuracy": 0.9611110925674439,
        "precision": 0.9612526655197143,
        "recall": 0.9638888776302338,
        "f1": 0.962516332662562
      },
      "S17": {
        "accuracy": 0.69722221493721,
        "precision": 0.6993153035640717,
        "recall": 0.6972222268581391,
        "f1": 0.6980924732266676
      },
      "average": {
        "accuracy": 0.9086903174718222,
        "precision": 0.908407510916392,
        "recall": 0.9077264229456583,
        "f1": 0.9080114744176273
      }
    },
    "std": {
      "S2": {
        "accuracy": 0.012401100690005341,
        "precision": 0.012401100690005341,
        "recall": 0.012401100690005341,
        "f1": 0.012401100690005341
      },
      "S3": {
        "accuracy": 0.038722384250865424,
        "precision": 0.03614181576996277,
        "recall": 0.0378436396254101,
        "f1": 0.03542892084844548
      },
      "S4": {
        "accuracy": 0.013801310364224832,
        "precision": 0.013801310364224832,
        "recall": 0.013801310364224832,
        "f1": 0.013801310364224832
      },
      "S5": {
        "accuracy": 0.02501699953089663,
        "precision": 0.024812302016498956,
        "recall": 0.02501699953089663,
        "f1": 0.0240966576330681
      },
      "S6": {
        "accuracy": 0.0,
        "precision": 0.0,
        "recall": 0.0,
        "f1": 0.0
      },
      "S7": {
        "accuracy": 0.012046771320693121,
        "precision": 0.012046771320693121,
        "recall": 0.012046771320693121,
        "f1": 0.012046771320693121
      },
      "S8": {
        "accuracy": 0.022537445449423935,
        "precision": 0.020842824449552183,
        "recall": 0.02501699953089663,
        "f1": 0.02115459636821665
      },
      "S9": {
        "accuracy": 0.01380131036422484,
        "precision": 0.01937710561837978,
        "recall": 0.01380131036422484,
        "f1": 0.01634416961855849
      },
      "S10": {
        "accuracy": 0.04498132373655532,
        "precision": 0.047288755774143126,
        "recall": 0.04498132373655532,
        "f1": 0.045841172945696534
      },
      "S11": {
        "accuracy": 0.029426383415098206,
        "precision": 0.02966125054433082,
        "recall": 0.03260521728815639,
        "f1": 0.03090060779110698
      },
      "S13": {
        "accuracy": 0.014344389603665882,
        "precision": 0.013417947829829949,
        "recall": 0.014344389603665882,
        "f1": 0.01318317987108025
      },
      "S14": {
        "accuracy": 0.0305695684114075,
        "precision": 0.023123698323083093,
        "recall": 0.034768478876841646,
        "f1": 0.027665216444228476
      },
      "S15": {
        "accuracy": 0.008784108800166314,
        "precision": 0.008784108800166314,
        "recall": 0.011712145066888417,
        "f1": 0.009397008670901342
      },
      "S16": {
        "accuracy": 0.014344389603665885,
        "precision": 0.014187203239684375,
        "recall": 0.018748563306772423,
        "f1": 0.014917860859559541
      },
      "S17": {
        "accuracy": 0.033256075397187626,
        "precision": 0.0388394305986782,
        "recall": 0.04233010101235999,
        "f1": 0.03888644764167796
      },
      "average": {
        "accuracy": 0.005853037391775268,
        "precision": 0.004815298675248863,
        "recall": 0.004900198345593963,
        "f1": 0.004768077904700584
      }
    },
    "poor_ratio": 0.0
  }
}