{
  "real_subj_cnt": 15,
  "real_path": "stress_slurm/data/wesad_1hz.pickle",
  "sliding_windows": false,
  "syn_subj_cnt": 10,
  "gan_config": {
    "gan_mode": "CGAN",
    "path": "stress_slurm/data/100_subj_cGAN.csv",
    "eps": null
  },
  "privacy_config": {
    "l2_norm_clip": 1.0,
    "eps": null,
    "num_unique_windows": null,
    "delta": null,
    "noise_multiplier": null
  },
  "train_config": {
    "nn_mode": "CNN",
    "epochs": 10,
    "batch_size": 50,
    "learning_rate": 0.001,
    "eval_mode": "LOSO",
    "random_seed": 42,
    "data_noise_parameter": null
  },
  "results": {
    "num_runs": 10,
    "mean": {
      "S2": {
        "accuracy": 0.9411764740943909,
        "precision": 0.9355800688266754,
        "recall": 0.93529412150383,
        "f1": 0.9352788425011246
      },
      "S3": {
        "accuracy": 0.7852941215038299,
        "precision": 0.7863865613937377,
        "recall": 0.7911764740943908,
        "f1": 0.7887468082555275
      },
      "S4": {
        "accuracy": 0.9800000011920929,
        "precision": 0.9800000011920929,
        "recall": 0.9800000011920929,
        "f1": 0.9800000011920929
      },
      "S5": {
        "accuracy": 0.9828571438789367,
        "precision": 0.9774517357349396,
        "recall": 0.9828571438789367,
        "f1": 0.9800793646547346
      },
      "S6": {
        "accuracy": 0.9485714316368103,
        "precision": 0.9486461222171784,
        "recall": 0.9485714316368103,
        "f1": 0.9485696790315208
      },
      "S7": {
        "accuracy": 0.9142857193946838,
        "precision": 0.9117460370063781,
        "recall": 0.9142857193946838,
        "f1": 0.9129979931144717
      },
      "S8": {
        "accuracy": 0.9600000023841858,
        "precision": 0.9657889783382416,
        "recall": 0.9571428596973419,
        "f1": 0.9613220835877762
      },
      "S9": {
        "accuracy": 0.9714285731315613,
        "precision": 0.9714285731315613,
        "recall": 0.9714285731315613,
        "f1": 0.9714285731315613
      },
      "S10": {
        "accuracy": 0.9972222208976745,
        "precision": 0.9918168187141418,
        "recall": 0.9944444417953491,
        "f1": 0.993074045140365
      },
      "S11": {
        "accuracy": 0.8388888776302338,
        "precision": 0.8388888776302338,
        "recall": 0.8388888776302338,
        "f1": 0.8388888776302338
      },
      "S13": {
        "accuracy": 1.0,
        "precision": 0.9972972989082336,
        "recall": 1.0,
        "f1": 0.9986301378139884
      },
      "S14": {
        "accuracy": 0.5694444477558136,
        "precision": 0.5680092543363571,
        "recall": 0.5611111134290695,
        "f1": 0.5644329913012602
      },
      "S15": {
        "accuracy": 1.0,
        "precision": 1.0,
        "recall": 1.0,
        "f1": 1.0
      },
      "S16": {
        "accuracy": 0.9722222089767456,
        "precision": 0.9726726651191712,
        "recall": 0.9805555462837219,
        "f1": 0.976521525648554
      },
      "S17": {
        "accuracy": 0.7,
        "precision": 0.6981026947498321,
        "recall": 0.7138888835906982,
        "f1": 0.7054850976896799
      },
      "average": {
        "accuracy": 0.9040927481651305,
        "precision": 0.9029210458199183,
        "recall": 0.9046430124839148,
        "f1": 0.9036970680461927
      }
    },
    "std": {
      "S2": {
        "accuracy": 0.0,
        "precision": 0.016446241774711136,
        "recall": 0.01860163218636437,
        "f1": 0.012493444255822763
      },
      "S3": {
        "accuracy": 0.03681368827868044,
        "precision": 0.03732707310194626,
        "recall": 0.042621697656478136,
        "f1": 0.03970285823087197
      },
      "S4": {
        "accuracy": 0.01380131036422483,
        "precision": 0.01380131036422483,
        "recall": 0.01380131036422483,
        "f1": 0.01380131036422483
      },
      "S5": {
        "accuracy": 0.024093542641386235,
        "precision": 0.02582175189777997,
        "recall": 0.024093542641386235,
        "f1": 0.023491258301371932
      },
      "S6": {
        "accuracy": 0.01204677132069311,
        "precision": 0.011797999745365467,
        "recall": 0.01204677132069311,
        "f1": 0.00999115578608247
      },
      "S7": {
        "accuracy": 0.0,
        "precision": 0.008031180880462075,
        "recall": 0.0,
        "f1": 0.004072148048326196
      },
      "S8": {
        "accuracy": 0.019977310202976616,
        "precision": 0.026087641996119085,
        "recall": 0.02020304968684854,
        "f1": 0.02018951926765623
      },
      "S9": {
        "accuracy": 0.0,
        "precision": 0.0,
        "recall": 0.0,
        "f1": 0.0
      },
      "S10": {
        "accuracy": 0.008784108800166314,
        "precision": 0.01317775799868186,
        "recall": 0.011712145066888427,
        "f1": 0.00980699964967753
      },
      "S11": {
        "accuracy": 0.034146459995155046,
        "precision": 0.034146459995155046,
        "recall": 0.034146459995155046,
        "f1": 0.034146459995155046
      },
      "S13": {
        "accuracy": 0.0,
        "precision": 0.008546691284605437,
        "recall": 0.0,
        "f1": 0.004331884588334202
      },
      "S14": {
        "accuracy": 0.04192307081070805,
        "precision": 0.05010601306682052,
        "recall": 0.06113916029265543,
        "f1": 0.05560364527862061
      },
      "S15": {
        "accuracy": 0.0,
        "precision": 0.0,
        "recall": 0.0,
        "f1": 0.0
      },
      "S16": {
        "accuracy": 0.018518527348836262,
        "precision": 0.02227706295927905,
        "recall": 0.0187485799875307,
        "f1": 0.01846519930287499
      },
      "S17": {
        "accuracy": 0.048644166132709166,
        "precision": 0.05190390691194606,
        "recall": 0.039392678580552225,
        "f1": 0.04254110187853405
      },
      "average": {
        "accuracy": 0.005142334131634092,
        "precision": 0.006275820776264677,
        "recall": 0.006270961922485702,
        "f1": 0.005742309873724772
      }
    },
    "poor_ratio": 0.0
  }
}