{
  "real_subj_cnt": 15,
  "real_path": "stress_slurm/data/wesad_1hz.pickle",
  "sliding_windows": false,
  "syn_subj_cnt": 1,
  "gan_config": {
    "gan_mode": "CGAN",
    "path": "stress_slurm/data/100_subj_cGAN.csv",
    "eps": null
  },
  "privacy_config": {
    "l2_norm_clip": 1.0,
    "eps": null,
    "num_unique_windows": null,
    "delta": null,
    "noise_multiplier": null
  },
  "train_config": {
    "nn_mode": "CNN",
    "epochs": 10,
    "batch_size": 50,
    "learning_rate": 0.001,
    "eval_mode": "LOSO",
    "random_seed": 42,
    "data_noise_parameter": null
  },
  "results": {
    "num_runs": 10,
    "mean": {
      "S2": {
        "accuracy": 0.9058823347091675,
        "precision": 0.9074303269386291,
        "recall": 0.9176470398902893,
        "f1": 0.9122548859796404
      },
      "S3": {
        "accuracy": 0.75,
        "precision": 0.7536109030246735,
        "recall": 0.7558823466300965,
        "f1": 0.7546659276920915
      },
      "S4": {
        "accuracy": 0.9914285719394684,
        "precision": 0.988650792837143,
        "recall": 0.9914285719394684,
        "f1": 0.9900201205541823
      },
      "S5": {
        "accuracy": 0.9914285719394684,
        "precision": 0.9914285719394684,
        "recall": 0.9914285719394684,
        "f1": 0.9914285719394684
      },
      "S6": {
        "accuracy": 0.9428571462631226,
        "precision": 0.9428571462631226,
        "recall": 0.9428571462631226,
        "f1": 0.9428571462631226
      },
      "S7": {
        "accuracy": 0.9028571486473084,
        "precision": 0.9080519556999207,
        "recall": 0.9028571486473084,
        "f1": 0.905378157926472
      },
      "S8": {
        "accuracy": 0.9371428608894348,
        "precision": 0.9427591025829315,
        "recall": 0.9371428608894348,
        "f1": 0.9398728618110225
      },
      "S9": {
        "accuracy": 0.9742857158184052,
        "precision": 0.9742857158184052,
        "recall": 0.9714285731315613,
        "f1": 0.9728364405437218
      },
      "S10": {
        "accuracy": 1.0,
        "precision": 1.0,
        "recall": 1.0,
        "f1": 1.0
      },
      "S11": {
        "accuracy": 0.7944444477558136,
        "precision": 0.8017673552036285,
        "recall": 0.7972222208976746,
        "f1": 0.7993983527649882
      },
      "S13": {
        "accuracy": 1.0,
        "precision": 1.0,
        "recall": 1.0,
        "f1": 1.0
      },
      "S14": {
        "accuracy": 0.5666666686534881,
        "precision": 0.565204918384552,
        "recall": 0.5666666746139526,
        "f1": 0.5658567157547678
      },
      "S15": {
        "accuracy": 1.0,
        "precision": 1.0,
        "recall": 1.0,
        "f1": 1.0
      },
      "S16": {
        "accuracy": 0.955555546283722,
        "precision": 0.9536628663539887,
        "recall": 0.9638888776302338,
        "f1": 0.9586727047278789
      },
      "S17": {
        "accuracy": 0.5666666686534881,
        "precision": 0.5606364786624909,
        "recall": 0.5527777791023254,
        "f1": 0.556511409895546
      },
      "average": {
        "accuracy": 0.885281045436859,
        "precision": 0.8860230755805969,
        "recall": 0.8860818541049957,
        "f1": 0.88598355305686
      }
    },
    "std": {
      "S2": {
        "accuracy": 0.03615507522560629,
        "precision": 0.033897426472628445,
        "recall": 0.036155073070595824,
        "f1": 0.03104144983119925
      },
      "S3": {
        "accuracy": 0.05758500140605604,
        "precision": 0.0541838105560741,
        "recall": 0.05725020277853774,
        "f1": 0.05514687515715766
      },
      "S4": {
        "accuracy": 0.013801310364224832,
        "precision": 0.014653554524311612,
        "recall": 0.013801310364224832,
        "f1": 0.01354569588400076
      },
      "S5": {
        "accuracy": 0.013801310364224833,
        "precision": 0.013801310364224833,
        "recall": 0.013801310364224833,
        "f1": 0.013801310364224833
      },
      "S6": {
        "accuracy": 0.0,
        "precision": 0.0,
        "recall": 0.0,
        "f1": 0.0
      },
      "S7": {
        "accuracy": 0.024093542641386235,
        "precision": 0.017961976530003074,
        "recall": 0.024093542641386235,
        "f1": 0.019696475831648318
      },
      "S8": {
        "accuracy": 0.018070156981039674,
        "precision": 0.0227929606587596,
        "recall": 0.018070156981039674,
        "f1": 0.018691772462733163
      },
      "S9": {
        "accuracy": 0.009035078490519832,
        "precision": 0.009035078490519832,
        "recall": 0.0,
        "f1": 0.0044520676659542515
      },
      "S10": {
        "accuracy": 0.0,
        "precision": 0.0,
        "recall": 0.0,
        "f1": 0.0
      },
      "S11": {
        "accuracy": 0.04382280807734787,
        "precision": 0.04373320922471296,
        "recall": 0.04545531738203113,
        "f1": 0.04368803440182629
      },
      "S13": {
        "accuracy": 0.0,
        "precision": 0.0,
        "recall": 0.0,
        "f1": 0.0
      },
      "S14": {
        "accuracy": 0.03749713053842712,
        "precision": 0.034186258850001226,
        "recall": 0.03513640692770186,
        "f1": 0.03391861192597945
      },
      "S15": {
        "accuracy": 0.0,
        "precision": 0.0,
        "recall": 0.0,
        "f1": 0.0
      },
      "S16": {
        "accuracy": 0.04182070175524538,
        "precision": 0.0424313401361503,
        "recall": 0.03715260184222314,
        "f1": 0.03896406726033353
      },
      "S17": {
        "accuracy": 0.04757493109411465,
        "precision": 0.04094508653275048,
        "recall": 0.04430920238612253,
        "f1": 0.0413673964162004
      },
      "average": {
        "accuracy": 0.010267291074539685,
        "precision": 0.009106842320133562,
        "recall": 0.007468576079128855,
        "f1": 0.007830479940340975
      }
    },
    "poor_ratio": 0.0
  }
}