{
  "real_subj_cnt": 15,
  "real_path": "stress_slurm/data/wesad_1hz.pickle",
  "sliding_windows": false,
  "syn_subj_cnt": 5,
  "gan_config": {
    "gan_mode": "CGAN",
    "path": "stress_slurm/data/100_subj_cGAN.csv",
    "eps": null
  },
  "privacy_config": {
    "l2_norm_clip": 1.0,
    "eps": null,
    "num_unique_windows": null,
    "delta": null,
    "noise_multiplier": null
  },
  "train_config": {
    "nn_mode": "CNN",
    "epochs": 10,
    "batch_size": 50,
    "learning_rate": 0.001,
    "eval_mode": "LOSO",
    "random_seed": 42,
    "data_noise_parameter": null
  },
  "results": {
    "num_runs": 10,
    "mean": {
      "S2": {
        "accuracy": 0.9117646813392639,
        "precision": 0.9144232153892518,
        "recall": 0.9088235139846802,
        "f1": 0.9115420220397915
      },
      "S3": {
        "accuracy": 0.8117646992206573,
        "precision": 0.807569807767868,
        "recall": 0.8117646992206573,
        "f1": 0.8095715538222314
      },
      "S4": {
        "accuracy": 0.9714285731315613,
        "precision": 0.9714285731315613,
        "recall": 0.9714285731315613,
        "f1": 0.9714285731315613
      },
      "S5": {
        "accuracy": 0.9685714304447174,
        "precision": 0.9685714304447174,
        "recall": 0.9685714304447174,
        "f1": 0.9685714304447174
      },
      "S6": {
        "accuracy": 0.9428571462631226,
        "precision": 0.9428571462631226,
        "recall": 0.9428571462631226,
        "f1": 0.9428571462631226
      },
      "S7": {
        "accuracy": 0.9000000059604645,
        "precision": 0.8982539713382721,
        "recall": 0.9057142913341523,
        "f1": 0.9019315938537165
      },
      "S8": {
        "accuracy": 0.9457142889499665,
        "precision": 0.9484873950481415,
        "recall": 0.9457142889499665,
        "f1": 0.9470807470498629
      },
      "S9": {
        "accuracy": 0.9485714316368103,
        "precision": 0.9488888919353485,
        "recall": 0.9514285743236541,
        "f1": 0.9501408480434421
      },
      "S10": {
        "accuracy": 0.9777777791023254,
        "precision": 0.980308884382248,
        "recall": 0.9777777791023254,
        "f1": 0.9789504175679469
      },
      "S11": {
        "accuracy": 0.827777773141861,
        "precision": 0.8320999562740325,
        "recall": 0.8249999940395355,
        "f1": 0.8284718167523613
      },
      "S13": {
        "accuracy": 0.9916666626930237,
        "precision": 0.9837087094783783,
        "recall": 0.9916666626930237,
        "f1": 0.987594591861936
      },
      "S14": {
        "accuracy": 0.5055555701255798,
        "precision": 0.5018018156290054,
        "recall": 0.5027777910232544,
        "f1": 0.5022831185670704
      },
      "S15": {
        "accuracy": 1.0,
        "precision": 1.0,
        "recall": 1.0,
        "f1": 1.0
      },
      "S16": {
        "accuracy": 0.977777773141861,
        "precision": 0.9725975930690766,
        "recall": 0.977777773141861,
        "f1": 0.9751136146927047
      },
      "S17": {
        "accuracy": 0.675,
        "precision": 0.6699504435062409,
        "recall": 0.6777777731418609,
        "f1": 0.6737587046976293
      },
      "average": {
        "accuracy": 0.8904151876767477,
        "precision": 0.8893965222438176,
        "recall": 0.8906053527196249,
        "f1": 0.8899530785858729
      }
    },
    "std": {
      "S2": {
        "accuracy": 0.02772967604077251,
        "precision": 0.028910903165591962,
        "recall": 0.025752798551155198,
        "f1": 0.025919014725085652
      },
      "S3": {
        "accuracy": 0.04428074515678665,
        "precision": 0.042273912417273726,
        "recall": 0.03452316148860725,
        "f1": 0.037706524530989334
      },
      "S4": {
        "accuracy": 0.0,
        "precision": 0.0,
        "recall": 0.0,
        "f1": 0.0
      },
      "S5": {
        "accuracy": 0.028412253335404866,
        "precision": 0.028412253335404866,
        "recall": 0.028412253335404866,
        "f1": 0.028412253335404866
      },
      "S6": {
        "accuracy": 0.0,
        "precision": 0.0,
        "recall": 0.0,
        "f1": 0.0
      },
      "S7": {
        "accuracy": 0.02776643593949278,
        "precision": 0.026011634850443065,
        "recall": 0.019284243356585254,
        "f1": 0.022142187510342214
      },
      "S8": {
        "accuracy": 0.021081849811212947,
        "precision": 0.02244412047694898,
        "recall": 0.021081849811212947,
        "f1": 0.021317611144863382
      },
      "S9": {
        "accuracy": 0.05003399906179327,
        "precision": 0.049599044491017194,
        "recall": 0.046754045627083754,
        "f1": 0.04805009556971072
      },
      "S10": {
        "accuracy": 0.04099248350013957,
        "precision": 0.03017681584051509,
        "recall": 0.04099248350013957,
        "f1": 0.03467700652145225
      },
      "S11": {
        "accuracy": 0.05524604981713675,
        "precision": 0.0479045542355362,
        "recall": 0.047303845960755334,
        "f1": 0.0470746863122433
      },
      "S13": {
        "accuracy": 0.013417947829829935,
        "precision": 0.01894660885307393,
        "recall": 0.013417947829829932,
        "f1": 0.013674259318436365
      },
      "S14": {
        "accuracy": 0.06778892045600392,
        "precision": 0.07325642954791121,
        "recall": 0.07106143563362,
        "f1": 0.07216581519132403
      },
      "S15": {
        "accuracy": 0.0,
        "precision": 0.0,
        "recall": 0.0,
        "f1": 0.0
      },
      "S16": {
        "accuracy": 0.025526012524019693,
        "precision": 0.028969102669034182,
        "recall": 0.025526012524019672,
        "f1": 0.02594460831468191
      },
      "S17": {
        "accuracy": 0.08182796826857394,
        "precision": 0.07637410029016754,
        "recall": 0.08198497732215633,
        "f1": 0.07876281780756314
      },
      "average": {
        "accuracy": 0.012690046171211848,
        "precision": 0.01192327142102663,
        "recall": 0.013015885885053048,
        "f1": 0.012414381597551859
      }
    },
    "poor_ratio": 0.0
  }
}