{
  "real_subj_cnt": 15,
  "real_path": "stress_slurm/data/wesad_1hz.pickle",
  "sliding_windows": false,
  "syn_subj_cnt": 15,
  "gan_config": {
    "gan_mode": "CGAN",
    "path": "stress_slurm/data/100_subj_cGAN.csv",
    "eps": null
  },
  "privacy_config": {
    "l2_norm_clip": 1.0,
    "eps": null,
    "num_unique_windows": null,
    "delta": null,
    "noise_multiplier": null
  },
  "train_config": {
    "nn_mode": "CNN",
    "epochs": 10,
    "batch_size": 50,
    "learning_rate": 0.001,
    "eval_mode": "LOSO",
    "random_seed": 42,
    "data_noise_parameter": null
  },
  "results": {
    "num_runs": 10,
    "mean": {
      "S2": {
        "accuracy": 0.9176470577716828,
        "precision": 0.9183006525039673,
        "recall": 0.9235294103622437,
        "f1": 0.9208403348971386
      },
      "S3": {
        "accuracy": 0.8617646932601929,
        "precision": 0.8626636087894439,
        "recall": 0.8676470518112183,
        "f1": 0.8650825112770336
      },
      "S4": {
        "accuracy": 0.9771428585052491,
        "precision": 0.9772222220897675,
        "recall": 0.9800000011920929,
        "f1": 0.9785915498068067
      },
      "S5": {
        "accuracy": 0.9942857146263122,
        "precision": 0.9942857146263122,
        "recall": 0.9914285719394684,
        "f1": 0.992836439351629
      },
      "S6": {
        "accuracy": 0.9457142889499665,
        "precision": 0.9457142889499665,
        "recall": 0.9457142889499665,
        "f1": 0.9457142889499665
      },
      "S7": {
        "accuracy": 0.908571434020996,
        "precision": 0.9064285755157471,
        "recall": 0.9114285767078399,
        "f1": 0.908893364827516
      },
      "S8": {
        "accuracy": 0.9914285719394684,
        "precision": 0.9915079355239869,
        "recall": 0.9914285719394684,
        "f1": 0.9914279879663427
      },
      "S9": {
        "accuracy": 0.9714285731315613,
        "precision": 0.9714285731315613,
        "recall": 0.9714285731315613,
        "f1": 0.9714285731315613
      },
      "S10": {
        "accuracy": 0.9888888835906983,
        "precision": 0.9916666626930237,
        "recall": 0.9888888835906983,
        "f1": 0.9902582113077376
      },
      "S11": {
        "accuracy": 0.8444444358348846,
        "precision": 0.844047611951828,
        "recall": 0.8416666567325592,
        "f1": 0.8428403670318163
      },
      "S13": {
        "accuracy": 0.9972222208976745,
        "precision": 0.9918168187141418,
        "recall": 0.9972222208976745,
        "f1": 0.9944824965256511
      },
      "S14": {
        "accuracy": 0.5416666686534881,
        "precision": 0.5365565448999405,
        "recall": 0.5333333373069763,
        "f1": 0.5347916226178042
      },
      "S15": {
        "accuracy": 0.9972222208976745,
        "precision": 0.9972222208976745,
        "recall": 0.9972222208976745,
        "f1": 0.9972222208976745
      },
      "S16": {
        "accuracy": 0.9694444298744201,
        "precision": 0.9748412609100342,
        "recall": 0.9694444298744201,
        "f1": 0.9721048394996622
      },
      "S17": {
        "accuracy": 0.7166666686534882,
        "precision": 0.7176984190940857,
        "recall": 0.7055555582046509,
        "f1": 0.7113550630174228
      },
      "average": {
        "accuracy": 0.9082359147071838,
        "precision": 0.9080934073527654,
        "recall": 0.9077292235692342,
        "f1": 0.9078579914070509
      }
    },
    "std": {
      "S2": {
        "accuracy": 0.033390958668635416,
        "precision": 0.03267974389924102,
        "recall": 0.03161670379287117,
        "f1": 0.031088153019371706
      },
      "S3": {
        "accuracy": 0.04170988991302352,
        "precision": 0.03593143627297525,
        "recall": 0.037332209751118915,
        "f1": 0.035801391595083505
      },
      "S4": {
        "accuracy": 0.012046771320693117,
        "precision": 0.012007493225031567,
        "recall": 0.013801310364224826,
        "f1": 0.012153834176994316
      },
      "S5": {
        "accuracy": 0.012046771320693117,
        "precision": 0.012046771320693117,
        "recall": 0.013801310364224835,
        "f1": 0.01215422531536085
      },
      "S6": {
        "accuracy": 0.009035078490519842,
        "precision": 0.009035078490519842,
        "recall": 0.009035078490519842,
        "f1": 0.009035078490519842
      },
      "S7": {
        "accuracy": 0.012046771320693123,
        "precision": 0.017811329835055793,
        "recall": 0.009035078490519832,
        "f1": 0.013164963421065937
      },
      "S8": {
        "accuracy": 0.01380131036422483,
        "precision": 0.013675228822302616,
        "recall": 0.01380131036422483,
        "f1": 0.01204746343148972
      },
      "S9": {
        "accuracy": 0.0,
        "precision": 0.0,
        "recall": 0.0,
        "f1": 0.0
      },
      "S10": {
        "accuracy": 0.01434438960366589,
        "precision": 0.013417947829829946,
        "recall": 0.01434438960366589,
        "f1": 0.01318317987108024
      },
      "S11": {
        "accuracy": 0.02683587920721646,
        "precision": 0.026590259911478186,
        "recall": 0.026352310344248776,
        "f1": 0.026200855278457363
      },
      "S13": {
        "accuracy": 0.008784108800166309,
        "precision": 0.013177757998681856,
        "recall": 0.008784108800166309,
        "f1": 0.009675178493731174
      },
      "S14": {
        "accuracy": 0.03982557352436704,
        "precision": 0.0361947176998267,
        "recall": 0.03657114314064801,
        "f1": 0.03508214615710463
      },
      "S15": {
        "accuracy": 0.008784108800166317,
        "precision": 0.008784108800166317,
        "recall": 0.008784108800166317,
        "f1": 0.008784108800166317
      },
      "S16": {
        "accuracy": 0.01576795785756537,
        "precision": 0.008846035267272685,
        "recall": 0.01576795785756537,
        "f1": 0.011501508031716479
      },
      "S17": {
        "accuracy": 0.05524605314705872,
        "precision": 0.04926185616121398,
        "recall": 0.052704626273279466,
        "f1": 0.04934111469228905
      },
      "average": {
        "accuracy": 0.003973970260305954,
        "precision": 0.004221339774081864,
        "recall": 0.0049697159507970014,
        "f1": 0.004433330794758088
      }
    },
    "poor_ratio": 0.0
  }
}