{
  "real_subj_cnt": 15,
  "real_path": "stress_slurm/data/wesad_1hz.pickle",
  "sliding_windows": false,
  "syn_subj_cnt": 100,
  "gan_config": {
    "gan_mode": "CGAN",
    "path": "stress_slurm/data/100_subj_cGAN.csv",
    "eps": null
  },
  "privacy_config": {
    "l2_norm_clip": 1.0,
    "eps": null,
    "num_unique_windows": null,
    "delta": null,
    "noise_multiplier": null
  },
  "train_config": {
    "nn_mode": "CNN",
    "epochs": 10,
    "batch_size": 50,
    "learning_rate": 0.001,
    "eval_mode": "LOSO",
    "random_seed": 42,
    "data_noise_parameter": null
  },
  "results": {
    "num_runs": 10,
    "mean": {
      "S2": {
        "accuracy": 0.9264705836772918,
        "precision": 0.9292335093021393,
        "recall": 0.9264705836772918,
        "f1": 0.9278314276245077
      },
      "S3": {
        "accuracy": 0.8823529422283173,
        "precision": 0.8814352571964263,
        "recall": 0.8735294103622436,
        "f1": 0.8773413795063127
      },
      "S4": {
        "accuracy": 0.9714285731315613,
        "precision": 0.9714285731315613,
        "recall": 0.9714285731315613,
        "f1": 0.9714285731315613
      },
      "S5": {
        "accuracy": 0.9657142877578735,
        "precision": 0.9657142877578735,
        "recall": 0.9657142877578735,
        "f1": 0.9657142877578735
      },
      "S6": {
        "accuracy": 0.9628571450710297,
        "precision": 0.9657142877578735,
        "recall": 0.9628571450710297,
        "f1": 0.9642650124831901
      },
      "S7": {
        "accuracy": 0.8914285778999329,
        "precision": 0.8890476226806641,
        "recall": 0.8914285778999329,
        "f1": 0.8902213329799211
      },
      "S8": {
        "accuracy": 0.954285717010498,
        "precision": 0.9545985043048859,
        "recall": 0.9571428596973419,
        "f1": 0.9558131401317402
      },
      "S9": {
        "accuracy": 0.9285714328289032,
        "precision": 0.931335198879242,
        "recall": 0.9285714328289032,
        "f1": 0.9298947319057207
      },
      "S10": {
        "accuracy": 0.9416666626930237,
        "precision": 0.9475890159606933,
        "recall": 0.9444444417953491,
        "f1": 0.9459247089755172
      },
      "S11": {
        "accuracy": 0.899999988079071,
        "precision": 0.9004504382610321,
        "recall": 0.9027777671813965,
        "f1": 0.9015981621009856
      },
      "S13": {
        "accuracy": 0.9888888835906983,
        "precision": 0.9916666626930237,
        "recall": 0.9888888835906983,
        "f1": 0.9902582113077376
      },
      "S14": {
        "accuracy": 0.5833333313465119,
        "precision": 0.578065675497055,
        "recall": 0.5777777791023254,
        "f1": 0.5778110175353414
      },
      "S15": {
        "accuracy": 0.9916666626930237,
        "precision": 0.9916666626930237,
        "recall": 0.9888888835906983,
        "f1": 0.9902582113077376
      },
      "S16": {
        "accuracy": 0.9527777552604675,
        "precision": 0.9503753542900085,
        "recall": 0.955555534362793,
        "f1": 0.9529299636409707
      },
      "S17": {
        "accuracy": 0.7527777791023255,
        "precision": 0.7555920243263244,
        "recall": 0.7555555582046509,
        "f1": 0.7555453758198144
      },
      "average": {
        "accuracy": 0.906281354824702,
        "precision": 0.9069275383154551,
        "recall": 0.9060687812169392,
        "f1": 0.9064557024139288
      }
    },
    "std": {
      "S2": {
        "accuracy": 0.02858310774586484,
        "precision": 0.028337957207682736,
        "recall": 0.02858310774586484,
        "f1": 0.02812544979271955
      },
      "S3": {
        "accuracy": 0.05369828312339756,
        "precision": 0.04805455549777472,
        "recall": 0.0500864238080813,
        "f1": 0.0477490146946128
      },
      "S4": {
        "accuracy": 0.0,
        "precision": 0.0,
        "recall": 0.0,
        "f1": 0.0
      },
      "S5": {
        "accuracy": 0.012046771320693121,
        "precision": 0.012046771320693121,
        "recall": 0.012046771320693121,
        "f1": 0.012046771320693121
      },
      "S6": {
        "accuracy": 0.013801310364224842,
        "precision": 0.018070156981039674,
        "recall": 0.013801310364224842,
        "f1": 0.015398493264274164
      },
      "S7": {
        "accuracy": 0.03243692447789691,
        "precision": 0.03592004521542343,
        "recall": 0.03243692447789691,
        "f1": 0.03403981539910999
      },
      "S8": {
        "accuracy": 0.02409354264138623,
        "precision": 0.023515562384920224,
        "recall": 0.020203049686848544,
        "f1": 0.020559245208260364
      },
      "S9": {
        "accuracy": 0.027766435939492778,
        "precision": 0.027474717707677482,
        "recall": 0.027766435939492778,
        "f1": 0.026478164889236266
      },
      "S10": {
        "accuracy": 0.040253817896801235,
        "precision": 0.043514063781441056,
        "recall": 0.03464496577345876,
        "f1": 0.0381009708905014
      },
      "S11": {
        "accuracy": 0.054306943939586017,
        "precision": 0.05370791231723557,
        "recall": 0.05113591544539917,
        "f1": 0.05232608538874907
      },
      "S13": {
        "accuracy": 0.014344389603665861,
        "precision": 0.013417947829829939,
        "recall": 0.014344389603665861,
        "f1": 0.013183179871080223
      },
      "S14": {
        "accuracy": 0.032075007307704434,
        "precision": 0.03283482897951853,
        "recall": 0.03153589121439944,
        "f1": 0.03109899847678408
      },
      "S15": {
        "accuracy": 0.01341794782982994,
        "precision": 0.01341794782982994,
        "recall": 0.014344389603665885,
        "f1": 0.013183179871080251
      },
      "S16": {
        "accuracy": 0.013417947829829933,
        "precision": 0.017051761540906426,
        "recall": 0.01434438960366587,
        "f1": 0.014799532353012323
      },
      "S17": {
        "accuracy": 0.03574123753462865,
        "precision": 0.03363211290728776,
        "recall": 0.03414647723523802,
        "f1": 0.0335639933611393
      },
      "average": {
        "accuracy": 0.008691360276461547,
        "precision": 0.009075677796326296,
        "recall": 0.008389388213118956,
        "f1": 0.008600997492974962
      }
    },
    "poor_ratio": 0.0
  }
}