{
  "real_subj_cnt": 15,
  "real_path": "stress_slurm/data/wesad_1hz.pickle",
  "sliding_windows": false,
  "syn_subj_cnt": 10,
  "gan_config": {
    "gan_mode": "CGAN",
    "path": "stress_slurm/data/100_subj_cGAN.csv",
    "eps": null
  },
  "privacy_config": {
    "l2_norm_clip": 1.0,
    "eps": null,
    "num_unique_windows": null,
    "delta": null,
    "noise_multiplier": null
  },
  "train_config": {
    "nn_mode": "CNN",
    "epochs": 10,
    "batch_size": 50,
    "learning_rate": 0.001,
    "eval_mode": "LOSO",
    "random_seed": 42,
    "data_noise_parameter": null
  },
  "results": {
    "num_runs": 10,
    "mean": {
      "S2": {
        "accuracy": 0.9088235259056091,
        "precision": 0.9010737597942352,
        "recall": 0.9088235259056091,
        "f1": 0.9048556781394602
      },
      "S3": {
        "accuracy": 0.7735294103622437,
        "precision": 0.7729241967201232,
        "recall": 0.7764705836772918,
        "f1": 0.7745056917778352
      },
      "S4": {
        "accuracy": 0.9800000011920929,
        "precision": 0.9800793647766113,
        "recall": 0.9800000011920929,
        "f1": 0.9799994172189672
      },
      "S5": {
        "accuracy": 0.9885714292526245,
        "precision": 0.9885714292526245,
        "recall": 0.9857142865657806,
        "f1": 0.9871221539779412
      },
      "S6": {
        "accuracy": 0.9457142889499665,
        "precision": 0.9457142889499665,
        "recall": 0.9457142889499665,
        "f1": 0.9457142889499665
      },
      "S7": {
        "accuracy": 0.9171428620815277,
        "precision": 0.9169747948646545,
        "recall": 0.9142857193946838,
        "f1": 0.9156107710767909
      },
      "S8": {
        "accuracy": 0.9857142865657806,
        "precision": 0.9801587283611297,
        "recall": 0.9828571438789367,
        "f1": 0.981448108520525
      },
      "S9": {
        "accuracy": 0.9714285731315613,
        "precision": 0.9687301576137543,
        "recall": 0.9714285731315613,
        "f1": 0.9700603624263753
      },
      "S10": {
        "accuracy": 1.0,
        "precision": 0.9972972989082336,
        "recall": 1.0,
        "f1": 0.9986301378139884
      },
      "S11": {
        "accuracy": 0.8388888835906982,
        "precision": 0.8445690751075745,
        "recall": 0.8444444358348846,
        "f1": 0.8443803853073947
      },
      "S13": {
        "accuracy": 0.9972222208976745,
        "precision": 0.9972222208976745,
        "recall": 0.9972222208976745,
        "f1": 0.9972222208976745
      },
      "S14": {
        "accuracy": 0.5666666746139526,
        "precision": 0.5645077884197235,
        "recall": 0.5694444477558136,
        "f1": 0.5668999232040799
      },
      "S15": {
        "accuracy": 0.9972222208976745,
        "precision": 0.9945945918560029,
        "recall": 0.9972222208976745,
        "f1": 0.9958904089075826
      },
      "S16": {
        "accuracy": 0.9611110985279083,
        "precision": 0.9641141057014465,
        "recall": 0.9638888776302338,
        "f1": 0.9638856174003209
      },
      "S17": {
        "accuracy": 0.7166666626930237,
        "precision": 0.7236078917980194,
        "recall": 0.7194444417953492,
        "f1": 0.7214686880866082
      },
      "average": {
        "accuracy": 0.9032468092441558,
        "precision": 0.902675979534785,
        "recall": 0.9037973845005036,
        "f1": 0.9031795902470341
      }
    },
    "std": {
      "S2": {
        "accuracy": 0.03236779538050192,
        "precision": 0.033581334504224014,
        "recall": 0.03236779538050192,
        "f1": 0.03178971607691986
      },
      "S3": {
        "accuracy": 0.0279024500247957,
        "precision": 0.03842545716925556,
        "recall": 0.020564870572687487,
        "f1": 0.028192202968447815
      },
      "S4": {
        "accuracy": 0.01380131036422483,
        "precision": 0.013748725989017267,
        "recall": 0.01380131036422483,
        "f1": 0.012046847889404818
      },
      "S5": {
        "accuracy": 0.024093542641386242,
        "precision": 0.024093542641386242,
        "recall": 0.02428104385555971,
        "f1": 0.0237633288139768
      },
      "S6": {
        "accuracy": 0.009035078490519832,
        "precision": 0.009035078490519832,
        "recall": 0.009035078490519832,
        "f1": 0.009035078490519832
      },
      "S7": {
        "accuracy": 0.016218462238948454,
        "precision": 0.015928500962059312,
        "recall": 0.013468699791232362,
        "f1": 0.014105441987718436
      },
      "S8": {
        "accuracy": 0.020203049686848537,
        "precision": 0.01920860854142287,
        "recall": 0.019977310202976623,
        "f1": 0.017886510129614924
      },
      "S9": {
        "accuracy": 0.0,
        "precision": 0.008533139109812791,
        "recall": 0.0,
        "f1": 0.004326662147412948
      },
      "S10": {
        "accuracy": 0.0,
        "precision": 0.00854669128460544,
        "recall": 0.0,
        "f1": 0.004331884588334201
      },
      "S11": {
        "accuracy": 0.028688757405042595,
        "precision": 0.022103230367044115,
        "recall": 0.026835879207216484,
        "f1": 0.022127186494571818
      },
      "S13": {
        "accuracy": 0.008784108800166317,
        "precision": 0.008784108800166317,
        "recall": 0.008784108800166317,
        "f1": 0.008784108800166317
      },
      "S14": {
        "accuracy": 0.023424263431536647,
        "precision": 0.020790351960832714,
        "recall": 0.03000341587446023,
        "f1": 0.02490798209961835
      },
      "S15": {
        "accuracy": 0.008784108800166309,
        "precision": 0.017093401417854554,
        "recall": 0.008784108800166309,
        "f1": 0.012995668103978246
      },
      "S16": {
        "accuracy": 0.019422380183663903,
        "precision": 0.022762593934526107,
        "recall": 0.022868680627724274,
        "f1": 0.019830558241761945
      },
      "S17": {
        "accuracy": 0.04303314914618819,
        "precision": 0.04551879439608837,
        "recall": 0.04430920902907408,
        "f1": 0.0444241425806386
      },
      "average": {
        "accuracy": 0.004763267653227277,
        "precision": 0.005050331124592847,
        "recall": 0.005020414620059678,
        "f1": 0.004753179484538803
      }
    },
    "poor_ratio": 0.0
  }
}