{
  "real_subj_cnt": 15,
  "real_path": "stress_slurm/data/wesad_1hz.pickle",
  "sliding_windows": false,
  "syn_subj_cnt": 15,
  "gan_config": {
    "gan_mode": "CGAN",
    "path": "stress_slurm/data/100_subj_cGAN.csv",
    "eps": null
  },
  "privacy_config": {
    "l2_norm_clip": 1.0,
    "eps": null,
    "num_unique_windows": null,
    "delta": null,
    "noise_multiplier": null
  },
  "train_config": {
    "nn_mode": "CNN",
    "epochs": 10,
    "batch_size": 50,
    "learning_rate": 0.001,
    "eval_mode": "LOSO",
    "random_seed": 42,
    "data_noise_parameter": null
  },
  "results": {
    "num_runs": 10,
    "mean": {
      "S2": {
        "accuracy": 0.9294117629528046,
        "precision": 0.9191363215446472,
        "recall": 0.9294117629528046,
        "f1": 0.9241639257930367
      },
      "S3": {
        "accuracy": 0.8647058725357055,
        "precision": 0.8603717803955078,
        "recall": 0.8676470518112183,
        "f1": 0.8638841720378121
      },
      "S4": {
        "accuracy": 0.9828571438789367,
        "precision": 0.9828571438789367,
        "recall": 0.9800000011920929,
        "f1": 0.9814078686042533
      },
      "S5": {
        "accuracy": 0.9857142865657806,
        "precision": 0.9857889771461487,
        "recall": 0.9857142865657806,
        "f1": 0.9857125339604911
      },
      "S6": {
        "accuracy": 0.954285717010498,
        "precision": 0.9542016804218292,
        "recall": 0.9514285743236541,
        "f1": 0.9527950324235507
      },
      "S7": {
        "accuracy": 0.8942857205867767,
        "precision": 0.8970354795455933,
        "recall": 0.8942857205867767,
        "f1": 0.8956055197263508
      },
      "S8": {
        "accuracy": 0.9742857158184052,
        "precision": 0.9741970062255859,
        "recall": 0.9714285731315613,
        "f1": 0.9727530379460679
      },
      "S9": {
        "accuracy": 0.9714285731315613,
        "precision": 0.9714285731315613,
        "recall": 0.9714285731315613,
        "f1": 0.9714285731315613
      },
      "S10": {
        "accuracy": 0.9916666626930237,
        "precision": 0.9941919207572937,
        "recall": 0.9861111104488373,
        "f1": 0.9899758457686815
      },
      "S11": {
        "accuracy": 0.8444444358348846,
        "precision": 0.8431746006011963,
        "recall": 0.8361111044883728,
        "f1": 0.839593109586035
      },
      "S13": {
        "accuracy": 0.9944444417953491,
        "precision": 0.9972222208976745,
        "recall": 0.9944444417953491,
        "f1": 0.9958137695123884
      },
      "S14": {
        "accuracy": 0.5388888925313949,
        "precision": 0.543374291062355,
        "recall": 0.5416666716337204,
        "f1": 0.5423790770835374
      },
      "S15": {
        "accuracy": 1.0,
        "precision": 1.0,
        "recall": 1.0,
        "f1": 1.0
      },
      "S16": {
        "accuracy": 0.9694444358348846,
        "precision": 0.9719047546386719,
        "recall": 0.9666666567325592,
        "f1": 0.9692488176532738
      },
      "S17": {
        "accuracy": 0.702777773141861,
        "precision": 0.6943629384040833,
        "recall": 0.699999988079071,
        "f1": 0.69708662544296
      },
      "average": {
        "accuracy": 0.9065760956207912,
        "precision": 0.9059498459100723,
        "recall": 0.905089634458224,
        "f1": 0.9054565272446666
      }
    },
    "std": {
      "S2": {
        "accuracy": 0.020564883833205937,
        "precision": 0.03366929652146352,
        "recall": 0.020564883833205937,
        "f1": 0.026585435924718098
      },
      "S3": {
        "accuracy": 0.031616690238955025,
        "precision": 0.034363229734065415,
        "recall": 0.03176833026476622,
        "f1": 0.0314941904149939
      },
      "S4": {
        "accuracy": 0.014754221391846173,
        "precision": 0.014754221391846173,
        "recall": 0.01380131036422483,
        "f1": 0.013545499390347101
      },
      "S5": {
        "accuracy": 0.02428104385555971,
        "precision": 0.024030652363790688,
        "recall": 0.0242810438555597,
        "f1": 0.023332643332462488
      },
      "S6": {
        "accuracy": 0.01475422139184617,
        "precision": 0.014647739644693635,
        "recall": 0.01380131036422483,
        "f1": 0.013532201350016971
      },
      "S7": {
        "accuracy": 0.027105235471559512,
        "precision": 0.02665657028465138,
        "recall": 0.023522072950791246,
        "f1": 0.0240857054352635
      },
      "S8": {
        "accuracy": 0.01621846223894846,
        "precision": 0.009078218760915911,
        "recall": 0.019047617912292477,
        "f1": 0.01270644245658832
      },
      "S9": {
        "accuracy": 0.0,
        "precision": 0.0,
        "recall": 0.0,
        "f1": 0.0
      },
      "S10": {
        "accuracy": 0.01874857998753069,
        "precision": 0.012258963719640959,
        "recall": 0.03525820737409741,
        "f1": 0.023612059641462537
      },
      "S11": {
        "accuracy": 0.02683587920721646,
        "precision": 0.026584862959184812,
        "recall": 0.02762301758274653,
        "f1": 0.026513129578529207
      },
      "S13": {
        "accuracy": 0.011712145066888412,
        "precision": 0.008784108800166309,
        "recall": 0.011712145066888412,
        "f1": 0.009397008670901336
      },
      "S14": {
        "accuracy": 0.05105202612908012,
        "precision": 0.04679279237564534,
        "recall": 0.047664949103156745,
        "f1": 0.046371903917048776
      },
      "S15": {
        "accuracy": 0.0,
        "precision": 0.0,
        "recall": 0.0,
        "f1": 0.0
      },
      "S16": {
        "accuracy": 0.02432208155361615,
        "precision": 0.02333207201029584,
        "recall": 0.0315358993813076,
        "f1": 0.027241584730758352
      },
      "S17": {
        "accuracy": 0.0490828059899766,
        "precision": 0.04464758969368135,
        "recall": 0.04498132455451719,
        "f1": 0.044038425582028265
      },
      "average": {
        "accuracy": 0.007306894175833634,
        "precision": 0.00817678985057528,
        "recall": 0.005631914563402837,
        "f1": 0.006820075443979256
      }
    },
    "poor_ratio": 0.0
  }
}