{
  "real_subj_cnt": 15,
  "real_path": "stress_slurm/data/wesad_1hz.pickle",
  "sliding_windows": false,
  "syn_subj_cnt": 50,
  "gan_config": {
    "gan_mode": "CGAN",
    "path": "stress_slurm/data/100_subj_cGAN.csv",
    "eps": null
  },
  "privacy_config": {
    "l2_norm_clip": 1.0,
    "eps": null,
    "num_unique_windows": null,
    "delta": null,
    "noise_multiplier": null
  },
  "train_config": {
    "nn_mode": "CNN",
    "epochs": 10,
    "batch_size": 50,
    "learning_rate": 0.001,
    "eval_mode": "LOSO",
    "random_seed": 42,
    "data_noise_parameter": null
  },
  "results": {
    "num_runs": 10,
    "mean": {
      "S2": {
        "accuracy": 0.9235294044017792,
        "precision": 0.9237815082073212,
        "recall": 0.9264705836772918,
        "f1": 0.9251065598894282
      },
      "S3": {
        "accuracy": 0.8764705777168273,
        "precision": 0.8803785860538482,
        "recall": 0.8823529243469238,
        "f1": 0.8810752762626907
      },
      "S4": {
        "accuracy": 0.9828571438789367,
        "precision": 0.9828571438789367,
        "recall": 0.9828571438789367,
        "f1": 0.9828571438789367
      },
      "S5": {
        "accuracy": 0.9885714292526245,
        "precision": 0.9857936501502991,
        "recall": 0.9885714292526245,
        "f1": 0.9871629778673384
      },
      "S6": {
        "accuracy": 0.9485714316368103,
        "precision": 0.9485714316368103,
        "recall": 0.9485714316368103,
        "f1": 0.9485714316368103
      },
      "S7": {
        "accuracy": 0.9114285767078399,
        "precision": 0.9116666734218597,
        "recall": 0.9142857193946838,
        "f1": 0.9129577524343716
      },
      "S8": {
        "accuracy": 0.9800000011920929,
        "precision": 0.9827731072902679,
        "recall": 0.9800000011920929,
        "f1": 0.9813664592919894
      },
      "S9": {
        "accuracy": 0.9714285731315613,
        "precision": 0.9714285731315613,
        "recall": 0.9714285731315613,
        "f1": 0.9714285731315613
      },
      "S10": {
        "accuracy": 0.9444444417953491,
        "precision": 0.9475933074951172,
        "recall": 0.9444444417953491,
        "f1": 0.9458855400293767
      },
      "S11": {
        "accuracy": 0.8666666626930237,
        "precision": 0.872196477651596,
        "recall": 0.8694444417953491,
        "f1": 0.8707687489311257
      },
      "S13": {
        "accuracy": 0.9833333313465118,
        "precision": 0.9878787875175477,
        "recall": 0.9805555582046509,
        "f1": 0.9840579722914669
      },
      "S14": {
        "accuracy": 0.6138888835906983,
        "precision": 0.6115873038768769,
        "recall": 0.6083333313465118,
        "f1": 0.6099374022826247
      },
      "S15": {
        "accuracy": 0.9888888835906983,
        "precision": 0.9888888835906983,
        "recall": 0.9888888835906983,
        "f1": 0.9888888835906983
      },
      "S16": {
        "accuracy": 0.9638888776302338,
        "precision": 0.9638888776302338,
        "recall": 0.9638888776302338,
        "f1": 0.9638888776302338
      },
      "S17": {
        "accuracy": 0.6388888835906983,
        "precision": 0.6390908569097519,
        "recall": 0.6416666686534882,
        "f1": 0.6402906626121566
      },
      "average": {
        "accuracy": 0.905523806810379,
        "precision": 0.9065583445628483,
        "recall": 0.9061173339684805,
        "f1": 0.906282950784054
      }
    },
    "std": {
      "S2": {
        "accuracy": 0.02056488572756722,
        "precision": 0.020419577113305627,
        "recall": 0.02079726405505793,
        "f1": 0.020163229798093898
      },
      "S3": {
        "accuracy": 0.036155065528059215,
        "precision": 0.034790923626746725,
        "recall": 0.03396177278082858,
        "f1": 0.030276772425961426
      },
      "S4": {
        "accuracy": 0.014754221391846171,
        "precision": 0.014754221391846171,
        "recall": 0.014754221391846171,
        "f1": 0.014754221391846171
      },
      "S5": {
        "accuracy": 0.019977310202976623,
        "precision": 0.020142162835984596,
        "recall": 0.019977310202976623,
        "f1": 0.019574475324083126
      },
      "S6": {
        "accuracy": 0.012046771320693114,
        "precision": 0.012046771320693114,
        "recall": 0.012046771320693114,
        "f1": 0.012046771320693114
      },
      "S7": {
        "accuracy": 0.009035078490519838,
        "precision": 0.009149386255940781,
        "recall": 0.013468699791232363,
        "f1": 0.010710998039829599
      },
      "S8": {
        "accuracy": 0.019284243356585254,
        "precision": 0.014828753582284557,
        "recall": 0.019284243356585254,
        "f1": 0.01666634657557344
      },
      "S9": {
        "accuracy": 0.0,
        "precision": 0.0,
        "recall": 0.0,
        "f1": 0.0
      },
      "S10": {
        "accuracy": 0.03464496577345874,
        "precision": 0.04181797740662321,
        "recall": 0.03464496577345874,
        "f1": 0.0364837167865602
      },
      "S11": {
        "accuracy": 0.0219114170522455,
        "precision": 0.02862036743741724,
        "recall": 0.018748579987530694,
        "f1": 0.023124763261769408
      },
      "S13": {
        "accuracy": 0.05270463395235421,
        "precision": 0.03833063944741331,
        "recall": 0.061488723903876864,
        "f1": 0.0504131180804797
      },
      "S14": {
        "accuracy": 0.024322095924643374,
        "precision": 0.02651105409283948,
        "recall": 0.03056958465976189,
        "f1": 0.028434625883328134
      },
      "S15": {
        "accuracy": 0.014344389603665885,
        "precision": 0.014344389603665885,
        "recall": 0.014344389603665885,
        "f1": 0.014344389603665885
      },
      "S16": {
        "accuracy": 0.01874856330677242,
        "precision": 0.01874856330677242,
        "recall": 0.01874856330677242,
        "f1": 0.01874856330677242
      },
      "S17": {
        "accuracy": 0.08281732978503106,
        "precision": 0.0830524809912554,
        "recall": 0.07796493965151682,
        "f1": 0.08023943970262824
      },
      "average": {
        "accuracy": 0.00818105470040084,
        "precision": 0.007372954679395498,
        "recall": 0.008775453875667333,
        "f1": 0.007769967879254655
      }
    },
    "poor_ratio": 0.0
  }
}