{
  "real_subj_cnt": 15,
  "real_path": "stress_slurm/data/wesad_1hz.pickle",
  "sliding_windows": false,
  "syn_subj_cnt": 10,
  "gan_config": {
    "gan_mode": "CGAN",
    "path": "stress_slurm/data/100_subj_cGAN.csv",
    "eps": null
  },
  "privacy_config": {
    "l2_norm_clip": 1.0,
    "eps": null,
    "num_unique_windows": null,
    "delta": null,
    "noise_multiplier": null
  },
  "train_config": {
    "nn_mode": "Transformer",
    "epochs": 110,
    "batch_size": 50,
    "learning_rate": 0.0001,
    "eval_mode": "LOSO",
    "random_seed": 42,
    "data_noise_parameter": null
  },
  "results": {
    "num_runs": 10,
    "mean": {
      "S2": {
        "accuracy": 0.8617646992206573,
        "precision": 0.8622689008712768,
        "recall": 0.8647058725357055,
        "f1": 0.8634697275110664
      },
      "S3": {
        "accuracy": 0.6970588326454162,
        "precision": 0.7012477815151215,
        "recall": 0.6970588326454162,
        "f1": 0.699122046263825
      },
      "S4": {
        "accuracy": 0.9742857158184052,
        "precision": 0.9742857158184052,
        "recall": 0.9742857158184052,
        "f1": 0.9742857158184052
      },
      "S5": {
        "accuracy": 0.8800000071525573,
        "precision": 0.8734041154384613,
        "recall": 0.8857142925262451,
        "f1": 0.8794355036470819
      },
      "S6": {
        "accuracy": 0.954285717010498,
        "precision": 0.9544444441795349,
        "recall": 0.9571428596973419,
        "f1": 0.9557746489921559
      },
      "S7": {
        "accuracy": 0.754285728931427,
        "precision": 0.751666682958603,
        "recall": 0.754285728931427,
        "f1": 0.7529577619711147
      },
      "S8": {
        "accuracy": 0.954285717010498,
        "precision": 0.9546825408935546,
        "recall": 0.9600000023841858,
        "f1": 0.9573038247186876
      },
      "S9": {
        "accuracy": 0.954285717010498,
        "precision": 0.9490347504615784,
        "recall": 0.954285717010498,
        "f1": 0.9515873036266844
      },
      "S10": {
        "accuracy": 0.9694444358348846,
        "precision": 0.9719841182231903,
        "recall": 0.9666666567325592,
        "f1": 0.9692879405576921
      },
      "S11": {
        "accuracy": 0.8333333313465119,
        "precision": 0.8427083313465118,
        "recall": 0.8222222208976746,
        "f1": 0.8318627434824577
      },
      "S13": {
        "accuracy": 0.952777773141861,
        "precision": 0.952777773141861,
        "recall": 0.952777773141861,
        "f1": 0.952777773141861
      },
      "S14": {
        "accuracy": 0.5472222119569778,
        "precision": 0.5489682525396347,
        "recall": 0.5444444388151168,
        "f1": 0.5466744878052766
      },
      "S15": {
        "accuracy": 0.9916666626930237,
        "precision": 0.9916666626930237,
        "recall": 0.9916666626930237,
        "f1": 0.9916666626930237
      },
      "S16": {
        "accuracy": 0.9611111044883728,
        "precision": 0.9651368975639343,
        "recall": 0.95,
        "f1": 0.9567736052749867
      },
      "S17": {
        "accuracy": 0.6999999940395355,
        "precision": 0.6994788885116577,
        "recall": 0.7055555522441864,
        "f1": 0.7023231111683402
      },
      "average": {
        "accuracy": 0.8657205098867417,
        "precision": 0.8662503904104233,
        "recall": 0.8653874884049098,
        "f1": 0.8656868571115106
      }
    },
    "std": {
      "S2": {
        "accuracy": 0.06510572087985922,
        "precision": 0.06479549706928682,
        "recall": 0.06383851810045467,
        "f1": 0.06421023661602485
      },
      "S3": {
        "accuracy": 0.06361225461646115,
        "precision": 0.06400281472053881,
        "recall": 0.06361225461646115,
        "f1": 0.0636512037779317
      },
      "S4": {
        "accuracy": 0.016218462238948458,
        "precision": 0.016218462238948458,
        "recall": 0.016218462238948458,
        "f1": 0.016218462238948458
      },
      "S5": {
        "accuracy": 0.12031703433219315,
        "precision": 0.12385833166063347,
        "recall": 0.12562766830508243,
        "f1": 0.12436506847468239
      },
      "S6": {
        "accuracy": 0.019977310202976623,
        "precision": 0.019882497331330733,
        "recall": 0.020203049686848547,
        "f1": 0.01958182739414211
      },
      "S7": {
        "accuracy": 0.08539623022983495,
        "precision": 0.07914294183231275,
        "recall": 0.08539623022983495,
        "f1": 0.08218071391889901
      },
      "S8": {
        "accuracy": 0.03353679202325894,
        "precision": 0.03317010646052352,
        "recall": 0.030713361020002064,
        "f1": 0.03148759882568343
      },
      "S9": {
        "accuracy": 0.03856848671317051,
        "precision": 0.0395375499409693,
        "recall": 0.03856848671317051,
        "f1": 0.03817781844258332
      },
      "S10": {
        "accuracy": 0.02762302624053985,
        "precision": 0.02290171819031745,
        "recall": 0.02868876766494582,
        "f1": 0.025386018430746022
      },
      "S11": {
        "accuracy": 0.07522258678793409,
        "precision": 0.08378303272709907,
        "recall": 0.07196059490206379,
        "f1": 0.07469007097245299
      },
      "S13": {
        "accuracy": 0.04545532264334033,
        "precision": 0.04545532264334033,
        "recall": 0.04545532264334033,
        "f1": 0.04545532264334033
      },
      "S14": {
        "accuracy": 0.08981957779605193,
        "precision": 0.08875181782799928,
        "recall": 0.08900454555669905,
        "f1": 0.08880403680353503
      },
      "S15": {
        "accuracy": 0.018748579987530697,
        "precision": 0.018748579987530697,
        "recall": 0.018748579987530697,
        "f1": 0.018748579987530697
      },
      "S16": {
        "accuracy": 0.05737753532988475,
        "precision": 0.04516756408019123,
        "recall": 0.08156561187863708,
        "f1": 0.062238424428283576
      },
      "S17": {
        "accuracy": 0.08566690932525822,
        "precision": 0.0847748255271247,
        "recall": 0.09091064609610801,
        "f1": 0.08710564330986074
      },
      "average": {
        "accuracy": 0.020945246991304543,
        "precision": 0.021954447298358028,
        "recall": 0.02031075140507317,
        "f1": 0.020971932725548925
      }
    },
    "poor_ratio": 0.0
  }
}