{
  "real_subj_cnt": 15,
  "real_path": "stress_slurm/data/wesad_1hz.pickle",
  "sliding_windows": false,
  "syn_subj_cnt": 30,
  "gan_config": {
    "gan_mode": "CGAN",
    "path": "stress_slurm/data/100_subj_cGAN.csv",
    "eps": null
  },
  "privacy_config": {
    "l2_norm_clip": 1.0,
    "eps": null,
    "num_unique_windows": null,
    "delta": null,
    "noise_multiplier": null
  },
  "train_config": {
    "nn_mode": "Transformer",
    "epochs": 110,
    "batch_size": 50,
    "learning_rate": 0.0001,
    "eval_mode": "LOSO",
    "random_seed": 42,
    "data_noise_parameter": null
  },
  "results": {
    "num_runs": 10,
    "mean": {
      "S2": {
        "accuracy": 0.8999999940395356,
        "precision": 0.8973796784877777,
        "recall": 0.8999999940395356,
        "f1": 0.8986315194029801
      },
      "S3": {
        "accuracy": 0.7764705896377564,
        "precision": 0.7839040637016297,
        "recall": 0.7823529422283173,
        "f1": 0.7830203220715539
      },
      "S4": {
        "accuracy": 0.9685714304447174,
        "precision": 0.9684873938560485,
        "recall": 0.9657142877578735,
        "f1": 0.96708074585777
      },
      "S5": {
        "accuracy": 0.8400000095367431,
        "precision": 0.8419276893138885,
        "recall": 0.8342857241630555,
        "f1": 0.8380099960940024
      },
      "S6": {
        "accuracy": 0.9514285743236541,
        "precision": 0.9514285743236541,
        "recall": 0.9514285743236541,
        "f1": 0.9514285743236541
      },
      "S7": {
        "accuracy": 0.8171428680419922,
        "precision": 0.8154761970043183,
        "recall": 0.8200000107288361,
        "f1": 0.8177062459938869
      },
      "S8": {
        "accuracy": 0.9457142889499665,
        "precision": 0.9456302523612976,
        "recall": 0.9428571462631226,
        "f1": 0.944223604363019
      },
      "S9": {
        "accuracy": 0.9628571450710297,
        "precision": 0.9655462205410004,
        "recall": 0.9628571450710297,
        "f1": 0.9641821967531368
      },
      "S10": {
        "accuracy": 0.9916666626930237,
        "precision": 0.9916666626930237,
        "recall": 0.9916666626930237,
        "f1": 0.9916666626930237
      },
      "S11": {
        "accuracy": 0.9055555522441864,
        "precision": 0.9026812493801117,
        "recall": 0.9055555462837219,
        "f1": 0.904065635665237
      },
      "S13": {
        "accuracy": 0.9611110985279083,
        "precision": 0.9611110985279083,
        "recall": 0.9611110985279083,
        "f1": 0.9611110985279083
      },
      "S14": {
        "accuracy": 0.6527777791023255,
        "precision": 0.6532866537570954,
        "recall": 0.647222226858139,
        "f1": 0.6501833273445454
      },
      "S15": {
        "accuracy": 0.9861111044883728,
        "precision": 0.988725483417511,
        "recall": 0.9833333313465118,
        "f1": 0.9859523767062596
      },
      "S16": {
        "accuracy": 0.8972222208976746,
        "precision": 0.8974259972572327,
        "recall": 0.8999999940395356,
        "f1": 0.8986622903307318
      },
      "S17": {
        "accuracy": 0.747222226858139,
        "precision": 0.7474324345588684,
        "recall": 0.7444444477558136,
        "f1": 0.7458662963665861
      },
      "average": {
        "accuracy": 0.8869234363238017,
        "precision": 0.887473976612091,
        "recall": 0.8861886088053386,
        "f1": 0.8867860594996196
      }
    },
    "std": {
      "S2": {
        "accuracy": 0.0442807381185519,
        "precision": 0.04617500400492754,
        "recall": 0.04842779001166636,
        "f1": 0.04669526310706743
      },
      "S3": {
        "accuracy": 0.1102232818810959,
        "precision": 0.10062527557774532,
        "recall": 0.10757541923912733,
        "f1": 0.10386009704831184
      },
      "S4": {
        "accuracy": 0.016218462238948454,
        "precision": 0.01620418381986606,
        "recall": 0.018070156981039677,
        "f1": 0.016607084611509962
      },
      "S5": {
        "accuracy": 0.11204144985402016,
        "precision": 0.10936661460044045,
        "recall": 0.10588145738182857,
        "f1": 0.10719016107801971
      },
      "S6": {
        "accuracy": 0.02710523547155951,
        "precision": 0.02710523547155951,
        "recall": 0.02710523547155951,
        "f1": 0.02710523547155951
      },
      "S7": {
        "accuracy": 0.08954406531832439,
        "precision": 0.09186962357078235,
        "recall": 0.09139879923037875,
        "f1": 0.09151250655897665
      },
      "S8": {
        "accuracy": 0.028412253335404866,
        "precision": 0.028328866383650574,
        "recall": 0.02693739958246473,
        "f1": 0.027281780983892837
      },
      "S9": {
        "accuracy": 0.019284243356585254,
        "precision": 0.012407413596791065,
        "recall": 0.019284243356585254,
        "f1": 0.015697713800463493
      },
      "S10": {
        "accuracy": 0.018748579987530684,
        "precision": 0.018748579987530684,
        "recall": 0.018748579987530684,
        "f1": 0.018748579987530684
      },
      "S11": {
        "accuracy": 0.05105203081360406,
        "precision": 0.04645563093316224,
        "recall": 0.05586334323906488,
        "f1": 0.050846041127482616
      },
      "S13": {
        "accuracy": 0.029860212102781437,
        "precision": 0.029860212102781437,
        "recall": 0.029860212102781437,
        "f1": 0.029860212102781437
      },
      "S14": {
        "accuracy": 0.09733239202172339,
        "precision": 0.09706627798666709,
        "recall": 0.09263888038760186,
        "f1": 0.09459649935465445
      },
      "S15": {
        "accuracy": 0.02360658307867944,
        "precision": 0.019584389140447495,
        "recall": 0.02986021333495646,
        "f1": 0.023921114806989344
      },
      "S16": {
        "accuracy": 0.0524600493632504,
        "precision": 0.05094972443735471,
        "recall": 0.054306945972087864,
        "f1": 0.052211481535481885
      },
      "S17": {
        "accuracy": 0.10096413683026391,
        "precision": 0.10152403345621018,
        "recall": 0.09514986837517986,
        "f1": 0.09809392487770138
      },
      "average": {
        "accuracy": 0.0136068602273623,
        "precision": 0.014071680949338293,
        "recall": 0.012848053544494642,
        "f1": 0.013397752209318603
      }
    },
    "poor_ratio": 0.0
  }
}