{
  "real_subj_cnt": 15,
  "real_path": "stress_slurm/data/wesad_1hz.pickle",
  "sliding_windows": false,
  "syn_subj_cnt": 5,
  "gan_config": {
    "gan_mode": "CGAN",
    "path": "stress_slurm/data/100_subj_cGAN.csv",
    "eps": null
  },
  "privacy_config": {
    "l2_norm_clip": 1.0,
    "eps": null,
    "num_unique_windows": null,
    "delta": null,
    "noise_multiplier": null
  },
  "train_config": {
    "nn_mode": "Transformer",
    "epochs": 110,
    "batch_size": 50,
    "learning_rate": 0.0001,
    "eval_mode": "LOSO",
    "random_seed": 42,
    "data_noise_parameter": null
  },
  "results": {
    "num_runs": 10,
    "mean": {
      "S2": {
        "accuracy": 0.8558823525905609,
        "precision": 0.8586198151111603,
        "recall": 0.8588235318660736,
        "f1": 0.8586861120873472
      },
      "S3": {
        "accuracy": 0.6911764800548553,
        "precision": 0.681018841266632,
        "recall": 0.679411768913269,
        "f1": 0.6799682209499729
      },
      "S4": {
        "accuracy": 0.9714285731315613,
        "precision": 0.9714285731315613,
        "recall": 0.9714285731315613,
        "f1": 0.9714285731315613
      },
      "S5": {
        "accuracy": 0.8714285790920258,
        "precision": 0.8735294163227081,
        "recall": 0.8685714364051819,
        "f1": 0.871014498997025
      },
      "S6": {
        "accuracy": 0.9571428596973419,
        "precision": 0.9571428596973419,
        "recall": 0.9571428596973419,
        "f1": 0.9571428596973419
      },
      "S7": {
        "accuracy": 0.8628571510314942,
        "precision": 0.8653781592845917,
        "recall": 0.8628571510314942,
        "f1": 0.8640993869835478
      },
      "S8": {
        "accuracy": 0.954285717010498,
        "precision": 0.9544444441795349,
        "recall": 0.9571428596973419,
        "f1": 0.9557746489921559
      },
      "S9": {
        "accuracy": 0.9514285743236541,
        "precision": 0.9545938372612,
        "recall": 0.954285717010498,
        "f1": 0.9544035237725934
      },
      "S10": {
        "accuracy": 0.9805555462837219,
        "precision": 0.9804761826992034,
        "recall": 0.9777777671813965,
        "f1": 0.9791079719940174
      },
      "S11": {
        "accuracy": 0.7555555641651154,
        "precision": 0.7464714825153351,
        "recall": 0.7527777850627899,
        "f1": 0.7495814399617231
      },
      "S13": {
        "accuracy": 0.9388888955116272,
        "precision": 0.9415079414844513,
        "recall": 0.9388888955116272,
        "f1": 0.940179974524139
      },
      "S14": {
        "accuracy": 0.4055555582046509,
        "precision": 0.40374518036842344,
        "recall": 0.40277777910232543,
        "f1": 0.4032317230084324
      },
      "S15": {
        "accuracy": 0.9666666626930237,
        "precision": 0.9666666626930237,
        "recall": 0.9638888835906982,
        "f1": 0.9652582113077376
      },
      "S16": {
        "accuracy": 0.9111111164093018,
        "precision": 0.9160749793052674,
        "recall": 0.9194444477558136,
        "f1": 0.9175845853258549
      },
      "S17": {
        "accuracy": 0.5861111164093018,
        "precision": 0.5848811507225037,
        "recall": 0.5805555582046509,
        "f1": 0.5826383472199246
      },
      "average": {
        "accuracy": 0.8440049831072489,
        "precision": 0.8437319684028626,
        "recall": 0.8430516676108042,
        "f1": 0.8433400051968917
      }
    },
    "std": {
      "S2": {
        "accuracy": 0.06994532837364373,
        "precision": 0.06688337889029806,
        "recall": 0.07042464616482987,
        "f1": 0.06845929799083199
      },
      "S3": {
        "accuracy": 0.0963082342147489,
        "precision": 0.09586748022859984,
        "recall": 0.10230897369317422,
        "f1": 0.0981486254616759
      },
      "S4": {
        "accuracy": 0.013468699791232368,
        "precision": 0.013468699791232368,
        "recall": 0.013468699791232368,
        "f1": 0.013468699791232368
      },
      "S5": {
        "accuracy": 0.10279538980112124,
        "precision": 0.10112723009107724,
        "recall": 0.10186469455407403,
        "f1": 0.10136693616358719
      },
      "S6": {
        "accuracy": 0.015058464150866395,
        "precision": 0.015058464150866395,
        "recall": 0.015058464150866395,
        "f1": 0.015058464150866395
      },
      "S7": {
        "accuracy": 0.0722806279241587,
        "precision": 0.07249849100448023,
        "recall": 0.0722806279241587,
        "f1": 0.07227825572652305
      },
      "S8": {
        "accuracy": 0.033536792023258946,
        "precision": 0.03348040018272995,
        "recall": 0.0336717494780809,
        "f1": 0.033302724518563726
      },
      "S9": {
        "accuracy": 0.04675404562708375,
        "precision": 0.0436544600244653,
        "recall": 0.0385684867131705,
        "f1": 0.04081720489803912
      },
      "S10": {
        "accuracy": 0.02635232640049893,
        "precision": 0.026381390964358115,
        "recall": 0.028688779207331767,
        "f1": 0.027243471952633547
      },
      "S11": {
        "accuracy": 0.08958064287993722,
        "precision": 0.08465493121926945,
        "recall": 0.086314972201217,
        "f1": 0.08532599290623721
      },
      "S13": {
        "accuracy": 0.031535887714291264,
        "precision": 0.030557661976987432,
        "recall": 0.031535887714291264,
        "f1": 0.030780255259237332
      },
      "S14": {
        "accuracy": 0.12505142494350163,
        "precision": 0.1268366275936146,
        "recall": 0.12712527601536525,
        "f1": 0.126872463495925
      },
      "S15": {
        "accuracy": 0.06904204069268018,
        "precision": 0.06904204069268018,
        "recall": 0.06810435016140397,
        "f1": 0.06842741403397003
      },
      "S16": {
        "accuracy": 0.10210406054616218,
        "precision": 0.09460687575407227,
        "recall": 0.08119688540507708,
        "f1": 0.08752981694352029
      },
      "S17": {
        "accuracy": 0.08328187839394244,
        "precision": 0.08432360773616847,
        "recall": 0.074593086210581,
        "f1": 0.07914231901819935
      },
      "average": {
        "accuracy": 0.019627308212026327,
        "precision": 0.01843451539794852,
        "recall": 0.01993327313093512,
        "f1": 0.019145780261066333
      }
    },
    "poor_ratio": 0.0
  }
}