{
  "real_subj_cnt": 15,
  "real_path": "stress_slurm/data/wesad_1hz.pickle",
  "sliding_windows": false,
  "syn_subj_cnt": 15,
  "gan_config": {
    "gan_mode": "CGAN",
    "path": "stress_slurm/data/100_subj_cGAN.csv",
    "eps": null
  },
  "privacy_config": {
    "l2_norm_clip": 1.0,
    "eps": null,
    "num_unique_windows": null,
    "delta": null,
    "noise_multiplier": null
  },
  "train_config": {
    "nn_mode": "Transformer",
    "epochs": 110,
    "batch_size": 50,
    "learning_rate": 0.0001,
    "eval_mode": "LOSO",
    "random_seed": 42,
    "data_noise_parameter": null
  },
  "results": {
    "num_runs": 10,
    "mean": {
      "S2": {
        "accuracy": 0.8941176414489747,
        "precision": 0.895194810628891,
        "recall": 0.8970588266849517,
        "f1": 0.8960739822060904
      },
      "S3": {
        "accuracy": 0.7352941155433654,
        "precision": 0.7363636374473572,
        "recall": 0.73529412150383,
        "f1": 0.7357142881091676
      },
      "S4": {
        "accuracy": 0.9657142877578735,
        "precision": 0.9686507940292358,
        "recall": 0.9685714304447174,
        "f1": 0.9685708464715918
      },
      "S5": {
        "accuracy": 0.8457142949104309,
        "precision": 0.8485714375972748,
        "recall": 0.842857152223587,
        "f1": 0.8456302613071504
      },
      "S6": {
        "accuracy": 0.9457142889499665,
        "precision": 0.9457142889499665,
        "recall": 0.9457142889499665,
        "f1": 0.9457142889499665
      },
      "S7": {
        "accuracy": 0.8400000095367431,
        "precision": 0.8374603271484375,
        "recall": 0.8400000095367431,
        "f1": 0.838712283256531
      },
      "S8": {
        "accuracy": 0.9428571462631226,
        "precision": 0.9428571462631226,
        "recall": 0.9428571462631226,
        "f1": 0.9428571462631226
      },
      "S9": {
        "accuracy": 0.9514285743236541,
        "precision": 0.9461904764175415,
        "recall": 0.9514285743236541,
        "f1": 0.9487726373382561
      },
      "S10": {
        "accuracy": 0.9805555522441864,
        "precision": 0.9805555522441864,
        "recall": 0.9805555522441864,
        "f1": 0.9805555522441864
      },
      "S11": {
        "accuracy": 0.852777773141861,
        "precision": 0.8521883666515351,
        "recall": 0.8527777671813965,
        "f1": 0.8523219366691626
      },
      "S13": {
        "accuracy": 0.9527777671813965,
        "precision": 0.955555546283722,
        "recall": 0.9527777671813965,
        "f1": 0.9541470948984359
      },
      "S14": {
        "accuracy": 0.6861111134290695,
        "precision": 0.6941281348466873,
        "recall": 0.6777777761220932,
        "f1": 0.6854417666201116
      },
      "S15": {
        "accuracy": 0.9916666626930237,
        "precision": 0.9916666626930237,
        "recall": 0.9916666626930237,
        "f1": 0.9916666626930237
      },
      "S16": {
        "accuracy": 0.9083333253860474,
        "precision": 0.9109830379486084,
        "recall": 0.9083333253860474,
        "f1": 0.9095727272116505
      },
      "S17": {
        "accuracy": 0.725,
        "precision": 0.717362916469574,
        "recall": 0.7138888835906982,
        "f1": 0.7155080874508366
      },
      "average": {
        "accuracy": 0.8812041701873143,
        "precision": 0.8815628757079443,
        "recall": 0.8801039522886276,
        "f1": 0.8807506374459523
      }
    },
    "std": {
      "S2": {
        "accuracy": 0.07231015853249846,
        "precision": 0.06950056217235233,
        "recall": 0.06083172913241236,
        "f1": 0.0650085452531285
      },
      "S3": {
        "accuracy": 0.07336582408526991,
        "precision": 0.06716276588388682,
        "recall": 0.08202548790835947,
        "f1": 0.07421352083054397
      },
      "S4": {
        "accuracy": 0.012046771320693114,
        "precision": 0.016235929259711582,
        "recall": 0.016218462238948458,
        "f1": 0.014753781299530299
      },
      "S5": {
        "accuracy": 0.12577198503078926,
        "precision": 0.12922233053078266,
        "recall": 0.1228903536329155,
        "f1": 0.125678903489008
      },
      "S6": {
        "accuracy": 0.02501699953089663,
        "precision": 0.02501699953089663,
        "recall": 0.02501699953089663,
        "f1": 0.02501699953089663
      },
      "S7": {
        "accuracy": 0.08539623022983495,
        "precision": 0.0832932582663575,
        "recall": 0.08539623022983495,
        "f1": 0.08424085412156995
      },
      "S8": {
        "accuracy": 0.026937399582464723,
        "precision": 0.026937399582464723,
        "recall": 0.026937399582464723,
        "f1": 0.026937399582464723
      },
      "S9": {
        "accuracy": 0.046754045627083754,
        "precision": 0.048966528916618374,
        "recall": 0.046754045627083754,
        "f1": 0.04756897137522559
      },
      "S10": {
        "accuracy": 0.045455329118793374,
        "precision": 0.045455329118793374,
        "recall": 0.045455329118793374,
        "f1": 0.045455329118793374
      },
      "S11": {
        "accuracy": 0.06286757346978547,
        "precision": 0.06345464209322885,
        "recall": 0.07527953984847316,
        "f1": 0.06855853122620138
      },
      "S13": {
        "accuracy": 0.02635230824995893,
        "precision": 0.02986021087061098,
        "recall": 0.02635230824995893,
        "f1": 0.02779142327421845
      },
      "S14": {
        "accuracy": 0.1367426810381349,
        "precision": 0.13996104717726857,
        "recall": 0.1257351485489958,
        "f1": 0.13139987482517337
      },
      "S15": {
        "accuracy": 0.013417947829829939,
        "precision": 0.013417947829829939,
        "recall": 0.013417947829829939,
        "f1": 0.013417947829829939
      },
      "S16": {
        "accuracy": 0.09976825661627786,
        "precision": 0.0991344507987636,
        "recall": 0.09976825661627786,
        "f1": 0.09911053825287887
      },
      "S17": {
        "accuracy": 0.08924505182836741,
        "precision": 0.0835370592874978,
        "recall": 0.09076909102991858,
        "f1": 0.08663682494671723
      },
      "average": {
        "accuracy": 0.01640140960576799,
        "precision": 0.01638022598496348,
        "recall": 0.015403518303436916,
        "f1": 0.015813965663878448
      }
    },
    "poor_ratio": 0.0
  }
}