{
  "real_subj_cnt": 15,
  "real_path": "stress_slurm/data/wesad_1hz.pickle",
  "sliding_windows": false,
  "syn_subj_cnt": 15,
  "gan_config": {
    "gan_mode": "DGAN",
    "path": "stress_slurm/data/100_subj_DGAN.csv",
    "eps": null
  },
  "privacy_config": {
    "l2_norm_clip": 1.0,
    "eps": null,
    "num_unique_windows": null,
    "delta": null,
    "noise_multiplier": null
  },
  "train_config": {
    "nn_mode": "CNN-LSTM",
    "epochs": 20,
    "batch_size": 50,
    "learning_rate": 0.001,
    "eval_mode": "TSTR",
    "random_seed": 42
  },
  "results": {
    "num_runs": 10,
    "mean": {
      "S2": {
        "accuracy": 0.7382352888584137,
        "precision": 0.7356302499771118,
        "recall": 0.7382352888584137,
        "f1": 0.7369138923469548
      },
      "S3": {
        "accuracy": 0.7441176533699035,
        "precision": 0.7470664739608764,
        "recall": 0.7470588266849518,
        "f1": 0.7469958463681714
      },
      "S4": {
        "accuracy": 0.9628571450710297,
        "precision": 0.9600793659687042,
        "recall": 0.9628571450710297,
        "f1": 0.9614486936857436
      },
      "S5": {
        "accuracy": 0.9000000059604645,
        "precision": 0.8973809599876403,
        "recall": 0.9000000059604645,
        "f1": 0.8986720390001522
      },
      "S6": {
        "accuracy": 0.9314285755157471,
        "precision": 0.9339495837688446,
        "recall": 0.9314285755157471,
        "f1": 0.9326708114678007
      },
      "S7": {
        "accuracy": 0.8714285790920258,
        "precision": 0.871489268541336,
        "recall": 0.8714285790920258,
        "f1": 0.8714233294439675
      },
      "S8": {
        "accuracy": 0.9257142901420593,
        "precision": 0.9260317504405975,
        "recall": 0.9285714328289032,
        "f1": 0.9272837065486911
      },
      "S9": {
        "accuracy": 0.9400000035762787,
        "precision": 0.9342448353767395,
        "recall": 0.9371428608894348,
        "f1": 0.9356038677276214
      },
      "S10": {
        "accuracy": 1.0,
        "precision": 1.0,
        "recall": 1.0,
        "f1": 1.0
      },
      "S11": {
        "accuracy": 0.7833333313465118,
        "precision": 0.781598699092865,
        "recall": 0.7916666567325592,
        "f1": 0.7865101330323933
      },
      "S13": {
        "accuracy": 0.8861111104488373,
        "precision": 0.8843938708305359,
        "recall": 0.8861111164093017,
        "f1": 0.8851430191103666
      },
      "S14": {
        "accuracy": 0.6666666626930237,
        "precision": 0.676033890247345,
        "recall": 0.6638888895511628,
        "f1": 0.6694079028961717
      },
      "S15": {
        "accuracy": 0.977777773141861,
        "precision": 0.977777773141861,
        "recall": 0.977777773141861,
        "f1": 0.977777773141861
      },
      "S16": {
        "accuracy": 0.9611111044883728,
        "precision": 0.9611111044883728,
        "recall": 0.9611111044883728,
        "f1": 0.9611111044883728
      },
      "S17": {
        "accuracy": 0.5083333313465118,
        "precision": 0.5098412692546844,
        "recall": 0.5083333313465118,
        "f1": 0.5090766810100955
      },
      "average": {
        "accuracy": 0.8531409903367362,
        "precision": 0.8531086063385009,
        "recall": 0.8537074391047159,
        "f1": 0.8533359200178909
      }
    },
    "std": {
      "S2": {
        "accuracy": 0.0892641407545723,
        "precision": 0.08385339429571986,
        "recall": 0.0892641407545723,
        "f1": 0.08646380535699953
      },
      "S3": {
        "accuracy": 0.031157344865368045,
        "precision": 0.031291452468307994,
        "recall": 0.03452316148860725,
        "f1": 0.03200770312792156
      },
      "S4": {
        "accuracy": 0.07859306592797463,
        "precision": 0.07761928618434207,
        "recall": 0.07859306592797463,
        "f1": 0.07797726746764884
      },
      "S5": {
        "accuracy": 0.05753831073042338,
        "precision": 0.05594477888831992,
        "recall": 0.05753831073042338,
        "f1": 0.05658461918124647
      },
      "S6": {
        "accuracy": 0.03614031396207935,
        "precision": 0.03087896861010417,
        "recall": 0.03614031396207935,
        "f1": 0.03341386366259697
      },
      "S7": {
        "accuracy": 0.054294064625685076,
        "precision": 0.05410709663438075,
        "recall": 0.054294064625685076,
        "f1": 0.053881760346579384
      },
      "S8": {
        "accuracy": 0.019977310202976623,
        "precision": 0.019284243356585257,
        "recall": 0.015058464150866393,
        "f1": 0.016858823483433698
      },
      "S9": {
        "accuracy": 0.06659860074297415,
        "precision": 0.06682719993137831,
        "recall": 0.07228062792415868,
        "f1": 0.06898375188638177
      },
      "S10": {
        "accuracy": 0.0,
        "precision": 0.0,
        "recall": 0.0,
        "f1": 0.0
      },
      "S11": {
        "accuracy": 0.07027283532191311,
        "precision": 0.07088389889526883,
        "recall": 0.06448328270642378,
        "f1": 0.06728942646086515
      },
      "S13": {
        "accuracy": 0.056245713469623745,
        "precision": 0.0626502666222844,
        "recall": 0.05470019796175785,
        "f1": 0.05804333335426414
      },
      "S14": {
        "accuracy": 0.08586684244419776,
        "precision": 0.08081157424115441,
        "recall": 0.08224599755545353,
        "f1": 0.07958517954431284
      },
      "S15": {
        "accuracy": 0.03153590288141448,
        "precision": 0.03153590288141448,
        "recall": 0.03153590288141448,
        "f1": 0.03153590288141448
      },
      "S16": {
        "accuracy": 0.05586333467694028,
        "precision": 0.05586333467694028,
        "recall": 0.05586333467694028,
        "f1": 0.05586333467694028
      },
      "S17": {
        "accuracy": 0.06286758810093236,
        "precision": 0.06356280565604006,
        "recall": 0.06286758810093236,
        "f1": 0.06316628367417168
      },
      "average": {
        "accuracy": 0.017724645170986042,
        "precision": 0.019087715006242144,
        "recall": 0.017998696726914412,
        "f1": 0.018171834118981895
      }
    },
    "poor_ratio": 0.0
  }
}