{
  "real_subj_cnt": 15,
  "real_path": "stress_slurm/data/wesad_1hz.pickle",
  "sliding_windows": false,
  "syn_subj_cnt": 15,
  "gan_config": {
    "gan_mode": "CGAN",
    "path": "stress_slurm/data/100_subj_cGAN.csv",
    "eps": null
  },
  "privacy_config": {
    "l2_norm_clip": 1.0,
    "eps": null,
    "num_unique_windows": null,
    "delta": null,
    "noise_multiplier": null
  },
  "train_config": {
    "nn_mode": "CNN",
    "epochs": 10,
    "batch_size": 50,
    "learning_rate": 0.001,
    "eval_mode": "TSTR",
    "random_seed": 42
  },
  "results": {
    "num_runs": 10,
    "mean": {
      "S2": {
        "accuracy": 0.799999988079071,
        "precision": 0.8024064064025879,
        "recall": 0.799999988079071,
        "f1": 0.801185238885837
      },
      "S3": {
        "accuracy": 0.9029411613941193,
        "precision": 0.8978151142597198,
        "recall": 0.9029411613941193,
        "f1": 0.9003409925816165
      },
      "S4": {
        "accuracy": 0.9714285731315613,
        "precision": 0.9714285731315613,
        "recall": 0.9714285731315613,
        "f1": 0.9714285731315613
      },
      "S5": {
        "accuracy": 0.9457142889499665,
        "precision": 0.9486461222171784,
        "recall": 0.9485714316368103,
        "f1": 0.9485696790315208
      },
      "S6": {
        "accuracy": 0.9600000023841858,
        "precision": 0.9573809564113617,
        "recall": 0.9600000023841858,
        "f1": 0.9586720354238736
      },
      "S7": {
        "accuracy": 0.9228571474552154,
        "precision": 0.9176061809062958,
        "recall": 0.9228571474552154,
        "f1": 0.9201587340714019
      },
      "S8": {
        "accuracy": 0.9428571462631226,
        "precision": 0.9428571462631226,
        "recall": 0.9428571462631226,
        "f1": 0.9428571462631226
      },
      "S9": {
        "accuracy": 0.9600000023841858,
        "precision": 0.9602334260940552,
        "recall": 0.9600000023841858,
        "f1": 0.9600787342038701
      },
      "S10": {
        "accuracy": 0.9555555403232574,
        "precision": 0.961261248588562,
        "recall": 0.9583333194255829,
        "f1": 0.9597401628695696
      },
      "S11": {
        "accuracy": 0.8333333253860473,
        "precision": 0.8329107642173768,
        "recall": 0.8305555522441864,
        "f1": 0.8316842419621807
      },
      "S13": {
        "accuracy": 0.9916666626930237,
        "precision": 0.9890390336513519,
        "recall": 0.9916666626930237,
        "f1": 0.9903348507029317
      },
      "S14": {
        "accuracy": 0.5027777791023255,
        "precision": 0.5056315034627914,
        "recall": 0.511111107468605,
        "f1": 0.5080495589818733
      },
      "S15": {
        "accuracy": 0.952777761220932,
        "precision": 0.9553968131542205,
        "recall": 0.949999988079071,
        "f1": 0.9526603948086223
      },
      "S16": {
        "accuracy": 0.8861111164093017,
        "precision": 0.88156179189682,
        "recall": 0.8861111164093017,
        "f1": 0.8837409134379619
      },
      "S17": {
        "accuracy": 0.7388888895511627,
        "precision": 0.7421195983886719,
        "recall": 0.7500000059604645,
        "f1": 0.7458361368794454
      },
      "average": {
        "accuracy": 0.8844606256484985,
        "precision": 0.884419645269712,
        "recall": 0.8857622136672338,
        "f1": 0.8850224928823593
      }
    },
    "std": {
      "S2": {
        "accuracy": 0.012401100690005346,
        "precision": 0.013425323501822864,
        "recall": 0.012401100690005346,
        "f1": 0.012342690294221439
      },
      "S3": {
        "accuracy": 0.014207216861400895,
        "precision": 0.01956857282711781,
        "recall": 0.014207216861400895,
        "f1": 0.0162634437375546
      },
      "S4": {
        "accuracy": 0.0,
        "precision": 0.0,
        "recall": 0.0,
        "f1": 0.0
      },
      "S5": {
        "accuracy": 0.009035078490519842,
        "precision": 0.011797999745365466,
        "recall": 0.01204677132069311,
        "f1": 0.00999115578608251
      },
      "S6": {
        "accuracy": 0.014754221391846177,
        "precision": 0.01964826305115635,
        "recall": 0.014754221391846177,
        "f1": 0.01690890965960757
      },
      "S7": {
        "accuracy": 0.01928424335658525,
        "precision": 0.008990972139602807,
        "recall": 0.01928424335658525,
        "f1": 0.012387053300836389
      },
      "S8": {
        "accuracy": 0.013468699791232362,
        "precision": 0.013468699791232362,
        "recall": 0.013468699791232362,
        "f1": 0.013468699791232362
      },
      "S9": {
        "accuracy": 0.019977310202976627,
        "precision": 0.026617700580651393,
        "recall": 0.019977310202976627,
        "f1": 0.022738046359850276
      },
      "S10": {
        "accuracy": 0.026835879207216466,
        "precision": 0.03252329206610145,
        "recall": 0.026995143496757797,
        "f1": 0.028832893499820326
      },
      "S11": {
        "accuracy": 0.018518507480627708,
        "precision": 0.018021239579018675,
        "recall": 0.020496229633090206,
        "f1": 0.018107084341301354
      },
      "S13": {
        "accuracy": 0.013417947829829946,
        "precision": 0.019042721664779463,
        "recall": 0.013417947829829946,
        "f1": 0.01597892408283343
      },
      "S14": {
        "accuracy": 0.04430920819870431,
        "precision": 0.0442458231224275,
        "recall": 0.0510520300929075,
        "f1": 0.04551824048302385
      },
      "S15": {
        "accuracy": 0.0263523103442488,
        "precision": 0.029929976225870646,
        "recall": 0.028688757405042627,
        "f1": 0.028749282993997458
      },
      "S16": {
        "accuracy": 0.02432209592464338,
        "precision": 0.026601942913376732,
        "recall": 0.02049625386705473,
        "f1": 0.022012574909190927
      },
      "S17": {
        "accuracy": 0.05586335641156294,
        "precision": 0.052703551214204135,
        "recall": 0.05399030743773926,
        "f1": 0.05163991993506557
      },
      "average": {
        "accuracy": 0.015374584797228377,
        "precision": 0.01724244901187325,
        "recall": 0.015388135475826665,
        "f1": 0.0158743408442704
      }
    },
    "poor_ratio": 0.0
  }
}