{
  "real_subj_cnt": 15,
  "real_path": "stress_slurm/data/wesad_1hz.pickle",
  "sliding_windows": false,
  "syn_subj_cnt": 15,
  "gan_config": {
    "gan_mode": "DGAN",
    "path": "stress_slurm/data/100_subj_DGAN.csv",
    "eps": null
  },
  "privacy_config": {
    "l2_norm_clip": 1.0,
    "eps": null,
    "num_unique_windows": null,
    "delta": null,
    "noise_multiplier": null
  },
  "train_config": {
    "nn_mode": "CNN",
    "epochs": 10,
    "batch_size": 50,
    "learning_rate": 0.001,
    "eval_mode": "TSTR",
    "random_seed": 42
  },
  "results": {
    "num_runs": 10,
    "mean": {
      "S2": {
        "accuracy": 0.8411764621734619,
        "precision": 0.8432263791561126,
        "recall": 0.8382352888584137,
        "f1": 0.8406935870434984
      },
      "S3": {
        "accuracy": 0.6529411911964417,
        "precision": 0.6500280320644378,
        "recall": 0.6500000178813934,
        "f1": 0.649985386699081
      },
      "S4": {
        "accuracy": 0.7942857265472412,
        "precision": 0.7943830251693725,
        "recall": 0.8028571546077728,
        "f1": 0.7984384470952841
      },
      "S5": {
        "accuracy": 0.9257142901420593,
        "precision": 0.9284033656120301,
        "recall": 0.9257142901420593,
        "f1": 0.9270393418241664
      },
      "S6": {
        "accuracy": 1.0,
        "precision": 1.0,
        "recall": 1.0,
        "f1": 1.0
      },
      "S7": {
        "accuracy": 1.0,
        "precision": 1.0,
        "recall": 1.0,
        "f1": 1.0
      },
      "S8": {
        "accuracy": 0.9257142901420593,
        "precision": 0.9283193290233612,
        "recall": 0.9257142901420593,
        "f1": 0.9269979325119022
      },
      "S9": {
        "accuracy": 0.8971428632736206,
        "precision": 0.8928185403347015,
        "recall": 0.9028571486473084,
        "f1": 0.8976984194008473
      },
      "S10": {
        "accuracy": 0.9499999761581421,
        "precision": 0.9501501262187958,
        "recall": 0.9527777552604675,
        "f1": 0.9514459432703756
      },
      "S11": {
        "accuracy": 0.7638888955116272,
        "precision": 0.7581898808479309,
        "recall": 0.7750000059604645,
        "f1": 0.7663682260463096
      },
      "S13": {
        "accuracy": 0.9666666507720947,
        "precision": 0.9613320291042328,
        "recall": 0.9638888716697693,
        "f1": 0.9625554525022066
      },
      "S14": {
        "accuracy": 0.7555555582046509,
        "precision": 0.7496619701385498,
        "recall": 0.7499999880790711,
        "f1": 0.7496827926524683
      },
      "S15": {
        "accuracy": 0.925,
        "precision": 0.9252451241016388,
        "recall": 0.9249999940395355,
        "f1": 0.9249453218244573
      },
      "S16": {
        "accuracy": 0.8416666567325592,
        "precision": 0.8375375270843506,
        "recall": 0.8444444358348846,
        "f1": 0.8409436738520139
      },
      "S17": {
        "accuracy": 0.6444444537162781,
        "precision": 0.6472651362419128,
        "recall": 0.647222226858139,
        "f1": 0.6471943626509222
      },
      "average": {
        "accuracy": 0.8589464676380156,
        "precision": 0.8577706976731619,
        "recall": 0.8602474311987558,
        "f1": 0.858932592491569
      }
    },
    "std": {
      "S2": {
        "accuracy": 0.015188153689988552,
        "precision": 0.013707655006603224,
        "recall": 0.015501344448100593,
        "f1": 0.013667992674368456
      },
      "S3": {
        "accuracy": 0.012401075558480471,
        "precision": 0.006649932701996755,
        "recall": 0.009300806668860342,
        "f1": 0.0066004169012266484
      },
      "S4": {
        "accuracy": 0.06570738012414552,
        "precision": 0.06464937526981693,
        "recall": 0.060907718104167285,
        "f1": 0.06170806209446839
      },
      "S5": {
        "accuracy": 0.014754221391846165,
        "precision": 0.014889739473627431,
        "recall": 0.014754221391846165,
        "f1": 0.01419832962977468
      },
      "S6": {
        "accuracy": 0.0,
        "precision": 0.0,
        "recall": 0.0,
        "f1": 0.0
      },
      "S7": {
        "accuracy": 0.0,
        "precision": 0.0,
        "recall": 0.0,
        "f1": 0.0
      },
      "S8": {
        "accuracy": 0.027602620728449666,
        "precision": 0.024458289983976783,
        "recall": 0.027602620728449666,
        "f1": 0.02577363985218501
      },
      "S9": {
        "accuracy": 0.059016885567384686,
        "precision": 0.059446416660140555,
        "recall": 0.060534276704526026,
        "f1": 0.05903733827878255
      },
      "S10": {
        "accuracy": 0.017568217600332628,
        "precision": 0.017521815394625932,
        "recall": 0.018748579987530697,
        "f1": 0.01765499997754094
      },
      "S11": {
        "accuracy": 0.014640181333610516,
        "precision": 0.013133441842136237,
        "recall": 0.02432208004087517,
        "f1": 0.015948875549336317
      },
      "S13": {
        "accuracy": 0.017568217600332614,
        "precision": 0.019096187094553296,
        "recall": 0.01874857998753069,
        "f1": 0.017372560282614805
      },
      "S14": {
        "accuracy": 0.046848580267553674,
        "precision": 0.04656253416783419,
        "recall": 0.057077915313467,
        "f1": 0.05085347697767321
      },
      "S15": {
        "accuracy": 0.032208371517737214,
        "precision": 0.03134776246322091,
        "recall": 0.03476847517304097,
        "f1": 0.030305981725660913
      },
      "S16": {
        "accuracy": 0.029426385915779736,
        "precision": 0.02997617662665965,
        "recall": 0.029860213334956462,
        "f1": 0.02939769522995662
      },
      "S17": {
        "accuracy": 0.02868877920733178,
        "precision": 0.027711459485447544,
        "recall": 0.029426389666801608,
        "f1": 0.027974964361083727
      },
      "average": {
        "accuracy": 0.016061453134563274,
        "precision": 0.015873728336600033,
        "recall": 0.0164004077738665,
        "f1": 0.015531902974570086
      }
    },
    "poor_ratio": 0.0
  }
}