{
  "real_subj_cnt": 15,
  "real_path": "stress_slurm/data/wesad_1hz.pickle",
  "sliding_windows": false,
  "syn_subj_cnt": 15,
  "gan_config": {
    "gan_mode": "CGAN",
    "path": "stress_slurm/data/100_subj_cGAN.csv",
    "eps": null
  },
  "privacy_config": {
    "l2_norm_clip": 1.0,
    "eps": null,
    "num_unique_windows": null,
    "delta": null,
    "noise_multiplier": null
  },
  "train_config": {
    "nn_mode": "Transformer",
    "epochs": 110,
    "batch_size": 50,
    "learning_rate": 0.0001,
    "eval_mode": "TSTR",
    "random_seed": 42
  },
  "results": {
    "num_runs": 10,
    "mean": {
      "S2": {
        "accuracy": 0.7323529422283173,
        "precision": 0.7369875252246857,
        "recall": 0.7323529422283173,
        "f1": 0.7346356472716243
      },
      "S3": {
        "accuracy": 0.8176470518112182,
        "precision": 0.8144537091255188,
        "recall": 0.820588231086731,
        "f1": 0.8171441435610817
      },
      "S4": {
        "accuracy": 0.9571428596973419,
        "precision": 0.9581250011920929,
        "recall": 0.9514285743236541,
        "f1": 0.9546268677931901
      },
      "S5": {
        "accuracy": 0.7942857265472412,
        "precision": 0.809005343914032,
        "recall": 0.7942857265472412,
        "f1": 0.8010641713690101
      },
      "S6": {
        "accuracy": 0.954285717010498,
        "precision": 0.954285717010498,
        "recall": 0.954285717010498,
        "f1": 0.954285717010498
      },
      "S7": {
        "accuracy": 0.8857142925262451,
        "precision": 0.8835714340209961,
        "recall": 0.888571435213089,
        "f1": 0.8860362233327651
      },
      "S8": {
        "accuracy": 0.9657142877578735,
        "precision": 0.9687301576137543,
        "recall": 0.9657142877578735,
        "f1": 0.9671618118770086
      },
      "S9": {
        "accuracy": 0.9714285731315613,
        "precision": 0.9714285731315613,
        "recall": 0.9714285731315613,
        "f1": 0.9714285731315613
      },
      "S10": {
        "accuracy": 0.9694444417953492,
        "precision": 0.9694444417953492,
        "recall": 0.9694444417953492,
        "f1": 0.9694444417953492
      },
      "S11": {
        "accuracy": 0.8416666686534882,
        "precision": 0.8350600659847259,
        "recall": 0.8416666686534882,
        "f1": 0.8383181166427403
      },
      "S13": {
        "accuracy": 0.9305555403232575,
        "precision": 0.9305555403232575,
        "recall": 0.9305555403232575,
        "f1": 0.9305555403232575
      },
      "S14": {
        "accuracy": 0.6611111134290695,
        "precision": 0.6670276552438736,
        "recall": 0.6555555552244187,
        "f1": 0.6609260060923815
      },
      "S15": {
        "accuracy": 0.975,
        "precision": 0.9725975930690766,
        "recall": 0.977777773141861,
        "f1": 0.9751522024200387
      },
      "S16": {
        "accuracy": 0.7916666686534881,
        "precision": 0.7967031359672546,
        "recall": 0.7916666686534881,
        "f1": 0.7941212755804207
      },
      "S17": {
        "accuracy": 0.8027777791023254,
        "precision": 0.8007293045520782,
        "recall": 0.8027777791023254,
        "f1": 0.8017064359545223
      },
      "average": {
        "accuracy": 0.8700529108444849,
        "precision": 0.8712470132112504,
        "recall": 0.8698733276128768,
        "f1": 0.8704404782770301
      }
    },
    "std": {
      "S2": {
        "accuracy": 0.07650828622899825,
        "precision": 0.07933482155403171,
        "recall": 0.07650828622899825,
        "f1": 0.07775971862763538
      },
      "S3": {
        "accuracy": 0.08856147755676887,
        "precision": 0.09077733305409139,
        "recall": 0.10956731959436752,
        "f1": 0.09870734860009345
      },
      "S4": {
        "accuracy": 0.06900655182112417,
        "precision": 0.06607739402873788,
        "recall": 0.08629432849511819,
        "f1": 0.0765738346315135
      },
      "S5": {
        "accuracy": 0.07830401358450526,
        "precision": 0.08774725307713863,
        "recall": 0.08811453574773839,
        "f1": 0.08441055414029269
      },
      "S6": {
        "accuracy": 0.019977310202976616,
        "precision": 0.019977310202976616,
        "recall": 0.019977310202976616,
        "f1": 0.019977310202976616
      },
      "S7": {
        "accuracy": 0.03809523582458496,
        "precision": 0.03364274843925215,
        "recall": 0.03420625509651576,
        "f1": 0.033508669949688374
      },
      "S8": {
        "accuracy": 0.029508442783692346,
        "precision": 0.034077114130534485,
        "recall": 0.029508442783692346,
        "f1": 0.030848788919817627
      },
      "S9": {
        "accuracy": 0.0,
        "precision": 0.0,
        "recall": 0.0,
        "f1": 0.0
      },
      "S10": {
        "accuracy": 0.03325607816307075,
        "precision": 0.03325607816307075,
        "recall": 0.03325607816307075,
        "f1": 0.03325607816307075
      },
      "S11": {
        "accuracy": 0.03939267624553903,
        "precision": 0.04524348162815465,
        "recall": 0.03939267624553903,
        "f1": 0.04212414045729977
      },
      "S13": {
        "accuracy": 0.049430917213204466,
        "precision": 0.049430917213204466,
        "recall": 0.049430917213204466,
        "f1": 0.049430917213204466
      },
      "S14": {
        "accuracy": 0.1378355085890477,
        "precision": 0.13878743703066385,
        "recall": 0.13993433530704574,
        "f1": 0.13864942370349373
      },
      "S15": {
        "accuracy": 0.0402538197248479,
        "precision": 0.04096658722111229,
        "recall": 0.036571145152777505,
        "f1": 0.03847559242659612
      },
      "S16": {
        "accuracy": 0.1007941730815062,
        "precision": 0.09862505825121015,
        "recall": 0.0928237831311653,
        "f1": 0.09547697048607164
      },
      "S17": {
        "accuracy": 0.0497765891852654,
        "precision": 0.05250688938016778,
        "recall": 0.051470154055563884,
        "f1": 0.05156157641962533
      },
      "average": {
        "accuracy": 0.0209682414896553,
        "precision": 0.02184047579446124,
        "recall": 0.021286757655585378,
        "f1": 0.02127822449067539
      }
    },
    "poor_ratio": 0.0
  }
}