{
  "real_subj_cnt": 15,
  "real_path": "stress_slurm/data/wesad_1hz.pickle",
  "sliding_windows": false,
  "syn_subj_cnt": 100,
  "gan_config": {
    "gan_mode": "DGAN",
    "name": "DGAN",
    "path": "stress_slurm/data/100_subj_DGAN.csv",
    "eps": null
  },
  "privacy_config": {
    "l2_norm_clip": 1.0,
    "eps": null,
    "num_unique_windows": null,
    "delta": null,
    "noise_multiplier": null
  },
  "train_config": {
    "nn_mode": "CNN-LSTM",
    "epochs": 20,
    "batch_size": 50,
    "learning_rate": 0.001,
    "eval_mode": "TSTR",
    "random_seed": 42,
    "data_noise_parameter": null
  },
  "results": {
    "num_runs": 10,
    "mean": {
      "S2": {
        "accuracy": 0.7470588266849518,
        "precision": 0.7470588266849518,
        "recall": 0.7470588266849518,
        "f1": 0.7470588266849518
      },
      "S3": {
        "accuracy": 0.685294109582901,
        "precision": 0.685294109582901,
        "recall": 0.685294109582901,
        "f1": 0.685294109582901
      },
      "S4": {
        "accuracy": 0.7714285850524902,
        "precision": 0.7714285850524902,
        "recall": 0.7714285850524902,
        "f1": 0.7714285850524902
      },
      "S5": {
        "accuracy": 0.908571434020996,
        "precision": 0.908571434020996,
        "recall": 0.908571434020996,
        "f1": 0.908571434020996
      },
      "S6": {
        "accuracy": 0.8142857253551483,
        "precision": 0.8142857253551483,
        "recall": 0.8142857253551483,
        "f1": 0.8142857253551483
      },
      "S7": {
        "accuracy": 0.9628571450710297,
        "precision": 0.9628571450710297,
        "recall": 0.9628571450710297,
        "f1": 0.9628571450710297
      },
      "S8": {
        "accuracy": 0.9142857193946838,
        "precision": 0.914603179693222,
        "recall": 0.9171428620815277,
        "f1": 0.9158551358013156
      },
      "S9": {
        "accuracy": 0.7371428728103637,
        "precision": 0.7371428728103637,
        "recall": 0.7371428728103637,
        "f1": 0.7371428728103637
      },
      "S10": {
        "accuracy": 0.9249999940395355,
        "precision": 0.9249999940395355,
        "recall": 0.9249999940395355,
        "f1": 0.9249999940395355
      },
      "S11": {
        "accuracy": 0.6972222089767456,
        "precision": 0.6991269707679748,
        "recall": 0.6972222089767456,
        "f1": 0.6981611760581115
      },
      "S13": {
        "accuracy": 0.9222222208976746,
        "precision": 0.9195945918560028,
        "recall": 0.9222222208976746,
        "f1": 0.9208904089075827
      },
      "S14": {
        "accuracy": 0.6888888776302338,
        "precision": 0.6888888776302338,
        "recall": 0.6888888776302338,
        "f1": 0.6888888776302338
      },
      "S15": {
        "accuracy": 0.8166666626930237,
        "precision": 0.819718998670578,
        "recall": 0.8194444417953491,
        "f1": 0.8195516281237675
      },
      "S16": {
        "accuracy": 0.7249999821186066,
        "precision": 0.7249999821186066,
        "recall": 0.7249999821186066,
        "f1": 0.7249999821186066
      },
      "S17": {
        "accuracy": 0.5777777791023254,
        "precision": 0.5789215743541718,
        "recall": 0.5750000059604645,
        "f1": 0.5769047677565594
      },
      "average": {
        "accuracy": 0.792913476228714,
        "precision": 0.793166191180547,
        "recall": 0.7931039528052012,
        "f1": 0.7931260446009062
      }
    },
    "std": {
      "S2": {
        "accuracy": 0.020564885727567216,
        "precision": 0.020564885727567216,
        "recall": 0.020564885727567216,
        "f1": 0.020564885727567216
      },
      "S3": {
        "accuracy": 0.019851430418996244,
        "precision": 0.019851430418996244,
        "recall": 0.019851430418996244,
        "f1": 0.019851430418996244
      },
      "S4": {
        "accuracy": 0.0,
        "precision": 0.0,
        "recall": 0.0,
        "f1": 0.0
      },
      "S5": {
        "accuracy": 0.01204677132069311,
        "precision": 0.01204677132069311,
        "recall": 0.01204677132069311,
        "f1": 0.01204677132069311
      },
      "S6": {
        "accuracy": 0.02428104385555971,
        "precision": 0.02428104385555971,
        "recall": 0.02428104385555971,
        "f1": 0.02428104385555971
      },
      "S7": {
        "accuracy": 0.04051818308241871,
        "precision": 0.04051818308241871,
        "recall": 0.04051818308241871,
        "f1": 0.04051818308241871
      },
      "S8": {
        "accuracy": 0.04467062362145585,
        "precision": 0.044455778217366244,
        "recall": 0.04353953816926956,
        "f1": 0.04382293706619629
      },
      "S9": {
        "accuracy": 0.018070156981039677,
        "precision": 0.018070156981039677,
        "recall": 0.018070156981039677,
        "f1": 0.018070156981039677
      },
      "S10": {
        "accuracy": 0.03939267344352199,
        "precision": 0.03939267344352199,
        "recall": 0.03939267344352199,
        "f1": 0.03939267344352199
      },
      "S11": {
        "accuracy": 0.02432207928451035,
        "precision": 0.022327319107246356,
        "recall": 0.02432207928451035,
        "f1": 0.02316512848167152
      },
      "S13": {
        "accuracy": 0.04864416461996832,
        "precision": 0.046296224279970946,
        "recall": 0.04864416461996832,
        "f1": 0.04728649816400939
      },
      "S14": {
        "accuracy": 0.017568192468813356,
        "precision": 0.017568192468813356,
        "recall": 0.017568192468813356,
        "f1": 0.017568192468813356
      },
      "S15": {
        "accuracy": 0.061697523939415015,
        "precision": 0.060390064240053075,
        "recall": 0.05745219138237969,
        "f1": 0.05873928915230318
      },
      "S16": {
        "accuracy": 0.04025382566600822,
        "precision": 0.04025382566600822,
        "recall": 0.04025382566600822,
        "f1": 0.04025382566600822
      },
      "S17": {
        "accuracy": 0.08364139691214209,
        "precision": 0.08547224925221844,
        "recall": 0.07970495767668488,
        "f1": 0.08232356008244172
      },
      "average": {
        "accuracy": 0.015045163088842173,
        "precision": 0.015419360200391962,
        "recall": 0.014632873855452146,
        "f1": 0.015004695369669002
      }
    },
    "poor_ratio": 0.0
  }
}