{
  "real_subj_cnt": 15,
  "real_path": "stress_slurm/data/wesad_1hz.pickle",
  "sliding_windows": false,
  "syn_subj_cnt": 15,
  "gan_config": {
    "gan_mode": "DGAN",
    "name": "DGAN",
    "path": "stress_slurm/data/100_subj_DGAN.csv",
    "eps": null
  },
  "privacy_config": {
    "l2_norm_clip": 1.0,
    "eps": null,
    "num_unique_windows": null,
    "delta": null,
    "noise_multiplier": null
  },
  "train_config": {
    "nn_mode": "CNN-LSTM",
    "epochs": 20,
    "batch_size": 50,
    "learning_rate": 0.001,
    "eval_mode": "LOSO",
    "random_seed": 42,
    "data_noise_parameter": null
  },
  "results": {
    "num_runs": 10,
    "mean": {
      "S2": {
        "accuracy": 0.970588207244873,
        "precision": 0.970588207244873,
        "recall": 0.970588207244873,
        "f1": 0.970588207244873
      },
      "S3": {
        "accuracy": 0.7823529422283173,
        "precision": 0.7832467555999756,
        "recall": 0.7852941155433655,
        "f1": 0.7842202034849075
      },
      "S4": {
        "accuracy": 0.9942857146263122,
        "precision": 0.9942857146263122,
        "recall": 0.9942857146263122,
        "f1": 0.9942857146263122
      },
      "S5": {
        "accuracy": 1.0,
        "precision": 1.0,
        "recall": 1.0,
        "f1": 1.0
      },
      "S6": {
        "accuracy": 0.9714285731315613,
        "precision": 0.9714285731315613,
        "recall": 0.9714285731315613,
        "f1": 0.9714285731315613
      },
      "S7": {
        "accuracy": 0.9200000047683716,
        "precision": 0.9198319375514984,
        "recall": 0.9171428620815277,
        "f1": 0.9184679137636348
      },
      "S8": {
        "accuracy": 0.9600000023841858,
        "precision": 0.9600000023841858,
        "recall": 0.9600000023841858,
        "f1": 0.9600000023841858
      },
      "S9": {
        "accuracy": 0.9771428585052491,
        "precision": 0.9771428585052491,
        "recall": 0.9771428585052491,
        "f1": 0.9771428585052491
      },
      "S10": {
        "accuracy": 1.0,
        "precision": 1.0,
        "recall": 1.0,
        "f1": 1.0
      },
      "S11": {
        "accuracy": 0.8999999940395356,
        "precision": 0.9007799863815308,
        "recall": 0.9083333253860474,
        "f1": 0.904440924443503
      },
      "S13": {
        "accuracy": 1.0,
        "precision": 1.0,
        "recall": 1.0,
        "f1": 1.0
      },
      "S14": {
        "accuracy": 0.6416666567325592,
        "precision": 0.6384739935398102,
        "recall": 0.649999988079071,
        "f1": 0.6440937420201498
      },
      "S15": {
        "accuracy": 0.9861111044883728,
        "precision": 0.9861861824989319,
        "recall": 0.9888888835906983,
        "f1": 0.9875190214046865
      },
      "S16": {
        "accuracy": 0.9444444358348847,
        "precision": 0.9445109307765961,
        "recall": 0.9444444358348847,
        "f1": 0.9444417561156662
      },
      "S17": {
        "accuracy": 0.547222226858139,
        "precision": 0.5443801045417785,
        "recall": 0.544444453716278,
        "f1": 0.544389788281593
      },
      "average": {
        "accuracy": 0.9063495147228242,
        "precision": 0.9060570164521534,
        "recall": 0.9074662280082701,
        "f1": 0.9067345803604215
      }
    },
    "std": {
      "S2": {
        "accuracy": 0.0,
        "precision": 0.0,
        "recall": 0.0,
        "f1": 0.0
      },
      "S3": {
        "accuracy": 0.028414463885621757,
        "precision": 0.032421133328496506,
        "recall": 0.0279024500247957,
        "f1": 0.029540104734693998
      },
      "S4": {
        "accuracy": 0.012046771320693116,
        "precision": 0.012046771320693116,
        "recall": 0.012046771320693116,
        "f1": 0.012046771320693116
      },
      "S5": {
        "accuracy": 0.0,
        "precision": 0.0,
        "recall": 0.0,
        "f1": 0.0
      },
      "S6": {
        "accuracy": 0.0,
        "precision": 0.0,
        "recall": 0.0,
        "f1": 0.0
      },
      "S7": {
        "accuracy": 0.012046771320693114,
        "precision": 0.011699163138107881,
        "recall": 0.009035078490519832,
        "f1": 0.009527708899877049
      },
      "S8": {
        "accuracy": 0.014754221391846173,
        "precision": 0.014754221391846173,
        "recall": 0.014754221391846173,
        "f1": 0.014754221391846173
      },
      "S9": {
        "accuracy": 0.012046771320693105,
        "precision": 0.012046771320693105,
        "recall": 0.012046771320693105,
        "f1": 0.012046771320693105
      },
      "S10": {
        "accuracy": 0.0,
        "precision": 0.0,
        "recall": 0.0,
        "f1": 0.0
      },
      "S11": {
        "accuracy": 0.0707591551681655,
        "precision": 0.0660904687099248,
        "recall": 0.06935178279048124,
        "f1": 0.06703796353241055
      },
      "S13": {
        "accuracy": 0.0,
        "precision": 0.0,
        "recall": 0.0,
        "f1": 0.0
      },
      "S14": {
        "accuracy": 0.0531097443379199,
        "precision": 0.05893731021761362,
        "recall": 0.05105203009290893,
        "f1": 0.05471421031821645
      },
      "S15": {
        "accuracy": 0.014640181333610522,
        "precision": 0.014562762543715259,
        "recall": 0.014344389603665887,
        "f1": 0.01380952437199339
      },
      "S16": {
        "accuracy": 0.07172190954369764,
        "precision": 0.0716307780551644,
        "recall": 0.07172190954369764,
        "f1": 0.07142447094872786
      },
      "S17": {
        "accuracy": 0.037152590948695025,
        "precision": 0.03297532605985135,
        "recall": 0.03513641530487806,
        "f1": 0.033829777976759574
      },
      "average": {
        "accuracy": 0.00933227380902876,
        "precision": 0.008889265074306521,
        "recall": 0.009212270978329985,
        "f1": 0.008982600460064348
      }
    },
    "poor_ratio": 0.0
  }
}