{
  "real_subj_cnt": 15,
  "real_path": "stress_slurm/data/wesad_1hz.pickle",
  "sliding_windows": false,
  "syn_subj_cnt": 100,
  "gan_config": {
    "gan_mode": "DGAN",
    "name": "DGAN",
    "path": "stress_slurm/data/100_subj_DGAN.csv",
    "eps": null
  },
  "privacy_config": {
    "l2_norm_clip": 1.0,
    "eps": null,
    "num_unique_windows": null,
    "delta": null,
    "noise_multiplier": null
  },
  "train_config": {
    "nn_mode": "CNN",
    "epochs": 10,
    "batch_size": 50,
    "learning_rate": 0.001,
    "eval_mode": "LOSO",
    "random_seed": 42,
    "data_noise_parameter": null
  },
  "results": {
    "num_runs": 10,
    "mean": {
      "S2": {
        "accuracy": 0.9588235080242157,
        "precision": 0.9615864336490632,
        "recall": 0.9588235080242157,
        "f1": 0.9601843519714315
      },
      "S3": {
        "accuracy": 0.7029411792755127,
        "precision": 0.7041940510272979,
        "recall": 0.7058823585510254,
        "f1": 0.704963044209861
      },
      "S4": {
        "accuracy": 0.9942857146263122,
        "precision": 0.9915079355239869,
        "recall": 0.9914285719394684,
        "f1": 0.9914279879663427
      },
      "S5": {
        "accuracy": 0.9828571438789367,
        "precision": 0.9828571438789367,
        "recall": 0.9828571438789367,
        "f1": 0.9828571438789367
      },
      "S6": {
        "accuracy": 0.9714285731315613,
        "precision": 0.9714285731315613,
        "recall": 0.9714285731315613,
        "f1": 0.9714285731315613
      },
      "S7": {
        "accuracy": 0.888571435213089,
        "precision": 0.8860130786895752,
        "recall": 0.888571435213089,
        "f1": 0.8872382186047185
      },
      "S8": {
        "accuracy": 0.9400000035762787,
        "precision": 0.9405333518981933,
        "recall": 0.9457142889499665,
        "f1": 0.9430129602879477
      },
      "S9": {
        "accuracy": 1.0,
        "precision": 1.0,
        "recall": 1.0,
        "f1": 1.0
      },
      "S10": {
        "accuracy": 1.0,
        "precision": 1.0,
        "recall": 1.0,
        "f1": 1.0
      },
      "S11": {
        "accuracy": 0.7861111223697662,
        "precision": 0.7778014004230499,
        "recall": 0.7777777850627899,
        "f1": 0.7776099700782915
      },
      "S13": {
        "accuracy": 0.8666666626930237,
        "precision": 0.8638262331485749,
        "recall": 0.8638888835906983,
        "f1": 0.863758826988932
      },
      "S14": {
        "accuracy": 0.45833334028720857,
        "precision": 0.4578698992729187,
        "recall": 0.45833334028720857,
        "f1": 0.4579859983349686
      },
      "S15": {
        "accuracy": 0.9972222208976745,
        "precision": 0.9972222208976745,
        "recall": 0.9972222208976745,
        "f1": 0.9972222208976745
      },
      "S16": {
        "accuracy": 1.0,
        "precision": 1.0,
        "recall": 1.0,
        "f1": 1.0
      },
      "S17": {
        "accuracy": 0.5555555641651153,
        "precision": 0.5546846985816956,
        "recall": 0.5527777910232544,
        "f1": 0.5536980005124181
      },
      "average": {
        "accuracy": 0.8735197645425796,
        "precision": 0.8726350013415018,
        "recall": 0.8729803933699927,
        "f1": 0.8727591531242057
      }
    },
    "std": {
      "S2": {
        "accuracy": 0.020564872467046164,
        "precision": 0.014502349520643531,
        "recall": 0.020564872467046164,
        "f1": 0.017295156963431705
      },
      "S3": {
        "accuracy": 0.029247902850392915,
        "precision": 0.02722495984264041,
        "recall": 0.019607841968542403,
        "f1": 0.022499091757389105
      },
      "S4": {
        "accuracy": 0.012046771320693123,
        "precision": 0.013675228822302623,
        "recall": 0.013801310364224842,
        "f1": 0.012047463431489732
      },
      "S5": {
        "accuracy": 0.014754221391846165,
        "precision": 0.014754221391846165,
        "recall": 0.014754221391846165,
        "f1": 0.014754221391846165
      },
      "S6": {
        "accuracy": 0.0,
        "precision": 0.0,
        "recall": 0.0,
        "f1": 0.0
      },
      "S7": {
        "accuracy": 0.03915200679225263,
        "precision": 0.035542917188029814,
        "recall": 0.03915200679225263,
        "f1": 0.03668649013141771
      },
      "S8": {
        "accuracy": 0.016218462238948458,
        "precision": 0.014996778686599061,
        "recall": 0.016218462238948458,
        "f1": 0.0116889456886358
      },
      "S9": {
        "accuracy": 0.0,
        "precision": 0.0,
        "recall": 0.0,
        "f1": 0.0
      },
      "S10": {
        "accuracy": 0.0,
        "precision": 0.0,
        "recall": 0.0,
        "f1": 0.0
      },
      "S11": {
        "accuracy": 0.03220838351232742,
        "precision": 0.02781798940660781,
        "recall": 0.03703703979651311,
        "f1": 0.030312371432417287
      },
      "S13": {
        "accuracy": 0.04303314743620555,
        "precision": 0.03819320796886515,
        "recall": 0.04430920819870654,
        "f1": 0.040151437183262036
      },
      "S14": {
        "accuracy": 0.07436287061025285,
        "precision": 0.07246446665377364,
        "recall": 0.07663401221828256,
        "f1": 0.0742477027083884
      },
      "S15": {
        "accuracy": 0.008784108800166314,
        "precision": 0.008784108800166314,
        "recall": 0.008784108800166314,
        "f1": 0.008784108800166314
      },
      "S16": {
        "accuracy": 0.0,
        "precision": 0.0,
        "recall": 0.0,
        "f1": 0.0
      },
      "S17": {
        "accuracy": 0.04721314277849676,
        "precision": 0.050304986556262636,
        "recall": 0.04620361225266863,
        "f1": 0.04807542089598454
      },
      "average": {
        "accuracy": 0.007547669340740254,
        "precision": 0.007561480586456915,
        "recall": 0.007465811628812588,
        "f1": 0.007471168200337095
      }
    },
    "poor_ratio": 0.0
  }
}