{
  "real_subj_cnt": 15,
  "real_path": "stress_slurm/data/wesad_1hz.pickle",
  "sliding_windows": false,
  "syn_subj_cnt": 15,
  "gan_config": {
    "gan_mode": "DGAN",
    "name": "DGAN",
    "path": "stress_slurm/data/100_subj_DGAN.csv",
    "eps": null
  },
  "privacy_config": {
    "l2_norm_clip": 1.0,
    "eps": null,
    "num_unique_windows": null,
    "delta": null,
    "noise_multiplier": null
  },
  "train_config": {
    "nn_mode": "CNN",
    "epochs": 10,
    "batch_size": 50,
    "learning_rate": 0.001,
    "eval_mode": "LOSO",
    "random_seed": 42,
    "data_noise_parameter": null
  },
  "results": {
    "num_runs": 10,
    "mean": {
      "S2": {
        "accuracy": 0.9558823347091675,
        "precision": 0.9560504019260406,
        "recall": 0.9588235080242157,
        "f1": 0.9574168600259372
      },
      "S3": {
        "accuracy": 0.7,
        "precision": 0.6999490678310394,
        "recall": 0.6999999940395355,
        "f1": 0.699944009654852
      },
      "S4": {
        "accuracy": 1.0,
        "precision": 1.0,
        "recall": 1.0,
        "f1": 1.0
      },
      "S5": {
        "accuracy": 1.0,
        "precision": 1.0,
        "recall": 1.0,
        "f1": 1.0
      },
      "S6": {
        "accuracy": 0.9714285731315613,
        "precision": 0.9714285731315613,
        "recall": 0.9714285731315613,
        "f1": 0.9714285731315613
      },
      "S7": {
        "accuracy": 0.9171428620815277,
        "precision": 0.9145238161087036,
        "recall": 0.9171428620815277,
        "f1": 0.9158148951212155
      },
      "S8": {
        "accuracy": 0.9485714316368103,
        "precision": 0.9490476131439209,
        "recall": 0.954285717010498,
        "f1": 0.9515889523071005
      },
      "S9": {
        "accuracy": 0.9942857146263122,
        "precision": 0.9971428573131561,
        "recall": 0.9942857146263122,
        "f1": 0.9956935820384729
      },
      "S10": {
        "accuracy": 1.0,
        "precision": 1.0,
        "recall": 1.0,
        "f1": 1.0
      },
      "S11": {
        "accuracy": 0.7750000059604645,
        "precision": 0.7684502482414246,
        "recall": 0.7777777910232544,
        "f1": 0.77287216122441
      },
      "S13": {
        "accuracy": 0.9416666626930237,
        "precision": 0.9367074191570282,
        "recall": 0.9416666626930237,
        "f1": 0.9391155882491304
      },
      "S14": {
        "accuracy": 0.5305555582046508,
        "precision": 0.532328525185585,
        "recall": 0.5305555611848831,
        "f1": 0.5309104997951539
      },
      "S15": {
        "accuracy": 1.0,
        "precision": 1.0,
        "recall": 1.0,
        "f1": 1.0
      },
      "S16": {
        "accuracy": 1.0,
        "precision": 1.0,
        "recall": 1.0,
        "f1": 1.0
      },
      "S17": {
        "accuracy": 0.536111107468605,
        "precision": 0.5304054111242295,
        "recall": 0.536111107468605,
        "f1": 0.5331435681204708
      },
      "average": {
        "accuracy": 0.8847096167008083,
        "precision": 0.8837355955441792,
        "recall": 0.8854718327522277,
        "f1": 0.8845285793112204
      }
    },
    "std": {
      "S2": {
        "accuracy": 0.020797250006108447,
        "precision": 0.02067161554211493,
        "recall": 0.020564872467046143,
        "f1": 0.020147592294218912
      },
      "S3": {
        "accuracy": 0.023200314850400187,
        "precision": 0.02354269381177076,
        "recall": 0.02702754640315329,
        "f1": 0.02486075072410136
      },
      "S4": {
        "accuracy": 0.0,
        "precision": 0.0,
        "recall": 0.0,
        "f1": 0.0
      },
      "S5": {
        "accuracy": 0.0,
        "precision": 0.0,
        "recall": 0.0,
        "f1": 0.0
      },
      "S6": {
        "accuracy": 0.0,
        "precision": 0.0,
        "recall": 0.0,
        "f1": 0.0
      },
      "S7": {
        "accuracy": 0.016218462238948458,
        "precision": 0.013489728482019674,
        "recall": 0.016218462238948458,
        "f1": 0.014310473720058302
      },
      "S8": {
        "accuracy": 0.012046771320693109,
        "precision": 0.01791847347611675,
        "recall": 0.014754221391846165,
        "f1": 0.013830972812116383
      },
      "S9": {
        "accuracy": 0.012046771320693114,
        "precision": 0.009035078490519842,
        "recall": 0.012046771320693114,
        "f1": 0.009666172164856102
      },
      "S10": {
        "accuracy": 0.0,
        "precision": 0.0,
        "recall": 0.0,
        "f1": 0.0
      },
      "S11": {
        "accuracy": 0.0332560875670776,
        "precision": 0.04389198067027686,
        "recall": 0.02268047139621209,
        "f1": 0.03281097266180208
      },
      "S13": {
        "accuracy": 0.02432206869532706,
        "precision": 0.02868047193103738,
        "recall": 0.024322068695327097,
        "f1": 0.025285831251679106
      },
      "S14": {
        "accuracy": 0.069844536665393,
        "precision": 0.0678451123872338,
        "recall": 0.08328187850438874,
        "f1": 0.07431296394671949
      },
      "S15": {
        "accuracy": 0.0,
        "precision": 0.0,
        "recall": 0.0,
        "f1": 0.0
      },
      "S16": {
        "accuracy": 0.0,
        "precision": 0.0,
        "recall": 0.0,
        "f1": 0.0
      },
      "S17": {
        "accuracy": 0.06007824923207937,
        "precision": 0.06106620847052748,
        "recall": 0.06148873033635224,
        "f1": 0.06085132343264856
      },
      "average": {
        "accuracy": 0.008008665384227835,
        "precision": 0.00757398017845514,
        "recall": 0.009016697670026714,
        "f1": 0.008067506487624514
      }
    },
    "poor_ratio": 0.0
  }
}