{
  "real_subj_cnt": 15,
  "real_path": "stress_slurm/data/wesad_1hz.pickle",
  "sliding_windows": false,
  "syn_subj_cnt": 100,
  "gan_config": {
    "gan_mode": "DGAN",
    "name": "DGAN",
    "path": "stress_slurm/data/100_subj_DGAN.csv",
    "eps": null
  },
  "privacy_config": {
    "l2_norm_clip": 1.0,
    "eps": null,
    "num_unique_windows": null,
    "delta": null,
    "noise_multiplier": null
  },
  "train_config": {
    "nn_mode": "Transformer",
    "epochs": 110,
    "batch_size": 50,
    "learning_rate": 0.0001,
    "eval_mode": "LOSO",
    "random_seed": 42,
    "data_noise_parameter": null
  },
  "results": {
    "num_runs": 10,
    "mean": {
      "S2": {
        "accuracy": 0.9499999940395355,
        "precision": 0.9502520978450775,
        "recall": 0.9529411733150482,
        "f1": 0.9515771495271845
      },
      "S3": {
        "accuracy": 0.6941176533699036,
        "precision": 0.6994367450475693,
        "recall": 0.6941176533699036,
        "f1": 0.6965870798169393
      },
      "S4": {
        "accuracy": 0.9714285731315613,
        "precision": 0.9688095271587371,
        "recall": 0.9714285731315613,
        "f1": 0.970100606171249
      },
      "S5": {
        "accuracy": 0.8714285790920258,
        "precision": 0.8764459788799286,
        "recall": 0.8714285790920258,
        "f1": 0.8738236136180569
      },
      "S6": {
        "accuracy": 0.9685714304447174,
        "precision": 0.9685714304447174,
        "recall": 0.9685714304447174,
        "f1": 0.9685714304447174
      },
      "S7": {
        "accuracy": 0.8257142961025238,
        "precision": 0.8257142961025238,
        "recall": 0.8257142961025238,
        "f1": 0.8257142961025238
      },
      "S8": {
        "accuracy": 0.9800000011920929,
        "precision": 0.9800000011920929,
        "recall": 0.9800000011920929,
        "f1": 0.9800000011920929
      },
      "S9": {
        "accuracy": 0.9828571438789367,
        "precision": 0.9828571438789367,
        "recall": 0.9828571438789367,
        "f1": 0.9828571438789367
      },
      "S10": {
        "accuracy": 0.9722222089767456,
        "precision": 0.9722222089767456,
        "recall": 0.9722222089767456,
        "f1": 0.9722222089767456
      },
      "S11": {
        "accuracy": 0.8555555522441864,
        "precision": 0.848348343372345,
        "recall": 0.852777773141861,
        "f1": 0.8505327196948007
      },
      "S13": {
        "accuracy": 0.9666666686534882,
        "precision": 0.9641891896724701,
        "recall": 0.9666666686534882,
        "f1": 0.9654109601187961
      },
      "S14": {
        "accuracy": 0.4361111134290695,
        "precision": 0.43361218869686124,
        "recall": 0.43055556118488314,
        "f1": 0.4319923231591941
      },
      "S15": {
        "accuracy": 0.9916666626930237,
        "precision": 0.9916666626930237,
        "recall": 0.9916666626930237,
        "f1": 0.9916666626930237
      },
      "S16": {
        "accuracy": 0.9833333253860473,
        "precision": 0.9860317409038544,
        "recall": 0.9833333253860473,
        "f1": 0.9846635301986684
      },
      "S17": {
        "accuracy": 0.5944444477558136,
        "precision": 0.6009734123945236,
        "recall": 0.5916666686534882,
        "f1": 0.595967343688538
      },
      "average": {
        "accuracy": 0.8696078433593113,
        "precision": 0.8699420644839604,
        "recall": 0.8690631812810897,
        "f1": 0.8694458046187645
      }
    },
    "std": {
      "S2": {
        "accuracy": 0.031157354242918354,
        "precision": 0.03082200012184835,
        "recall": 0.028414465256657338,
        "f1": 0.029353844334116787
      },
      "S3": {
        "accuracy": 0.10667820137888402,
        "precision": 0.10963724230940068,
        "recall": 0.10486072092636887,
        "f1": 0.1066436184335601
      },
      "S4": {
        "accuracy": 0.026937399582464723,
        "precision": 0.030992033454206223,
        "recall": 0.026937399582464723,
        "f1": 0.02876758273258456
      },
      "S5": {
        "accuracy": 0.14646243411996476,
        "precision": 0.1468817978097987,
        "recall": 0.14830867213532745,
        "f1": 0.14722138579277308
      },
      "S6": {
        "accuracy": 0.009035078490519832,
        "precision": 0.009035078490519832,
        "recall": 0.009035078490519832,
        "f1": 0.009035078490519832
      },
      "S7": {
        "accuracy": 0.09277773830207309,
        "precision": 0.09277773830207309,
        "recall": 0.09277773830207309,
        "f1": 0.09277773830207309
      },
      "S8": {
        "accuracy": 0.02352207295079124,
        "precision": 0.02352207295079124,
        "recall": 0.02352207295079124,
        "f1": 0.02352207295079124
      },
      "S9": {
        "accuracy": 0.01475422139184618,
        "precision": 0.01475422139184618,
        "recall": 0.01475422139184618,
        "f1": 0.01475422139184618
      },
      "S10": {
        "accuracy": 0.02928036266722105,
        "precision": 0.02928036266722105,
        "recall": 0.02928036266722105,
        "f1": 0.02928036266722105
      },
      "S11": {
        "accuracy": 0.07148244470115142,
        "precision": 0.07188762907417182,
        "recall": 0.06935179207470261,
        "f1": 0.07049264422766224
      },
      "S13": {
        "accuracy": 0.03657113408604956,
        "precision": 0.0409157941783225,
        "recall": 0.03657113408604956,
        "f1": 0.03863598074599333
      },
      "S14": {
        "accuracy": 0.07970496379308092,
        "precision": 0.076429601890534,
        "recall": 0.07991980277482064,
        "f1": 0.07809002410453933
      },
      "S15": {
        "accuracy": 0.013417947829829946,
        "precision": 0.013417947829829946,
        "recall": 0.013417947829829946,
        "f1": 0.013417947829829946
      },
      "S16": {
        "accuracy": 0.023424290133776834,
        "precision": 0.0197057178851372,
        "recall": 0.023424290133776834,
        "f1": 0.02124701838918117
      },
      "S17": {
        "accuracy": 0.11355341214961732,
        "precision": 0.11948379760486273,
        "recall": 0.11344010460177725,
        "f1": 0.1153366250700205
      },
      "average": {
        "accuracy": 0.018896904459399854,
        "precision": 0.01908282413368527,
        "recall": 0.018404638731318812,
        "f1": 0.0186901934649096
      }
    },
    "poor_ratio": 0.0
  }
}