{
  "real_subj_cnt": 15,
  "real_path": "stress_slurm/data/wesad_1hz.pickle",
  "sliding_windows": false,
  "syn_subj_cnt": 15,
  "gan_config": {
    "gan_mode": "CGAN",
    "path": "stress_slurm/data/100_subj_cGAN.csv",
    "eps": null
  },
  "privacy_config": {
    "l2_norm_clip": 1.0,
    "eps": null,
    "num_unique_windows": null,
    "delta": null,
    "noise_multiplier": null
  },
  "train_config": {
    "nn_mode": "CNN-LSTM",
    "epochs": 20,
    "batch_size": 50,
    "learning_rate": 0.001,
    "eval_mode": "TSTR",
    "random_seed": 42
  },
  "results": {
    "num_runs": 10,
    "mean": {
      "S2": {
        "accuracy": 0.8852941155433655,
        "precision": 0.8901737987995147,
        "recall": 0.8823529422283173,
        "f1": 0.8861654310695325
      },
      "S3": {
        "accuracy": 0.7235294103622436,
        "precision": 0.7247771859169007,
        "recall": 0.7205882370471954,
        "f1": 0.7226514506656041
      },
      "S4": {
        "accuracy": 0.9971428573131561,
        "precision": 0.9971428573131561,
        "recall": 0.9971428573131561,
        "f1": 0.9971428573131561
      },
      "S5": {
        "accuracy": 0.9714285731315613,
        "precision": 0.9714285731315613,
        "recall": 0.9714285731315613,
        "f1": 0.9714285731315613
      },
      "S6": {
        "accuracy": 0.9685714304447174,
        "precision": 0.9687301576137543,
        "recall": 0.9714285731315613,
        "f1": 0.9700603624263753
      },
      "S7": {
        "accuracy": 0.9028571486473084,
        "precision": 0.9059430480003356,
        "recall": 0.9057142913341523,
        "f1": 0.9057918574161474
      },
      "S8": {
        "accuracy": 0.9571428596973419,
        "precision": 0.9571428596973419,
        "recall": 0.9571428596973419,
        "f1": 0.9571428596973419
      },
      "S9": {
        "accuracy": 0.9714285731315613,
        "precision": 0.9714285731315613,
        "recall": 0.9714285731315613,
        "f1": 0.9714285731315613
      },
      "S10": {
        "accuracy": 0.9944444417953491,
        "precision": 0.9944444417953491,
        "recall": 0.9944444417953491,
        "f1": 0.9944444417953491
      },
      "S11": {
        "accuracy": 0.8388888835906982,
        "precision": 0.8379899024963379,
        "recall": 0.8416666626930237,
        "f1": 0.8397457949745875
      },
      "S13": {
        "accuracy": 0.9138888895511628,
        "precision": 0.9144144117832184,
        "recall": 0.9166666626930237,
        "f1": 0.9155251108709745
      },
      "S14": {
        "accuracy": 0.6444444537162781,
        "precision": 0.6444444537162781,
        "recall": 0.6444444537162781,
        "f1": 0.6444444537162781
      },
      "S15": {
        "accuracy": 0.9972222208976745,
        "precision": 0.9972222208976745,
        "recall": 0.9972222208976745,
        "f1": 0.9972222208976745
      },
      "S16": {
        "accuracy": 0.9916666626930237,
        "precision": 0.9916666626930237,
        "recall": 0.9916666626930237,
        "f1": 0.9916666626930237
      },
      "S17": {
        "accuracy": 0.7722222208976746,
        "precision": 0.7716666638851166,
        "recall": 0.7694444417953491,
        "f1": 0.7705399033900788
      },
      "average": {
        "accuracy": 0.9020115160942078,
        "precision": 0.9025743873914083,
        "recall": 0.9021854968865712,
        "f1": 0.9023600368792831
      }
    },
    "std": {
      "S2": {
        "accuracy": 0.05449781126976533,
        "precision": 0.050164927004487284,
        "recall": 0.05369829037824389,
        "f1": 0.05127971489352827
      },
      "S3": {
        "accuracy": 0.03720326332558504,
        "precision": 0.04011200522778583,
        "recall": 0.04216825282544968,
        "f1": 0.04092967058826669
      },
      "S4": {
        "accuracy": 0.009035078490519842,
        "precision": 0.009035078490519842,
        "recall": 0.009035078490519842,
        "f1": 0.009035078490519842
      },
      "S5": {
        "accuracy": 0.030116928301732786,
        "precision": 0.030116928301732786,
        "recall": 0.030116928301732786,
        "f1": 0.030116928301732786
      },
      "S6": {
        "accuracy": 0.009035078490519832,
        "precision": 0.008533139109812784,
        "recall": 0.0,
        "f1": 0.0043266621474129545
      },
      "S7": {
        "accuracy": 0.030713361020002057,
        "precision": 0.03229252091808029,
        "recall": 0.027105235471559505,
        "f1": 0.02919194730423149
      },
      "S8": {
        "accuracy": 0.027766435939492785,
        "precision": 0.027766435939492785,
        "recall": 0.027766435939492785,
        "f1": 0.027766435939492785
      },
      "S9": {
        "accuracy": 0.0,
        "precision": 0.0,
        "recall": 0.0,
        "f1": 0.0
      },
      "S10": {
        "accuracy": 0.011712145066888417,
        "precision": 0.011712145066888417,
        "recall": 0.011712145066888417,
        "f1": 0.011712145066888417
      },
      "S11": {
        "accuracy": 0.10294030132013217,
        "precision": 0.10090051288103645,
        "recall": 0.09447166688405356,
        "f1": 0.09750169279514552
      },
      "S13": {
        "accuracy": 0.06605947217140515,
        "precision": 0.0651160580691977,
        "recall": 0.06141897992881172,
        "f1": 0.06321962533110864
      },
      "S14": {
        "accuracy": 0.08156560691670793,
        "precision": 0.08156560691670793,
        "recall": 0.08156560691670793,
        "f1": 0.08156560691670793
      },
      "S15": {
        "accuracy": 0.008784108800166316,
        "precision": 0.008784108800166316,
        "recall": 0.008784108800166316,
        "f1": 0.008784108800166316
      },
      "S16": {
        "accuracy": 0.018748579987530697,
        "precision": 0.018748579987530697,
        "recall": 0.018748579987530697,
        "f1": 0.018748579987530697
      },
      "S17": {
        "accuracy": 0.06778890688704906,
        "precision": 0.06750755459385435,
        "recall": 0.06683363582558105,
        "f1": 0.06707474638970388
      },
      "average": {
        "accuracy": 0.016391777754043265,
        "precision": 0.016578332020789815,
        "recall": 0.015080483138800374,
        "f1": 0.01579528758776257
      }
    },
    "poor_ratio": 0.0
  }
}