{
  "real_subj_cnt": 15,
  "real_path": "stress_slurm/data/wesad_1hz.pickle",
  "sliding_windows": false,
  "syn_subj_cnt": 15,
  "gan_config": {
    "gan_mode": "DGAN",
    "path": "stress_slurm/data/100_subj_DGAN.csv",
    "eps": null
  },
  "privacy_config": {
    "l2_norm_clip": 1.0,
    "eps": null,
    "num_unique_windows": null,
    "delta": null,
    "noise_multiplier": null
  },
  "train_config": {
    "nn_mode": "Transformer",
    "epochs": 110,
    "batch_size": 50,
    "learning_rate": 0.0001,
    "eval_mode": "TSTR",
    "random_seed": 42
  },
  "results": {
    "num_runs": 10,
    "mean": {
      "S2": {
        "accuracy": 0.7088235318660736,
        "precision": 0.7073819696903229,
        "recall": 0.7117647051811218,
        "f1": 0.709254309430349
      },
      "S3": {
        "accuracy": 0.694117647409439,
        "precision": 0.6920168101787567,
        "recall": 0.694117647409439,
        "f1": 0.6930520053584394
      },
      "S4": {
        "accuracy": 0.8057142972946167,
        "precision": 0.8007651567459106,
        "recall": 0.8057142972946167,
        "f1": 0.8030749697165035
      },
      "S5": {
        "accuracy": 0.754285728931427,
        "precision": 0.7559664011001587,
        "recall": 0.7514285862445831,
        "f1": 0.75366461095853
      },
      "S6": {
        "accuracy": 0.908571434020996,
        "precision": 0.9108403384685516,
        "recall": 0.908571434020996,
        "f1": 0.9096894449307321
      },
      "S7": {
        "accuracy": 0.908571434020996,
        "precision": 0.9137815117835999,
        "recall": 0.908571434020996,
        "f1": 0.9111387187606821
      },
      "S8": {
        "accuracy": 0.8828571498394012,
        "precision": 0.8799113035202026,
        "recall": 0.8800000071525573,
        "f1": 0.8799166074493783
      },
      "S9": {
        "accuracy": 0.842857152223587,
        "precision": 0.842857152223587,
        "recall": 0.842857152223587,
        "f1": 0.842857152223587
      },
      "S10": {
        "accuracy": 0.8916666626930236,
        "precision": 0.8983846843242645,
        "recall": 0.8916666626930236,
        "f1": 0.8949452234779682
      },
      "S11": {
        "accuracy": 0.6972222089767456,
        "precision": 0.6991269707679748,
        "recall": 0.6972222089767456,
        "f1": 0.6981611760581115
      },
      "S13": {
        "accuracy": 0.9222222208976746,
        "precision": 0.9218833088874817,
        "recall": 0.9194444417953491,
        "f1": 0.9206133271262601
      },
      "S14": {
        "accuracy": 0.6749999821186066,
        "precision": 0.6800812840461731,
        "recall": 0.6888888716697693,
        "f1": 0.6841991172308945
      },
      "S15": {
        "accuracy": 0.9277777731418609,
        "precision": 0.9277777731418609,
        "recall": 0.9277777731418609,
        "f1": 0.9277777731418609
      },
      "S16": {
        "accuracy": 0.7583333194255829,
        "precision": 0.7607638776302338,
        "recall": 0.7499999880790711,
        "f1": 0.7550653478472291
      },
      "S17": {
        "accuracy": 0.7111110985279083,
        "precision": 0.7074368417263031,
        "recall": 0.705555546283722,
        "f1": 0.7064296506468677
      },
      "average": {
        "accuracy": 0.8059421094258626,
        "precision": 0.8065983589490255,
        "recall": 0.8055720504124959,
        "f1": 0.8059892956238264
      }
    },
    "std": {
      "S2": {
        "accuracy": 0.04030354002853154,
        "precision": 0.03711617283414791,
        "recall": 0.05333909539426051,
        "f1": 0.04210233958812385
      },
      "S3": {
        "accuracy": 0.020564885727567216,
        "precision": 0.01657758398285816,
        "recall": 0.020564885727567216,
        "f1": 0.018351042441277148
      },
      "S4": {
        "accuracy": 0.09214008306000618,
        "precision": 0.08893777318817388,
        "recall": 0.09599697079892787,
        "f1": 0.09157900750942674
      },
      "S5": {
        "accuracy": 0.019977310202976627,
        "precision": 0.02599825953681099,
        "recall": 0.01928424335658525,
        "f1": 0.022333349908948683
      },
      "S6": {
        "accuracy": 0.07713697342634102,
        "precision": 0.07287054510124642,
        "recall": 0.07713697342634102,
        "f1": 0.07497923071912707
      },
      "S7": {
        "accuracy": 0.03761603139244587,
        "precision": 0.03565068034068385,
        "recall": 0.03761603139244587,
        "f1": 0.036247167836943386
      },
      "S8": {
        "accuracy": 0.056263065171190944,
        "precision": 0.049964234851141674,
        "recall": 0.05353702279963104,
        "f1": 0.05131397811945279
      },
      "S9": {
        "accuracy": 0.11837906813125779,
        "precision": 0.11837906813125779,
        "recall": 0.11837906813125779,
        "f1": 0.11837906813125779
      },
      "S10": {
        "accuracy": 0.09925130650708491,
        "precision": 0.09083919790270444,
        "recall": 0.09925130650708491,
        "f1": 0.094927242519363
      },
      "S11": {
        "accuracy": 0.02432207928451033,
        "precision": 0.022327319107246335,
        "recall": 0.02432207928451033,
        "f1": 0.023165128481671557
      },
      "S13": {
        "accuracy": 0.05367175293028388,
        "precision": 0.050875672772080105,
        "recall": 0.054700192580716955,
        "f1": 0.05243385295417822
      },
      "S14": {
        "accuracy": 0.055632662944162546,
        "precision": 0.04814674894873881,
        "recall": 0.04684855827747096,
        "f1": 0.04546796807138625
      },
      "S15": {
        "accuracy": 0.060291926370766226,
        "precision": 0.060291926370766226,
        "recall": 0.060291926370766226,
        "f1": 0.060291926370766226
      },
      "S16": {
        "accuracy": 0.09447168148882402,
        "precision": 0.09994601307526081,
        "recall": 0.07856743418078865,
        "f1": 0.0876363314202174
      },
      "S17": {
        "accuracy": 0.019422380183663934,
        "precision": 0.023944694151482086,
        "recall": 0.029860204709734908,
        "f1": 0.026285370209486972
      },
      "average": {
        "accuracy": 0.03865774113479753,
        "precision": 0.037576419021633445,
        "recall": 0.03933107316731468,
        "f1": 0.03830443631557239
      }
    },
    "poor_ratio": 0.0
  }
}