{
  "real_subj_cnt": 15,
  "real_path": "stress_slurm/data/wesad_1hz.pickle",
  "sliding_windows": false,
  "syn_subj_cnt": 100,
  "gan_config": {
    "gan_mode": "CGAN",
    "path": "stress_slurm/data/100_subj_cGAN.csv",
    "eps": null
  },
  "privacy_config": {
    "l2_norm_clip": 1.0,
    "eps": null,
    "num_unique_windows": null,
    "delta": null,
    "noise_multiplier": null
  },
  "train_config": {
    "nn_mode": "CNN-LSTM",
    "epochs": 20,
    "batch_size": 50,
    "learning_rate": 0.001,
    "eval_mode": "LOSO",
    "random_seed": 42,
    "data_noise_parameter": null
  },
  "results": {
    "num_runs": 10,
    "mean": {
      "S2": {
        "accuracy": 0.9235293984413147,
        "precision": 0.9235293984413147,
        "recall": 0.9235293984413147,
        "f1": 0.9235293984413147
      },
      "S3": {
        "accuracy": 0.7735294103622437,
        "precision": 0.7766030073165894,
        "recall": 0.7764705896377564,
        "f1": 0.7765036728326693
      },
      "S4": {
        "accuracy": 1.0,
        "precision": 1.0,
        "recall": 1.0,
        "f1": 1.0
      },
      "S5": {
        "accuracy": 0.9742857158184052,
        "precision": 0.9742857158184052,
        "recall": 0.9742857158184052,
        "f1": 0.9742857158184052
      },
      "S6": {
        "accuracy": 0.9742857158184052,
        "precision": 0.9742857158184052,
        "recall": 0.9742857158184052,
        "f1": 0.9742857158184052
      },
      "S7": {
        "accuracy": 0.9142857193946838,
        "precision": 0.9142857193946838,
        "recall": 0.9142857193946838,
        "f1": 0.9142857193946838
      },
      "S8": {
        "accuracy": 0.9657142877578735,
        "precision": 0.9657142877578735,
        "recall": 0.9657142877578735,
        "f1": 0.9657142877578735
      },
      "S9": {
        "accuracy": 0.9885714292526245,
        "precision": 0.9885714292526245,
        "recall": 0.9885714292526245,
        "f1": 0.9885714292526245
      },
      "S10": {
        "accuracy": 0.9583333253860473,
        "precision": 0.9583333253860473,
        "recall": 0.9583333253860473,
        "f1": 0.9583333253860473
      },
      "S11": {
        "accuracy": 0.9027777731418609,
        "precision": 0.9031531512737274,
        "recall": 0.9055555522441864,
        "f1": 0.9043378969678558
      },
      "S13": {
        "accuracy": 0.9638888716697693,
        "precision": 0.9638888716697693,
        "recall": 0.9638888716697693,
        "f1": 0.9638888716697693
      },
      "S14": {
        "accuracy": 0.7722222089767456,
        "precision": 0.7722222089767456,
        "recall": 0.7722222089767456,
        "f1": 0.7722222089767456
      },
      "S15": {
        "accuracy": 1.0,
        "precision": 1.0,
        "recall": 1.0,
        "f1": 1.0
      },
      "S16": {
        "accuracy": 0.949999988079071,
        "precision": 0.949999988079071,
        "recall": 0.949999988079071,
        "f1": 0.949999988079071
      },
      "S17": {
        "accuracy": 0.8861111164093017,
        "precision": 0.8861111164093017,
        "recall": 0.8861111164093017,
        "f1": 0.8861111164093017
      },
      "average": {
        "accuracy": 0.9298356640338898,
        "precision": 0.930065595706304,
        "recall": 0.9302169279257455,
        "f1": 0.930137956453651
      }
    },
    "std": {
      "S2": {
        "accuracy": 0.015188184469694752,
        "precision": 0.015188184469694752,
        "recall": 0.015188184469694752,
        "f1": 0.015188184469694752
      },
      "S3": {
        "accuracy": 0.034102999481308634,
        "precision": 0.03329925001216923,
        "recall": 0.03161670009635007,
        "f1": 0.03204483136566862
      },
      "S4": {
        "accuracy": 0.0,
        "precision": 0.0,
        "recall": 0.0,
        "f1": 0.0
      },
      "S5": {
        "accuracy": 0.016218462238948454,
        "precision": 0.016218462238948454,
        "recall": 0.016218462238948454,
        "f1": 0.016218462238948454
      },
      "S6": {
        "accuracy": 0.009035078490519832,
        "precision": 0.009035078490519832,
        "recall": 0.009035078490519832,
        "f1": 0.009035078490519832
      },
      "S7": {
        "accuracy": 0.0,
        "precision": 0.0,
        "recall": 0.0,
        "f1": 0.0
      },
      "S8": {
        "accuracy": 0.01807015698103967,
        "precision": 0.01807015698103967,
        "recall": 0.01807015698103967,
        "f1": 0.01807015698103967
      },
      "S9": {
        "accuracy": 0.014754221391846173,
        "precision": 0.014754221391846173,
        "recall": 0.014754221391846173,
        "f1": 0.014754221391846173
      },
      "S10": {
        "accuracy": 0.037611287279949536,
        "precision": 0.037611287279949536,
        "recall": 0.037611287279949536,
        "f1": 0.037611287279949536
      },
      "S11": {
        "accuracy": 0.06176695548298752,
        "precision": 0.06149641161048964,
        "recall": 0.06029191965804662,
        "f1": 0.06078684673890559
      },
      "S13": {
        "accuracy": 0.013417947829829946,
        "precision": 0.013417947829829946,
        "recall": 0.013417947829829946,
        "f1": 0.013417947829829946
      },
      "S14": {
        "accuracy": 0.07267192164768904,
        "precision": 0.07267192164768904,
        "recall": 0.07267192164768904,
        "f1": 0.07267192164768904
      },
      "S15": {
        "accuracy": 0.0,
        "precision": 0.0,
        "recall": 0.0,
        "f1": 0.0
      },
      "S16": {
        "accuracy": 0.0365711391163811,
        "precision": 0.0365711391163811,
        "recall": 0.0365711391163811,
        "f1": 0.0365711391163811
      },
      "S17": {
        "accuracy": 0.024322095924643378,
        "precision": 0.024322095924643378,
        "recall": 0.024322095924643378,
        "f1": 0.024322095924643378
      },
      "average": {
        "accuracy": 0.00889701790652478,
        "precision": 0.008726984299587133,
        "recall": 0.008844818255874696,
        "f1": 0.008776463342906434
      }
    },
    "poor_ratio": 0.0
  }
}