{
  "real_subj_cnt": 15,
  "real_path": "stress_slurm/data/wesad_1hz.pickle",
  "sliding_windows": false,
  "syn_subj_cnt": 100,
  "gan_config": {
    "gan_mode": "DPCGAN-e-10",
    "path": "stress_slurm/data/100_subj_DP-cGAN-e-10.csv",
    "eps": 10
  },
  "privacy_config": {
    "l2_norm_clip": 1.0,
    "eps": 10.0,
    "num_unique_windows": 530,
    "delta": 0.001,
    "noise_multiplier": 1.5811807604553576
  },
  "train_config": {
    "nn_mode": "Transformer",
    "epochs": 110,
    "batch_size": 50,
    "learning_rate": 0.0001,
    "eval_mode": "LOSO",
    "random_seed": 42,
    "data_noise_parameter": null
  },
  "results": {
    "num_runs": 10,
    "mean": {
      "S2": {
        "accuracy": 0.7058823704719543,
        "precision": 0.7058823704719543,
        "recall": 0.7058823704719543,
        "f1": 0.7058823704719543
      },
      "S3": {
        "accuracy": 0.6764705777168274,
        "precision": 0.6666666865348816,
        "recall": 0.6470588445663452,
        "f1": 0.6567164383850217
      },
      "S4": {
        "accuracy": 0.7428571581840515,
        "precision": 0.7428571581840515,
        "recall": 0.7428571581840515,
        "f1": 0.7428571581840515
      },
      "S5": {
        "accuracy": 0.7428571581840515,
        "precision": 0.8387096524238586,
        "recall": 0.7428571581840515,
        "f1": 0.7878787854705189
      },
      "S6": {
        "accuracy": 0.7142857313156128,
        "precision": 0.7931034564971924,
        "recall": 0.6571428775787354,
        "f1": 0.718750015599653
      },
      "S7": {
        "accuracy": 0.7428571581840515,
        "precision": 0.8148148059844971,
        "recall": 0.6285714507102966,
        "f1": 0.7096774301159267
      },
      "S8": {
        "accuracy": 0.7428571581840515,
        "precision": 0.7714285850524902,
        "recall": 0.7714285850524902,
        "f1": 0.7714285850524902
      },
      "S9": {
        "accuracy": 0.7142857313156128,
        "precision": 0.7142857313156128,
        "recall": 0.7142857313156128,
        "f1": 0.7142857313156128
      },
      "S10": {
        "accuracy": 0.7222222089767456,
        "precision": 0.7142857313156128,
        "recall": 0.6944444179534912,
        "f1": 0.7042253467682399
      },
      "S11": {
        "accuracy": 0.6944444179534912,
        "precision": 0.6857143044471741,
        "recall": 0.6666666865348816,
        "f1": 0.6760563573485399
      },
      "S13": {
        "accuracy": 0.7222222089767456,
        "precision": 0.8965517282485962,
        "recall": 0.7222222089767456,
        "f1": 0.7999999935105001
      },
      "S14": {
        "accuracy": 0.6944444179534912,
        "precision": 0.6944444179534912,
        "recall": 0.6944444179534912,
        "f1": 0.6944444179534912
      },
      "S15": {
        "accuracy": 0.7222222089767456,
        "precision": 0.7272727489471436,
        "recall": 0.6666666865348816,
        "f1": 0.6956521946450939
      },
      "S16": {
        "accuracy": 0.6944444179534912,
        "precision": 0.6944444179534912,
        "recall": 0.6944444179534912,
        "f1": 0.6944444179534912
      },
      "S17": {
        "accuracy": 0.7222222089767456,
        "precision": 0.7222222089767456,
        "recall": 0.7222222089767456,
        "f1": 0.7222222089767456
      },
      "average": {
        "accuracy": 0.7169716755549113,
        "precision": 0.7455122669537863,
        "recall": 0.6980796813964844,
        "f1": 0.7196347634500887
      }
    },
    "std": {
      "S2": {
        "accuracy": 0.0,
        "precision": 0.0,
        "recall": 0.0,
        "f1": 0.0
      },
      "S3": {
        "accuracy": 0.0,
        "precision": 0.0,
        "recall": 0.0,
        "f1": 0.0
      },
      "S4": {
        "accuracy": 0.0,
        "precision": 0.0,
        "recall": 0.0,
        "f1": 0.0
      },
      "S5": {
        "accuracy": 0.0,
        "precision": 0.0,
        "recall": 0.0,
        "f1": 0.0
      },
      "S6": {
        "accuracy": 0.0,
        "precision": 0.0,
        "recall": 0.0,
        "f1": 0.0
      },
      "S7": {
        "accuracy": 0.0,
        "precision": 0.0,
        "recall": 0.0,
        "f1": 0.0
      },
      "S8": {
        "accuracy": 0.0,
        "precision": 0.0,
        "recall": 0.0,
        "f1": 0.0
      },
      "S9": {
        "accuracy": 0.0,
        "precision": 0.0,
        "recall": 0.0,
        "f1": 0.0
      },
      "S10": {
        "accuracy": 0.0,
        "precision": 0.0,
        "recall": 0.0,
        "f1": 0.0
      },
      "S11": {
        "accuracy": 0.0,
        "precision": 0.0,
        "recall": 0.0,
        "f1": 0.0
      },
      "S13": {
        "accuracy": 0.0,
        "precision": 0.0,
        "recall": 0.0,
        "f1": 0.0
      },
      "S14": {
        "accuracy": 0.0,
        "precision": 0.0,
        "recall": 0.0,
        "f1": 0.0
      },
      "S15": {
        "accuracy": 0.0,
        "precision": 0.0,
        "recall": 0.0,
        "f1": 0.0
      },
      "S16": {
        "accuracy": 0.0,
        "precision": 0.0,
        "recall": 0.0,
        "f1": 0.0
      },
      "S17": {
        "accuracy": 0.0,
        "precision": 0.0,
        "recall": 0.0,
        "f1": 0.0
      },
      "average": {
        "accuracy": 0.0,
        "precision": 0.0,
        "recall": 0.0,
        "f1": 0.0
      }
    },
    "poor_ratio": 0.0
  }
}