{
  "real_subj_cnt": 15,
  "real_path": "stress_slurm/data/wesad_1hz.pickle",
  "sliding_windows": false,
  "syn_subj_cnt": 100,
  "gan_config": {
    "gan_mode": "DPCGAN-e-0.1",
    "name": "DP-CGAN \u03b5=0.1",
    "path": "stress_slurm/data/100_subj_DP-cGAN-e-0.1.csv",
    "eps": 0.1
  },
  "privacy_config": {
    "l2_norm_clip": 1.0,
    "eps": 0.1,
    "num_unique_windows": 530,
    "delta": 0.001,
    "noise_multiplier": 66.28937346300879
  },
  "train_config": {
    "nn_mode": "Transformer",
    "epochs": 110,
    "batch_size": 50,
    "learning_rate": 0.0001,
    "eval_mode": "LOSO",
    "random_seed": 42,
    "data_noise_parameter": null
  },
  "results": {
    "num_runs": 10,
    "mean": {
      "S2": {
        "accuracy": 0.7058823704719543,
        "precision": 1.0,
        "recall": 0.5882353186607361,
        "f1": 0.7407407602001443
      },
      "S3": {
        "accuracy": 0.6470588445663452,
        "precision": 0.2666666805744171,
        "recall": 0.11764705926179886,
        "f1": 0.16326530915108975
      },
      "S4": {
        "accuracy": 0.7428571581840515,
        "precision": 0.8636363744735718,
        "recall": 0.5428571701049805,
        "f1": 0.6666666904424804
      },
      "S5": {
        "accuracy": 0.7428571581840515,
        "precision": 1.0,
        "recall": 0.37142857909202576,
        "f1": 0.5416666748157392
      },
      "S6": {
        "accuracy": 0.7142857313156128,
        "precision": 1.0,
        "recall": 0.1428571492433548,
        "f1": 0.250000009778887
      },
      "S7": {
        "accuracy": 0.7428571581840515,
        "precision": 0.0,
        "recall": 0.0,
        "f1": 0.0
      },
      "S8": {
        "accuracy": 0.7142857313156128,
        "precision": 0.8888888955116272,
        "recall": 0.22857142984867096,
        "f1": 0.363636365806884
      },
      "S9": {
        "accuracy": 0.7142857313156128,
        "precision": 1.0,
        "recall": 0.20000000298023224,
        "f1": 0.3333333374725448
      },
      "S10": {
        "accuracy": 0.7222222089767456,
        "precision": 1.0,
        "recall": 0.3611111044883728,
        "f1": 0.5306122377483807
      },
      "S11": {
        "accuracy": 0.6944444179534912,
        "precision": 0.5555555820465088,
        "recall": 0.2777777910232544,
        "f1": 0.37037038803100586
      },
      "S13": {
        "accuracy": 0.7222222089767456,
        "precision": 1.0,
        "recall": 0.0555555559694767,
        "f1": 0.10526315863773103
      },
      "S14": {
        "accuracy": 0.75,
        "precision": 0.0,
        "recall": 0.0,
        "f1": 0.0
      },
      "S15": {
        "accuracy": 0.7222222089767456,
        "precision": 1.0,
        "recall": 0.1111111119389534,
        "f1": 0.20000000134110452
      },
      "S16": {
        "accuracy": 0.8611111044883728,
        "precision": 1.0,
        "recall": 0.1944444477558136,
        "f1": 0.32558139999084307
      },
      "S17": {
        "accuracy": 0.6944444179534912,
        "precision": 0.8333333134651184,
        "recall": 0.5555555820465088,
        "f1": 0.6666666793823234
      },
      "average": {
        "accuracy": 0.7260690967241923,
        "precision": 0.7605387230714162,
        "recall": 0.24981015349427863,
        "f1": 0.3505202008532772
      }
    },
    "std": {
      "S2": {
        "accuracy": 0.0,
        "precision": 0.0,
        "recall": 0.0,
        "f1": 0.0
      },
      "S3": {
        "accuracy": 0.0,
        "precision": 0.0,
        "recall": 0.0,
        "f1": 0.0
      },
      "S4": {
        "accuracy": 0.0,
        "precision": 0.0,
        "recall": 0.0,
        "f1": 0.0
      },
      "S5": {
        "accuracy": 0.0,
        "precision": 0.0,
        "recall": 0.0,
        "f1": 0.0
      },
      "S6": {
        "accuracy": 0.0,
        "precision": 0.0,
        "recall": 0.0,
        "f1": 0.0
      },
      "S7": {
        "accuracy": 0.0,
        "precision": 0.0,
        "recall": 0.0,
        "f1": 0.0
      },
      "S8": {
        "accuracy": 0.0,
        "precision": 0.0,
        "recall": 0.0,
        "f1": 0.0
      },
      "S9": {
        "accuracy": 0.0,
        "precision": 0.0,
        "recall": 0.0,
        "f1": 0.0
      },
      "S10": {
        "accuracy": 0.0,
        "precision": 0.0,
        "recall": 0.0,
        "f1": 0.0
      },
      "S11": {
        "accuracy": 0.0,
        "precision": 0.0,
        "recall": 0.0,
        "f1": 0.0
      },
      "S13": {
        "accuracy": 0.0,
        "precision": 0.0,
        "recall": 0.0,
        "f1": 0.0
      },
      "S14": {
        "accuracy": 0.0,
        "precision": 0.0,
        "recall": 0.0,
        "f1": 0.0
      },
      "S15": {
        "accuracy": 0.0,
        "precision": 0.0,
        "recall": 0.0,
        "f1": 0.0
      },
      "S16": {
        "accuracy": 0.0,
        "precision": 0.0,
        "recall": 0.0,
        "f1": 0.0
      },
      "S17": {
        "accuracy": 0.0,
        "precision": 0.0,
        "recall": 0.0,
        "f1": 0.0
      },
      "average": {
        "accuracy": 0.0,
        "precision": 0.0,
        "recall": 0.0,
        "f1": 0.0
      }
    },
    "poor_ratio": 0.0
  }
}