{
  "real_subj_cnt": 15,
  "real_path": "stress_slurm/data/wesad_1hz.pickle",
  "sliding_windows": false,
  "syn_subj_cnt": 100,
  "gan_config": {
    "gan_mode": "CGAN",
    "path": "stress_slurm/data/100_subj_cGAN.csv",
    "eps": null
  },
  "privacy_config": {
    "l2_norm_clip": 1.0,
    "eps": null,
    "num_unique_windows": null,
    "delta": null,
    "noise_multiplier": null
  },
  "train_config": {
    "nn_mode": "Transformer",
    "epochs": 110,
    "batch_size": 50,
    "learning_rate": 0.0001,
    "eval_mode": "LOSO",
    "random_seed": 42,
    "data_noise_parameter": null
  },
  "results": {
    "num_runs": 10,
    "mean": {
      "S2": {
        "accuracy": 0.8764705717563629,
        "precision": 0.8764705717563629,
        "recall": 0.8764705717563629,
        "f1": 0.8764705717563629
      },
      "S3": {
        "accuracy": 0.8647058665752411,
        "precision": 0.866844916343689,
        "recall": 0.8588235199451446,
        "f1": 0.8627743569334463
      },
      "S4": {
        "accuracy": 0.9714285731315613,
        "precision": 0.9714285731315613,
        "recall": 0.9714285731315613,
        "f1": 0.9714285731315613
      },
      "S5": {
        "accuracy": 0.9485714316368103,
        "precision": 0.9485574245452881,
        "recall": 0.9485714316368103,
        "f1": 0.948527107046341
      },
      "S6": {
        "accuracy": 0.9685714304447174,
        "precision": 0.9685714304447174,
        "recall": 0.9685714304447174,
        "f1": 0.9685714304447174
      },
      "S7": {
        "accuracy": 0.888571435213089,
        "precision": 0.888571435213089,
        "recall": 0.888571435213089,
        "f1": 0.888571435213089
      },
      "S8": {
        "accuracy": 0.9142857193946838,
        "precision": 0.9142857193946838,
        "recall": 0.9142857193946838,
        "f1": 0.9142857193946838
      },
      "S9": {
        "accuracy": 0.9600000023841858,
        "precision": 0.9600000023841858,
        "recall": 0.9600000023841858,
        "f1": 0.9600000023841858
      },
      "S10": {
        "accuracy": 0.9888888895511627,
        "precision": 0.9888888895511627,
        "recall": 0.9888888895511627,
        "f1": 0.9888888895511627
      },
      "S11": {
        "accuracy": 0.872222226858139,
        "precision": 0.872222226858139,
        "recall": 0.872222226858139,
        "f1": 0.872222226858139
      },
      "S13": {
        "accuracy": 0.9694444358348846,
        "precision": 0.9693650722503662,
        "recall": 0.9666666567325592,
        "f1": 0.9679968615451802
      },
      "S14": {
        "accuracy": 0.7111110985279083,
        "precision": 0.7090840697288513,
        "recall": 0.7111110985279083,
        "f1": 0.7100837003571787
      },
      "S15": {
        "accuracy": 0.9888888835906983,
        "precision": 0.9888888835906983,
        "recall": 0.9888888835906983,
        "f1": 0.9888888835906983
      },
      "S16": {
        "accuracy": 0.9305555403232575,
        "precision": 0.9277777671813965,
        "recall": 0.9277777671813965,
        "f1": 0.9277777671813965
      },
      "S17": {
        "accuracy": 0.7583333373069763,
        "precision": 0.7570282936096191,
        "recall": 0.75,
        "f1": 0.7534140634739515
      },
      "average": {
        "accuracy": 0.907469962835312,
        "precision": 0.9071990183989207,
        "recall": 0.9061518804232278,
        "f1": 0.9066601059241396
      }
    },
    "std": {
      "S2": {
        "accuracy": 0.07818588618067815,
        "precision": 0.07818588618067815,
        "recall": 0.07818588618067815,
        "f1": 0.07818588618067815
      },
      "S3": {
        "accuracy": 0.04428073547921266,
        "precision": 0.04181505259224635,
        "recall": 0.03339095516853192,
        "f1": 0.037217313962077746
      },
      "S4": {
        "accuracy": 0.0,
        "precision": 0.0,
        "recall": 0.0,
        "f1": 0.0
      },
      "S5": {
        "accuracy": 0.06570738012414554,
        "precision": 0.06572566365212437,
        "recall": 0.06707358404651789,
        "f1": 0.06613869328617158
      },
      "S6": {
        "accuracy": 0.021081849811212947,
        "precision": 0.021081849811212947,
        "recall": 0.021081849811212947,
        "f1": 0.021081849811212947
      },
      "S7": {
        "accuracy": 0.03420625509651575,
        "precision": 0.03420625509651575,
        "recall": 0.03420625509651575,
        "f1": 0.03420625509651575
      },
      "S8": {
        "accuracy": 0.026937399582464716,
        "precision": 0.026937399582464716,
        "recall": 0.026937399582464716,
        "f1": 0.026937399582464716
      },
      "S9": {
        "accuracy": 0.019977310202976623,
        "precision": 0.019977310202976623,
        "recall": 0.019977310202976623,
        "f1": 0.019977310202976623
      },
      "S10": {
        "accuracy": 0.0268358778361785,
        "precision": 0.0268358778361785,
        "recall": 0.0268358778361785,
        "f1": 0.0268358778361785
      },
      "S11": {
        "accuracy": 0.03749714329430208,
        "precision": 0.03749714329430208,
        "recall": 0.03749714329430208,
        "f1": 0.03749714329430208
      },
      "S13": {
        "accuracy": 0.024322081553616152,
        "precision": 0.02431330374576789,
        "recall": 0.025526015406804936,
        "f1": 0.024567920862218786
      },
      "S14": {
        "accuracy": 0.05105204018265005,
        "precision": 0.049721462964581686,
        "recall": 0.05105204018265005,
        "f1": 0.05028000349898962
      },
      "S15": {
        "accuracy": 0.023424290133776816,
        "precision": 0.023424290133776816,
        "recall": 0.023424290133776816,
        "f1": 0.023424290133776816
      },
      "S16": {
        "accuracy": 0.07436286009625437,
        "precision": 0.0743051918005934,
        "recall": 0.0743051918005934,
        "f1": 0.0743051918005934
      },
      "S17": {
        "accuracy": 0.09170874214405544,
        "precision": 0.09568056261763998,
        "recall": 0.09259259104728851,
        "f1": 0.0938313023549392
      },
      "average": {
        "accuracy": 0.01041336083693152,
        "precision": 0.010704028145863603,
        "recall": 0.010103831872074512,
        "f1": 0.010375370634102831
      }
    },
    "poor_ratio": 0.0
  }
}