{
  "real_subj_cnt": 15,
  "real_path": "stress_slurm/data/wesad_1hz.pickle",
  "sliding_windows": false,
  "syn_subj_cnt": 15,
  "gan_config": {
    "gan_mode": "CGAN",
    "name": "CGAN",
    "path": "stress_slurm/data/100_subj_cGAN.csv",
    "eps": null
  },
  "privacy_config": {
    "l2_norm_clip": 1.0,
    "eps": null,
    "num_unique_windows": null,
    "delta": null,
    "noise_multiplier": null
  },
  "train_config": {
    "nn_mode": "CNN-LSTM",
    "epochs": 20,
    "batch_size": 50,
    "learning_rate": 0.001,
    "eval_mode": "LOSO",
    "random_seed": 42,
    "data_noise_parameter": null
  },
  "results": {
    "num_runs": 10,
    "mean": {
      "S2": {
        "accuracy": 0.9470588207244873,
        "precision": 0.9443697452545166,
        "recall": 0.9470588207244873,
        "f1": 0.9456947969366236
      },
      "S3": {
        "accuracy": 0.8352941036224365,
        "precision": 0.8252941131591797,
        "recall": 0.8352941036224365,
        "f1": 0.8302216447606554
      },
      "S4": {
        "accuracy": 0.9942857146263122,
        "precision": 0.9942857146263122,
        "recall": 0.9942857146263122,
        "f1": 0.9942857146263122
      },
      "S5": {
        "accuracy": 0.9742857158184052,
        "precision": 0.9742857158184052,
        "recall": 0.9742857158184052,
        "f1": 0.9742857158184052
      },
      "S6": {
        "accuracy": 1.0,
        "precision": 1.0,
        "recall": 1.0,
        "f1": 1.0
      },
      "S7": {
        "accuracy": 0.9171428620815277,
        "precision": 0.9145238161087036,
        "recall": 0.9171428620815277,
        "f1": 0.9158148951212155
      },
      "S8": {
        "accuracy": 0.9714285731315613,
        "precision": 0.9715873003005981,
        "recall": 0.9742857158184052,
        "f1": 0.9729175051132192
      },
      "S9": {
        "accuracy": 0.9742857158184052,
        "precision": 0.9742857158184052,
        "recall": 0.9742857158184052,
        "f1": 0.9742857158184052
      },
      "S10": {
        "accuracy": 0.9583333194255829,
        "precision": 0.9557056963443756,
        "recall": 0.9611110985279083,
        "f1": 0.9583713741558849
      },
      "S11": {
        "accuracy": 0.8138889014720917,
        "precision": 0.8114114224910736,
        "recall": 0.8222222328186035,
        "f1": 0.8167427810132335
      },
      "S13": {
        "accuracy": 1.0,
        "precision": 1.0,
        "recall": 1.0,
        "f1": 1.0
      },
      "S14": {
        "accuracy": 0.6694444358348847,
        "precision": 0.6677927851676941,
        "recall": 0.6694444358348847,
        "f1": 0.6686072978321976
      },
      "S15": {
        "accuracy": 1.0,
        "precision": 1.0,
        "recall": 1.0,
        "f1": 1.0
      },
      "S16": {
        "accuracy": 0.9388888895511627,
        "precision": 0.9389639675617218,
        "recall": 0.9416666686534881,
        "f1": 0.9402968064674765
      },
      "S17": {
        "accuracy": 0.6305555641651154,
        "precision": 0.6308756172657013,
        "recall": 0.6361111223697662,
        "f1": 0.6334341269369528
      },
      "average": {
        "accuracy": 0.9083261744181316,
        "precision": 0.906892107327779,
        "recall": 0.9098129471143087,
        "f1": 0.9083305583067055
      }
    },
    "std": {
      "S2": {
        "accuracy": 0.012401075558480475,
        "precision": 0.016163205729644296,
        "recall": 0.012401075558480475,
        "f1": 0.013792122430131835
      },
      "S3": {
        "accuracy": 0.06678190217014597,
        "precision": 0.060890007734224295,
        "recall": 0.06678190217014597,
        "f1": 0.06353319296237207
      },
      "S4": {
        "accuracy": 0.012046771320693107,
        "precision": 0.012046771320693107,
        "recall": 0.012046771320693107,
        "f1": 0.012046771320693107
      },
      "S5": {
        "accuracy": 0.009035078490519832,
        "precision": 0.009035078490519832,
        "recall": 0.009035078490519832,
        "f1": 0.009035078490519832
      },
      "S6": {
        "accuracy": 0.0,
        "precision": 0.0,
        "recall": 0.0,
        "f1": 0.0
      },
      "S7": {
        "accuracy": 0.03420625509651575,
        "precision": 0.03300003249771621,
        "recall": 0.03420625509651575,
        "f1": 0.03334395040219729
      },
      "S8": {
        "accuracy": 0.013468699791232368,
        "precision": 0.013098851183005859,
        "recall": 0.009035078490519842,
        "f1": 0.010442207632792067
      },
      "S9": {
        "accuracy": 0.009035078490519837,
        "precision": 0.009035078490519837,
        "recall": 0.009035078490519837,
        "f1": 0.009035078490519837
      },
      "S10": {
        "accuracy": 0.02699515031150274,
        "precision": 0.023544816756228836,
        "recall": 0.029860218263656035,
        "f1": 0.026234074269246007
      },
      "S11": {
        "accuracy": 0.054069622537045,
        "precision": 0.05554967819438876,
        "recall": 0.04934410473042357,
        "f1": 0.05227101945081982
      },
      "S13": {
        "accuracy": 0.0,
        "precision": 0.0,
        "recall": 0.0,
        "f1": 0.0
      },
      "S14": {
        "accuracy": 0.0514701536981434,
        "precision": 0.053763919852889835,
        "recall": 0.0514701536981434,
        "f1": 0.05258043940104571
      },
      "S15": {
        "accuracy": 0.0,
        "precision": 0.0,
        "recall": 0.0,
        "f1": 0.0
      },
      "S16": {
        "accuracy": 0.05204988292398118,
        "precision": 0.05210381954590242,
        "recall": 0.054700203006479105,
        "f1": 0.05322877709724787
      },
      "S17": {
        "accuracy": 0.08788983382322721,
        "precision": 0.08765710534894505,
        "recall": 0.08827915941445295,
        "f1": 0.0877615127764277
      },
      "average": {
        "accuracy": 0.009372493231481843,
        "precision": 0.008924904433751409,
        "recall": 0.009539211277113513,
        "f1": 0.009174279869084211
      }
    },
    "poor_ratio": 0.0
  }
}