{
  "real_subj_cnt": 15,
  "real_path": "stress_slurm/data/wesad_1hz.pickle",
  "sliding_windows": false,
  "syn_subj_cnt": 15,
  "gan_config": {
    "gan_mode": "DPCGAN-e-1",
    "name": "DP-CGAN \u03b5=1",
    "path": "stress_slurm/data/100_subj_DP-cGAN-e-1.csv",
    "eps": 1
  },
  "privacy_config": {
    "l2_norm_clip": 1.0,
    "eps": 1.0,
    "num_unique_windows": 530,
    "delta": 0.001,
    "noise_multiplier": 3.023440150150832
  },
  "train_config": {
    "nn_mode": "CNN",
    "epochs": 10,
    "batch_size": 50,
    "learning_rate": 0.001,
    "eval_mode": "LOSO",
    "random_seed": 42,
    "data_noise_parameter": null
  },
  "results": {
    "num_runs": 10,
    "mean": {
      "S2": {
        "accuracy": 0.7352941036224365,
        "precision": 0.6888889074325562,
        "recall": 0.9117646813392639,
        "f1": 0.7848101295238307
      },
      "S3": {
        "accuracy": 0.5882353186607361,
        "precision": 0.6153846383094788,
        "recall": 0.7058823704719543,
        "f1": 0.657534267267516
      },
      "S4": {
        "accuracy": 0.7428571581840515,
        "precision": 0.7804877758026123,
        "recall": 0.9142857193946838,
        "f1": 0.8421052484012043
      },
      "S5": {
        "accuracy": 0.9428571462631226,
        "precision": 0.6730769276618958,
        "recall": 1.0,
        "f1": 0.8045977044253577
      },
      "S6": {
        "accuracy": 0.6857143044471741,
        "precision": 0.6363636255264282,
        "recall": 1.0,
        "f1": 0.7777777696833198
      },
      "S7": {
        "accuracy": 0.9142857193946838,
        "precision": 0.6603773832321167,
        "recall": 1.0,
        "f1": 0.7954545634036712
      },
      "S8": {
        "accuracy": 0.7428571581840515,
        "precision": 0.7954545617103577,
        "recall": 1.0,
        "f1": 0.8860759594524122
      },
      "S9": {
        "accuracy": 0.7142857313156128,
        "precision": 0.699999988079071,
        "recall": 1.0,
        "f1": 0.8235294035149281
      },
      "S10": {
        "accuracy": 0.7222222089767456,
        "precision": 0.6666666865348816,
        "recall": 0.9444444179534912,
        "f1": 0.7816091999854536
      },
      "S11": {
        "accuracy": 0.5555555820465088,
        "precision": 0.6097561120986938,
        "recall": 0.6944444179534912,
        "f1": 0.6493506460130299
      },
      "S13": {
        "accuracy": 0.8055555820465088,
        "precision": 0.782608687877655,
        "recall": 1.0,
        "f1": 0.8780487755946217
      },
      "S14": {
        "accuracy": 0.4722222089767456,
        "precision": 0.4166666567325592,
        "recall": 0.6944444179534912,
        "f1": 0.5208333181217313
      },
      "S15": {
        "accuracy": 0.6666666865348816,
        "precision": 0.625,
        "recall": 0.9722222089767456,
        "f1": 0.7608695611611206
      },
      "S16": {
        "accuracy": 0.5277777910232544,
        "precision": 0.5,
        "recall": 0.6944444179534912,
        "f1": 0.5813953395531973
      },
      "S17": {
        "accuracy": 0.7222222089767456,
        "precision": 0.761904776096344,
        "recall": 0.8888888955116272,
        "f1": 0.8205128315637802
      },
      "average": {
        "accuracy": 0.7025739272435506,
        "precision": 0.6608424484729767,
        "recall": 0.8947214365005494,
        "f1": 0.757633647844345
      }
    },
    "std": {
      "S2": {
        "accuracy": 0.0,
        "precision": 0.0,
        "recall": 0.0,
        "f1": 0.0
      },
      "S3": {
        "accuracy": 0.0,
        "precision": 0.0,
        "recall": 0.0,
        "f1": 0.0
      },
      "S4": {
        "accuracy": 0.0,
        "precision": 0.0,
        "recall": 0.0,
        "f1": 0.0
      },
      "S5": {
        "accuracy": 0.0,
        "precision": 0.0,
        "recall": 0.0,
        "f1": 0.0
      },
      "S6": {
        "accuracy": 0.0,
        "precision": 0.0,
        "recall": 0.0,
        "f1": 0.0
      },
      "S7": {
        "accuracy": 0.0,
        "precision": 0.0,
        "recall": 0.0,
        "f1": 0.0
      },
      "S8": {
        "accuracy": 0.0,
        "precision": 0.0,
        "recall": 0.0,
        "f1": 0.0
      },
      "S9": {
        "accuracy": 0.0,
        "precision": 0.0,
        "recall": 0.0,
        "f1": 0.0
      },
      "S10": {
        "accuracy": 0.0,
        "precision": 0.0,
        "recall": 0.0,
        "f1": 0.0
      },
      "S11": {
        "accuracy": 0.0,
        "precision": 0.0,
        "recall": 0.0,
        "f1": 0.0
      },
      "S13": {
        "accuracy": 0.0,
        "precision": 0.0,
        "recall": 0.0,
        "f1": 0.0
      },
      "S14": {
        "accuracy": 0.0,
        "precision": 0.0,
        "recall": 0.0,
        "f1": 0.0
      },
      "S15": {
        "accuracy": 0.0,
        "precision": 0.0,
        "recall": 0.0,
        "f1": 0.0
      },
      "S16": {
        "accuracy": 0.0,
        "precision": 0.0,
        "recall": 0.0,
        "f1": 0.0
      },
      "S17": {
        "accuracy": 0.0,
        "precision": 0.0,
        "recall": 0.0,
        "f1": 0.0
      },
      "average": {
        "accuracy": 0.0,
        "precision": 0.0,
        "recall": 0.0,
        "f1": 0.0
      }
    },
    "poor_ratio": 0.0
  }
}