{
  "real_subj_cnt": 15,
  "real_path": "stress_slurm/data/wesad_1hz.pickle",
  "sliding_windows": false,
  "syn_subj_cnt": 15,
  "gan_config": {
    "gan_mode": "DPCGAN-e-10",
    "name": "DP-CGAN \u03b5=10",
    "path": "stress_slurm/data/100_subj_DP-cGAN-e-10.csv",
    "eps": 10
  },
  "privacy_config": {
    "l2_norm_clip": 1.0,
    "eps": 10.0,
    "num_unique_windows": 530,
    "delta": 0.001,
    "noise_multiplier": 0.7524411411777173
  },
  "train_config": {
    "nn_mode": "CNN",
    "epochs": 10,
    "batch_size": 50,
    "learning_rate": 0.001,
    "eval_mode": "LOSO",
    "random_seed": 42,
    "data_noise_parameter": null
  },
  "results": {
    "num_runs": 10,
    "mean": {
      "S2": {
        "accuracy": 0.7647058963775635,
        "precision": 0.7297297120094299,
        "recall": 0.7941176295280457,
        "f1": 0.7605633626166755
      },
      "S3": {
        "accuracy": 0.6176470518112183,
        "precision": 0.6052631735801697,
        "recall": 0.6764705777168274,
        "f1": 0.6388888929361176
      },
      "S4": {
        "accuracy": 0.7428571581840515,
        "precision": 0.7567567825317383,
        "recall": 0.800000011920929,
        "f1": 0.777777797025111
      },
      "S5": {
        "accuracy": 0.8857142925262451,
        "precision": 0.7555555701255798,
        "recall": 0.9714285731315613,
        "f1": 0.8500000098720191
      },
      "S6": {
        "accuracy": 0.6571428775787354,
        "precision": 0.6578947305679321,
        "recall": 0.7142857313156128,
        "f1": 0.6849315112785586
      },
      "S7": {
        "accuracy": 0.8742857217788697,
        "precision": 0.7291666865348816,
        "recall": 1.0,
        "f1": 0.843373507265602
      },
      "S8": {
        "accuracy": 0.7428571581840515,
        "precision": 0.7692307829856873,
        "recall": 0.8571428656578064,
        "f1": 0.8108108222615205
      },
      "S9": {
        "accuracy": 0.6000000238418579,
        "precision": 0.625,
        "recall": 0.7142857313156128,
        "f1": 0.6666666740841335
      },
      "S10": {
        "accuracy": 0.75,
        "precision": 0.7560975551605225,
        "recall": 0.8611111044883728,
        "f1": 0.8051947990021148
      },
      "S11": {
        "accuracy": 0.5555555820465088,
        "precision": 0.6097561120986938,
        "recall": 0.6944444179534912,
        "f1": 0.6493506460130299
      },
      "S13": {
        "accuracy": 0.8333333134651184,
        "precision": 0.7674418687820435,
        "recall": 0.9166666865348816,
        "f1": 0.8354430511543678
      },
      "S14": {
        "accuracy": 0.6944444179534912,
        "precision": 0.5319148898124695,
        "recall": 0.6944444179534912,
        "f1": 0.6024096261470371
      },
      "S15": {
        "accuracy": 0.6944444179534912,
        "precision": 0.6666666865348816,
        "recall": 0.7222222089767456,
        "f1": 0.693333337974548
      },
      "S16": {
        "accuracy": 0.5277777910232544,
        "precision": 0.5681818127632141,
        "recall": 0.6944444179534912,
        "f1": 0.6249999859929084
      },
      "S17": {
        "accuracy": 0.7222222089767456,
        "precision": 0.7560975551605225,
        "recall": 0.8611111044883728,
        "f1": 0.8051947990021148
      },
      "average": {
        "accuracy": 0.7108658607800801,
        "precision": 0.6856502612431844,
        "recall": 0.7981450319290161,
        "f1": 0.7365959215083905
      }
    },
    "std": {
      "S2": {
        "accuracy": 0.0,
        "precision": 0.0,
        "recall": 0.0,
        "f1": 0.0
      },
      "S3": {
        "accuracy": 0.0,
        "precision": 0.0,
        "recall": 0.0,
        "f1": 0.0
      },
      "S4": {
        "accuracy": 0.0,
        "precision": 0.0,
        "recall": 0.0,
        "f1": 0.0
      },
      "S5": {
        "accuracy": 0.0,
        "precision": 0.0,
        "recall": 0.0,
        "f1": 0.0
      },
      "S6": {
        "accuracy": 0.0,
        "precision": 0.0,
        "recall": 0.0,
        "f1": 0.0
      },
      "S7": {
        "accuracy": 0.014754221391846175,
        "precision": 0.0,
        "recall": 0.0,
        "f1": 0.0
      },
      "S8": {
        "accuracy": 0.0,
        "precision": 0.0,
        "recall": 0.0,
        "f1": 0.0
      },
      "S9": {
        "accuracy": 0.0,
        "precision": 0.0,
        "recall": 0.0,
        "f1": 0.0
      },
      "S10": {
        "accuracy": 0.0,
        "precision": 0.0,
        "recall": 0.0,
        "f1": 0.0
      },
      "S11": {
        "accuracy": 0.0,
        "precision": 0.0,
        "recall": 0.0,
        "f1": 0.0
      },
      "S13": {
        "accuracy": 0.0,
        "precision": 0.0,
        "recall": 0.0,
        "f1": 0.0
      },
      "S14": {
        "accuracy": 0.0,
        "precision": 0.0,
        "recall": 0.0,
        "f1": 0.0
      },
      "S15": {
        "accuracy": 0.0,
        "precision": 0.0,
        "recall": 0.0,
        "f1": 0.0
      },
      "S16": {
        "accuracy": 0.0,
        "precision": 0.0,
        "recall": 0.0,
        "f1": 0.0
      },
      "S17": {
        "accuracy": 0.0,
        "precision": 0.0,
        "recall": 0.0,
        "f1": 0.0
      },
      "average": {
        "accuracy": 0.0009836147594563765,
        "precision": 0.0,
        "recall": 0.0,
        "f1": 0.0
      }
    },
    "poor_ratio": 0.0
  }
}