{
  "real_subj_cnt": 15,
  "real_path": "stress_slurm/data/wesad_1hz.pickle",
  "sliding_windows": false,
  "syn_subj_cnt": 15,
  "gan_config": {
    "gan_mode": "CGAN",
    "name": "CGAN",
    "path": "stress_slurm/data/100_subj_cGAN.csv",
    "eps": null
  },
  "privacy_config": {
    "l2_norm_clip": 1.0,
    "eps": null,
    "num_unique_windows": null,
    "delta": null,
    "noise_multiplier": null
  },
  "train_config": {
    "nn_mode": "Transformer",
    "epochs": 110,
    "batch_size": 50,
    "learning_rate": 0.0001,
    "eval_mode": "LOSO",
    "random_seed": 42,
    "data_noise_parameter": null
  },
  "results": {
    "num_runs": 10,
    "mean": {
      "S2": {
        "accuracy": 0.8911764621734619,
        "precision": 0.8937305808067322,
        "recall": 0.8911764621734619,
        "f1": 0.8923986153325796
      },
      "S3": {
        "accuracy": 0.6941176593303681,
        "precision": 0.6970639288425445,
        "recall": 0.7029411852359772,
        "f1": 0.6998733694411992
      },
      "S4": {
        "accuracy": 0.9514285743236541,
        "precision": 0.9514285743236541,
        "recall": 0.9514285743236541,
        "f1": 0.9514285743236541
      },
      "S5": {
        "accuracy": 0.9142857193946838,
        "precision": 0.9163865506649017,
        "recall": 0.9057142913341523,
        "f1": 0.9109730858558416
      },
      "S6": {
        "accuracy": 0.9428571462631226,
        "precision": 0.9428571462631226,
        "recall": 0.9428571462631226,
        "f1": 0.9428571462631226
      },
      "S7": {
        "accuracy": 0.8942857205867767,
        "precision": 0.8940336167812347,
        "recall": 0.8914285778999329,
        "f1": 0.8927122202697758
      },
      "S8": {
        "accuracy": 0.9742857158184052,
        "precision": 0.9715873003005981,
        "recall": 0.9714285731315613,
        "f1": 0.9714682298385358
      },
      "S9": {
        "accuracy": 0.9714285731315613,
        "precision": 0.9714285731315613,
        "recall": 0.9714285731315613,
        "f1": 0.9714285731315613
      },
      "S10": {
        "accuracy": 0.9944444417953491,
        "precision": 0.9944444417953491,
        "recall": 0.9944444417953491,
        "f1": 0.9944444417953491
      },
      "S11": {
        "accuracy": 0.8583333313465118,
        "precision": 0.8583333313465118,
        "recall": 0.8583333313465118,
        "f1": 0.8583333313465118
      },
      "S13": {
        "accuracy": 0.9361111104488373,
        "precision": 0.9361111104488373,
        "recall": 0.9361111104488373,
        "f1": 0.9361111104488373
      },
      "S14": {
        "accuracy": 0.6444444477558136,
        "precision": 0.6444444477558136,
        "recall": 0.6444444477558136,
        "f1": 0.6444444477558136
      },
      "S15": {
        "accuracy": 1.0,
        "precision": 1.0,
        "recall": 1.0,
        "f1": 1.0
      },
      "S16": {
        "accuracy": 0.9222222149372101,
        "precision": 0.9222222149372101,
        "recall": 0.9222222149372101,
        "f1": 0.9222222149372101
      },
      "S17": {
        "accuracy": 0.6138888835906983,
        "precision": 0.6083333313465118,
        "recall": 0.6138888835906983,
        "f1": 0.611073055763275
      },
      "average": {
        "accuracy": 0.8802206667264303,
        "precision": 0.8801603432496389,
        "recall": 0.8798565208911896,
        "f1": 0.8799845611002178
      }
    },
    "std": {
      "S2": {
        "accuracy": 0.04812917372222638,
        "precision": 0.04452129524735508,
        "recall": 0.04812917372222638,
        "f1": 0.04589743565596674
      },
      "S3": {
        "accuracy": 0.048427795642749606,
        "precision": 0.04271668314559412,
        "recall": 0.04262169537141649,
        "f1": 0.04167300483989002
      },
      "S4": {
        "accuracy": 0.01380131036422483,
        "precision": 0.01380131036422483,
        "recall": 0.01380131036422483,
        "f1": 0.01380131036422483
      },
      "S5": {
        "accuracy": 0.023328472350306783,
        "precision": 0.02814045112393898,
        "recall": 0.023522072950791242,
        "f1": 0.024967106203716064
      },
      "S6": {
        "accuracy": 0.0,
        "precision": 0.0,
        "recall": 0.0,
        "f1": 0.0
      },
      "S7": {
        "accuracy": 0.023522072950791246,
        "precision": 0.023296327313081677,
        "recall": 0.022537445449423925,
        "f1": 0.02254137540445247
      },
      "S8": {
        "accuracy": 0.025016999530896634,
        "precision": 0.02675439262090549,
        "recall": 0.02332847235030679,
        "f1": 0.024228889990734605
      },
      "S9": {
        "accuracy": 0.0,
        "precision": 0.0,
        "recall": 0.0,
        "f1": 0.0
      },
      "S10": {
        "accuracy": 0.017568217600332618,
        "precision": 0.017568217600332618,
        "recall": 0.017568217600332618,
        "f1": 0.017568217600332618
      },
      "S11": {
        "accuracy": 0.053109750572873975,
        "precision": 0.053109750572873975,
        "recall": 0.053109750572873975,
        "f1": 0.053109750572873975
      },
      "S13": {
        "accuracy": 0.022868666147795695,
        "precision": 0.022868666147795695,
        "recall": 0.022868666147795695,
        "f1": 0.022868666147795695
      },
      "S14": {
        "accuracy": 0.07499428855104558,
        "precision": 0.07499428855104558,
        "recall": 0.07499428855104558,
        "f1": 0.07499428855104558
      },
      "S15": {
        "accuracy": 0.0,
        "precision": 0.0,
        "recall": 0.0,
        "f1": 0.0
      },
      "S16": {
        "accuracy": 0.062525715266869,
        "precision": 0.062525715266869,
        "recall": 0.062525715266869,
        "f1": 0.062525715266869
      },
      "S17": {
        "accuracy": 0.07343473088261991,
        "precision": 0.06733921258779174,
        "recall": 0.07343473088261991,
        "f1": 0.07026761860336381
      },
      "average": {
        "accuracy": 0.011640715115529597,
        "precision": 0.011023782577580347,
        "recall": 0.011101999837109069,
        "f1": 0.011016254240873918
      }
    },
    "poor_ratio": 0.0
  }
}