{
  "real_subj_cnt": 15,
  "real_path": "stress_slurm/data/wesad_1hz.pickle",
  "sliding_windows": false,
  "syn_subj_cnt": 100,
  "gan_config": {
    "gan_mode": "DGAN",
    "name": "DGAN",
    "path": "stress_slurm/data/100_subj_DGAN.csv",
    "eps": null
  },
  "privacy_config": {
    "l2_norm_clip": 1.0,
    "eps": null,
    "num_unique_windows": null,
    "delta": null,
    "noise_multiplier": null
  },
  "train_config": {
    "nn_mode": "CNN",
    "epochs": 10,
    "batch_size": 50,
    "learning_rate": 0.001,
    "eval_mode": "TSTR",
    "random_seed": 42,
    "data_noise_parameter": null
  },
  "results": {
    "num_runs": 10,
    "mean": {
      "S2": {
        "accuracy": 0.7764705836772918,
        "precision": 0.7791673064231872,
        "recall": 0.7794117629528046,
        "f1": 0.7792209038727997
      },
      "S3": {
        "accuracy": 0.7000000059604645,
        "precision": 0.6971250355243683,
        "recall": 0.6970588266849518,
        "f1": 0.6970321063364147
      },
      "S4": {
        "accuracy": 0.7657142996788024,
        "precision": 0.7729979634284974,
        "recall": 0.7657142996788024,
        "f1": 0.7690494612323113
      },
      "S5": {
        "accuracy": 0.9200000047683716,
        "precision": 0.9198319375514984,
        "recall": 0.9171428620815277,
        "f1": 0.9184679137636348
      },
      "S6": {
        "accuracy": 0.9685714304447174,
        "precision": 0.9687301576137543,
        "recall": 0.9742857158184052,
        "f1": 0.9714688130478327
      },
      "S7": {
        "accuracy": 0.9885714292526245,
        "precision": 0.9857936501502991,
        "recall": 0.9885714292526245,
        "f1": 0.9871629778673384
      },
      "S8": {
        "accuracy": 0.9371428608894348,
        "precision": 0.9346778690814972,
        "recall": 0.9400000035762787,
        "f1": 0.9372618326253906
      },
      "S9": {
        "accuracy": 0.9228571474552154,
        "precision": 0.9150712966918946,
        "recall": 0.9257142901420593,
        "f1": 0.9201030806641605
      },
      "S10": {
        "accuracy": 0.9638888716697693,
        "precision": 0.9641848862171173,
        "recall": 0.9666666507720947,
        "f1": 0.9653326971355595
      },
      "S11": {
        "accuracy": 0.7222222089767456,
        "precision": 0.7162912786006927,
        "recall": 0.7222222089767456,
        "f1": 0.7192161209812797
      },
      "S13": {
        "accuracy": 1.0,
        "precision": 1.0,
        "recall": 1.0,
        "f1": 1.0
      },
      "S14": {
        "accuracy": 0.5833333373069763,
        "precision": 0.5861497282981872,
        "recall": 0.5861111164093018,
        "f1": 0.5860821764322633
      },
      "S15": {
        "accuracy": 0.9694444298744201,
        "precision": 0.9693650662899017,
        "recall": 0.9666666507720947,
        "f1": 0.9679968555847157
      },
      "S16": {
        "accuracy": 0.7416666626930237,
        "precision": 0.7459523797035217,
        "recall": 0.7416666626930237,
        "f1": 0.7437793400736467
      },
      "S17": {
        "accuracy": 0.705555534362793,
        "precision": 0.7044294118881226,
        "recall": 0.7083333134651184,
        "f1": 0.7063546236403822
      },
      "average": {
        "accuracy": 0.8443625871340433,
        "precision": 0.8439845311641694,
        "recall": 0.8453043862183888,
        "f1": 0.8445685935505154
      }
    },
    "std": {
      "S2": {
        "accuracy": 0.039702854950664404,
        "precision": 0.04347367083283473,
        "recall": 0.050468767368316396,
        "f1": 0.04642619965280102
      },
      "S3": {
        "accuracy": 0.018601638469250906,
        "precision": 0.01764029980046141,
        "recall": 0.01985143434388394,
        "f1": 0.017535214240549036
      },
      "S4": {
        "accuracy": 0.046266503152743714,
        "precision": 0.052113415239644,
        "recall": 0.05003399906179327,
        "f1": 0.048370438764440575
      },
      "S5": {
        "accuracy": 0.01204677132069311,
        "precision": 0.011699163138107888,
        "recall": 0.009035078490519837,
        "f1": 0.009527708899877052
      },
      "S6": {
        "accuracy": 0.016218462238948454,
        "precision": 0.016252946920952624,
        "recall": 0.021081849811212944,
        "f1": 0.017853429190770796
      },
      "S7": {
        "accuracy": 0.014754221391846184,
        "precision": 0.014976676855864134,
        "recall": 0.014754221391846184,
        "f1": 0.014204020914754962
      },
      "S8": {
        "accuracy": 0.022537445449423935,
        "precision": 0.023371583516455352,
        "recall": 0.02841225333540487,
        "f1": 0.02447450660712855
      },
      "S9": {
        "accuracy": 0.06741080881699822,
        "precision": 0.06174458955464774,
        "recall": 0.07278084585065776,
        "f1": 0.06534025551344205
      },
      "S10": {
        "accuracy": 0.022868694303209237,
        "precision": 0.02259332055665678,
        "recall": 0.021911417052245512,
        "f1": 0.019893576780875246
      },
      "S11": {
        "accuracy": 0.01851852734883625,
        "precision": 0.017317781289414764,
        "recall": 0.01851852734883625,
        "f1": 0.017271053417910097
      },
      "S13": {
        "accuracy": 0.0,
        "precision": 0.0,
        "recall": 0.0,
        "f1": 0.0
      },
      "S14": {
        "accuracy": 0.050715046784285546,
        "precision": 0.05237954151192683,
        "recall": 0.05310973844934841,
        "f1": 0.052387705808466925
      },
      "S15": {
        "accuracy": 0.008784108800166323,
        "precision": 0.008759774785641853,
        "recall": 0.011712145066888419,
        "f1": 0.009443496843375233
      },
      "S16": {
        "accuracy": 0.018748579987530697,
        "precision": 0.02263862133787437,
        "recall": 0.018748579987530697,
        "f1": 0.02026006624206117
      },
      "S17": {
        "accuracy": 0.01434438960366588,
        "precision": 0.012711388001981922,
        "recall": 0.014640181333610525,
        "f1": 0.013063887449827916
      },
      "average": {
        "accuracy": 0.010563364737806202,
        "precision": 0.01047607572544497,
        "recall": 0.012035611330732941,
        "f1": 0.010662140750056445
      }
    },
    "poor_ratio": 0.0
  }
}