{
  "real_subj_cnt": 15,
  "real_path": "stress_slurm/data/wesad_1hz.pickle",
  "sliding_windows": false,
  "syn_subj_cnt": 100,
  "gan_config": {
    "gan_mode": "DGAN",
    "name": "DGAN",
    "path": "stress_slurm/data/100_subj_DGAN.csv",
    "eps": null
  },
  "privacy_config": {
    "l2_norm_clip": 1.0,
    "eps": null,
    "num_unique_windows": null,
    "delta": null,
    "noise_multiplier": null
  },
  "train_config": {
    "nn_mode": "Transformer",
    "epochs": 110,
    "batch_size": 50,
    "learning_rate": 0.0001,
    "eval_mode": "TSTR",
    "random_seed": 42,
    "data_noise_parameter": null
  },
  "results": {
    "num_runs": 10,
    "mean": {
      "S2": {
        "accuracy": 0.7000000059604645,
        "precision": 0.7000000059604645,
        "recall": 0.7000000059604645,
        "f1": 0.7000000059604645
      },
      "S3": {
        "accuracy": 0.6823529303073883,
        "precision": 0.6823529303073883,
        "recall": 0.6823529303073883,
        "f1": 0.6823529303073883
      },
      "S4": {
        "accuracy": 0.731428587436676,
        "precision": 0.731428587436676,
        "recall": 0.731428587436676,
        "f1": 0.731428587436676
      },
      "S5": {
        "accuracy": 0.7342857301235199,
        "precision": 0.7364706039428711,
        "recall": 0.7342857301235199,
        "f1": 0.7353623346154666
      },
      "S6": {
        "accuracy": 0.7342857301235199,
        "precision": 0.7357983350753784,
        "recall": 0.731428587436676,
        "f1": 0.7335817964205695
      },
      "S7": {
        "accuracy": 0.888571435213089,
        "precision": 0.888571435213089,
        "recall": 0.888571435213089,
        "f1": 0.888571435213089
      },
      "S8": {
        "accuracy": 0.842857152223587,
        "precision": 0.8406349301338196,
        "recall": 0.842857152223587,
        "f1": 0.8417303917285492
      },
      "S9": {
        "accuracy": 0.7114285886287689,
        "precision": 0.7114285886287689,
        "recall": 0.7114285886287689,
        "f1": 0.7114285886287689
      },
      "S10": {
        "accuracy": 0.7583333313465118,
        "precision": 0.7583333313465118,
        "recall": 0.7583333313465118,
        "f1": 0.7583333313465118
      },
      "S11": {
        "accuracy": 0.6972221970558167,
        "precision": 0.6972221970558167,
        "recall": 0.6972221970558167,
        "f1": 0.6972221970558167
      },
      "S13": {
        "accuracy": 0.7861111104488373,
        "precision": 0.7864864885807037,
        "recall": 0.7888888895511628,
        "f1": 0.7876712342748322
      },
      "S14": {
        "accuracy": 0.6277777761220932,
        "precision": 0.6277777761220932,
        "recall": 0.6277777761220932,
        "f1": 0.6277777761220932
      },
      "S15": {
        "accuracy": 0.7694444537162781,
        "precision": 0.7715873122215271,
        "recall": 0.7694444537162781,
        "f1": 0.7705007924065895
      },
      "S16": {
        "accuracy": 0.7055555403232574,
        "precision": 0.7055555403232574,
        "recall": 0.7055555403232574,
        "f1": 0.7055555403232574
      },
      "S17": {
        "accuracy": 0.7138888776302338,
        "precision": 0.7138888776302338,
        "recall": 0.7138888776302338,
        "f1": 0.7138888776302338
      },
      "average": {
        "accuracy": 0.7389028964440028,
        "precision": 0.7391691293319067,
        "recall": 0.7388976055383683,
        "f1": 0.7390270546313538
      }
    },
    "std": {
      "S2": {
        "accuracy": 0.02702754207897922,
        "precision": 0.02702754207897922,
        "recall": 0.02702754207897922,
        "f1": 0.02702754207897922
      },
      "S3": {
        "accuracy": 0.01860163218636437,
        "precision": 0.01860163218636437,
        "recall": 0.01860163218636437,
        "f1": 0.01860163218636437
      },
      "S4": {
        "accuracy": 0.03614031396207934,
        "precision": 0.03614031396207934,
        "recall": 0.03614031396207934,
        "f1": 0.03614031396207934
      },
      "S5": {
        "accuracy": 0.048655386716845356,
        "precision": 0.04956510904182707,
        "recall": 0.048655386716845356,
        "f1": 0.04898412171195712
      },
      "S6": {
        "accuracy": 0.01928424335658525,
        "precision": 0.020335438737162634,
        "recall": 0.01475422139184617,
        "f1": 0.017116586566432182
      },
      "S7": {
        "accuracy": 0.009035078490519832,
        "precision": 0.009035078490519832,
        "recall": 0.009035078490519832,
        "f1": 0.009035078490519832
      },
      "S8": {
        "accuracy": 0.02428104385555971,
        "precision": 0.029164910205396667,
        "recall": 0.02428104385555971,
        "f1": 0.026637858393424033
      },
      "S9": {
        "accuracy": 0.009035078490519842,
        "precision": 0.009035078490519842,
        "recall": 0.009035078490519842,
        "f1": 0.009035078490519842
      },
      "S10": {
        "accuracy": 0.029426383415098206,
        "precision": 0.029426383415098206,
        "recall": 0.029426383415098206,
        "f1": 0.029426383415098206
      },
      "S11": {
        "accuracy": 0.008784108800166312,
        "precision": 0.008784108800166312,
        "recall": 0.008784108800166312,
        "f1": 0.008784108800166312
      },
      "S13": {
        "accuracy": 0.06148873736719572,
        "precision": 0.062006749047474566,
        "recall": 0.06573422652890219,
        "f1": 0.06375911937548674
      },
      "S14": {
        "accuracy": 0.07986614392650271,
        "precision": 0.07986614392650271,
        "recall": 0.07986614392650271,
        "f1": 0.07986614392650271
      },
      "S15": {
        "accuracy": 0.029426400294688303,
        "precision": 0.0286223472906297,
        "recall": 0.029426400294688303,
        "f1": 0.02883448044318928
      },
      "S16": {
        "accuracy": 0.01942238207802528,
        "precision": 0.01942238207802528,
        "recall": 0.01942238207802528,
        "f1": 0.01942238207802528
      },
      "S17": {
        "accuracy": 0.026352307551855247,
        "precision": 0.026352307551855247,
        "recall": 0.026352307551855247,
        "f1": 0.026352307551855247
      },
      "average": {
        "accuracy": 0.01842664394013489,
        "precision": 0.0181026236366379,
        "recall": 0.018508990363535902,
        "f1": 0.018299699247676895
      }
    },
    "poor_ratio": 0.0
  }
}