{
  "real_subj_cnt": 15,
  "real_path": "stress_slurm/data/wesad_1hz.pickle",
  "sliding_windows": false,
  "syn_subj_cnt": 100,
  "gan_config": {
    "gan_mode": "DPCGAN-e-10",
    "path": "stress_slurm/data/100_subj_DP-cGAN-e-10.csv",
    "eps": 10
  },
  "privacy_config": {
    "l2_norm_clip": 1.0,
    "eps": 10.0,
    "num_unique_windows": 530,
    "delta": 0.001,
    "noise_multiplier": 0.8894496932565599
  },
  "train_config": {
    "nn_mode": "CNN-LSTM",
    "epochs": 20,
    "batch_size": 50,
    "learning_rate": 0.001,
    "eval_mode": "LOSO",
    "random_seed": 42,
    "data_noise_parameter": null
  },
  "results": {
    "num_runs": 10,
    "mean": {
      "S2": {
        "accuracy": 0.7058823704719543,
        "precision": 0.5714934170246124,
        "recall": 0.7058823704719543,
        "f1": 0.6316008401583708
      },
      "S3": {
        "accuracy": 0.6764705777168274,
        "precision": 0.7179487347602844,
        "recall": 0.8235294222831726,
        "f1": 0.7671233018313905
      },
      "S4": {
        "accuracy": 0.7428571581840515,
        "precision": 0.7547297477722168,
        "recall": 0.7914285838603974,
        "f1": 0.772613473988512
      },
      "S5": {
        "accuracy": 0.7428571581840515,
        "precision": 0.7428571581840515,
        "recall": 0.7428571581840515,
        "f1": 0.7428571581840515
      },
      "S6": {
        "accuracy": 0.7142857313156128,
        "precision": 0.7142857313156128,
        "recall": 0.7142857313156128,
        "f1": 0.7142857313156128
      },
      "S7": {
        "accuracy": 0.7428571581840515,
        "precision": 0.7428571581840515,
        "recall": 0.7428571581840515,
        "f1": 0.7428571581840515
      },
      "S8": {
        "accuracy": 0.7428571581840515,
        "precision": 0.7428571581840515,
        "recall": 0.7428571581840515,
        "f1": 0.7428571581840515
      },
      "S9": {
        "accuracy": 0.7142857313156128,
        "precision": 0.720634913444519,
        "recall": 0.7371428728103637,
        "f1": 0.7287726397316645
      },
      "S10": {
        "accuracy": 0.7222222089767456,
        "precision": 0.6566666603088379,
        "recall": 0.7222222089767456,
        "f1": 0.6878596394876494
      },
      "S11": {
        "accuracy": 0.6944444179534912,
        "precision": 0.5952380895614624,
        "recall": 0.6944444179534912,
        "f1": 0.641025626447779
      },
      "S13": {
        "accuracy": 0.7222222089767456,
        "precision": 0.5652173757553101,
        "recall": 0.7222222089767456,
        "f1": 0.6341463265711179
      },
      "S14": {
        "accuracy": 0.6944444179534912,
        "precision": 0.6944444179534912,
        "recall": 0.6944444179534912,
        "f1": 0.6944444179534912
      },
      "S15": {
        "accuracy": 0.7222222089767456,
        "precision": 0.6379751026630401,
        "recall": 0.7777777910232544,
        "f1": 0.7009298398847481
      },
      "S16": {
        "accuracy": 0.6944444179534912,
        "precision": 0.6443994760513305,
        "recall": 0.6944444179534912,
        "f1": 0.6684684647902154
      },
      "S17": {
        "accuracy": 0.7222222089767456,
        "precision": 0.6499999761581421,
        "recall": 0.7222222089767456,
        "f1": 0.6842105071630504
      },
      "average": {
        "accuracy": 0.7169716755549113,
        "precision": 0.6767736744880677,
        "recall": 0.7352412084738413,
        "f1": 0.7036034855917173
      }
    },
    "std": {
      "S2": {
        "accuracy": 0.0,
        "precision": 0.006418748009335204,
        "recall": 0.0,
        "f1": 0.0039184316504827146
      },
      "S3": {
        "accuracy": 0.0,
        "precision": 0.0,
        "recall": 0.0,
        "f1": 0.0
      },
      "S4": {
        "accuracy": 0.0,
        "precision": 0.0032638360419830264,
        "recall": 0.013801310364224833,
        "f1": 0.00831535008470886
      },
      "S5": {
        "accuracy": 0.0,
        "precision": 0.0,
        "recall": 0.0,
        "f1": 0.0
      },
      "S6": {
        "accuracy": 0.0,
        "precision": 0.0,
        "recall": 0.0,
        "f1": 0.0
      },
      "S7": {
        "accuracy": 0.0,
        "precision": 0.0,
        "recall": 0.0,
        "f1": 0.0
      },
      "S8": {
        "accuracy": 0.0,
        "precision": 0.0,
        "recall": 0.0,
        "f1": 0.0
      },
      "S9": {
        "accuracy": 0.0,
        "precision": 0.003346312801096773,
        "recall": 0.012046771320693114,
        "f1": 0.007635271141497603
      },
      "S10": {
        "accuracy": 0.0,
        "precision": 0.008606652230023257,
        "recall": 0.0,
        "f1": 0.004711009573759737
      },
      "S11": {
        "accuracy": 0.0,
        "precision": 0.0,
        "recall": 0.0,
        "f1": 0.0
      },
      "S13": {
        "accuracy": 0.0,
        "precision": 0.0,
        "recall": 0.0,
        "f1": 0.0
      },
      "S14": {
        "accuracy": 0.0,
        "precision": 0.0,
        "recall": 0.0,
        "f1": 0.0
      },
      "S15": {
        "accuracy": 0.0,
        "precision": 0.010703248170282464,
        "recall": 0.0,
        "f1": 0.006465813112630892
      },
      "S16": {
        "accuracy": 0.0,
        "precision": 0.0071126236460225985,
        "recall": 0.0,
        "f1": 0.003798525309837302
      },
      "S17": {
        "accuracy": 0.0,
        "precision": 0.0,
        "recall": 0.0,
        "f1": 0.0
      },
      "average": {
        "accuracy": 0.0,
        "precision": 0.001508040605904148,
        "recall": 0.0013468699791232331,
        "f1": 0.0013034631852091715
      }
    },
    "poor_ratio": 0.0
  }
}