{
  "real_subj_cnt": 15,
  "real_path": "stress_slurm/data/wesad_1hz.pickle",
  "sliding_windows": false,
  "syn_subj_cnt": 100,
  "gan_config": {
    "gan_mode": "DPCGAN-e-10",
    "path": "stress_slurm/data/100_subj_DP-cGAN-e-10.csv",
    "eps": 10
  },
  "privacy_config": {
    "l2_norm_clip": 1.0,
    "eps": 10.0,
    "num_unique_windows": 530,
    "delta": 0.001,
    "noise_multiplier": 0.8894496932565599
  },
  "train_config": {
    "nn_mode": "CNN-LSTM",
    "epochs": 20,
    "batch_size": 50,
    "learning_rate": 0.001,
    "eval_mode": "LOSO",
    "random_seed": 42,
    "data_noise_parameter": null
  },
  "results": {
    "num_runs": 10,
    "mean": {
      "S2": {
        "accuracy": 0.7058823704719543,
        "precision": 0.5106382966041565,
        "recall": 0.7058823704719543,
        "f1": 0.5925925979162202
      },
      "S3": {
        "accuracy": 0.6764705777168274,
        "precision": 0.699999988079071,
        "recall": 0.8235294222831726,
        "f1": 0.756756754231505
      },
      "S4": {
        "accuracy": 0.7428571581840515,
        "precision": 0.749537444114685,
        "recall": 1.0,
        "f1": 0.856820220952063
      },
      "S5": {
        "accuracy": 0.7428571581840515,
        "precision": 0.6431028127670289,
        "recall": 0.7428571581840515,
        "f1": 0.6890878215618202
      },
      "S6": {
        "accuracy": 0.7142857313156128,
        "precision": 0.5982261002063751,
        "recall": 0.9142857193946838,
        "f1": 0.7232057178748411
      },
      "S7": {
        "accuracy": 0.7428571581840515,
        "precision": 0.710510504245758,
        "recall": 0.7428571581840515,
        "f1": 0.7262910839032736
      },
      "S8": {
        "accuracy": 0.7428571581840515,
        "precision": 0.6585366129875183,
        "recall": 0.7714285850524902,
        "f1": 0.7105263376458859
      },
      "S9": {
        "accuracy": 0.7142857313156128,
        "precision": 0.5872353434562683,
        "recall": 0.9714285731315613,
        "f1": 0.7319775707995229
      },
      "S10": {
        "accuracy": 0.7222222089767456,
        "precision": 0.5490827143192292,
        "recall": 0.7305555462837219,
        "f1": 0.626904924608872
      },
      "S11": {
        "accuracy": 0.6944444179534912,
        "precision": 0.5964058995246887,
        "recall": 0.7222222089767456,
        "f1": 0.6532911216868954
      },
      "S13": {
        "accuracy": 0.7222222089767456,
        "precision": 0.5638132572174073,
        "recall": 0.8972222328186035,
        "f1": 0.6924153966843521
      },
      "S14": {
        "accuracy": 0.6944444179534912,
        "precision": 0.6190476417541504,
        "recall": 0.7222222089767456,
        "f1": 0.6666666741907239
      },
      "S15": {
        "accuracy": 0.7222222089767456,
        "precision": 0.6326530575752258,
        "recall": 0.8611111044883728,
        "f1": 0.7294117599045117
      },
      "S16": {
        "accuracy": 0.6944444179534912,
        "precision": 0.553352689743042,
        "recall": 0.6944444179534912,
        "f1": 0.615852296330486
      },
      "S17": {
        "accuracy": 0.7222222089767456,
        "precision": 0.6190476417541504,
        "recall": 0.7222222089767456,
        "f1": 0.6666666741907239
      },
      "average": {
        "accuracy": 0.7169716755549113,
        "precision": 0.6194126669565836,
        "recall": 0.8014845943450928,
        "f1": 0.6958977968321131
      }
    },
    "std": {
      "S2": {
        "accuracy": 0.0,
        "precision": 0.0,
        "recall": 0.0,
        "f1": 0.0
      },
      "S3": {
        "accuracy": 0.0,
        "precision": 0.0,
        "recall": 0.0,
        "f1": 0.0
      },
      "S4": {
        "accuracy": 0.0,
        "precision": 0.00781990469896504,
        "recall": 0.0,
        "f1": 0.005090826337457271
      },
      "S5": {
        "accuracy": 0.0,
        "precision": 0.028528330142202796,
        "recall": 0.0,
        "f1": 0.01631790292036509
      },
      "S6": {
        "accuracy": 0.0,
        "precision": 0.008008035121035482,
        "recall": 0.0,
        "f1": 0.005822612324524508
      },
      "S7": {
        "accuracy": 0.0,
        "precision": 0.010079830528625202,
        "recall": 0.0,
        "f1": 0.005252869589864914
      },
      "S8": {
        "accuracy": 0.0,
        "precision": 0.0,
        "recall": 0.0,
        "f1": 0.0
      },
      "S9": {
        "accuracy": 0.0,
        "precision": 0.0032521826746509924,
        "recall": 0.0,
        "f1": 0.002513257572433383
      },
      "S10": {
        "accuracy": 0.0,
        "precision": 0.005204528100299566,
        "recall": 0.01341794782982994,
        "f1": 0.006641475327171533
      },
      "S11": {
        "accuracy": 0.0,
        "precision": 0.007096384385438785,
        "recall": 0.0,
        "f1": 0.004248847914378035
      },
      "S13": {
        "accuracy": 0.0,
        "precision": 0.009112083493308583,
        "recall": 0.013417947829829953,
        "f1": 0.008456858984744301
      },
      "S14": {
        "accuracy": 0.0,
        "precision": 0.0,
        "recall": 0.0,
        "f1": 0.0
      },
      "S15": {
        "accuracy": 0.0,
        "precision": 0.0,
        "recall": 0.0,
        "f1": 0.0
      },
      "S16": {
        "accuracy": 0.0,
        "precision": 0.012418985098206834,
        "recall": 0.0,
        "f1": 0.00775363083951483
      },
      "S17": {
        "accuracy": 0.0,
        "precision": 0.0,
        "recall": 0.0,
        "f1": 0.0
      },
      "average": {
        "accuracy": 0.0,
        "precision": 0.002171767743460421,
        "recall": 0.0012948263559026951,
        "f1": 0.0013403330758469465
      }
    },
    "poor_ratio": 0.0
  }
}