{
  "real_subj_cnt": 15,
  "real_path": "stress_slurm/data/wesad_1hz.pickle",
  "sliding_windows": false,
  "syn_subj_cnt": 100,
  "gan_config": {
    "gan_mode": "DPCGAN-e-1",
    "path": "stress_slurm/data/100_subj_DP-cGAN-e-1.csv",
    "eps": 1
  },
  "privacy_config": {
    "l2_norm_clip": 1.0,
    "eps": 0.1,
    "num_unique_windows": 530,
    "delta": 0.001,
    "noise_multiplier": 20.093577626198936
  },
  "train_config": {
    "nn_mode": "CNN",
    "epochs": 10,
    "batch_size": 50,
    "learning_rate": 0.001,
    "eval_mode": "LOSO",
    "random_seed": 42,
    "data_noise_parameter": null
  },
  "results": {
    "num_runs": 10,
    "mean": {
      "S2": {
        "accuracy": 0.44117647409439087,
        "precision": 0.5666666626930237,
        "recall": 1.0,
        "f1": 0.7234042520812325
      },
      "S3": {
        "accuracy": 0.38235294818878174,
        "precision": 0.46875,
        "recall": 0.8823529481887817,
        "f1": 0.6122448996472786
      },
      "S4": {
        "accuracy": 0.7714285850524902,
        "precision": 0.5,
        "recall": 1.0,
        "f1": 0.6666666666666666
      },
      "S5": {
        "accuracy": 0.4000000059604645,
        "precision": 0.5423728823661804,
        "recall": 0.9142857193946838,
        "f1": 0.6808510660423635
      },
      "S6": {
        "accuracy": 0.2857142984867096,
        "precision": 0.4166666567325592,
        "recall": 0.7142857313156128,
        "f1": 0.5263157861714876
      },
      "S7": {
        "accuracy": 0.2571428716182709,
        "precision": 0.5,
        "recall": 0.800000011920929,
        "f1": 0.6153846189115174
      },
      "S8": {
        "accuracy": 0.3142857253551483,
        "precision": 0.5072463750839233,
        "recall": 1.0,
        "f1": 0.6730769215559466
      },
      "S9": {
        "accuracy": 0.2857142984867096,
        "precision": 0.4615384638309479,
        "recall": 0.8571428656578064,
        "f1": 0.6000000040233135
      },
      "S10": {
        "accuracy": 0.5277777910232544,
        "precision": 0.46268656849861145,
        "recall": 0.8611111044883728,
        "f1": 0.6019417470840226
      },
      "S11": {
        "accuracy": 0.1666666716337204,
        "precision": 0.46268656849861145,
        "recall": 0.8611111044883728,
        "f1": 0.6019417470840226
      },
      "S13": {
        "accuracy": 0.2777777910232544,
        "precision": 0.5454545617103577,
        "recall": 1.0,
        "f1": 0.7058823665533097
      },
      "S14": {
        "accuracy": 0.3611111044883728,
        "precision": 0.46268656849861145,
        "recall": 0.8611111044883728,
        "f1": 0.6019417470840226
      },
      "S15": {
        "accuracy": 0.2777777910232544,
        "precision": 0.4000000059604645,
        "recall": 0.6666666865348816,
        "f1": 0.5000000102445483
      },
      "S16": {
        "accuracy": 0.3333333432674408,
        "precision": 0.4375,
        "recall": 0.7777777910232544,
        "f1": 0.5600000034332275
      },
      "S17": {
        "accuracy": 0.5,
        "precision": 0.5142857432365417,
        "recall": 1.0,
        "f1": 0.6792453082696781
      },
      "average": {
        "accuracy": 0.3721506466468175,
        "precision": 0.4832360704739889,
        "recall": 0.8797230045000713,
        "f1": 0.6232598096568424
      }
    },
    "std": {
      "S2": {
        "accuracy": 0.0,
        "precision": 0.0,
        "recall": 0.0,
        "f1": 0.0
      },
      "S3": {
        "accuracy": 0.0,
        "precision": 0.0,
        "recall": 0.0,
        "f1": 0.0
      },
      "S4": {
        "accuracy": 0.0,
        "precision": 0.0,
        "recall": 0.0,
        "f1": 0.0
      },
      "S5": {
        "accuracy": 0.0,
        "precision": 0.0,
        "recall": 0.0,
        "f1": 0.0
      },
      "S6": {
        "accuracy": 0.0,
        "precision": 0.0,
        "recall": 0.0,
        "f1": 0.0
      },
      "S7": {
        "accuracy": 0.0,
        "precision": 0.0,
        "recall": 0.0,
        "f1": 0.0
      },
      "S8": {
        "accuracy": 0.0,
        "precision": 0.0,
        "recall": 0.0,
        "f1": 0.0
      },
      "S9": {
        "accuracy": 0.0,
        "precision": 0.0,
        "recall": 0.0,
        "f1": 0.0
      },
      "S10": {
        "accuracy": 0.0,
        "precision": 0.0,
        "recall": 0.0,
        "f1": 0.0
      },
      "S11": {
        "accuracy": 0.0,
        "precision": 0.0,
        "recall": 0.0,
        "f1": 0.0
      },
      "S13": {
        "accuracy": 0.0,
        "precision": 0.0,
        "recall": 0.0,
        "f1": 0.0
      },
      "S14": {
        "accuracy": 0.0,
        "precision": 0.0,
        "recall": 0.0,
        "f1": 0.0
      },
      "S15": {
        "accuracy": 0.0,
        "precision": 0.0,
        "recall": 0.0,
        "f1": 0.0
      },
      "S16": {
        "accuracy": 0.0,
        "precision": 0.0,
        "recall": 0.0,
        "f1": 0.0
      },
      "S17": {
        "accuracy": 0.0,
        "precision": 0.0,
        "recall": 0.0,
        "f1": 0.0
      },
      "average": {
        "accuracy": 0.0,
        "precision": 0.0,
        "recall": 0.0,
        "f1": 0.0
      }
    },
    "poor_ratio": 0.0
  }
}