{
  "real_subj_cnt": 15,
  "real_path": "stress_slurm/data/wesad_1hz.pickle",
  "sliding_windows": false,
  "syn_subj_cnt": 100,
  "gan_config": {
    "gan_mode": "DPCGAN-e-1",
    "name": "DP-CGAN \u03b5=1",
    "path": "stress_slurm/data/100_subj_DP-cGAN-e-1.csv",
    "eps": 1
  },
  "privacy_config": {
    "l2_norm_clip": 1.0,
    "eps": 1.0,
    "num_unique_windows": 530,
    "delta": 0.001,
    "noise_multiplier": 3.023440150150832
  },
  "train_config": {
    "nn_mode": "CNN",
    "epochs": 10,
    "batch_size": 50,
    "learning_rate": 0.001,
    "eval_mode": "LOSO",
    "random_seed": 42,
    "data_noise_parameter": null
  },
  "results": {
    "num_runs": 10,
    "mean": {
      "S2": {
        "accuracy": 0.6470588445663452,
        "precision": 0.5762711763381958,
        "recall": 1.0,
        "f1": 0.7311827875669463
      },
      "S3": {
        "accuracy": 0.14705882966518402,
        "precision": 0.46875,
        "recall": 0.8823529481887817,
        "f1": 0.6122448996472786
      },
      "S4": {
        "accuracy": 0.7714285850524902,
        "precision": 0.5,
        "recall": 1.0,
        "f1": 0.6666666666666666
      },
      "S5": {
        "accuracy": 0.5428571701049805,
        "precision": 0.5517241358757019,
        "recall": 0.9142857193946838,
        "f1": 0.6881720428591395
      },
      "S6": {
        "accuracy": 0.2857142984867096,
        "precision": 0.43103447556495667,
        "recall": 0.7142857313156128,
        "f1": 0.5376344078303016
      },
      "S7": {
        "accuracy": 0.2571428716182709,
        "precision": 0.5,
        "recall": 0.7428571581840515,
        "f1": 0.5977011543864349
      },
      "S8": {
        "accuracy": 0.3142857253551483,
        "precision": 0.5170105397701263,
        "recall": 1.0,
        "f1": 0.6816105120023589
      },
      "S9": {
        "accuracy": 0.34285715222358704,
        "precision": 0.4615384638309479,
        "recall": 0.8571428656578064,
        "f1": 0.6000000040233135
      },
      "S10": {
        "accuracy": 0.5,
        "precision": 0.4761904776096344,
        "recall": 0.8333333134651184,
        "f1": 0.6060606019556029
      },
      "S11": {
        "accuracy": 0.1944444477558136,
        "precision": 0.46268656849861145,
        "recall": 0.8611111044883728,
        "f1": 0.6019417470840226
      },
      "S13": {
        "accuracy": 0.3333333432674408,
        "precision": 0.5538461804389954,
        "recall": 1.0,
        "f1": 0.7128713091568971
      },
      "S14": {
        "accuracy": 0.3055555522441864,
        "precision": 0.4285714328289032,
        "recall": 0.75,
        "f1": 0.545454548902748
      },
      "S15": {
        "accuracy": 0.3055555522441864,
        "precision": 0.38983049988746643,
        "recall": 0.6388888955116272,
        "f1": 0.48421052159364847
      },
      "S16": {
        "accuracy": 0.4722222089767456,
        "precision": 0.4375,
        "recall": 0.7777777910232544,
        "f1": 0.5600000034332275
      },
      "S17": {
        "accuracy": 0.6388888955116272,
        "precision": 0.5142857432365417,
        "recall": 1.0,
        "f1": 0.6792453082696781
      },
      "average": {
        "accuracy": 0.40389356513818103,
        "precision": 0.4846159795920054,
        "recall": 0.8648023684819538,
        "f1": 0.6203331010252177
      }
    },
    "std": {
      "S2": {
        "accuracy": 0.0,
        "precision": 0.0,
        "recall": 0.0,
        "f1": 0.0
      },
      "S3": {
        "accuracy": 0.0,
        "precision": 0.0,
        "recall": 0.0,
        "f1": 0.0
      },
      "S4": {
        "accuracy": 0.0,
        "precision": 0.0,
        "recall": 0.0,
        "f1": 0.0
      },
      "S5": {
        "accuracy": 0.0,
        "precision": 0.0,
        "recall": 0.0,
        "f1": 0.0
      },
      "S6": {
        "accuracy": 0.0,
        "precision": 0.0,
        "recall": 0.0,
        "f1": 0.0
      },
      "S7": {
        "accuracy": 0.0,
        "precision": 0.0,
        "recall": 0.0,
        "f1": 0.0
      },
      "S8": {
        "accuracy": 0.0,
        "precision": 0.0037108284074716235,
        "recall": 0.0,
        "f1": 0.0032184531268556597
      },
      "S9": {
        "accuracy": 0.0,
        "precision": 0.0,
        "recall": 0.0,
        "f1": 0.0
      },
      "S10": {
        "accuracy": 0.0,
        "precision": 0.0,
        "recall": 0.0,
        "f1": 0.0
      },
      "S11": {
        "accuracy": 0.0,
        "precision": 0.0,
        "recall": 0.0,
        "f1": 0.0
      },
      "S13": {
        "accuracy": 0.0,
        "precision": 0.0,
        "recall": 0.0,
        "f1": 0.0
      },
      "S14": {
        "accuracy": 0.0,
        "precision": 0.0,
        "recall": 0.0,
        "f1": 0.0
      },
      "S15": {
        "accuracy": 0.0,
        "precision": 0.0,
        "recall": 0.0,
        "f1": 0.0
      },
      "S16": {
        "accuracy": 0.0,
        "precision": 0.0,
        "recall": 0.0,
        "f1": 0.0
      },
      "S17": {
        "accuracy": 0.0,
        "precision": 0.0,
        "recall": 0.0,
        "f1": 0.0
      },
      "average": {
        "accuracy": 0.0,
        "precision": 0.00024738856049810704,
        "recall": 0.0,
        "f1": 0.0002145635417903735
      }
    },
    "poor_ratio": 0.0
  }
}