{
  "real_subj_cnt": 15,
  "real_path": "stress_slurm/data/wesad_1hz.pickle",
  "sliding_windows": false,
  "syn_subj_cnt": 100,
  "gan_config": {
    "gan_mode": "CGAN",
    "path": "stress_slurm/data/100_subj_cGAN.csv",
    "eps": null
  },
  "privacy_config": {
    "l2_norm_clip": 1.0,
    "eps": null,
    "num_unique_windows": null,
    "delta": null,
    "noise_multiplier": null
  },
  "train_config": {
    "nn_mode": "CNN",
    "epochs": 10,
    "batch_size": 50,
    "learning_rate": 0.001,
    "eval_mode": "LOSO",
    "random_seed": 42,
    "data_noise_parameter": null
  },
  "results": {
    "num_runs": 10,
    "mean": {
      "S2": {
        "accuracy": 0.9088235199451447,
        "precision": 0.9093277275562286,
        "recall": 0.91470587849617,
        "f1": 0.9119778309204427
      },
      "S3": {
        "accuracy": 0.8823529362678528,
        "precision": 0.8750216484069824,
        "recall": 0.8852941036224365,
        "f1": 0.8800454199289526
      },
      "S4": {
        "accuracy": 0.9714285731315613,
        "precision": 0.9713445365428924,
        "recall": 0.9685714304447174,
        "f1": 0.9699378885446139
      },
      "S5": {
        "accuracy": 0.9657142877578735,
        "precision": 0.9657142877578735,
        "recall": 0.9657142877578735,
        "f1": 0.9657142877578735
      },
      "S6": {
        "accuracy": 0.9685714304447174,
        "precision": 0.9685714304447174,
        "recall": 0.9685714304447174,
        "f1": 0.9685714304447174
      },
      "S7": {
        "accuracy": 0.9114285767078399,
        "precision": 0.9091269910335541,
        "recall": 0.9142857193946838,
        "f1": 0.9116700261541595
      },
      "S8": {
        "accuracy": 0.9657142877578735,
        "precision": 0.9629365086555481,
        "recall": 0.9657142877578735,
        "f1": 0.9643058363725874
      },
      "S9": {
        "accuracy": 0.9485714316368103,
        "precision": 0.9485714316368103,
        "recall": 0.9485714316368103,
        "f1": 0.9485714316368103
      },
      "S10": {
        "accuracy": 0.9583333194255829,
        "precision": 0.9583333194255829,
        "recall": 0.9583333194255829,
        "f1": 0.9583333194255829
      },
      "S11": {
        "accuracy": 0.9277777731418609,
        "precision": 0.9256670892238616,
        "recall": 0.9305555522441864,
        "f1": 0.9280414554555838
      },
      "S13": {
        "accuracy": 0.9944444417953491,
        "precision": 0.9972972989082336,
        "recall": 0.9972222208976745,
        "f1": 0.9972216864287022
      },
      "S14": {
        "accuracy": 0.5666666746139526,
        "precision": 0.571072518825531,
        "recall": 0.5694444477558136,
        "f1": 0.5701792288783398
      },
      "S15": {
        "accuracy": 0.9916666626930237,
        "precision": 0.9917417407035828,
        "recall": 0.9944444417953491,
        "f1": 0.9930745796093374
      },
      "S16": {
        "accuracy": 0.9722222089767456,
        "precision": 0.9669669508934021,
        "recall": 0.9722222089767456,
        "f1": 0.9695585849965619
      },
      "S17": {
        "accuracy": 0.7750000119209289,
        "precision": 0.7707958042621612,
        "recall": 0.7750000119209289,
        "f1": 0.7728691121251884
      },
      "average": {
        "accuracy": 0.9139144090811412,
        "precision": 0.9128326189517975,
        "recall": 0.9152433848381042,
        "f1": 0.9140048079119636
      }
    },
    "std": {
      "S2": {
        "accuracy": 0.040303549694500604,
        "precision": 0.04035841257973299,
        "recall": 0.042621708167760196,
        "f1": 0.04110003909738751
      },
      "S3": {
        "accuracy": 0.027729669016301146,
        "precision": 0.02736204330387137,
        "recall": 0.032367783344684,
        "f1": 0.028567174969248443
      },
      "S4": {
        "accuracy": 0.0,
        "precision": 0.00026574702698417546,
        "recall": 0.009035078490519837,
        "f1": 0.004713958567661236
      },
      "S5": {
        "accuracy": 0.012046771320693114,
        "precision": 0.012046771320693114,
        "recall": 0.012046771320693114,
        "f1": 0.012046771320693114
      },
      "S6": {
        "accuracy": 0.016218462238948454,
        "precision": 0.016218462238948454,
        "recall": 0.016218462238948454,
        "f1": 0.016218462238948454
      },
      "S7": {
        "accuracy": 0.009035078490519832,
        "precision": 0.011551187135379417,
        "recall": 0.013468699791232362,
        "f1": 0.011291932516179354
      },
      "S8": {
        "accuracy": 0.018070156981039674,
        "precision": 0.013858240898079119,
        "recall": 0.018070156981039674,
        "f1": 0.015461479587241374
      },
      "S9": {
        "accuracy": 0.01204677132069311,
        "precision": 0.01204677132069311,
        "recall": 0.01204677132069311,
        "f1": 0.01204677132069311
      },
      "S10": {
        "accuracy": 0.03525821259174858,
        "precision": 0.03525821259174858,
        "recall": 0.03525821259174858,
        "f1": 0.03525821259174858
      },
      "S11": {
        "accuracy": 0.019422366923145563,
        "precision": 0.02158942659521222,
        "recall": 0.014640149919204454,
        "f1": 0.016649440879788032
      },
      "S13": {
        "accuracy": 0.01171214506688841,
        "precision": 0.008546691284605433,
        "recall": 0.008784108800166316,
        "f1": 0.005857905468807346
      },
      "S14": {
        "accuracy": 0.0298602010132139,
        "precision": 0.027451690622107915,
        "recall": 0.030003415874460208,
        "f1": 0.02781377749578958
      },
      "S15": {
        "accuracy": 0.013417947829829937,
        "precision": 0.01329863067862449,
        "recall": 0.011712145066888408,
        "f1": 0.011790999925817277
      },
      "S16": {
        "accuracy": 0.0,
        "precision": 0.01107905682358431,
        "recall": 0.0,
        "f1": 0.005615412405082603
      },
      "S17": {
        "accuracy": 0.02762303889423378,
        "precision": 0.02839884248357465,
        "recall": 0.02762303889423378,
        "f1": 0.027665755705323373
      },
      "average": {
        "accuracy": 0.006696670238243165,
        "precision": 0.006017242939477296,
        "recall": 0.0056921066225842755,
        "f1": 0.005771626309138893
      }
    },
    "poor_ratio": 0.0
  }
}