{
  "real_subj_cnt": 15,
  "real_path": "stress_slurm/data/wesad_1hz.pickle",
  "sliding_windows": false,
  "syn_subj_cnt": 100,
  "gan_config": {
    "gan_mode": "DPCGAN-e-10",
    "path": "stress_slurm/data/100_subj_DP-cGAN-e-10.csv",
    "eps": 10
  },
  "privacy_config": {
    "l2_norm_clip": 1.0,
    "eps": 10.0,
    "num_unique_windows": 530,
    "delta": 0.001,
    "noise_multiplier": 0.7524411411777173
  },
  "train_config": {
    "nn_mode": "CNN",
    "epochs": 10,
    "batch_size": 50,
    "learning_rate": 0.001,
    "eval_mode": "LOSO",
    "random_seed": 42,
    "data_noise_parameter": null
  },
  "results": {
    "num_runs": 10,
    "mean": {
      "S2": {
        "accuracy": 0.970588207244873,
        "precision": 0.9189189076423645,
        "recall": 1.0,
        "f1": 0.9577464727484217
      },
      "S3": {
        "accuracy": 0.5882353186607361,
        "precision": 0.6097561120986938,
        "recall": 0.7352941036224365,
        "f1": 0.6666666695912676
      },
      "S4": {
        "accuracy": 0.9428571462631226,
        "precision": 0.9210526347160339,
        "recall": 1.0,
        "f1": 0.9589041112891546
      },
      "S5": {
        "accuracy": 0.8857142925262451,
        "precision": 0.7948718070983887,
        "recall": 0.8857142925262451,
        "f1": 0.8378378476776112
      },
      "S6": {
        "accuracy": 0.5142857432365417,
        "precision": 0.550000011920929,
        "recall": 0.6285714507102966,
        "f1": 0.5866666830910576
      },
      "S7": {
        "accuracy": 0.7714285850524902,
        "precision": 0.7368420958518982,
        "recall": 0.800000011920929,
        "f1": 0.7671232880515213
      },
      "S8": {
        "accuracy": 1.0,
        "precision": 0.9722222089767456,
        "recall": 1.0,
        "f1": 0.9859154861471383
      },
      "S9": {
        "accuracy": 0.7142857313156128,
        "precision": 0.6585366129875183,
        "recall": 0.7714285850524902,
        "f1": 0.7105263376458859
      },
      "S10": {
        "accuracy": 0.6944444179534912,
        "precision": 0.6666666865348816,
        "recall": 0.7222222089767456,
        "f1": 0.693333337974548
      },
      "S11": {
        "accuracy": 0.6111111044883728,
        "precision": 0.6052631735801697,
        "recall": 0.6388888955116272,
        "f1": 0.6216216330287925
      },
      "S13": {
        "accuracy": 0.9166666865348816,
        "precision": 0.9189189076423645,
        "recall": 0.9444444179534912,
        "f1": 0.9315068306361874
      },
      "S14": {
        "accuracy": 0.2222222238779068,
        "precision": 0.2916666567325592,
        "recall": 0.3888888955116272,
        "f1": 0.3333333292785954
      },
      "S15": {
        "accuracy": 0.4444444477558136,
        "precision": 0.5,
        "recall": 0.6388888955116272,
        "f1": 0.5609756123090627
      },
      "S16": {
        "accuracy": 0.4444444477558136,
        "precision": 0.43589743971824646,
        "recall": 0.4722222089767456,
        "f1": 0.4533333292961119
      },
      "S17": {
        "accuracy": 0.9444444179534912,
        "precision": 0.9230769276618958,
        "recall": 1.0,
        "f1": 0.9600000024795532
      },
      "average": {
        "accuracy": 0.7110115180412928,
        "precision": 0.7002460122108459,
        "recall": 0.7751042644182841,
        "f1": 0.7350327314163273
      }
    },
    "std": {
      "S2": {
        "accuracy": 0.0,
        "precision": 0.0,
        "recall": 0.0,
        "f1": 0.0
      },
      "S3": {
        "accuracy": 0.0,
        "precision": 0.0,
        "recall": 0.0,
        "f1": 0.0
      },
      "S4": {
        "accuracy": 0.0,
        "precision": 0.0,
        "recall": 0.0,
        "f1": 0.0
      },
      "S5": {
        "accuracy": 0.0,
        "precision": 0.0,
        "recall": 0.0,
        "f1": 0.0
      },
      "S6": {
        "accuracy": 0.0,
        "precision": 0.0,
        "recall": 0.0,
        "f1": 0.0
      },
      "S7": {
        "accuracy": 0.0,
        "precision": 0.0,
        "recall": 0.0,
        "f1": 0.0
      },
      "S8": {
        "accuracy": 0.0,
        "precision": 0.0,
        "recall": 0.0,
        "f1": 0.0
      },
      "S9": {
        "accuracy": 0.0,
        "precision": 0.0,
        "recall": 0.0,
        "f1": 0.0
      },
      "S10": {
        "accuracy": 0.0,
        "precision": 0.0,
        "recall": 0.0,
        "f1": 0.0
      },
      "S11": {
        "accuracy": 0.0,
        "precision": 0.0,
        "recall": 0.0,
        "f1": 0.0
      },
      "S13": {
        "accuracy": 0.0,
        "precision": 0.0,
        "recall": 0.0,
        "f1": 0.0
      },
      "S14": {
        "accuracy": 0.0,
        "precision": 0.0,
        "recall": 0.0,
        "f1": 0.0
      },
      "S15": {
        "accuracy": 0.0,
        "precision": 0.0,
        "recall": 0.0,
        "f1": 0.0
      },
      "S16": {
        "accuracy": 0.0,
        "precision": 0.0,
        "recall": 0.0,
        "f1": 0.0
      },
      "S17": {
        "accuracy": 0.0,
        "precision": 0.0,
        "recall": 0.0,
        "f1": 0.0
      },
      "average": {
        "accuracy": 0.0,
        "precision": 0.0,
        "recall": 0.0,
        "f1": 0.0
      }
    },
    "poor_ratio": 0.0
  }
}