{
  "real_subj_cnt": 15,
  "real_path": "stress_slurm/data/wesad_1hz.pickle",
  "sliding_windows": false,
  "syn_subj_cnt": 100,
  "gan_config": {
    "gan_mode": "DPCGAN-e-1",
    "name": "DP-CGAN \u03b5=1",
    "path": "stress_slurm/data/100_subj_DP-cGAN-e-1.csv",
    "eps": 1
  },
  "privacy_config": {
    "l2_norm_clip": 1.0,
    "eps": 1.0,
    "num_unique_windows": 530,
    "delta": 0.001,
    "noise_multiplier": 9.411744882229419
  },
  "train_config": {
    "nn_mode": "Transformer",
    "epochs": 110,
    "batch_size": 50,
    "learning_rate": 0.0001,
    "eval_mode": "LOSO",
    "random_seed": 42,
    "data_noise_parameter": null
  },
  "results": {
    "num_runs": 10,
    "mean": {
      "S2": {
        "accuracy": 0.7647058963775635,
        "precision": 1.0,
        "recall": 0.7058823704719543,
        "f1": 0.8275862189450528
      },
      "S3": {
        "accuracy": 0.6470588445663452,
        "precision": 0.52173912525177,
        "recall": 0.3529411852359772,
        "f1": 0.4210526361286401
      },
      "S4": {
        "accuracy": 0.7428571581840515,
        "precision": 0.8214285969734192,
        "recall": 0.6571428775787354,
        "f1": 0.7301587528652616
      },
      "S5": {
        "accuracy": 0.7428571581840515,
        "precision": 1.0,
        "recall": 0.5142857432365417,
        "f1": 0.6792453082696781
      },
      "S6": {
        "accuracy": 0.7142857313156128,
        "precision": 1.0,
        "recall": 0.34285715222358704,
        "f1": 0.5106383082606555
      },
      "S7": {
        "accuracy": 0.7428571581840515,
        "precision": 1.0,
        "recall": 0.02857142873108387,
        "f1": 0.055555555857373054
      },
      "S8": {
        "accuracy": 0.7428571581840515,
        "precision": 0.875,
        "recall": 0.6000000238418579,
        "f1": 0.7118644235600549
      },
      "S9": {
        "accuracy": 0.7142857313156128,
        "precision": 1.0,
        "recall": 0.5428571701049805,
        "f1": 0.7037037265971197
      },
      "S10": {
        "accuracy": 0.7222222089767456,
        "precision": 0.8823529481887817,
        "recall": 0.4166666567325592,
        "f1": 0.5660377281252791
      },
      "S11": {
        "accuracy": 0.6944444179534912,
        "precision": 0.6538461446762085,
        "recall": 0.4722222089767456,
        "f1": 0.548387084617575
      },
      "S13": {
        "accuracy": 0.7222222089767456,
        "precision": 1.0,
        "recall": 0.1388888955116272,
        "f1": 0.2439024492362508
      },
      "S14": {
        "accuracy": 0.7222222089767456,
        "precision": 0.25,
        "recall": 0.02777777798473835,
        "f1": 0.05000000033527613
      },
      "S15": {
        "accuracy": 0.7222222089767456,
        "precision": 0.8888888955116272,
        "recall": 0.2222222238779068,
        "f1": 0.3555555582046509
      },
      "S16": {
        "accuracy": 0.9166666865348816,
        "precision": 1.0,
        "recall": 0.25,
        "f1": 0.4
      },
      "S17": {
        "accuracy": 0.7222222089767456,
        "precision": 0.75,
        "recall": 0.6666666865348816,
        "f1": 0.7058823640783763
      },
      "average": {
        "accuracy": 0.7355991323788961,
        "precision": 0.8428837140401203,
        "recall": 0.3959321600695451,
        "f1": 0.500638007672083
      }
    },
    "std": {
      "S2": {
        "accuracy": 0.0,
        "precision": 0.0,
        "recall": 0.0,
        "f1": 0.0
      },
      "S3": {
        "accuracy": 0.0,
        "precision": 0.0,
        "recall": 0.0,
        "f1": 0.0
      },
      "S4": {
        "accuracy": 0.0,
        "precision": 0.0,
        "recall": 0.0,
        "f1": 0.0
      },
      "S5": {
        "accuracy": 0.0,
        "precision": 0.0,
        "recall": 0.0,
        "f1": 0.0
      },
      "S6": {
        "accuracy": 0.0,
        "precision": 0.0,
        "recall": 0.0,
        "f1": 0.0
      },
      "S7": {
        "accuracy": 0.0,
        "precision": 0.0,
        "recall": 0.0,
        "f1": 0.0
      },
      "S8": {
        "accuracy": 0.0,
        "precision": 0.0,
        "recall": 0.0,
        "f1": 0.0
      },
      "S9": {
        "accuracy": 0.0,
        "precision": 0.0,
        "recall": 0.0,
        "f1": 0.0
      },
      "S10": {
        "accuracy": 0.0,
        "precision": 0.0,
        "recall": 0.0,
        "f1": 0.0
      },
      "S11": {
        "accuracy": 0.0,
        "precision": 0.0,
        "recall": 0.0,
        "f1": 0.0
      },
      "S13": {
        "accuracy": 0.0,
        "precision": 0.0,
        "recall": 0.0,
        "f1": 0.0
      },
      "S14": {
        "accuracy": 0.0,
        "precision": 0.0,
        "recall": 0.0,
        "f1": 0.0
      },
      "S15": {
        "accuracy": 0.0,
        "precision": 0.0,
        "recall": 0.0,
        "f1": 0.0
      },
      "S16": {
        "accuracy": 0.0,
        "precision": 0.0,
        "recall": 0.0,
        "f1": 0.0
      },
      "S17": {
        "accuracy": 0.0,
        "precision": 0.0,
        "recall": 0.0,
        "f1": 0.0
      },
      "average": {
        "accuracy": 0.0,
        "precision": 0.0,
        "recall": 0.0,
        "f1": 0.0
      }
    },
    "poor_ratio": 0.0
  }
}