{
  "real_subj_cnt": 15,
  "real_path": "stress_slurm/data/wesad_1hz.pickle",
  "sliding_windows": false,
  "syn_subj_cnt": 1,
  "gan_config": {
    "gan_mode": "DPCGAN-e-0.1",
    "path": "stress_slurm/data/100_subj_DP-cGAN-e-0.1.csv",
    "eps": 0.1
  },
  "privacy_config": {
    "l2_norm_clip": 1.0,
    "eps": null,
    "num_unique_windows": null,
    "delta": null,
    "noise_multiplier": null
  },
  "train_config": {
    "nn_mode": "CNN-LSTM",
    "epochs": 20,
    "batch_size": 50,
    "learning_rate": 0.001,
    "eval_mode": "TSTR",
    "random_seed": 42,
    "data_noise_parameter": null
  },
  "results": {
    "num_runs": 10,
    "mean": {
      "S2": {
        "accuracy": 0.6529411911964417,
        "precision": 0.545343142747879,
        "recall": 0.602941183745861,
        "f1": 0.5418448025191186
      },
      "S3": {
        "accuracy": 0.6117646992206573,
        "precision": 0.6262032061815261,
        "recall": 0.5735294114798307,
        "f1": 0.5161608759521644
      },
      "S4": {
        "accuracy": 0.6028571575880051,
        "precision": 0.6324338704347611,
        "recall": 0.6200000122189522,
        "f1": 0.5755547182347087
      },
      "S5": {
        "accuracy": 0.6657142996788025,
        "precision": 0.5701623409986496,
        "recall": 0.61714286506176,
        "f1": 0.5522679679700435
      },
      "S6": {
        "accuracy": 0.6257143020629883,
        "precision": 0.6038327604532242,
        "recall": 0.5571428658440709,
        "f1": 0.504678371166247
      },
      "S7": {
        "accuracy": 0.6685714423656464,
        "precision": 0.570904764533043,
        "recall": 0.611428578197956,
        "f1": 0.5381906032676026
      },
      "S8": {
        "accuracy": 0.6342857301235199,
        "precision": 0.700086584687233,
        "recall": 0.617142865806818,
        "f1": 0.5704377918522477
      },
      "S9": {
        "accuracy": 0.6285714447498322,
        "precision": 0.5112782031297683,
        "recall": 0.5742857247591019,
        "f1": 0.520150635469909
      },
      "S10": {
        "accuracy": 0.6388888835906983,
        "precision": 0.5873989850282669,
        "recall": 0.5916666645556689,
        "f1": 0.5297316733865859
      },
      "S11": {
        "accuracy": 0.6194444239139557,
        "precision": 0.6235042676329613,
        "recall": 0.5805555483326316,
        "f1": 0.5176090690364078
      },
      "S13": {
        "accuracy": 0.6361111044883728,
        "precision": 0.518863046169281,
        "recall": 0.5833333313465119,
        "f1": 0.525457100133983
      },
      "S14": {
        "accuracy": 0.5722222030162811,
        "precision": 0.5639840200543403,
        "recall": 0.6499999970197677,
        "f1": 0.5800553049069158
      },
      "S15": {
        "accuracy": 0.627777773141861,
        "precision": 0.6813628852367402,
        "recall": 0.5944444419816136,
        "f1": 0.5388238417273036
      },
      "S16": {
        "accuracy": 0.602777761220932,
        "precision": 0.6053439110517502,
        "recall": 0.5833333253860473,
        "f1": 0.5286386043241278
      },
      "S17": {
        "accuracy": 0.6333333253860474,
        "precision": 0.6108008474111557,
        "recall": 0.633333332836628,
        "f1": 0.5651666783285283
      },
      "average": {
        "accuracy": 0.6280650494496027,
        "precision": 0.5967668557167054,
        "recall": 0.5993520099048812,
        "f1": 0.540317869218393
      }
    },
    "std": {
      "S2": {
        "accuracy": 0.2101792489100157,
        "precision": 0.2828762445617593,
        "recall": 0.36347303705905065,
        "f1": 0.2734920567155122
      },
      "S3": {
        "accuracy": 0.1579618263582533,
        "precision": 0.22982544341600006,
        "recall": 0.33827081209757626,
        "f1": 0.22348526438196994
      },
      "S4": {
        "accuracy": 0.22595727416096947,
        "precision": 0.2541395457044947,
        "recall": 0.3029858939426976,
        "f1": 0.2037535176810984
      },
      "S5": {
        "accuracy": 0.22418408244521593,
        "precision": 0.2809864171468726,
        "recall": 0.35741576729223934,
        "f1": 0.25582893564203724
      },
      "S6": {
        "accuracy": 0.1794170472851854,
        "precision": 0.3051242858827455,
        "recall": 0.3619674150317239,
        "f1": 0.28216894629665634
      },
      "S7": {
        "accuracy": 0.22825374582122626,
        "precision": 0.28130409868687206,
        "recall": 0.3684126637538981,
        "f1": 0.2639600913936262
      },
      "S8": {
        "accuracy": 0.2019406979426153,
        "precision": 0.24268039384581253,
        "recall": 0.3313409830060445,
        "f1": 0.20689257656576365
      },
      "S9": {
        "accuracy": 0.1807015823761592,
        "precision": 0.3276744708768302,
        "recall": 0.3640163977573932,
        "f1": 0.3040294162414552
      },
      "S10": {
        "accuracy": 0.19245008208259637,
        "precision": 0.21619289289112475,
        "recall": 0.3703819407602172,
        "f1": 0.25243075893364764
      },
      "S11": {
        "accuracy": 0.1656605345478677,
        "precision": 0.26987779824316127,
        "recall": 0.37780727595373137,
        "f1": 0.2746367298771794
      },
      "S13": {
        "accuracy": 0.18905674157426097,
        "precision": 0.3339327143634434,
        "recall": 0.37702357317535284,
        "f1": 0.3110130458560502
      },
      "S14": {
        "accuracy": 0.19737647111654452,
        "precision": 0.19062468091398926,
        "recall": 0.28121331927348514,
        "f1": 0.18425083732335482
      },
      "S15": {
        "accuracy": 0.18527774429282207,
        "precision": 0.22513928676675327,
        "recall": 0.34625172805968996,
        "f1": 0.23353624021712088
      },
      "S16": {
        "accuracy": 0.16252570699898786,
        "precision": 0.20292328209879856,
        "recall": 0.3351289038400683,
        "f1": 0.20938085731778508
      },
      "S17": {
        "accuracy": 0.18739422054411514,
        "precision": 0.19827213747421765,
        "recall": 0.32966083455627665,
        "f1": 0.20116102607387465
      },
      "average": {
        "accuracy": 0.1820332215763352,
        "precision": 0.1589908092255525,
        "recall": 0.3345033080883619,
        "f1": 0.21948081365652233
      }
    },
    "poor_ratio": 0.2
  }
}