{
  "real_subj_cnt": 15,
  "real_path": "stress_slurm/data/wesad_1hz.pickle",
  "sliding_windows": false,
  "syn_subj_cnt": 50,
  "gan_config": {
    "gan_mode": "DPCGAN-e-1",
    "path": "stress_slurm/data/100_subj_DP-cGAN-e-1.csv",
    "eps": 1
  },
  "privacy_config": {
    "l2_norm_clip": 1.0,
    "eps": null,
    "num_unique_windows": null,
    "delta": null,
    "noise_multiplier": null
  },
  "train_config": {
    "nn_mode": "CNN-LSTM",
    "epochs": 20,
    "batch_size": 50,
    "learning_rate": 0.001,
    "eval_mode": "TSTR",
    "random_seed": 42,
    "data_noise_parameter": null
  },
  "results": {
    "num_runs": 10,
    "mean": {
      "S2": {
        "accuracy": 0.8558823347091675,
        "precision": 0.8532772958278656,
        "recall": 0.8558823347091675,
        "f1": 0.8545609381977085
      },
      "S3": {
        "accuracy": 0.5823529541492463,
        "precision": 0.5835294246673584,
        "recall": 0.5852941274642944,
        "f1": 0.584398988386934
      },
      "S4": {
        "accuracy": 0.9371428608894348,
        "precision": 0.9371428608894348,
        "recall": 0.9371428608894348,
        "f1": 0.9371428608894348
      },
      "S5": {
        "accuracy": 0.9971428573131561,
        "precision": 0.9971428573131561,
        "recall": 0.9971428573131561,
        "f1": 0.9971428573131561
      },
      "S6": {
        "accuracy": 0.9371428608894348,
        "precision": 0.9371428608894348,
        "recall": 0.9371428608894348,
        "f1": 0.9371428608894348
      },
      "S7": {
        "accuracy": 0.6628571629524231,
        "precision": 0.6563106179237366,
        "recall": 0.6628571629524231,
        "f1": 0.6595081809678035
      },
      "S8": {
        "accuracy": 0.8628571510314942,
        "precision": 0.8628571510314942,
        "recall": 0.8628571510314942,
        "f1": 0.8628571510314942
      },
      "S9": {
        "accuracy": 0.9428571462631226,
        "precision": 0.9428571462631226,
        "recall": 0.9428571462631226,
        "f1": 0.9428571462631226
      },
      "S10": {
        "accuracy": 0.9972222208976745,
        "precision": 0.9972222208976745,
        "recall": 0.9972222208976745,
        "f1": 0.9972222208976745
      },
      "S11": {
        "accuracy": 0.49722222685813905,
        "precision": 0.49722222685813905,
        "recall": 0.49722222685813905,
        "f1": 0.49722222685813905
      },
      "S13": {
        "accuracy": 0.7444444417953491,
        "precision": 0.7428678631782532,
        "recall": 0.7472222208976745,
        "f1": 0.7450152176476527
      },
      "S14": {
        "accuracy": 0.6305555582046509,
        "precision": 0.6275525510311126,
        "recall": 0.6333333373069763,
        "f1": 0.6304033497044685
      },
      "S15": {
        "accuracy": 0.8861111104488373,
        "precision": 0.8861111104488373,
        "recall": 0.8861111104488373,
        "f1": 0.8861111104488373
      },
      "S16": {
        "accuracy": 0.9972222208976745,
        "precision": 0.9972222208976745,
        "recall": 0.9972222208976745,
        "f1": 0.9972222208976745
      },
      "S17": {
        "accuracy": 0.4416666626930237,
        "precision": 0.4398869425058365,
        "recall": 0.4388888835906982,
        "f1": 0.43934985435423074
      },
      "average": {
        "accuracy": 0.7981786513328553,
        "precision": 0.7972230233748754,
        "recall": 0.7985599148273468,
        "f1": 0.797877145649851
      }
    },
    "std": {
      "S2": {
        "accuracy": 0.02170189928087705,
        "precision": 0.01467423538859366,
        "recall": 0.02170189928087705,
        "f1": 0.018009396067478155
      },
      "S3": {
        "accuracy": 0.02702754207897925,
        "precision": 0.02756279357146541,
        "recall": 0.029247902850392943,
        "f1": 0.028268289478616072
      },
      "S4": {
        "accuracy": 0.02950844278369235,
        "precision": 0.02950844278369235,
        "recall": 0.02950844278369235,
        "f1": 0.02950844278369235
      },
      "S5": {
        "accuracy": 0.009035078490519837,
        "precision": 0.009035078490519837,
        "recall": 0.009035078490519837,
        "f1": 0.009035078490519837
      },
      "S6": {
        "accuracy": 0.012046771320693116,
        "precision": 0.012046771320693116,
        "recall": 0.012046771320693116,
        "f1": 0.012046771320693116
      },
      "S7": {
        "accuracy": 0.08170517832819049,
        "precision": 0.06996873924164207,
        "recall": 0.08170517832819049,
        "f1": 0.07557518392915821
      },
      "S8": {
        "accuracy": 0.03243692447789691,
        "precision": 0.03243692447789691,
        "recall": 0.03243692447789691,
        "f1": 0.03243692447789691
      },
      "S9": {
        "accuracy": 0.0,
        "precision": 0.0,
        "recall": 0.0,
        "f1": 0.0
      },
      "S10": {
        "accuracy": 0.008784108800166312,
        "precision": 0.008784108800166312,
        "recall": 0.008784108800166312,
        "f1": 0.008784108800166312
      },
      "S11": {
        "accuracy": 0.04977660212060856,
        "precision": 0.04977660212060856,
        "recall": 0.04977660212060856,
        "f1": 0.04977660212060856
      },
      "S13": {
        "accuracy": 0.03153591571513075,
        "precision": 0.028235626357383,
        "recall": 0.035741237534628635,
        "f1": 0.031827522550950685
      },
      "S14": {
        "accuracy": 0.10959613866426408,
        "precision": 0.10713191606692102,
        "recall": 0.11249141287507021,
        "f1": 0.10970524494771952
      },
      "S15": {
        "accuracy": 0.04025382932210857,
        "precision": 0.04025382932210857,
        "recall": 0.04025382932210857,
        "f1": 0.04025382932210857
      },
      "S16": {
        "accuracy": 0.008784108800166314,
        "precision": 0.008784108800166314,
        "recall": 0.008784108800166314,
        "f1": 0.008784108800166314
      },
      "S17": {
        "accuracy": 0.06984452138865196,
        "precision": 0.07094218554412449,
        "recall": 0.07267191050933014,
        "f1": 0.07173756324585456
      },
      "average": {
        "accuracy": 0.02611566820159181,
        "precision": 0.025035618107102153,
        "recall": 0.027136037325144063,
        "f1": 0.026051118993179675
      }
    },
    "poor_ratio": 0.0
  }
}