{
  "real_subj_cnt": 15,
  "real_path": "stress_slurm/data/wesad_1hz.pickle",
  "sliding_windows": false,
  "syn_subj_cnt": 100,
  "gan_config": {
    "gan_mode": "DPCGAN-e-1",
    "path": "stress_slurm/data/100_subj_DP-cGAN-e-1.csv",
    "eps": 1
  },
  "privacy_config": {
    "l2_norm_clip": 1.0,
    "eps": null,
    "num_unique_windows": null,
    "delta": null,
    "noise_multiplier": null
  },
  "train_config": {
    "nn_mode": "CNN-LSTM",
    "epochs": 20,
    "batch_size": 50,
    "learning_rate": 0.001,
    "eval_mode": "TSTR",
    "random_seed": 42,
    "data_noise_parameter": null
  },
  "results": {
    "num_runs": 10,
    "mean": {
      "S2": {
        "accuracy": 0.9147058665752411,
        "precision": 0.9147058665752411,
        "recall": 0.9147058665752411,
        "f1": 0.9147058665752411
      },
      "S3": {
        "accuracy": 0.5676470756530761,
        "precision": 0.5676470756530761,
        "recall": 0.5676470756530761,
        "f1": 0.5676470756530761
      },
      "S4": {
        "accuracy": 0.9228571474552154,
        "precision": 0.9202381014823914,
        "recall": 0.9228571474552154,
        "f1": 0.9215291804949033
      },
      "S5": {
        "accuracy": 1.0,
        "precision": 1.0,
        "recall": 1.0,
        "f1": 1.0
      },
      "S6": {
        "accuracy": 0.954285717010498,
        "precision": 0.951587301492691,
        "recall": 0.954285717010498,
        "f1": 0.952917506305312
      },
      "S7": {
        "accuracy": 0.8342857241630555,
        "precision": 0.8342857241630555,
        "recall": 0.8342857241630555,
        "f1": 0.8342857241630555
      },
      "S8": {
        "accuracy": 0.9000000059604645,
        "precision": 0.9003968298435211,
        "recall": 0.9028571486473084,
        "f1": 0.9016096630471966
      },
      "S9": {
        "accuracy": 0.9571428596973419,
        "precision": 0.9571428596973419,
        "recall": 0.9571428596973419,
        "f1": 0.9571428596973419
      },
      "S10": {
        "accuracy": 1.0,
        "precision": 1.0,
        "recall": 1.0,
        "f1": 1.0
      },
      "S11": {
        "accuracy": 0.4999999970197678,
        "precision": 0.4999999970197678,
        "recall": 0.4999999970197678,
        "f1": 0.4999999970197678
      },
      "S13": {
        "accuracy": 0.794444453716278,
        "precision": 0.794444453716278,
        "recall": 0.794444453716278,
        "f1": 0.794444453716278
      },
      "S14": {
        "accuracy": 0.8555555462837219,
        "precision": 0.853603595495224,
        "recall": 0.8583333253860473,
        "f1": 0.855936065029306
      },
      "S15": {
        "accuracy": 0.9666666626930237,
        "precision": 0.9666666626930237,
        "recall": 0.9666666626930237,
        "f1": 0.9666666626930237
      },
      "S16": {
        "accuracy": 1.0,
        "precision": 1.0,
        "recall": 1.0,
        "f1": 1.0
      },
      "S17": {
        "accuracy": 0.425,
        "precision": 0.42401330173015594,
        "recall": 0.425,
        "f1": 0.4244833550552792
      },
      "average": {
        "accuracy": 0.8395060704151789,
        "precision": 0.8389821179707845,
        "recall": 0.8398817318677902,
        "f1": 0.8394245606299855
      }
    },
    "std": {
      "S2": {
        "accuracy": 0.01669547991767348,
        "precision": 0.01669547991767348,
        "recall": 0.01669547991767348,
        "f1": 0.01669547991767348
      },
      "S3": {
        "accuracy": 0.04608885905098524,
        "precision": 0.04608885905098524,
        "recall": 0.04608885905098524,
        "f1": 0.04608885905098524
      },
      "S4": {
        "accuracy": 0.013801310364224826,
        "precision": 0.011944377319425105,
        "recall": 0.013801310364224826,
        "f1": 0.012210257162432162
      },
      "S5": {
        "accuracy": 0.0,
        "precision": 0.0,
        "recall": 0.0,
        "f1": 0.0
      },
      "S6": {
        "accuracy": 0.01475422139184617,
        "precision": 0.01370053781584687,
        "recall": 0.01475422139184617,
        "f1": 0.013575151739324484
      },
      "S7": {
        "accuracy": 0.05353702279963104,
        "precision": 0.05353702279963104,
        "recall": 0.05353702279963104,
        "f1": 0.05353702279963104
      },
      "S8": {
        "accuracy": 0.0336717494780809,
        "precision": 0.03312957374222625,
        "recall": 0.030713361020002057,
        "f1": 0.031723745152391486
      },
      "S9": {
        "accuracy": 0.020203049686848547,
        "precision": 0.020203049686848547,
        "recall": 0.020203049686848547,
        "f1": 0.020203049686848547
      },
      "S10": {
        "accuracy": 0.0,
        "precision": 0.0,
        "recall": 0.0,
        "f1": 0.0
      },
      "S11": {
        "accuracy": 0.039283710065920976,
        "precision": 0.039283710065920976,
        "recall": 0.039283710065920976,
        "f1": 0.039283710065920976
      },
      "S13": {
        "accuracy": 0.02986021087061099,
        "precision": 0.02986021087061099,
        "recall": 0.02986021087061099,
        "f1": 0.02986021087061099
      },
      "S14": {
        "accuracy": 0.048644169158189116,
        "precision": 0.050525766924050856,
        "recall": 0.0514701590594534,
        "f1": 0.05074873127376967
      },
      "S15": {
        "accuracy": 0.036571138110314316,
        "precision": 0.036571138110314316,
        "recall": 0.036571138110314316,
        "f1": 0.036571138110314316
      },
      "S16": {
        "accuracy": 0.0,
        "precision": 0.0,
        "recall": 0.0,
        "f1": 0.0
      },
      "S17": {
        "accuracy": 0.08077344251220615,
        "precision": 0.08142631514363874,
        "recall": 0.08077344251220615,
        "f1": 0.08104179641283714
      },
      "average": {
        "accuracy": 0.018536696786060177,
        "precision": 0.01830355304879662,
        "recall": 0.01816769298057416,
        "f1": 0.01822859336739321
      }
    },
    "poor_ratio": 0.0
  }
}