{
  "real_subj_cnt": 15,
  "real_path": "stress_slurm/data/wesad_1hz.pickle",
  "sliding_windows": false,
  "syn_subj_cnt": 1,
  "gan_config": {
    "gan_mode": "CGAN",
    "path": "stress_slurm/data/100_subj_cGAN.csv",
    "eps": null
  },
  "privacy_config": {
    "l2_norm_clip": 1.0,
    "eps": null,
    "num_unique_windows": null,
    "delta": null,
    "noise_multiplier": null
  },
  "train_config": {
    "nn_mode": "CNN-LSTM",
    "epochs": 20,
    "batch_size": 50,
    "learning_rate": 0.001,
    "eval_mode": "TSTR",
    "random_seed": 42,
    "data_noise_parameter": null
  },
  "results": {
    "num_runs": 10,
    "mean": {
      "S2": {
        "accuracy": 0.3911764770746231,
        "precision": 0.42945111393928526,
        "recall": 0.5676470577716828,
        "f1": 0.45216415365417595
      },
      "S3": {
        "accuracy": 0.4352941244840622,
        "precision": 0.4589091122150421,
        "recall": 0.5617647051811219,
        "f1": 0.45845664691006105
      },
      "S4": {
        "accuracy": 0.38000001609325407,
        "precision": 0.44287922978401184,
        "recall": 0.49714286625385284,
        "f1": 0.42408961091845027
      },
      "S5": {
        "accuracy": 0.3200000122189522,
        "precision": 0.39645199477672577,
        "recall": 0.47428571954369547,
        "f1": 0.3731341898746591
      },
      "S6": {
        "accuracy": 0.36000001430511475,
        "precision": 0.5170603603124618,
        "recall": 0.5771428652107715,
        "f1": 0.4670280925639876
      },
      "S7": {
        "accuracy": 0.35714287161827085,
        "precision": 0.428373920917511,
        "recall": 0.49714286215603354,
        "f1": 0.3942519332973563
      },
      "S8": {
        "accuracy": 0.4000000149011612,
        "precision": 0.5471166342496872,
        "recall": 0.5600000085309148,
        "f1": 0.4564840086322004
      },
      "S9": {
        "accuracy": 0.36000001430511475,
        "precision": 0.5259930580854416,
        "recall": 0.6000000074505806,
        "f1": 0.4958269430320238
      },
      "S10": {
        "accuracy": 0.3888888984918594,
        "precision": 0.314810985326767,
        "recall": 0.488888892903924,
        "f1": 0.37554633673065135
      },
      "S11": {
        "accuracy": 0.42499999701976776,
        "precision": 0.43123931661248205,
        "recall": 0.5555555529892444,
        "f1": 0.4315569288946201
      },
      "S13": {
        "accuracy": 0.40277778506278994,
        "precision": 0.5460959434509277,
        "recall": 0.6361111134290696,
        "f1": 0.5254166226171935
      },
      "S14": {
        "accuracy": 0.36388888135552405,
        "precision": 0.28855866491794585,
        "recall": 0.3222222223877907,
        "f1": 0.286633846412669
      },
      "S15": {
        "accuracy": 0.33888890147209166,
        "precision": 0.41507568061351774,
        "recall": 0.5194444514811039,
        "f1": 0.4000209581692502
      },
      "S16": {
        "accuracy": 0.35277777910232544,
        "precision": 0.40641522258520124,
        "recall": 0.4888888865709305,
        "f1": 0.38157082815663856
      },
      "S17": {
        "accuracy": 0.43333334028720855,
        "precision": 0.33631516098976133,
        "recall": 0.47500000037252904,
        "f1": 0.3802242665512555
      },
      "average": {
        "accuracy": 0.38061127518614135,
        "precision": 0.43231642658511793,
        "recall": 0.521415814148883,
        "f1": 0.4201603577610128
      }
    },
    "std": {
      "S2": {
        "accuracy": 0.27206544081113915,
        "precision": 0.2976803598209386,
        "recall": 0.4253252530246588,
        "f1": 0.28797083046888516
      },
      "S3": {
        "accuracy": 0.18745753613943947,
        "precision": 0.24696900097074578,
        "recall": 0.3656350073383774,
        "f1": 0.21471554316769545
      },
      "S4": {
        "accuracy": 0.20780681898592185,
        "precision": 0.2457683250453658,
        "recall": 0.3725745412666864,
        "f1": 0.23151977384384884
      },
      "S5": {
        "accuracy": 0.19321835973986526,
        "precision": 0.2969567081705892,
        "recall": 0.4210342512940352,
        "f1": 0.28339291342125894
      },
      "S6": {
        "accuracy": 0.1571861443754969,
        "precision": 0.23658292339636078,
        "recall": 0.37223355530702873,
        "f1": 0.19575539672965417
      },
      "S7": {
        "accuracy": 0.19760470420338555,
        "precision": 0.26835159163752115,
        "recall": 0.41561363366374476,
        "f1": 0.27081773179153795
      },
      "S8": {
        "accuracy": 0.24168719054203197,
        "precision": 0.26199941172139735,
        "recall": 0.3840823761028082,
        "f1": 0.2302747473650383
      },
      "S9": {
        "accuracy": 0.1571861443754969,
        "precision": 0.2443621517828221,
        "recall": 0.3525096245105113,
        "f1": 0.1774411327592315
      },
      "S10": {
        "accuracy": 0.2131641542529431,
        "precision": 0.22511956162168567,
        "recall": 0.43571677443782014,
        "f1": 0.2969156444639538
      },
      "S11": {
        "accuracy": 0.23168509443006402,
        "precision": 0.2750919505461941,
        "recall": 0.4202520605195019,
        "f1": 0.2639300185937454
      },
      "S13": {
        "accuracy": 0.2642541203214761,
        "precision": 0.2651931336051631,
        "recall": 0.3543889941586115,
        "f1": 0.18791888387370476
      },
      "S14": {
        "accuracy": 0.17095811568485522,
        "precision": 0.1940420868923043,
        "recall": 0.2818224056693965,
        "f1": 0.19443002460414452
      },
      "S15": {
        "accuracy": 0.12949728476282332,
        "precision": 0.2588825010842919,
        "recall": 0.40783857549351643,
        "f1": 0.23968550463474447
      },
      "S16": {
        "accuracy": 0.08591675077951105,
        "precision": 0.26133522371249973,
        "recall": 0.37865728916837627,
        "f1": 0.23653510629790186
      },
      "S17": {
        "accuracy": 0.2759818403530621,
        "precision": 0.23318230386713756,
        "recall": 0.4193228065838061,
        "f1": 0.2962945799860744
      },
      "average": {
        "accuracy": 0.16762728499948357,
        "precision": 0.1123435589388729,
        "recall": 0.3741189161028823,
        "f1": 0.21894604759668157
      }
    },
    "poor_ratio": 0.5
  }
}