{
  "real_subj_cnt": 15,
  "real_path": "stress_slurm/data/wesad_1hz.pickle",
  "sliding_windows": false,
  "syn_subj_cnt": 15,
  "gan_config": {
    "gan_mode": "DPCGAN-e-1",
    "path": "stress_slurm/data/100_subj_DP-cGAN-e-1.csv",
    "eps": 1
  },
  "privacy_config": {
    "l2_norm_clip": 1.0,
    "eps": null,
    "num_unique_windows": null,
    "delta": null,
    "noise_multiplier": null
  },
  "train_config": {
    "nn_mode": "CNN-LSTM",
    "epochs": 20,
    "batch_size": 50,
    "learning_rate": 0.001,
    "eval_mode": "TSTR",
    "random_seed": 42,
    "data_noise_parameter": null
  },
  "results": {
    "num_runs": 10,
    "mean": {
      "S2": {
        "accuracy": 0.8235294103622437,
        "precision": 0.8235294103622437,
        "recall": 0.8235294103622437,
        "f1": 0.8235294103622437
      },
      "S3": {
        "accuracy": 0.7411764621734619,
        "precision": 0.7419327676296235,
        "recall": 0.7441176414489746,
        "f1": 0.7430093721215701
      },
      "S4": {
        "accuracy": 0.9714285731315613,
        "precision": 0.9714285731315613,
        "recall": 0.9714285731315613,
        "f1": 0.9714285731315613
      },
      "S5": {
        "accuracy": 0.9171428620815277,
        "precision": 0.9172222256660462,
        "recall": 0.9200000047683716,
        "f1": 0.9185915533830855
      },
      "S6": {
        "accuracy": 0.8314285814762116,
        "precision": 0.8314285814762116,
        "recall": 0.8314285814762116,
        "f1": 0.8314285814762116
      },
      "S7": {
        "accuracy": 0.5114285916090011,
        "precision": 0.5114285916090011,
        "recall": 0.5114285916090011,
        "f1": 0.5114285916090011
      },
      "S8": {
        "accuracy": 0.8600000083446503,
        "precision": 0.8600000083446503,
        "recall": 0.8600000083446503,
        "f1": 0.8600000083446503
      },
      "S9": {
        "accuracy": 0.908571434020996,
        "precision": 0.908571434020996,
        "recall": 0.908571434020996,
        "f1": 0.908571434020996
      },
      "S10": {
        "accuracy": 1.0,
        "precision": 1.0,
        "recall": 1.0,
        "f1": 1.0
      },
      "S11": {
        "accuracy": 0.5833333194255829,
        "precision": 0.5819819688796997,
        "recall": 0.5833333194255829,
        "f1": 0.582648388332577
      },
      "S13": {
        "accuracy": 0.6833333253860474,
        "precision": 0.6853603482246399,
        "recall": 0.6888888835906982,
        "f1": 0.6871004478102397
      },
      "S14": {
        "accuracy": 0.622222226858139,
        "precision": 0.6241228103637695,
        "recall": 0.6277777791023255,
        "f1": 0.6259009032897308
      },
      "S15": {
        "accuracy": 0.8416666507720947,
        "precision": 0.8416666507720947,
        "recall": 0.8416666507720947,
        "f1": 0.8416666507720947
      },
      "S16": {
        "accuracy": 0.9944444417953491,
        "precision": 0.9944444417953491,
        "recall": 0.9944444417953491,
        "f1": 0.9944444417953491
      },
      "S17": {
        "accuracy": 0.4111111104488373,
        "precision": 0.40906432569026946,
        "recall": 0.4111111104488373,
        "f1": 0.41006005880082064
      },
      "average": {
        "accuracy": 0.7800544665257136,
        "precision": 0.7801454758644104,
        "recall": 0.7811817620197932,
        "f1": 0.7806538943500088
      }
    },
    "std": {
      "S2": {
        "accuracy": 0.019607841968542424,
        "precision": 0.019607841968542424,
        "recall": 0.019607841968542424,
        "f1": 0.019607841968542424
      },
      "S3": {
        "accuracy": 0.012401100690005353,
        "precision": 0.012231963149605916,
        "recall": 0.014207245653179653,
        "f1": 0.012783710614994268
      },
      "S4": {
        "accuracy": 0.0,
        "precision": 0.0,
        "recall": 0.0,
        "f1": 0.0
      },
      "S5": {
        "accuracy": 0.03915200679225262,
        "precision": 0.0392748856242141,
        "recall": 0.04426266417553852,
        "f1": 0.04157678980517767
      },
      "S6": {
        "accuracy": 0.05785273006975576,
        "precision": 0.05785273006975576,
        "recall": 0.05785273006975576,
        "f1": 0.05785273006975576
      },
      "S7": {
        "accuracy": 0.10297172486040941,
        "precision": 0.10297172486040941,
        "recall": 0.10297172486040941,
        "f1": 0.10297172486040941
      },
      "S8": {
        "accuracy": 0.016218462238948458,
        "precision": 0.016218462238948458,
        "recall": 0.016218462238948458,
        "f1": 0.016218462238948458
      },
      "S9": {
        "accuracy": 0.06570738012414552,
        "precision": 0.06570738012414552,
        "recall": 0.06570738012414552,
        "f1": 0.06570738012414552
      },
      "S10": {
        "accuracy": 0.0,
        "precision": 0.0,
        "recall": 0.0,
        "f1": 0.0
      },
      "S11": {
        "accuracy": 0.07290747218440163,
        "precision": 0.07472624065629403,
        "recall": 0.07290747218440163,
        "f1": 0.07380399634484425
      },
      "S13": {
        "accuracy": 0.05430695410209262,
        "precision": 0.051985176738163434,
        "recall": 0.04864416461996831,
        "f1": 0.050227684170434106
      },
      "S14": {
        "accuracy": 0.06307178942899973,
        "precision": 0.06391059996961557,
        "recall": 0.06702576704456799,
        "f1": 0.06518914415871443
      },
      "S15": {
        "accuracy": 0.018748579987530684,
        "precision": 0.018748579987530684,
        "recall": 0.018748579987530684,
        "f1": 0.018748579987530684
      },
      "S16": {
        "accuracy": 0.01171214506688841,
        "precision": 0.01171214506688841,
        "recall": 0.01171214506688841,
        "f1": 0.01171214506688841
      },
      "S17": {
        "accuracy": 0.04303314059626735,
        "precision": 0.044663410365404256,
        "recall": 0.04303314059626735,
        "f1": 0.043758451221654934
      },
      "average": {
        "accuracy": 0.034846929222643125,
        "precision": 0.0351596257526099,
        "recall": 0.034973942044970334,
        "f1": 0.03505934293172582
      }
    },
    "poor_ratio": 0.0
  }
}