{
  "real_subj_cnt": 15,
  "real_path": "stress_slurm/data/wesad_1hz.pickle",
  "sliding_windows": false,
  "syn_subj_cnt": 30,
  "gan_config": {
    "gan_mode": "DPCGAN-e-1",
    "path": "stress_slurm/data/100_subj_DP-cGAN-e-1.csv",
    "eps": 1
  },
  "privacy_config": {
    "l2_norm_clip": 1.0,
    "eps": null,
    "num_unique_windows": null,
    "delta": null,
    "noise_multiplier": null
  },
  "train_config": {
    "nn_mode": "CNN-LSTM",
    "epochs": 20,
    "batch_size": 50,
    "learning_rate": 0.001,
    "eval_mode": "TSTR",
    "random_seed": 42,
    "data_noise_parameter": null
  },
  "results": {
    "num_runs": 10,
    "mean": {
      "S2": {
        "accuracy": 0.8529411613941192,
        "precision": 0.8529411613941192,
        "recall": 0.8529411613941192,
        "f1": 0.8529411613941192
      },
      "S3": {
        "accuracy": 0.7441176414489746,
        "precision": 0.7441176414489746,
        "recall": 0.7441176414489746,
        "f1": 0.7441176414489746
      },
      "S4": {
        "accuracy": 0.9742857158184052,
        "precision": 0.9742857158184052,
        "recall": 0.9742857158184052,
        "f1": 0.9742857158184052
      },
      "S5": {
        "accuracy": 0.9600000023841858,
        "precision": 0.9600000023841858,
        "recall": 0.9600000023841858,
        "f1": 0.9600000023841858
      },
      "S6": {
        "accuracy": 0.9171428620815277,
        "precision": 0.9171428620815277,
        "recall": 0.9171428620815277,
        "f1": 0.9171428620815277
      },
      "S7": {
        "accuracy": 0.6228571653366088,
        "precision": 0.6228571653366088,
        "recall": 0.6228571653366088,
        "f1": 0.6228571653366088
      },
      "S8": {
        "accuracy": 0.8742857217788697,
        "precision": 0.8742857217788697,
        "recall": 0.8742857217788697,
        "f1": 0.8742857217788697
      },
      "S9": {
        "accuracy": 0.9457142889499665,
        "precision": 0.9457142889499665,
        "recall": 0.9457142889499665,
        "f1": 0.9457142889499665
      },
      "S10": {
        "accuracy": 1.0,
        "precision": 1.0,
        "recall": 1.0,
        "f1": 1.0
      },
      "S11": {
        "accuracy": 0.7055555403232574,
        "precision": 0.7036786675453186,
        "recall": 0.7055555403232574,
        "f1": 0.7046042486692508
      },
      "S13": {
        "accuracy": 0.7555555522441864,
        "precision": 0.7561561524868011,
        "recall": 0.7583333313465118,
        "f1": 0.7572298297215009
      },
      "S14": {
        "accuracy": 0.6833333313465119,
        "precision": 0.6859888434410095,
        "recall": 0.6861111104488373,
        "f1": 0.6860226793594735
      },
      "S15": {
        "accuracy": 0.8666666567325592,
        "precision": 0.8670420348644257,
        "recall": 0.8694444358348846,
        "f1": 0.8682267805585541
      },
      "S16": {
        "accuracy": 1.0,
        "precision": 1.0,
        "recall": 1.0,
        "f1": 1.0
      },
      "S17": {
        "accuracy": 0.4416666567325592,
        "precision": 0.4416666567325592,
        "recall": 0.4416666567325592,
        "f1": 0.4416666567325592
      },
      "average": {
        "accuracy": 0.8229414864381155,
        "precision": 0.8230584609508516,
        "recall": 0.8234970422585806,
        "f1": 0.8232729836155996
      }
    },
    "std": {
      "S2": {
        "accuracy": 0.024014595778858835,
        "precision": 0.024014595778858835,
        "recall": 0.024014595778858835,
        "f1": 0.024014595778858835
      },
      "S3": {
        "accuracy": 0.031157354868088304,
        "precision": 0.031157354868088304,
        "recall": 0.031157354868088304,
        "f1": 0.031157354868088304
      },
      "S4": {
        "accuracy": 0.009035078490519837,
        "precision": 0.009035078490519837,
        "recall": 0.009035078490519837,
        "f1": 0.009035078490519837
      },
      "S5": {
        "accuracy": 0.027602620728449666,
        "precision": 0.027602620728449666,
        "recall": 0.027602620728449666,
        "f1": 0.027602620728449666
      },
      "S6": {
        "accuracy": 0.028412253335404862,
        "precision": 0.028412253335404862,
        "recall": 0.028412253335404862,
        "f1": 0.028412253335404862
      },
      "S7": {
        "accuracy": 0.08389605422052993,
        "precision": 0.08389605422052993,
        "recall": 0.08389605422052993,
        "f1": 0.08389605422052993
      },
      "S8": {
        "accuracy": 0.019977310202976627,
        "precision": 0.019977310202976627,
        "recall": 0.019977310202976627,
        "f1": 0.019977310202976627
      },
      "S9": {
        "accuracy": 0.009035078490519837,
        "precision": 0.009035078490519837,
        "recall": 0.009035078490519837,
        "f1": 0.009035078490519837
      },
      "S10": {
        "accuracy": 0.0,
        "precision": 0.0,
        "recall": 0.0,
        "f1": 0.0
      },
      "S11": {
        "accuracy": 0.07075916400774056,
        "precision": 0.07133322080212563,
        "recall": 0.07075916400774056,
        "f1": 0.07098871428473488
      },
      "S13": {
        "accuracy": 0.034146462150166534,
        "precision": 0.03463015127349515,
        "recall": 0.03715260184222314,
        "f1": 0.03573084604280951
      },
      "S14": {
        "accuracy": 0.03260520374689184,
        "precision": 0.033108487794681,
        "recall": 0.03715258797773265,
        "f1": 0.03486248463447457
      },
      "S15": {
        "accuracy": 0.0409924906805755,
        "precision": 0.040953132779482,
        "recall": 0.041512062233599975,
        "f1": 0.041054395370368285
      },
      "S16": {
        "accuracy": 0.0,
        "precision": 0.0,
        "recall": 0.0,
        "f1": 0.0
      },
      "S17": {
        "accuracy": 0.027623024242584487,
        "precision": 0.027623024242584487,
        "recall": 0.027623024242584487,
        "f1": 0.027623024242584487
      },
      "average": {
        "accuracy": 0.02612175390303762,
        "precision": 0.026298640808402888,
        "recall": 0.026743616822059477,
        "f1": 0.026515891846466775
      }
    },
    "poor_ratio": 0.0
  }
}