{
  "real_subj_cnt": 15,
  "real_path": "stress_slurm/data/wesad_1hz.pickle",
  "sliding_windows": false,
  "syn_subj_cnt": 100,
  "gan_config": {
    "gan_mode": "DPCGAN-e-0.1",
    "path": "stress_slurm/data/100_subj_DP-cGAN-e-0.1.csv",
    "eps": 0.1
  },
  "privacy_config": {
    "l2_norm_clip": 1.0,
    "eps": null,
    "num_unique_windows": null,
    "delta": null,
    "noise_multiplier": null
  },
  "train_config": {
    "nn_mode": "CNN-LSTM",
    "epochs": 20,
    "batch_size": 50,
    "learning_rate": 0.001,
    "eval_mode": "TSTR",
    "random_seed": 42,
    "data_noise_parameter": null
  },
  "results": {
    "num_runs": 10,
    "mean": {
      "S2": {
        "accuracy": 0.964705866575241,
        "precision": 0.964705866575241,
        "recall": 0.964705866575241,
        "f1": 0.964705866575241
      },
      "S3": {
        "accuracy": 0.664705890417099,
        "precision": 0.6666666746139527,
        "recall": 0.664705890417099,
        "f1": 0.6656716497989666
      },
      "S4": {
        "accuracy": 0.8028571516275406,
        "precision": 0.8028571516275406,
        "recall": 0.8028571516275406,
        "f1": 0.8028571516275406
      },
      "S5": {
        "accuracy": 0.865714293718338,
        "precision": 0.865714293718338,
        "recall": 0.865714293718338,
        "f1": 0.865714293718338
      },
      "S6": {
        "accuracy": 0.9971428573131561,
        "precision": 0.9971428573131561,
        "recall": 0.9971428573131561,
        "f1": 0.9971428573131561
      },
      "S7": {
        "accuracy": 0.8685714364051819,
        "precision": 0.8685714364051819,
        "recall": 0.8685714364051819,
        "f1": 0.8685714364051819
      },
      "S8": {
        "accuracy": 0.888571435213089,
        "precision": 0.888571435213089,
        "recall": 0.888571435213089,
        "f1": 0.888571435213089
      },
      "S9": {
        "accuracy": 0.908571434020996,
        "precision": 0.9107563078403473,
        "recall": 0.908571434020996,
        "f1": 0.9096480385129428
      },
      "S10": {
        "accuracy": 0.8833333373069763,
        "precision": 0.8837087154388428,
        "recall": 0.8861111164093017,
        "f1": 0.8848934611329712
      },
      "S11": {
        "accuracy": 0.7888888895511628,
        "precision": 0.7888888895511628,
        "recall": 0.7888888895511628,
        "f1": 0.7888888895511628
      },
      "S13": {
        "accuracy": 0.9972222208976745,
        "precision": 0.9972222208976745,
        "recall": 0.9972222208976745,
        "f1": 0.9972222208976745
      },
      "S14": {
        "accuracy": 0.5722222268581391,
        "precision": 0.5722222268581391,
        "recall": 0.5722222268581391,
        "f1": 0.5722222268581391
      },
      "S15": {
        "accuracy": 0.8694444477558136,
        "precision": 0.8694444477558136,
        "recall": 0.8694444477558136,
        "f1": 0.8694444477558136
      },
      "S16": {
        "accuracy": 0.7194444298744201,
        "precision": 0.7194444298744201,
        "recall": 0.7194444298744201,
        "f1": 0.7194444298744201
      },
      "S17": {
        "accuracy": 0.8333333313465119,
        "precision": 0.8333333313465119,
        "recall": 0.8333333313465119,
        "f1": 0.8333333313465119
      },
      "average": {
        "accuracy": 0.8416486165920893,
        "precision": 0.8419500190019609,
        "recall": 0.8418338018655778,
        "f1": 0.8418887824387433
      }
    },
    "std": {
      "S2": {
        "accuracy": 0.05150558500038525,
        "precision": 0.05150558500038525,
        "recall": 0.05150558500038525,
        "f1": 0.05150558500038525
      },
      "S3": {
        "accuracy": 0.020564870572687497,
        "precision": 0.019607835345802987,
        "recall": 0.020564870572687497,
        "f1": 0.019858698960741217
      },
      "S4": {
        "accuracy": 0.12880050187682168,
        "precision": 0.12880050187682168,
        "recall": 0.12880050187682168,
        "f1": 0.12880050187682168
      },
      "S5": {
        "accuracy": 0.019284243356585254,
        "precision": 0.019284243356585254,
        "recall": 0.019284243356585254,
        "f1": 0.019284243356585254
      },
      "S6": {
        "accuracy": 0.009035078490519832,
        "precision": 0.009035078490519832,
        "recall": 0.009035078490519832,
        "f1": 0.009035078490519832
      },
      "S7": {
        "accuracy": 0.03353679202325894,
        "precision": 0.03353679202325894,
        "recall": 0.03353679202325894,
        "f1": 0.03353679202325894
      },
      "S8": {
        "accuracy": 0.04353953816926956,
        "precision": 0.04353953816926956,
        "recall": 0.04353953816926956,
        "f1": 0.04353953816926956
      },
      "S9": {
        "accuracy": 0.09115036495943665,
        "precision": 0.08689958205969857,
        "recall": 0.09115036495943665,
        "f1": 0.08901413343840937
      },
      "S10": {
        "accuracy": 0.07384222760891591,
        "precision": 0.07372615862181785,
        "recall": 0.07343473839806515,
        "f1": 0.07348449668558187
      },
      "S11": {
        "accuracy": 0.05430695613459407,
        "precision": 0.05430695613459407,
        "recall": 0.05430695613459407,
        "f1": 0.05430695613459407
      },
      "S13": {
        "accuracy": 0.008784108800166323,
        "precision": 0.008784108800166323,
        "recall": 0.008784108800166323,
        "f1": 0.008784108800166323
      },
      "S14": {
        "accuracy": 0.07768954346696452,
        "precision": 0.07768954346696452,
        "recall": 0.07768954346696452,
        "f1": 0.07768954346696452
      },
      "S15": {
        "accuracy": 0.02942638591577972,
        "precision": 0.02942638591577972,
        "recall": 0.02942638591577972,
        "f1": 0.02942638591577972
      },
      "S16": {
        "accuracy": 0.03574123753462863,
        "precision": 0.03574123753462863,
        "recall": 0.03574123753462863,
        "f1": 0.03574123753462863
      },
      "S17": {
        "accuracy": 0.061418982924058105,
        "precision": 0.061418982924058105,
        "recall": 0.061418982924058105,
        "f1": 0.061418982924058105
      },
      "average": {
        "accuracy": 0.025794808561852015,
        "precision": 0.025804841851834362,
        "recall": 0.025800544184603175,
        "f1": 0.025799203727857743
      }
    },
    "poor_ratio": 0.0
  }
}