{
  "real_subj_cnt": 15,
  "real_path": "stress_slurm/data/wesad_1hz.pickle",
  "sliding_windows": false,
  "syn_subj_cnt": 15,
  "gan_config": {
    "gan_mode": "CGAN",
    "path": "stress_slurm/data/100_subj_cGAN.csv",
    "eps": null
  },
  "privacy_config": {
    "l2_norm_clip": 1.0,
    "eps": null,
    "num_unique_windows": null,
    "delta": null,
    "noise_multiplier": null
  },
  "train_config": {
    "nn_mode": "CNN-LSTM",
    "epochs": 20,
    "batch_size": 50,
    "learning_rate": 0.001,
    "eval_mode": "TSTR",
    "random_seed": 42,
    "data_noise_parameter": null
  },
  "results": {
    "num_runs": 10,
    "mean": {
      "S2": {
        "accuracy": 0.8882352948188782,
        "precision": 0.8882352948188782,
        "recall": 0.8882352948188782,
        "f1": 0.8882352948188782
      },
      "S3": {
        "accuracy": 0.7117647171020508,
        "precision": 0.7122536420822143,
        "recall": 0.7058823645114899,
        "f1": 0.7089883189911277
      },
      "S4": {
        "accuracy": 1.0,
        "precision": 1.0,
        "recall": 1.0,
        "f1": 1.0
      },
      "S5": {
        "accuracy": 0.9857142865657806,
        "precision": 0.9830112040042878,
        "recall": 0.9828571438789367,
        "f1": 0.9828956350185211
      },
      "S6": {
        "accuracy": 0.954285717010498,
        "precision": 0.9541176497936249,
        "recall": 0.9514285743236541,
        "f1": 0.9527536260057612
      },
      "S7": {
        "accuracy": 0.8457142949104309,
        "precision": 0.8452941238880157,
        "recall": 0.842857152223587,
        "f1": 0.8440579788633766
      },
      "S8": {
        "accuracy": 0.9371428608894348,
        "precision": 0.9394957959651947,
        "recall": 0.934285718202591,
        "f1": 0.936853002942277
      },
      "S9": {
        "accuracy": 0.9714285731315613,
        "precision": 0.9714285731315613,
        "recall": 0.9714285731315613,
        "f1": 0.9714285731315613
      },
      "S10": {
        "accuracy": 0.9944444417953491,
        "precision": 0.9972222208976745,
        "recall": 0.9944444417953491,
        "f1": 0.9958137695123884
      },
      "S11": {
        "accuracy": 0.7861111104488373,
        "precision": 0.785317462682724,
        "recall": 0.7805555582046508,
        "f1": 0.7829029759074743
      },
      "S13": {
        "accuracy": 0.8694444537162781,
        "precision": 0.8741269946098328,
        "recall": 0.8666666746139526,
        "f1": 0.8703442971293971
      },
      "S14": {
        "accuracy": 0.6388888895511627,
        "precision": 0.6428571462631225,
        "recall": 0.6388888895511627,
        "f1": 0.6408450724184218
      },
      "S15": {
        "accuracy": 0.9805555522441864,
        "precision": 0.9805555522441864,
        "recall": 0.9805555522441864,
        "f1": 0.9805555522441864
      },
      "S16": {
        "accuracy": 0.977777773141861,
        "precision": 0.977777773141861,
        "recall": 0.977777773141861,
        "f1": 0.977777773141861
      },
      "S17": {
        "accuracy": 0.7305555582046509,
        "precision": 0.7350000083446503,
        "recall": 0.7305555582046509,
        "f1": 0.732746484289801
      },
      "average": {
        "accuracy": 0.884804234902064,
        "precision": 0.8857795627911885,
        "recall": 0.8830946179231007,
        "f1": 0.8844132236276689
      }
    },
    "std": {
      "S2": {
        "accuracy": 0.05682893599745807,
        "precision": 0.05682893599745807,
        "recall": 0.05682893599745807,
        "f1": 0.05682893599745807
      },
      "S3": {
        "accuracy": 0.03615507522560629,
        "precision": 0.041411671362230264,
        "recall": 0.04159451406116067,
        "f1": 0.040821544135221446
      },
      "S4": {
        "accuracy": 0.0,
        "precision": 0.0,
        "recall": 0.0,
        "f1": 0.0
      },
      "S5": {
        "accuracy": 0.020203049686848537,
        "precision": 0.0269896187015675,
        "recall": 0.02409354264138623,
        "f1": 0.024847874593314508
      },
      "S6": {
        "accuracy": 0.027602620728449666,
        "precision": 0.027684932914492633,
        "recall": 0.03026713835226301,
        "f1": 0.028710415269840837
      },
      "S7": {
        "accuracy": 0.09350809125416751,
        "precision": 0.09346045986095643,
        "recall": 0.09355657873020494,
        "f1": 0.09342982281655733
      },
      "S8": {
        "accuracy": 0.0421636996224259,
        "precision": 0.0395325358144783,
        "recall": 0.0447720326591622,
        "f1": 0.041913294913838044
      },
      "S9": {
        "accuracy": 0.0,
        "precision": 0.0,
        "recall": 0.0,
        "f1": 0.0
      },
      "S10": {
        "accuracy": 0.011712145066888412,
        "precision": 0.008784108800166312,
        "recall": 0.011712145066888412,
        "f1": 0.009397008670901317
      },
      "S11": {
        "accuracy": 0.08077344296771657,
        "precision": 0.08052526094301064,
        "recall": 0.07573373713166028,
        "f1": 0.07796909962113052
      },
      "S13": {
        "accuracy": 0.0797049528297294,
        "precision": 0.07715184886575992,
        "recall": 0.07499427481394894,
        "f1": 0.07582522573836463
      },
      "S14": {
        "accuracy": 0.1014301026371285,
        "precision": 0.10434420655418793,
        "recall": 0.1014301026371285,
        "f1": 0.10279121313340243
      },
      "S15": {
        "accuracy": 0.029426385915779747,
        "precision": 0.029426385915779747,
        "recall": 0.029426385915779747,
        "f1": 0.029426385915779747
      },
      "S16": {
        "accuracy": 0.043033150856169426,
        "precision": 0.043033150856169426,
        "recall": 0.043033150856169426,
        "f1": 0.043033150856169426
      },
      "S17": {
        "accuracy": 0.09976825403478719,
        "precision": 0.10294334160944899,
        "recall": 0.09976825403478719,
        "f1": 0.10123599661649832
      },
      "average": {
        "accuracy": 0.023668701026313792,
        "precision": 0.023436538501908407,
        "recall": 0.023364758427919335,
        "f1": 0.023334669614475785
      }
    },
    "poor_ratio": 0.0
  }
}