{
  "real_subj_cnt": 15,
  "real_path": "stress_slurm/data/wesad_1hz.pickle",
  "sliding_windows": false,
  "syn_subj_cnt": 50,
  "gan_config": {
    "gan_mode": "DPCGAN-e-10",
    "path": "stress_slurm/data/100_subj_DP-cGAN-e-10.csv",
    "eps": 10
  },
  "privacy_config": {
    "l2_norm_clip": 1.0,
    "eps": null,
    "num_unique_windows": null,
    "delta": null,
    "noise_multiplier": null
  },
  "train_config": {
    "nn_mode": "CNN-LSTM",
    "epochs": 20,
    "batch_size": 50,
    "learning_rate": 0.001,
    "eval_mode": "TSTR",
    "random_seed": 42,
    "data_noise_parameter": null
  },
  "results": {
    "num_runs": 10,
    "mean": {
      "S2": {
        "accuracy": 0.7323529362678528,
        "precision": 0.7310924351215362,
        "recall": 0.7352941155433654,
        "f1": 0.7331628283753763
      },
      "S3": {
        "accuracy": 0.6558823585510254,
        "precision": 0.6558823585510254,
        "recall": 0.6558823585510254,
        "f1": 0.6558823585510254
      },
      "S4": {
        "accuracy": 0.9828571438789367,
        "precision": 0.9828571438789367,
        "recall": 0.9828571438789367,
        "f1": 0.9828571438789367
      },
      "S5": {
        "accuracy": 0.9114285767078399,
        "precision": 0.9114285767078399,
        "recall": 0.9114285767078399,
        "f1": 0.9114285767078399
      },
      "S6": {
        "accuracy": 0.9942857146263122,
        "precision": 0.9942857146263122,
        "recall": 0.9942857146263122,
        "f1": 0.9942857146263122
      },
      "S7": {
        "accuracy": 0.9714285731315613,
        "precision": 0.9714285731315613,
        "recall": 0.9714285731315613,
        "f1": 0.9714285731315613
      },
      "S8": {
        "accuracy": 0.8685714364051819,
        "precision": 0.8690476238727569,
        "recall": 0.8714285790920258,
        "f1": 0.8702213341720141
      },
      "S9": {
        "accuracy": 0.9971428573131561,
        "precision": 0.9971428573131561,
        "recall": 0.9971428573131561,
        "f1": 0.9971428573131561
      },
      "S10": {
        "accuracy": 0.9361111164093018,
        "precision": 0.9361111164093018,
        "recall": 0.9361111164093018,
        "f1": 0.9361111164093018
      },
      "S11": {
        "accuracy": 0.6500000119209289,
        "precision": 0.6500000119209289,
        "recall": 0.6500000119209289,
        "f1": 0.6500000119209289
      },
      "S13": {
        "accuracy": 0.9916666626930237,
        "precision": 0.9916666626930237,
        "recall": 0.9916666626930237,
        "f1": 0.9916666626930237
      },
      "S14": {
        "accuracy": 0.6944444179534912,
        "precision": 0.6944444179534912,
        "recall": 0.6944444179534912,
        "f1": 0.6944444179534912
      },
      "S15": {
        "accuracy": 0.9722222089767456,
        "precision": 0.9722222089767456,
        "recall": 0.9722222089767456,
        "f1": 0.9722222089767456
      },
      "S16": {
        "accuracy": 0.9083333313465118,
        "precision": 0.9083333313465118,
        "recall": 0.9083333313465118,
        "f1": 0.9083333313465118
      },
      "S17": {
        "accuracy": 0.6861110925674438,
        "precision": 0.6861110925674438,
        "recall": 0.6861110925674438,
        "f1": 0.6861110925674438
      },
      "average": {
        "accuracy": 0.8635225625832875,
        "precision": 0.8634702750047047,
        "recall": 0.8639091173807779,
        "f1": 0.8636865485749112
      }
    },
    "std": {
      "S2": {
        "accuracy": 0.042621692172329945,
        "precision": 0.04460910283102907,
        "recall": 0.04384446753372335,
        "f1": 0.044011294128385246
      },
      "S3": {
        "accuracy": 0.019851419625565987,
        "precision": 0.019851419625565987,
        "recall": 0.019851419625565987,
        "f1": 0.019851419625565987
      },
      "S4": {
        "accuracy": 0.01997731020297663,
        "precision": 0.01997731020297663,
        "recall": 0.01997731020297663,
        "f1": 0.01997731020297663
      },
      "S5": {
        "accuracy": 0.0414039310926745,
        "precision": 0.0414039310926745,
        "recall": 0.0414039310926745,
        "f1": 0.0414039310926745
      },
      "S6": {
        "accuracy": 0.012046771320693116,
        "precision": 0.012046771320693116,
        "recall": 0.012046771320693116,
        "f1": 0.012046771320693116
      },
      "S7": {
        "accuracy": 0.019047617912292484,
        "precision": 0.019047617912292484,
        "recall": 0.019047617912292484,
        "f1": 0.019047617912292484
      },
      "S8": {
        "accuracy": 0.0810363661648374,
        "precision": 0.08078881366793135,
        "recall": 0.07996597439435463,
        "f1": 0.08029605654749855
      },
      "S9": {
        "accuracy": 0.009035078490519837,
        "precision": 0.009035078490519837,
        "recall": 0.009035078490519837,
        "f1": 0.009035078490519837
      },
      "S10": {
        "accuracy": 0.04151205115459444,
        "precision": 0.04151205115459444,
        "recall": 0.04151205115459444,
        "f1": 0.04151205115459444
      },
      "S11": {
        "accuracy": 0.014344389603665884,
        "precision": 0.014344389603665884,
        "recall": 0.014344389603665884,
        "f1": 0.014344389603665884
      },
      "S13": {
        "accuracy": 0.013417947829829937,
        "precision": 0.013417947829829937,
        "recall": 0.013417947829829937,
        "f1": 0.013417947829829937
      },
      "S14": {
        "accuracy": 0.0,
        "precision": 0.0,
        "recall": 0.0,
        "f1": 0.0
      },
      "S15": {
        "accuracy": 0.018518527348836255,
        "precision": 0.018518527348836255,
        "recall": 0.018518527348836255,
        "f1": 0.018518527348836255
      },
      "S16": {
        "accuracy": 0.043528363500427734,
        "precision": 0.043528363500427734,
        "recall": 0.043528363500427734,
        "f1": 0.043528363500427734
      },
      "S17": {
        "accuracy": 0.03476848099329479,
        "precision": 0.03476848099329479,
        "recall": 0.03476848099329479,
        "f1": 0.03476848099329479
      },
      "average": {
        "accuracy": 0.015545968038172483,
        "precision": 0.015586151668105737,
        "recall": 0.015500680815243858,
        "f1": 0.015535917911297197
      }
    },
    "poor_ratio": 0.0
  }
}