{
  "real_subj_cnt": 15,
  "real_path": "stress_slurm/data/wesad_1hz.pickle",
  "sliding_windows": false,
  "syn_subj_cnt": 100,
  "gan_config": {
    "gan_mode": "CGAN",
    "path": "stress_slurm/data/100_subj_cGAN.csv",
    "eps": null
  },
  "privacy_config": {
    "l2_norm_clip": 1.0,
    "eps": null,
    "num_unique_windows": null,
    "delta": null,
    "noise_multiplier": null
  },
  "train_config": {
    "nn_mode": "CNN-LSTM",
    "epochs": 20,
    "batch_size": 50,
    "learning_rate": 0.001,
    "eval_mode": "TSTR",
    "random_seed": 42,
    "data_noise_parameter": null
  },
  "results": {
    "num_runs": 10,
    "mean": {
      "S2": {
        "accuracy": 0.9558823347091675,
        "precision": 0.9558823347091675,
        "recall": 0.9558823347091675,
        "f1": 0.9558823347091675
      },
      "S3": {
        "accuracy": 0.7000000059604645,
        "precision": 0.7000000059604645,
        "recall": 0.7000000059604645,
        "f1": 0.7000000059604645
      },
      "S4": {
        "accuracy": 0.9371428608894348,
        "precision": 0.9346031785011292,
        "recall": 0.9371428608894348,
        "f1": 0.9358551346092228
      },
      "S5": {
        "accuracy": 0.9628571450710297,
        "precision": 0.9628571450710297,
        "recall": 0.9628571450710297,
        "f1": 0.9628571450710297
      },
      "S6": {
        "accuracy": 0.9828571438789367,
        "precision": 0.9828571438789367,
        "recall": 0.9828571438789367,
        "f1": 0.9828571438789367
      },
      "S7": {
        "accuracy": 0.9228571474552154,
        "precision": 0.9228571474552154,
        "recall": 0.9228571474552154,
        "f1": 0.9228571474552154
      },
      "S8": {
        "accuracy": 0.9628571450710297,
        "precision": 0.9628571450710297,
        "recall": 0.9628571450710297,
        "f1": 0.9628571450710297
      },
      "S9": {
        "accuracy": 0.9771428585052491,
        "precision": 0.9771428585052491,
        "recall": 0.9771428585052491,
        "f1": 0.9771428585052491
      },
      "S10": {
        "accuracy": 0.9666666626930237,
        "precision": 0.9692857086658477,
        "recall": 0.9666666626930237,
        "f1": 0.9679577417055356
      },
      "S11": {
        "accuracy": 0.8361111223697663,
        "precision": 0.8364865005016326,
        "recall": 0.8388889014720917,
        "f1": 0.8376712461957612
      },
      "S13": {
        "accuracy": 0.9388888835906982,
        "precision": 0.9388888835906982,
        "recall": 0.9388888835906982,
        "f1": 0.9388888835906982
      },
      "S14": {
        "accuracy": 0.7472222089767456,
        "precision": 0.747597587108612,
        "recall": 0.7499999880790711,
        "f1": 0.7487823328027405
      },
      "S15": {
        "accuracy": 1.0,
        "precision": 1.0,
        "recall": 1.0,
        "f1": 1.0
      },
      "S16": {
        "accuracy": 0.8916666626930236,
        "precision": 0.8916666626930236,
        "recall": 0.8916666626930236,
        "f1": 0.8916666626930236
      },
      "S17": {
        "accuracy": 0.9138888895511628,
        "precision": 0.9138888895511628,
        "recall": 0.9138888895511628,
        "f1": 0.9138888895511628
      },
      "average": {
        "accuracy": 0.9130694047609964,
        "precision": 0.9131247460842132,
        "recall": 0.9134397753079732,
        "f1": 0.9132776447866158
      }
    },
    "std": {
      "S2": {
        "accuracy": 0.020797250006108423,
        "precision": 0.020797250006108423,
        "recall": 0.020797250006108423,
        "f1": 0.020797250006108423
      },
      "S3": {
        "accuracy": 0.04762728920092992,
        "precision": 0.04762728920092992,
        "recall": 0.04762728920092992,
        "f1": 0.04762728920092992
      },
      "S4": {
        "accuracy": 0.059931930608929866,
        "precision": 0.061525083547425474,
        "recall": 0.059931930608929866,
        "f1": 0.06061210284536685
      },
      "S5": {
        "accuracy": 0.013801310364224833,
        "precision": 0.013801310364224833,
        "recall": 0.013801310364224833,
        "f1": 0.013801310364224833
      },
      "S6": {
        "accuracy": 0.014754221391846171,
        "precision": 0.014754221391846171,
        "recall": 0.014754221391846171,
        "f1": 0.014754221391846171
      },
      "S7": {
        "accuracy": 0.013801310364224833,
        "precision": 0.013801310364224833,
        "recall": 0.013801310364224833,
        "f1": 0.013801310364224833
      },
      "S8": {
        "accuracy": 0.01380131036422483,
        "precision": 0.01380131036422483,
        "recall": 0.01380131036422483,
        "f1": 0.01380131036422483
      },
      "S9": {
        "accuracy": 0.02950844278369235,
        "precision": 0.02950844278369235,
        "recall": 0.02950844278369235,
        "f1": 0.02950844278369235
      },
      "S10": {
        "accuracy": 0.03153589471450222,
        "precision": 0.027786718125613744,
        "recall": 0.03153589471450222,
        "f1": 0.029457229170460866
      },
      "S11": {
        "accuracy": 0.049776588815684336,
        "precision": 0.04999972207210364,
        "recall": 0.05204988292398118,
        "f1": 0.05087948645126967
      },
      "S13": {
        "accuracy": 0.021911390185520453,
        "precision": 0.021911390185520453,
        "recall": 0.021911390185520453,
        "f1": 0.021911390185520453
      },
      "S14": {
        "accuracy": 0.07573372401450869,
        "precision": 0.07636759229867603,
        "recall": 0.08072035511116471,
        "f1": 0.07845242502997161
      },
      "S15": {
        "accuracy": 0.0,
        "precision": 0.0,
        "recall": 0.0,
        "f1": 0.0
      },
      "S16": {
        "accuracy": 0.10011137946921209,
        "precision": 0.10011137946921209,
        "recall": 0.10011137946921209,
        "f1": 0.10011137946921209
      },
      "S17": {
        "accuracy": 0.030569570216779786,
        "precision": 0.030569570216779786,
        "recall": 0.030569570216779786,
        "f1": 0.030569570216779786
      },
      "average": {
        "accuracy": 0.014744529294352163,
        "precision": 0.014444873984031359,
        "recall": 0.014974393042468132,
        "f1": 0.014697770419977592
      }
    },
    "poor_ratio": 0.0
  }
}