{
  "real_subj_cnt": 15,
  "real_path": "stress_slurm/data/wesad_1hz.pickle",
  "sliding_windows": false,
  "syn_subj_cnt": 100,
  "gan_config": {
    "gan_mode": "DPCGAN-e-10",
    "path": "stress_slurm/data/100_subj_DP-cGAN-e-10.csv",
    "eps": 10
  },
  "privacy_config": {
    "l2_norm_clip": 1.0,
    "eps": null,
    "num_unique_windows": null,
    "delta": null,
    "noise_multiplier": null
  },
  "train_config": {
    "nn_mode": "CNN",
    "epochs": 10,
    "batch_size": 50,
    "learning_rate": 0.001,
    "eval_mode": "TSTR",
    "random_seed": 42,
    "data_noise_parameter": null
  },
  "results": {
    "num_runs": 10,
    "mean": {
      "S2": {
        "accuracy": 0.8382352888584137,
        "precision": 0.8377896606922149,
        "recall": 0.8352941155433655,
        "f1": 0.8365232646359078
      },
      "S3": {
        "accuracy": 0.6470588386058808,
        "precision": 0.64786097407341,
        "recall": 0.644117659330368,
        "f1": 0.6459613815225507
      },
      "S4": {
        "accuracy": 0.7685714423656463,
        "precision": 0.7685714423656463,
        "recall": 0.7685714423656463,
        "f1": 0.7685714423656463
      },
      "S5": {
        "accuracy": 0.9485714316368103,
        "precision": 0.9513445377349854,
        "recall": 0.9485714316368103,
        "f1": 0.9499378897367068
      },
      "S6": {
        "accuracy": 1.0,
        "precision": 1.0,
        "recall": 1.0,
        "f1": 1.0
      },
      "S7": {
        "accuracy": 0.9942857146263122,
        "precision": 0.9942857146263122,
        "recall": 0.9914285719394684,
        "f1": 0.9928364393516288
      },
      "S8": {
        "accuracy": 0.8628571510314942,
        "precision": 0.8675630331039429,
        "recall": 0.8628571510314942,
        "f1": 0.8651759914754944
      },
      "S9": {
        "accuracy": 0.9942857146263122,
        "precision": 0.9942857146263122,
        "recall": 0.9942857146263122,
        "f1": 0.9942857146263122
      },
      "S10": {
        "accuracy": 0.9749999880790711,
        "precision": 0.9749999880790711,
        "recall": 0.9749999880790711,
        "f1": 0.9749999880790711
      },
      "S11": {
        "accuracy": 0.7111110925674439,
        "precision": 0.7095237970352173,
        "recall": 0.705555534362793,
        "f1": 0.7075117201257427
      },
      "S13": {
        "accuracy": 0.9833333253860473,
        "precision": 0.9833333253860473,
        "recall": 0.9833333253860473,
        "f1": 0.9833333253860473
      },
      "S14": {
        "accuracy": 0.6944444179534912,
        "precision": 0.6944444179534912,
        "recall": 0.6944444179534912,
        "f1": 0.6944444179534912
      },
      "S15": {
        "accuracy": 0.9722222089767456,
        "precision": 0.9722222089767456,
        "recall": 0.9722222089767456,
        "f1": 0.9722222089767456
      },
      "S16": {
        "accuracy": 0.9055555641651154,
        "precision": 0.9081746101379394,
        "recall": 0.9055555641651154,
        "f1": 0.9068466431776272
      },
      "S17": {
        "accuracy": 0.6694444596767426,
        "precision": 0.6694444596767426,
        "recall": 0.6694444596767426,
        "f1": 0.6694444596767426
      },
      "average": {
        "accuracy": 0.8643317759037018,
        "precision": 0.8649229256312052,
        "recall": 0.8633787723382313,
        "f1": 0.8641396591393142
      }
    },
    "std": {
      "S2": {
        "accuracy": 0.015501344448100586,
        "precision": 0.01509021298659809,
        "recall": 0.015188153689988543,
        "f1": 0.014616891088938867
      },
      "S3": {
        "accuracy": 0.01386483802039196,
        "precision": 0.010991872502888165,
        "recall": 0.0166954799176735,
        "f1": 0.013615901559649403
      },
      "S4": {
        "accuracy": 0.04557518247971832,
        "precision": 0.04557518247971832,
        "recall": 0.04557518247971832,
        "f1": 0.04557518247971832
      },
      "S5": {
        "accuracy": 0.01807015698103967,
        "precision": 0.019188999558199537,
        "recall": 0.01807015698103967,
        "f1": 0.018106650790629928
      },
      "S6": {
        "accuracy": 0.0,
        "precision": 0.0,
        "recall": 0.0,
        "f1": 0.0
      },
      "S7": {
        "accuracy": 0.01204677132069311,
        "precision": 0.01204677132069311,
        "recall": 0.013801310364224832,
        "f1": 0.012154225315360843
      },
      "S8": {
        "accuracy": 0.037616031392445855,
        "precision": 0.02925850250844954,
        "recall": 0.037616031392445855,
        "f1": 0.03339104948663775
      },
      "S9": {
        "accuracy": 0.012046771320693114,
        "precision": 0.012046771320693114,
        "recall": 0.012046771320693114,
        "f1": 0.012046771320693114
      },
      "S10": {
        "accuracy": 0.02762303889423378,
        "precision": 0.02762303889423378,
        "recall": 0.02762303889423378,
        "f1": 0.02762303889423378
      },
      "S11": {
        "accuracy": 0.01434438960366588,
        "precision": 0.013332922466545393,
        "recall": 0.014344389603665889,
        "f1": 0.013208633426140672
      },
      "S13": {
        "accuracy": 0.014344389603665887,
        "precision": 0.014344389603665887,
        "recall": 0.014344389603665887,
        "f1": 0.014344389603665887
      },
      "S14": {
        "accuracy": 0.0,
        "precision": 0.0,
        "recall": 0.0,
        "f1": 0.0
      },
      "S15": {
        "accuracy": 0.0,
        "precision": 0.0,
        "recall": 0.0,
        "f1": 0.0
      },
      "S16": {
        "accuracy": 0.019422382078025272,
        "precision": 0.022594043705966127,
        "recall": 0.019422382078025272,
        "f1": 0.020634347631756814
      },
      "S17": {
        "accuracy": 0.008784089951522646,
        "precision": 0.008784089951522646,
        "recall": 0.008784089951522646,
        "f1": 0.008784089951522646
      },
      "average": {
        "accuracy": 0.009045054727058171,
        "precision": 0.008498636718238127,
        "recall": 0.009615002538165465,
        "f1": 0.009024300130181724
      }
    },
    "poor_ratio": 0.0
  }
}