{
  "real_subj_cnt": 15,
  "real_path": "stress_slurm/data/wesad_1hz.pickle",
  "sliding_windows": false,
  "syn_subj_cnt": 5,
  "gan_config": {
    "gan_mode": "DPCGAN-e-1",
    "path": "stress_slurm/data/100_subj_DP-cGAN-e-1.csv",
    "eps": 1
  },
  "privacy_config": {
    "l2_norm_clip": 1.0,
    "eps": null,
    "num_unique_windows": null,
    "delta": null,
    "noise_multiplier": null
  },
  "train_config": {
    "nn_mode": "CNN",
    "epochs": 10,
    "batch_size": 50,
    "learning_rate": 0.001,
    "eval_mode": "TSTR",
    "random_seed": 42,
    "data_noise_parameter": null
  },
  "results": {
    "num_runs": 10,
    "mean": {
      "S2": {
        "accuracy": 0.9411764740943909,
        "precision": 0.9411764740943909,
        "recall": 0.9411764740943909,
        "f1": 0.9411764740943909
      },
      "S3": {
        "accuracy": 0.5941176652908325,
        "precision": 0.5958823740482331,
        "recall": 0.6029411852359772,
        "f1": 0.599360628926536
      },
      "S4": {
        "accuracy": 0.954285717010498,
        "precision": 0.9426297664642334,
        "recall": 0.9742857158184052,
        "f1": 0.9580561119691537
      },
      "S5": {
        "accuracy": 0.9771428585052491,
        "precision": 0.9746031701564789,
        "recall": 0.9828571438789367,
        "f1": 0.9786720304031784
      },
      "S6": {
        "accuracy": 0.9714285731315613,
        "precision": 0.9714285731315613,
        "recall": 0.9714285731315613,
        "f1": 0.9714285731315613
      },
      "S7": {
        "accuracy": 0.800000011920929,
        "precision": 0.7988235354423523,
        "recall": 0.7942857265472412,
        "f1": 0.7965217483667134
      },
      "S8": {
        "accuracy": 0.8342857241630555,
        "precision": 0.8287301599979401,
        "recall": 0.842857152223587,
        "f1": 0.8356941701932644
      },
      "S9": {
        "accuracy": 0.9714285731315613,
        "precision": 0.9714285731315613,
        "recall": 0.9714285731315613,
        "f1": 0.9714285731315613
      },
      "S10": {
        "accuracy": 0.9916666626930237,
        "precision": 0.9864864945411682,
        "recall": 1.0,
        "f1": 0.9931506890699415
      },
      "S11": {
        "accuracy": 0.7777777910232544,
        "precision": 0.7809111893177032,
        "recall": 0.8111111283302307,
        "f1": 0.7956610881684677
      },
      "S13": {
        "accuracy": 0.8583333253860473,
        "precision": 0.8404101312160492,
        "recall": 0.8611111044883728,
        "f1": 0.8505584238056729
      },
      "S14": {
        "accuracy": 0.5777777671813965,
        "precision": 0.5789789676666259,
        "recall": 0.5805555403232574,
        "f1": 0.5797564555789319
      },
      "S15": {
        "accuracy": 0.8944444537162781,
        "precision": 0.892792797088623,
        "recall": 0.9027777850627899,
        "f1": 0.8977169007269833
      },
      "S16": {
        "accuracy": 0.8611111044883728,
        "precision": 0.8611111044883728,
        "recall": 0.8611111044883728,
        "f1": 0.8611111044883728
      },
      "S17": {
        "accuracy": 0.4166666567325592,
        "precision": 0.4148648589849472,
        "recall": 0.41944443583488467,
        "f1": 0.4171232804636455
      },
      "average": {
        "accuracy": 0.8281095572312672,
        "precision": 0.8253505446513494,
        "recall": 0.8344914428393047,
        "f1": 0.8298277501678918
      }
    },
    "std": {
      "S2": {
        "accuracy": 0.0,
        "precision": 0.0,
        "recall": 0.0,
        "f1": 0.0
      },
      "S3": {
        "accuracy": 0.012401075558480456,
        "precision": 0.009625825435979615,
        "recall": 0.01550134444810059,
        "f1": 0.01202694753242125
      },
      "S4": {
        "accuracy": 0.01997731020297662,
        "precision": 0.03173272029185022,
        "recall": 0.01621846223894846,
        "f1": 0.022467146339655707
      },
      "S5": {
        "accuracy": 0.012046771320693116,
        "precision": 0.015850960539680645,
        "recall": 0.014754221391846173,
        "f1": 0.013803854071156293
      },
      "S6": {
        "accuracy": 0.0,
        "precision": 0.0,
        "recall": 0.0,
        "f1": 0.0
      },
      "S7": {
        "accuracy": 0.0,
        "precision": 0.0024802301906110182,
        "recall": 0.01204677132069311,
        "f1": 0.007332823422449129
      },
      "S8": {
        "accuracy": 0.018070156981039667,
        "precision": 0.014780751875342151,
        "recall": 0.015058464150866393,
        "f1": 0.013622843608079459
      },
      "S9": {
        "accuracy": 0.0,
        "precision": 0.0,
        "recall": 0.0,
        "f1": 0.0
      },
      "S10": {
        "accuracy": 0.013417947829829946,
        "precision": 0.014244485474342402,
        "recall": 0.0,
        "f1": 0.007219807647223672
      },
      "S11": {
        "accuracy": 0.013094576265950663,
        "precision": 0.01387453510127327,
        "recall": 0.011712119935363538,
        "f1": 0.010463388711670947
      },
      "S13": {
        "accuracy": 0.008784108800166309,
        "precision": 0.01676978009499898,
        "recall": 0.0,
        "f1": 0.008598670220430751
      },
      "S14": {
        "accuracy": 0.011712119935363537,
        "precision": 0.00960646323864955,
        "recall": 0.008784089951522642,
        "f1": 0.008866396501185108
      },
      "S15": {
        "accuracy": 0.011712145066888413,
        "precision": 0.009288291328337871,
        "recall": 0.019641850349980502,
        "f1": 0.013872279622463736
      },
      "S16": {
        "accuracy": 0.0,
        "precision": 0.0,
        "recall": 0.0,
        "f1": 0.0
      },
      "S17": {
        "accuracy": 0.0,
        "precision": 0.008141408726103926,
        "recall": 0.008784108800166316,
        "f1": 0.00793085069874554
      },
      "average": {
        "accuracy": 0.002393490714161872,
        "precision": 0.0031626212963428023,
        "recall": 0.0037992819633020387,
        "f1": 0.003011153861864709
      }
    },
    "poor_ratio": 0.0
  }
}