{
  "real_subj_cnt": 15,
  "real_path": "stress_slurm/data/wesad_1hz.pickle",
  "sliding_windows": false,
  "syn_subj_cnt": 15,
  "gan_config": {
    "gan_mode": "DPCGAN-e-1",
    "path": "stress_slurm/data/100_subj_DP-cGAN-e-1.csv",
    "eps": 1
  },
  "privacy_config": {
    "l2_norm_clip": 1.0,
    "eps": null,
    "num_unique_windows": null,
    "delta": null,
    "noise_multiplier": null
  },
  "train_config": {
    "nn_mode": "CNN",
    "epochs": 10,
    "batch_size": 50,
    "learning_rate": 0.001,
    "eval_mode": "TSTR",
    "random_seed": 42,
    "data_noise_parameter": null
  },
  "results": {
    "num_runs": 10,
    "mean": {
      "S2": {
        "accuracy": 0.8705882251262664,
        "precision": 0.8774509787559509,
        "recall": 0.8617646932601929,
        "f1": 0.8694907740936907
      },
      "S3": {
        "accuracy": 0.5735294282436371,
        "precision": 0.5834211766719818,
        "recall": 0.5558823704719543,
        "f1": 0.569128687002714
      },
      "S4": {
        "accuracy": 0.9828571438789367,
        "precision": 0.9942016780376435,
        "recall": 0.9742857158184052,
        "f1": 0.9840141269097493
      },
      "S5": {
        "accuracy": 0.9514285743236541,
        "precision": 0.9568067133426666,
        "recall": 0.9457142889499665,
        "f1": 0.9511801213495522
      },
      "S6": {
        "accuracy": 0.9428571462631226,
        "precision": 0.9428571462631226,
        "recall": 0.9428571462631226,
        "f1": 0.9428571462631226
      },
      "S7": {
        "accuracy": 0.5742857366800308,
        "precision": 0.5766304463148118,
        "recall": 0.5514285922050476,
        "f1": 0.5634999746656837
      },
      "S8": {
        "accuracy": 0.8571428656578064,
        "precision": 0.8571428656578064,
        "recall": 0.8571428656578064,
        "f1": 0.8571428656578064
      },
      "S9": {
        "accuracy": 0.9457142889499665,
        "precision": 0.9512605011463166,
        "recall": 0.9457142889499665,
        "f1": 0.9484472051497592
      },
      "S10": {
        "accuracy": 1.0,
        "precision": 1.0,
        "recall": 1.0,
        "f1": 1.0
      },
      "S11": {
        "accuracy": 0.5638889014720917,
        "precision": 0.573856645822525,
        "recall": 0.5444444596767426,
        "f1": 0.5586054145033417
      },
      "S13": {
        "accuracy": 0.7388888835906983,
        "precision": 0.7486508011817932,
        "recall": 0.7361111044883728,
        "f1": 0.7422926450125684
      },
      "S14": {
        "accuracy": 0.6388888955116272,
        "precision": 0.6388888955116272,
        "recall": 0.6388888955116272,
        "f1": 0.6388888955116272
      },
      "S15": {
        "accuracy": 0.8527777671813965,
        "precision": 0.8539682507514954,
        "recall": 0.8444444298744201,
        "f1": 0.8491392710714486
      },
      "S16": {
        "accuracy": 0.9611111104488372,
        "precision": 0.9631558895111084,
        "recall": 0.95,
        "f1": 0.9563289901626408
      },
      "S17": {
        "accuracy": 0.20000000298023224,
        "precision": 0.20454412698745728,
        "recall": 0.20000000298023224,
        "f1": 0.20221515083021932
      },
      "average": {
        "accuracy": 0.7769305980205535,
        "precision": 0.7815224077304205,
        "recall": 0.7699119236071905,
        "f1": 0.7755487512122616
      }
    },
    "std": {
      "S2": {
        "accuracy": 0.02056488572756723,
        "precision": 0.020643929972608475,
        "recall": 0.014207245653179643,
        "f1": 0.016332449713411395
      },
      "S3": {
        "accuracy": 0.02079726405505794,
        "precision": 0.018435173558938894,
        "recall": 0.025752792500195507,
        "f1": 0.01977872621730021
      },
      "S4": {
        "accuracy": 0.02409354264138623,
        "precision": 0.01222554070868585,
        "recall": 0.02501699953089663,
        "f1": 0.015990930093422562
      },
      "S5": {
        "accuracy": 0.01380131036422484,
        "precision": 0.014706269218435009,
        "recall": 0.009035078490519832,
        "f1": 0.009834691352069803
      },
      "S6": {
        "accuracy": 0.0,
        "precision": 0.0,
        "recall": 0.0,
        "f1": 0.0
      },
      "S7": {
        "accuracy": 0.03915201428338065,
        "precision": 0.044197309848202,
        "recall": 0.06030911227907005,
        "f1": 0.052203727072213504
      },
      "S8": {
        "accuracy": 0.0,
        "precision": 0.0,
        "recall": 0.0,
        "f1": 0.0
      },
      "S9": {
        "accuracy": 0.009035078490519838,
        "precision": 0.013532619795297384,
        "recall": 0.009035078490519838,
        "f1": 0.009872973195617248
      },
      "S10": {
        "accuracy": 0.0,
        "precision": 0.0,
        "recall": 0.0,
        "f1": 0.0
      },
      "S11": {
        "accuracy": 0.034768477289496606,
        "precision": 0.03088669271802535,
        "recall": 0.019422382078025244,
        "f1": 0.023445428866568255
      },
      "S13": {
        "accuracy": 0.01434438960366588,
        "precision": 0.019744209946638468,
        "recall": 0.019641864398925984,
        "f1": 0.01893721618173733
      },
      "S14": {
        "accuracy": 0.0,
        "precision": 0.0,
        "recall": 0.0,
        "f1": 0.0
      },
      "S15": {
        "accuracy": 0.01874857998753069,
        "precision": 0.01712440357153688,
        "recall": 0.01942239533854042,
        "f1": 0.017263929747345017
      },
      "S16": {
        "accuracy": 0.047574931867482614,
        "precision": 0.044174375523400554,
        "recall": 0.05677670121458659,
        "f1": 0.04890545005432906
      },
      "S17": {
        "accuracy": 0.011712138784007196,
        "precision": 0.010560587507788556,
        "recall": 0.011712138784007195,
        "f1": 0.010826550261280297
      },
      "average": {
        "accuracy": 0.012856429953652151,
        "precision": 0.012463032269310862,
        "recall": 0.013590999215931113,
        "f1": 0.012539936694871304
      }
    },
    "poor_ratio": 0.0
  }
}