{
  "real_subj_cnt": 15,
  "real_path": "stress_slurm/data/wesad_1hz.pickle",
  "sliding_windows": false,
  "syn_subj_cnt": 50,
  "gan_config": {
    "gan_mode": "DPCGAN-e-0.1",
    "path": "stress_slurm/data/100_subj_DP-cGAN-e-0.1.csv",
    "eps": 0.1
  },
  "privacy_config": {
    "l2_norm_clip": 1.0,
    "eps": null,
    "num_unique_windows": null,
    "delta": null,
    "noise_multiplier": null
  },
  "train_config": {
    "nn_mode": "CNN",
    "epochs": 10,
    "batch_size": 50,
    "learning_rate": 0.001,
    "eval_mode": "TSTR",
    "random_seed": 42,
    "data_noise_parameter": null
  },
  "results": {
    "num_runs": 10,
    "mean": {
      "S2": {
        "accuracy": 0.764705890417099,
        "precision": 0.7676954507827759,
        "recall": 0.7676470637321472,
        "f1": 0.7676375227166452
      },
      "S3": {
        "accuracy": 0.7705882310867309,
        "precision": 0.7671505033969879,
        "recall": 0.7676470577716827,
        "f1": 0.7673283229944432
      },
      "S4": {
        "accuracy": 0.9771428585052491,
        "precision": 0.9799953281879425,
        "recall": 0.9800000011920929,
        "f1": 0.9799580079067031
      },
      "S5": {
        "accuracy": 0.8485714375972748,
        "precision": 0.8486274540424347,
        "recall": 0.8485714375972748,
        "f1": 0.8485650193170526
      },
      "S6": {
        "accuracy": 0.731428587436676,
        "precision": 0.7287721872329712,
        "recall": 0.7285714447498322,
        "f1": 0.7286420107870416
      },
      "S7": {
        "accuracy": 1.0,
        "precision": 1.0,
        "recall": 1.0,
        "f1": 1.0
      },
      "S8": {
        "accuracy": 0.9371428608894348,
        "precision": 0.9369654476642608,
        "recall": 0.934285718202591,
        "f1": 0.9355676079671443
      },
      "S9": {
        "accuracy": 0.7142857313156128,
        "precision": 0.7142857313156128,
        "recall": 0.7142857313156128,
        "f1": 0.7142857313156128
      },
      "S10": {
        "accuracy": 0.8611111044883728,
        "precision": 0.8611111044883728,
        "recall": 0.8611111044883728,
        "f1": 0.8611111044883728
      },
      "S11": {
        "accuracy": 0.8499999880790711,
        "precision": 0.8499999880790711,
        "recall": 0.8499999880790711,
        "f1": 0.8499999880790711
      },
      "S13": {
        "accuracy": 0.8888888955116272,
        "precision": 0.8888888955116272,
        "recall": 0.8888888955116272,
        "f1": 0.8888888955116272
      },
      "S14": {
        "accuracy": 0.5111111044883728,
        "precision": 0.5134722173213959,
        "recall": 0.5055555462837219,
        "f1": 0.5093183211224211
      },
      "S15": {
        "accuracy": 0.7222222089767456,
        "precision": 0.7222222089767456,
        "recall": 0.7222222089767456,
        "f1": 0.7222222089767456
      },
      "S16": {
        "accuracy": 0.6944444179534912,
        "precision": 0.6944444179534912,
        "recall": 0.6944444179534912,
        "f1": 0.6944444179534912
      },
      "S17": {
        "accuracy": 0.9361111044883728,
        "precision": 0.9359523773193359,
        "recall": 0.9333333313465119,
        "f1": 0.9346244103590238
      },
      "average": {
        "accuracy": 0.8138502947489421,
        "precision": 0.8139722208182016,
        "recall": 0.8131042631467184,
        "f1": 0.8135062379663596
      }
    },
    "std": {
      "S2": {
        "accuracy": 0.013864838020391934,
        "precision": 0.01571590763930376,
        "recall": 0.016695471750761214,
        "f1": 0.015256830878736097
      },
      "S3": {
        "accuracy": 0.08179078789792497,
        "precision": 0.07136769056102257,
        "recall": 0.07898091009631988,
        "f1": 0.07478594934540501
      },
      "S4": {
        "accuracy": 0.02253744544942392,
        "precision": 0.019290398639998946,
        "recall": 0.023522072950791246,
        "f1": 0.020510713442155288
      },
      "S5": {
        "accuracy": 0.030267138352263002,
        "precision": 0.029856492179940096,
        "recall": 0.030267138352263002,
        "f1": 0.029528803582250126
      },
      "S6": {
        "accuracy": 0.01997731020297662,
        "precision": 0.021350520273511798,
        "recall": 0.015058464150866395,
        "f1": 0.017804263392300824
      },
      "S7": {
        "accuracy": 0.0,
        "precision": 0.0,
        "recall": 0.0,
        "f1": 0.0
      },
      "S8": {
        "accuracy": 0.029508442783692353,
        "precision": 0.02966809526939305,
        "recall": 0.033128621131906066,
        "f1": 0.030497195029365633
      },
      "S9": {
        "accuracy": 0.0,
        "precision": 0.0,
        "recall": 0.0,
        "f1": 0.0
      },
      "S10": {
        "accuracy": 0.0,
        "precision": 0.0,
        "recall": 0.0,
        "f1": 0.0
      },
      "S11": {
        "accuracy": 0.023424290133776816,
        "precision": 0.023424290133776816,
        "recall": 0.023424290133776816,
        "f1": 0.023424290133776816
      },
      "S13": {
        "accuracy": 0.0,
        "precision": 0.0,
        "recall": 0.0,
        "f1": 0.0
      },
      "S14": {
        "accuracy": 0.0527046311599641,
        "precision": 0.05607034697008059,
        "recall": 0.050375816617868434,
        "f1": 0.05226186259486504
      },
      "S15": {
        "accuracy": 0.0,
        "precision": 0.0,
        "recall": 0.0,
        "f1": 0.0
      },
      "S16": {
        "accuracy": 0.0,
        "precision": 0.0,
        "recall": 0.0,
        "f1": 0.0
      },
      "S17": {
        "accuracy": 0.018748552513342363,
        "precision": 0.018676744348957497,
        "recall": 0.019422366923145563,
        "f1": 0.01860321231836453
      },
      "average": {
        "accuracy": 0.010373631355820331,
        "precision": 0.01037747809149886,
        "recall": 0.0101744110493541,
        "f1": 0.010162046800753338
      }
    },
    "poor_ratio": 0.0
  }
}