{
  "real_subj_cnt": 15,
  "real_path": "stress_slurm/data/wesad_1hz.pickle",
  "sliding_windows": false,
  "syn_subj_cnt": 50,
  "gan_config": {
    "gan_mode": "DPCGAN-e-10",
    "path": "stress_slurm/data/100_subj_DP-cGAN-e-10.csv",
    "eps": 10
  },
  "privacy_config": {
    "l2_norm_clip": 1.0,
    "eps": null,
    "num_unique_windows": null,
    "delta": null,
    "noise_multiplier": null
  },
  "train_config": {
    "nn_mode": "CNN",
    "epochs": 10,
    "batch_size": 50,
    "learning_rate": 0.001,
    "eval_mode": "TSTR",
    "random_seed": 42,
    "data_noise_parameter": null
  },
  "results": {
    "num_runs": 10,
    "mean": {
      "S2": {
        "accuracy": 0.8529411613941192,
        "precision": 0.8505041897296906,
        "recall": 0.8529411613941192,
        "f1": 0.8517050163694802
      },
      "S3": {
        "accuracy": 0.6558823645114898,
        "precision": 0.6539495944976806,
        "recall": 0.6558823645114898,
        "f1": 0.6549019739473099
      },
      "S4": {
        "accuracy": 0.8057142972946167,
        "precision": 0.8021085441112519,
        "recall": 0.8114285826683044,
        "f1": 0.8066722648182104
      },
      "S5": {
        "accuracy": 0.9714285731315613,
        "precision": 0.9714285731315613,
        "recall": 0.9714285731315613,
        "f1": 0.9714285731315613
      },
      "S6": {
        "accuracy": 1.0,
        "precision": 1.0,
        "recall": 1.0,
        "f1": 1.0
      },
      "S7": {
        "accuracy": 0.9800000011920929,
        "precision": 0.9800000011920929,
        "recall": 0.9800000011920929,
        "f1": 0.9800000011920929
      },
      "S8": {
        "accuracy": 0.888571435213089,
        "precision": 0.888571435213089,
        "recall": 0.888571435213089,
        "f1": 0.888571435213089
      },
      "S9": {
        "accuracy": 1.0,
        "precision": 1.0,
        "recall": 1.0,
        "f1": 1.0
      },
      "S10": {
        "accuracy": 0.9972222208976745,
        "precision": 0.9972972989082336,
        "recall": 1.0,
        "f1": 0.9986301378139884
      },
      "S11": {
        "accuracy": 0.7277777671813965,
        "precision": 0.7198198080062866,
        "recall": 0.7277777671813965,
        "f1": 0.723744281015201
      },
      "S13": {
        "accuracy": 0.9861111044883728,
        "precision": 0.9834834814071656,
        "recall": 0.9888888835906983,
        "f1": 0.9861491592186749
      },
      "S14": {
        "accuracy": 0.6944444179534912,
        "precision": 0.6944444179534912,
        "recall": 0.6944444179534912,
        "f1": 0.6944444179534912
      },
      "S15": {
        "accuracy": 0.9749999880790711,
        "precision": 0.9723723649978637,
        "recall": 0.9777777671813965,
        "f1": 0.9750380428093731
      },
      "S16": {
        "accuracy": 0.9194444417953491,
        "precision": 0.9143393397331238,
        "recall": 0.9194444417953491,
        "f1": 0.9168569243318883
      },
      "S17": {
        "accuracy": 0.6638889014720917,
        "precision": 0.6657657742500305,
        "recall": 0.669444453716278,
        "f1": 0.6675799175428614
      },
      "average": {
        "accuracy": 0.874561778306961,
        "precision": 0.8729389882087707,
        "recall": 0.8758686566352845,
        "f1": 0.8743814763571482
      }
    },
    "std": {
      "S2": {
        "accuracy": 0.013864838020391944,
        "precision": 0.015862599867072294,
        "recall": 0.013864838020391944,
        "f1": 0.014405356466413383
      },
      "S3": {
        "accuracy": 0.014207216861400878,
        "precision": 0.012278995025215142,
        "recall": 0.014207216861400878,
        "f1": 0.012907449221175706
      },
      "S4": {
        "accuracy": 0.05353702279963104,
        "precision": 0.05234078045455525,
        "recall": 0.05745943706657277,
        "f1": 0.05433728377134437
      },
      "S5": {
        "accuracy": 0.0,
        "precision": 0.0,
        "recall": 0.0,
        "f1": 0.0
      },
      "S6": {
        "accuracy": 0.0,
        "precision": 0.0,
        "recall": 0.0,
        "f1": 0.0
      },
      "S7": {
        "accuracy": 0.013801310364224842,
        "precision": 0.013801310364224842,
        "recall": 0.013801310364224842,
        "f1": 0.013801310364224842
      },
      "S8": {
        "accuracy": 0.009035078490519837,
        "precision": 0.009035078490519837,
        "recall": 0.009035078490519837,
        "f1": 0.009035078490519837
      },
      "S9": {
        "accuracy": 0.0,
        "precision": 0.0,
        "recall": 0.0,
        "f1": 0.0
      },
      "S10": {
        "accuracy": 0.008784108800166312,
        "precision": 0.008546691284605437,
        "recall": 0.0,
        "f1": 0.004331884588334202
      },
      "S11": {
        "accuracy": 0.011712145066888412,
        "precision": 0.009527925479501707,
        "recall": 0.011712145066888412,
        "f1": 0.00934142696309834
      },
      "S13": {
        "accuracy": 0.014640181333610516,
        "precision": 0.014218092818420219,
        "recall": 0.01434438960366586,
        "f1": 0.013094822024852765
      },
      "S14": {
        "accuracy": 0.0,
        "precision": 0.0,
        "recall": 0.0,
        "f1": 0.0
      },
      "S15": {
        "accuracy": 0.008784108800166309,
        "precision": 0.00031655668741448076,
        "recall": 0.011712145066888405,
        "f1": 0.0059362989491095015
      },
      "S16": {
        "accuracy": 0.02432206869532706,
        "precision": 0.020585867094794968,
        "recall": 0.02432206869532706,
        "f1": 0.021853348580492305
      },
      "S17": {
        "accuracy": 0.015767945023852124,
        "precision": 0.01468523252273426,
        "recall": 0.015767936856939873,
        "f1": 0.014726669480637066
      },
      "average": {
        "accuracy": 0.004688835419926978,
        "precision": 0.0033277182461454867,
        "recall": 0.005082819928164138,
        "f1": 0.004074135545368044
      }
    },
    "poor_ratio": 0.0
  }
}