{
  "real_subj_cnt": 15,
  "real_path": "stress_slurm/data/wesad_1hz.pickle",
  "sliding_windows": false,
  "syn_subj_cnt": 5,
  "gan_config": {
    "gan_mode": "DPCGAN-e-10",
    "path": "stress_slurm/data/100_subj_DP-cGAN-e-10.csv",
    "eps": 10
  },
  "privacy_config": {
    "l2_norm_clip": 1.0,
    "eps": null,
    "num_unique_windows": null,
    "delta": null,
    "noise_multiplier": null
  },
  "train_config": {
    "nn_mode": "CNN",
    "epochs": 10,
    "batch_size": 50,
    "learning_rate": 0.001,
    "eval_mode": "TSTR",
    "random_seed": 42,
    "data_noise_parameter": null
  },
  "results": {
    "num_runs": 10,
    "mean": {
      "S2": {
        "accuracy": 0.8823529481887817,
        "precision": 0.8823529481887817,
        "recall": 0.8823529481887817,
        "f1": 0.8823529481887817
      },
      "S3": {
        "accuracy": 0.6764705777168274,
        "precision": 0.6764705777168274,
        "recall": 0.6764705777168274,
        "f1": 0.6764705777168274
      },
      "S4": {
        "accuracy": 0.7428571581840515,
        "precision": 0.7428571581840515,
        "recall": 0.7428571581840515,
        "f1": 0.7428571581840515
      },
      "S5": {
        "accuracy": 0.9714285731315613,
        "precision": 0.9714285731315613,
        "recall": 0.9714285731315613,
        "f1": 0.9714285731315613
      },
      "S6": {
        "accuracy": 0.9714285731315613,
        "precision": 0.9714285731315613,
        "recall": 0.9714285731315613,
        "f1": 0.9714285731315613
      },
      "S7": {
        "accuracy": 1.0,
        "precision": 1.0,
        "recall": 1.0,
        "f1": 1.0
      },
      "S8": {
        "accuracy": 0.800000011920929,
        "precision": 0.7800000131130218,
        "recall": 0.800000011920929,
        "f1": 0.7898591674655895
      },
      "S9": {
        "accuracy": 0.9428571462631226,
        "precision": 0.9376190543174744,
        "recall": 0.9428571462631226,
        "f1": 0.9402012123424981
      },
      "S10": {
        "accuracy": 0.9444444179534912,
        "precision": 0.9444444179534912,
        "recall": 0.9444444179534912,
        "f1": 0.9444444179534912
      },
      "S11": {
        "accuracy": 0.75,
        "precision": 0.75,
        "recall": 0.75,
        "f1": 0.75
      },
      "S13": {
        "accuracy": 0.9222222328186035,
        "precision": 0.9182432413101196,
        "recall": 0.9361110985279083,
        "f1": 0.9270547874057957
      },
      "S14": {
        "accuracy": 0.6944444179534912,
        "precision": 0.6944444179534912,
        "recall": 0.6944444179534912,
        "f1": 0.6944444179534912
      },
      "S15": {
        "accuracy": 0.7777777910232544,
        "precision": 0.7777777910232544,
        "recall": 0.7777777910232544,
        "f1": 0.7777777910232544
      },
      "S16": {
        "accuracy": 0.7472222208976745,
        "precision": 0.7472586870193482,
        "recall": 0.7472222208976745,
        "f1": 0.7472120385128381
      },
      "S17": {
        "accuracy": 0.7222222089767456,
        "precision": 0.7222222089767456,
        "recall": 0.7222222089767456,
        "f1": 0.7222222089767456
      },
      "average": {
        "accuracy": 0.836381885210673,
        "precision": 0.8344365108013154,
        "recall": 0.8373078095912934,
        "f1": 0.8358502581324325
      }
    },
    "std": {
      "S2": {
        "accuracy": 0.0,
        "precision": 0.0,
        "recall": 0.0,
        "f1": 0.0
      },
      "S3": {
        "accuracy": 0.0,
        "precision": 0.0,
        "recall": 0.0,
        "f1": 0.0
      },
      "S4": {
        "accuracy": 0.0,
        "precision": 0.0,
        "recall": 0.0,
        "f1": 0.0
      },
      "S5": {
        "accuracy": 0.0,
        "precision": 0.0,
        "recall": 0.0,
        "f1": 0.0
      },
      "S6": {
        "accuracy": 0.0,
        "precision": 0.0,
        "recall": 0.0,
        "f1": 0.0
      },
      "S7": {
        "accuracy": 0.0,
        "precision": 0.0,
        "recall": 0.0,
        "f1": 0.0
      },
      "S8": {
        "accuracy": 0.0,
        "precision": 0.007027283270404318,
        "recall": 0.0,
        "f1": 0.003563129541818065
      },
      "S9": {
        "accuracy": 0.0,
        "precision": 0.011042867427754142,
        "recall": 0.0,
        "f1": 0.005599200336049284
      },
      "S10": {
        "accuracy": 0.0,
        "precision": 0.0,
        "recall": 0.0,
        "f1": 0.0
      },
      "S11": {
        "accuracy": 0.0,
        "precision": 0.0,
        "recall": 0.0,
        "f1": 0.0
      },
      "S13": {
        "accuracy": 0.011712119935363535,
        "precision": 0.0010879261528084988,
        "recall": 0.013417919038051162,
        "f1": 0.00716847063799213
      },
      "S14": {
        "accuracy": 0.0,
        "precision": 0.0,
        "recall": 0.0,
        "f1": 0.0
      },
      "S15": {
        "accuracy": 0.0,
        "precision": 0.0,
        "recall": 0.0,
        "f1": 0.0
      },
      "S16": {
        "accuracy": 0.008784108800166323,
        "precision": 0.006555377740191712,
        "recall": 0.008784108800166314,
        "f1": 0.00612631597381851
      },
      "S17": {
        "accuracy": 0.0,
        "precision": 0.0,
        "recall": 0.0,
        "f1": 0.0
      },
      "average": {
        "accuracy": 0.0010511957904626808,
        "precision": 0.0012862459971833512,
        "recall": 0.0012948245878336303,
        "f1": 0.0011494518241568232
      }
    },
    "poor_ratio": 0.0
  }
}