{
  "real_subj_cnt": 15,
  "real_path": "stress_slurm/data/wesad_1hz.pickle",
  "sliding_windows": false,
  "syn_subj_cnt": 10,
  "gan_config": {
    "gan_mode": "DPCGAN-e-1",
    "path": "stress_slurm/data/100_subj_DP-cGAN-e-1.csv",
    "eps": 1
  },
  "privacy_config": {
    "l2_norm_clip": 1.0,
    "eps": null,
    "num_unique_windows": null,
    "delta": null,
    "noise_multiplier": null
  },
  "train_config": {
    "nn_mode": "CNN",
    "epochs": 10,
    "batch_size": 50,
    "learning_rate": 0.001,
    "eval_mode": "TSTR",
    "random_seed": 42,
    "data_noise_parameter": null
  },
  "results": {
    "num_runs": 10,
    "mean": {
      "S2": {
        "accuracy": 0.9382352948188781,
        "precision": 0.9380570411682129,
        "recall": 0.9352941155433655,
        "f1": 0.9366549594905813
      },
      "S3": {
        "accuracy": 0.6176470518112183,
        "precision": 0.6196256637573242,
        "recall": 0.6176470518112183,
        "f1": 0.6185956349260405
      },
      "S4": {
        "accuracy": 1.0,
        "precision": 1.0,
        "recall": 1.0,
        "f1": 1.0
      },
      "S5": {
        "accuracy": 1.0,
        "precision": 1.0,
        "recall": 1.0,
        "f1": 1.0
      },
      "S6": {
        "accuracy": 0.9714285731315613,
        "precision": 0.9714285731315613,
        "recall": 0.9714285731315613,
        "f1": 0.9714285731315613
      },
      "S7": {
        "accuracy": 0.8485714375972748,
        "precision": 0.8513521909713745,
        "recall": 0.8342857241630555,
        "f1": 0.8425867855362981
      },
      "S8": {
        "accuracy": 0.9028571486473084,
        "precision": 0.9080672264099121,
        "recall": 0.9028571486473084,
        "f1": 0.9054244333869944
      },
      "S9": {
        "accuracy": 0.9714285731315613,
        "precision": 0.9714285731315613,
        "recall": 0.9714285731315613,
        "f1": 0.9714285731315613
      },
      "S10": {
        "accuracy": 1.0,
        "precision": 1.0,
        "recall": 1.0,
        "f1": 1.0
      },
      "S11": {
        "accuracy": 0.8000000238418579,
        "precision": 0.7980886936187744,
        "recall": 0.8000000238418579,
        "f1": 0.798903701031177
      },
      "S13": {
        "accuracy": 0.8611111104488373,
        "precision": 0.8692717134952546,
        "recall": 0.8472222149372101,
        "f1": 0.8580549952639116
      },
      "S14": {
        "accuracy": 0.6138888835906983,
        "precision": 0.6117460310459137,
        "recall": 0.6083333253860473,
        "f1": 0.6100156450266876
      },
      "S15": {
        "accuracy": 0.9499999940395355,
        "precision": 0.9522743225097656,
        "recall": 0.9444444358348847,
        "f1": 0.9481919886311354
      },
      "S16": {
        "accuracy": 0.9111111044883728,
        "precision": 0.9241970121860504,
        "recall": 0.899999988079071,
        "f1": 0.9118097411935411
      },
      "S17": {
        "accuracy": 0.43333333134651186,
        "precision": 0.43301587402820585,
        "recall": 0.4277777761220932,
        "f1": 0.43035993704280784
      },
      "average": {
        "accuracy": 0.8546408351262411,
        "precision": 0.8565701943635939,
        "recall": 0.8507145967086156,
        "f1": 0.8535636645194865
      }
    },
    "std": {
      "S2": {
        "accuracy": 0.009300825517504028,
        "precision": 0.009255162953477832,
        "recall": 0.012401100690005341,
        "f1": 0.010057383053327538
      },
      "S3": {
        "accuracy": 0.0,
        "precision": 0.010397055176520112,
        "recall": 0.0,
        "f1": 0.005175743356399442
      },
      "S4": {
        "accuracy": 0.0,
        "precision": 0.0,
        "recall": 0.0,
        "f1": 0.0
      },
      "S5": {
        "accuracy": 0.0,
        "precision": 0.0,
        "recall": 0.0,
        "f1": 0.0
      },
      "S6": {
        "accuracy": 0.0,
        "precision": 0.0,
        "recall": 0.0,
        "f1": 0.0
      },
      "S7": {
        "accuracy": 0.019284243356585247,
        "precision": 0.020522121754268725,
        "recall": 0.02950844278369234,
        "f1": 0.022828868751066544
      },
      "S8": {
        "accuracy": 0.01475422139184617,
        "precision": 0.011825901808855769,
        "recall": 0.01475422139184617,
        "f1": 0.012213879259163075
      },
      "S9": {
        "accuracy": 0.0,
        "precision": 0.0,
        "recall": 0.0,
        "f1": 0.0
      },
      "S10": {
        "accuracy": 0.0,
        "precision": 0.0,
        "recall": 0.0,
        "f1": 0.0
      },
      "S11": {
        "accuracy": 0.01171214506688841,
        "precision": 0.013713019682118294,
        "recall": 0.011712145066888413,
        "f1": 0.006311318779738427
      },
      "S13": {
        "accuracy": 0.029280350101461967,
        "precision": 0.028780305250297,
        "recall": 0.01964185034998051,
        "f1": 0.02347251487630034
      },
      "S14": {
        "accuracy": 0.008784108800166307,
        "precision": 0.006866088049958933,
        "recall": 0.008784108800166316,
        "f1": 0.007029683911557395
      },
      "S15": {
        "accuracy": 0.031535888880992145,
        "precision": 0.026572717439439526,
        "recall": 0.039283700699953475,
        "f1": 0.03132655576561459
      },
      "S16": {
        "accuracy": 0.04498131882878729,
        "precision": 0.05860338140990096,
        "recall": 0.03971778668340636,
        "f1": 0.04837284730839805
      },
      "S17": {
        "accuracy": 0.04382280681796866,
        "precision": 0.042572373385677625,
        "recall": 0.03749713446331071,
        "f1": 0.03993634522594864
      },
      "average": {
        "accuracy": 0.010906356791627552,
        "precision": 0.01185945435746221,
        "recall": 0.011366043518880561,
        "f1": 0.011277850228588491
      }
    },
    "poor_ratio": 0.0
  }
}