{
  "real_subj_cnt": 15,
  "real_path": "stress_slurm/data/wesad_1hz.pickle",
  "sliding_windows": false,
  "syn_subj_cnt": 15,
  "gan_config": {
    "gan_mode": "DPCGAN-e-0.1",
    "path": "stress_slurm/data/100_subj_DP-cGAN-e-0.1.csv",
    "eps": 0.1
  },
  "privacy_config": {
    "l2_norm_clip": 1.0,
    "eps": null,
    "num_unique_windows": null,
    "delta": null,
    "noise_multiplier": null
  },
  "train_config": {
    "nn_mode": "Transformer",
    "epochs": 110,
    "batch_size": 50,
    "learning_rate": 0.0001,
    "eval_mode": "TSTR",
    "random_seed": 42,
    "data_noise_parameter": null
  },
  "results": {
    "num_runs": 10,
    "mean": {
      "S2": {
        "accuracy": 0.7088235318660736,
        "precision": 0.706826251745224,
        "recall": 0.7117647111415863,
        "f1": 0.7091914252748088
      },
      "S3": {
        "accuracy": 0.7088235259056092,
        "precision": 0.7053603291511535,
        "recall": 0.7029411792755127,
        "f1": 0.7041079797425276
      },
      "S4": {
        "accuracy": 0.7142857313156128,
        "precision": 0.7165406346321106,
        "recall": 0.7171428740024567,
        "f1": 0.7168086958040377
      },
      "S5": {
        "accuracy": 0.7914285838603974,
        "precision": 0.7914285838603974,
        "recall": 0.7914285838603974,
        "f1": 0.7914285838603974
      },
      "S6": {
        "accuracy": 0.8457142949104309,
        "precision": 0.8457142949104309,
        "recall": 0.8457142949104309,
        "f1": 0.8457142949104309
      },
      "S7": {
        "accuracy": 0.8971428632736206,
        "precision": 0.8971428632736206,
        "recall": 0.8971428632736206,
        "f1": 0.8971428632736206
      },
      "S8": {
        "accuracy": 0.8314285814762116,
        "precision": 0.8294736921787262,
        "recall": 0.8371428668498992,
        "f1": 0.8331506936964879
      },
      "S9": {
        "accuracy": 0.7200000166893006,
        "precision": 0.7200000166893006,
        "recall": 0.7200000166893006,
        "f1": 0.7200000166893006
      },
      "S10": {
        "accuracy": 0.7666666626930236,
        "precision": 0.7687301576137543,
        "recall": 0.7638888835906983,
        "f1": 0.7662754270936307
      },
      "S11": {
        "accuracy": 0.7111110985279083,
        "precision": 0.708732295036316,
        "recall": 0.7111110985279083,
        "f1": 0.7098800459704385
      },
      "S13": {
        "accuracy": 0.850000011920929,
        "precision": 0.850000011920929,
        "recall": 0.850000011920929,
        "f1": 0.850000011920929
      },
      "S14": {
        "accuracy": 0.6861111104488373,
        "precision": 0.6840840816497803,
        "recall": 0.6861111104488373,
        "f1": 0.6850837122781076
      },
      "S15": {
        "accuracy": 0.7833333432674408,
        "precision": 0.7847953319549561,
        "recall": 0.7888889014720917,
        "f1": 0.7867867981760583
      },
      "S16": {
        "accuracy": 0.6944444298744201,
        "precision": 0.6942250072956085,
        "recall": 0.6888888716697693,
        "f1": 0.6914945060227686
      },
      "S17": {
        "accuracy": 0.7388888716697692,
        "precision": 0.7386796414852143,
        "recall": 0.727777761220932,
        "f1": 0.7330628555348857
      },
      "average": {
        "accuracy": 0.7632135105133057,
        "precision": 0.7627822128931682,
        "recall": 0.762662935256958,
        "f1": 0.7626751940165619
      }
    },
    "std": {
      "S2": {
        "accuracy": 0.0656935917350082,
        "precision": 0.0694239951365709,
        "recall": 0.08295763128395381,
        "f1": 0.07567846596238809
      },
      "S3": {
        "accuracy": 0.05791785733801779,
        "precision": 0.0621614255477786,
        "recall": 0.05955427523037181,
        "f1": 0.060664928347401816
      },
      "S4": {
        "accuracy": 0.07737178971814797,
        "precision": 0.07748766536398018,
        "recall": 0.08566135421520933,
        "f1": 0.08144208155566324
      },
      "S5": {
        "accuracy": 0.05395891287604671,
        "precision": 0.05395891287604671,
        "recall": 0.05395891287604671,
        "f1": 0.05395891287604671
      },
      "S6": {
        "accuracy": 0.054210470943119024,
        "precision": 0.054210470943119024,
        "recall": 0.054210470943119024,
        "f1": 0.054210470943119024
      },
      "S7": {
        "accuracy": 0.024093542641386235,
        "precision": 0.024093542641386235,
        "recall": 0.024093542641386235,
        "f1": 0.024093542641386235
      },
      "S8": {
        "accuracy": 0.05939986742906389,
        "precision": 0.05662695756484769,
        "recall": 0.07005018839014332,
        "f1": 0.06225020695652697
      },
      "S9": {
        "accuracy": 0.061426722040004114,
        "precision": 0.061426722040004114,
        "recall": 0.061426722040004114,
        "f1": 0.061426722040004114
      },
      "S10": {
        "accuracy": 0.05430695952209631,
        "precision": 0.05870775914996696,
        "recall": 0.04943091907403219,
        "f1": 0.05396200471366436
      },
      "S11": {
        "accuracy": 0.055863339945940296,
        "precision": 0.04792975861138843,
        "recall": 0.055863339945940296,
        "f1": 0.05171539353866018
      },
      "S13": {
        "accuracy": 0.06573421365526146,
        "precision": 0.06573421365526146,
        "recall": 0.06573421365526146,
        "f1": 0.06573421365526146
      },
      "S14": {
        "accuracy": 0.06148872121121466,
        "precision": 0.05944882884764876,
        "recall": 0.06148872121121466,
        "f1": 0.06037841611290483
      },
      "S15": {
        "accuracy": 0.04303316111607457,
        "precision": 0.04092291920117336,
        "recall": 0.037497152125295745,
        "f1": 0.038757303597813
      },
      "S16": {
        "accuracy": 0.026189131458480605,
        "precision": 0.030346857681462332,
        "recall": 0.040992487090359374,
        "f1": 0.035723737337081334
      },
      "S17": {
        "accuracy": 0.0731422978510488,
        "precision": 0.07157615249939338,
        "recall": 0.06521043344787138,
        "f1": 0.06773041574419822
      },
      "average": {
        "accuracy": 0.02763362642633885,
        "precision": 0.02689598495643228,
        "recall": 0.02993466782801521,
        "f1": 0.028353202535801196
      }
    },
    "poor_ratio": 0.0
  }
}