{
  "real_subj_cnt": 15,
  "real_path": "stress_slurm/data/wesad_1hz.pickle",
  "sliding_windows": false,
  "syn_subj_cnt": 5,
  "gan_config": {
    "gan_mode": "CGAN",
    "path": "stress_slurm/data/100_subj_cGAN.csv",
    "eps": null
  },
  "privacy_config": {
    "l2_norm_clip": 1.0,
    "eps": null,
    "num_unique_windows": null,
    "delta": null,
    "noise_multiplier": null
  },
  "train_config": {
    "nn_mode": "Transformer",
    "epochs": 110,
    "batch_size": 50,
    "learning_rate": 0.0001,
    "eval_mode": "TSTR",
    "random_seed": 42,
    "data_noise_parameter": null
  },
  "results": {
    "num_runs": 10,
    "mean": {
      "S2": {
        "accuracy": 0.6529411792755127,
        "precision": 0.6524369776248932,
        "recall": 0.6558823525905609,
        "f1": 0.6541346986462553
      },
      "S3": {
        "accuracy": 0.7647058725357055,
        "precision": 0.7619327664375305,
        "recall": 0.7647058725357055,
        "f1": 0.7632992245374269
      },
      "S4": {
        "accuracy": 0.9314285725355148,
        "precision": 0.9323214292526245,
        "recall": 0.9285714298486709,
        "f1": 0.9303624743540533
      },
      "S5": {
        "accuracy": 0.7685714423656463,
        "precision": 0.7668790280818939,
        "recall": 0.7742857277393341,
        "f1": 0.7704145886745345
      },
      "S6": {
        "accuracy": 0.9571428596973419,
        "precision": 0.9571428596973419,
        "recall": 0.9571428596973419,
        "f1": 0.9571428596973419
      },
      "S7": {
        "accuracy": 0.8685714364051819,
        "precision": 0.8666666686534882,
        "recall": 0.8714285790920258,
        "f1": 0.8690140892520024
      },
      "S8": {
        "accuracy": 0.8942857205867767,
        "precision": 0.8945238173007966,
        "recall": 0.8971428632736206,
        "f1": 0.8958148963133084
      },
      "S9": {
        "accuracy": 0.8942857205867767,
        "precision": 0.8971808075904846,
        "recall": 0.8742857217788697,
        "f1": 0.8850743500394405
      },
      "S10": {
        "accuracy": 0.9555555522441864,
        "precision": 0.9545181572437287,
        "recall": 0.95,
        "f1": 0.9520878843337023
      },
      "S11": {
        "accuracy": 0.8111111104488373,
        "precision": 0.8099787414073945,
        "recall": 0.8,
        "f1": 0.8047833107144914
      },
      "S13": {
        "accuracy": 0.8861111223697662,
        "precision": 0.8808108806610108,
        "recall": 0.8944444537162781,
        "f1": 0.8874169741151308
      },
      "S14": {
        "accuracy": 0.6805555492639541,
        "precision": 0.6824979096651077,
        "recall": 0.688888880610466,
        "f1": 0.6855220523411985
      },
      "S15": {
        "accuracy": 0.9861111104488373,
        "precision": 0.9861111104488373,
        "recall": 0.9861111104488373,
        "f1": 0.9861111104488373
      },
      "S16": {
        "accuracy": 0.8305555641651153,
        "precision": 0.8192659437656402,
        "recall": 0.8111111223697662,
        "f1": 0.8136864131986714
      },
      "S17": {
        "accuracy": 0.6416666746139527,
        "precision": 0.6435196220874786,
        "recall": 0.6361111283302308,
        "f1": 0.6390486149002914
      },
      "average": {
        "accuracy": 0.8349066325028737,
        "precision": 0.8337191146612166,
        "recall": 0.8326741401354472,
        "f1": 0.8329275694377791
      }
    },
    "std": {
      "S2": {
        "accuracy": 0.04556449697962432,
        "precision": 0.05014583320239944,
        "recall": 0.046088846794646636,
        "f1": 0.04804987417431645
      },
      "S3": {
        "accuracy": 0.14541564124469683,
        "precision": 0.1412581631381758,
        "recall": 0.14541564124469683,
        "f1": 0.14325477624795357
      },
      "S4": {
        "accuracy": 0.17725546738699405,
        "precision": 0.1744412242145121,
        "recall": 0.18626292415770285,
        "f1": 0.18061613653475928
      },
      "S5": {
        "accuracy": 0.04939543507443081,
        "precision": 0.04682315849339808,
        "recall": 0.06381662693052174,
        "f1": 0.05484756878291087
      },
      "S6": {
        "accuracy": 0.02020304968684854,
        "precision": 0.02020304968684854,
        "recall": 0.02020304968684854,
        "f1": 0.02020304968684854
      },
      "S7": {
        "accuracy": 0.04301557759087625,
        "precision": 0.04393128019418063,
        "recall": 0.040963451210971835,
        "f1": 0.04219673981931973
      },
      "S8": {
        "accuracy": 0.09809985534759713,
        "precision": 0.09815666352937871,
        "recall": 0.09915744235505357,
        "f1": 0.09856433820007272
      },
      "S9": {
        "accuracy": 0.1353922581775041,
        "precision": 0.13851267031994913,
        "recall": 0.1433008895447268,
        "f1": 0.139206599279436
      },
      "S10": {
        "accuracy": 0.06441677159402044,
        "precision": 0.06243179677620513,
        "recall": 0.07724686206395281,
        "f1": 0.06949573105041508
      },
      "S11": {
        "accuracy": 0.08566691705605892,
        "precision": 0.0848520566244666,
        "recall": 0.07724686444547396,
        "f1": 0.0800426206277164
      },
      "S13": {
        "accuracy": 0.04802333515457915,
        "precision": 0.05442272288929774,
        "recall": 0.040992485295251437,
        "f1": 0.04691019915570313
      },
      "S14": {
        "accuracy": 0.12370730519994129,
        "precision": 0.12274878174501366,
        "recall": 0.11697489621958934,
        "f1": 0.11940311413323741
      },
      "S15": {
        "accuracy": 0.02699514349675777,
        "precision": 0.02699514349675777,
        "recall": 0.02699514349675777,
        "f1": 0.02699514349675777
      },
      "S16": {
        "accuracy": 0.13254007306670873,
        "precision": 0.1423478752586295,
        "recall": 0.10861391193043719,
        "f1": 0.12082962852058797
      },
      "S17": {
        "accuracy": 0.06064638573941622,
        "precision": 0.05784359827975531,
        "recall": 0.04620360986369893,
        "f1": 0.04623465170155494
      },
      "average": {
        "accuracy": 0.04813952280662379,
        "precision": 0.05075482198690946,
        "recall": 0.05033718720899708,
        "f1": 0.050499831330415496
      }
    },
    "poor_ratio": 0.0
  }
}