{
  "real_subj_cnt": 15,
  "real_path": "stress_slurm/data/wesad_1hz.pickle",
  "sliding_windows": false,
  "syn_subj_cnt": 50,
  "gan_config": {
    "gan_mode": "DPCGAN-e-1",
    "path": "stress_slurm/data/100_subj_DP-cGAN-e-1.csv",
    "eps": 1
  },
  "privacy_config": {
    "l2_norm_clip": 1.0,
    "eps": null,
    "num_unique_windows": null,
    "delta": null,
    "noise_multiplier": null
  },
  "train_config": {
    "nn_mode": "Transformer",
    "epochs": 110,
    "batch_size": 50,
    "learning_rate": 0.0001,
    "eval_mode": "TSTR",
    "random_seed": 42,
    "data_noise_parameter": null
  },
  "results": {
    "num_runs": 10,
    "mean": {
      "S2": {
        "accuracy": 0.6411764740943908,
        "precision": 0.6411764740943908,
        "recall": 0.6411764740943908,
        "f1": 0.6411764740943908
      },
      "S3": {
        "accuracy": 0.73529412150383,
        "precision": 0.7344028532505036,
        "recall": 0.7323529422283173,
        "f1": 0.7333625998946335
      },
      "S4": {
        "accuracy": 0.9914285719394684,
        "precision": 0.9914285719394684,
        "recall": 0.9914285719394684,
        "f1": 0.9914285719394684
      },
      "S5": {
        "accuracy": 0.777142870426178,
        "precision": 0.777142870426178,
        "recall": 0.777142870426178,
        "f1": 0.777142870426178
      },
      "S6": {
        "accuracy": 0.9657142877578735,
        "precision": 0.9657142877578735,
        "recall": 0.9657142877578735,
        "f1": 0.9657142877578735
      },
      "S7": {
        "accuracy": 0.8714285790920258,
        "precision": 0.8714285790920258,
        "recall": 0.8714285790920258,
        "f1": 0.8714285790920258
      },
      "S8": {
        "accuracy": 0.9257142901420593,
        "precision": 0.9257142901420593,
        "recall": 0.9257142901420593,
        "f1": 0.9257142901420593
      },
      "S9": {
        "accuracy": 0.9571428596973419,
        "precision": 0.9571428596973419,
        "recall": 0.9571428596973419,
        "f1": 0.9571428596973419
      },
      "S10": {
        "accuracy": 0.9972222208976745,
        "precision": 0.9972222208976745,
        "recall": 0.9972222208976745,
        "f1": 0.9972222208976745
      },
      "S11": {
        "accuracy": 0.7444444298744202,
        "precision": 0.7439682424068451,
        "recall": 0.7416666567325592,
        "f1": 0.7428012412317072
      },
      "S13": {
        "accuracy": 0.8666666746139526,
        "precision": 0.8666666746139526,
        "recall": 0.8666666746139526,
        "f1": 0.8666666746139526
      },
      "S14": {
        "accuracy": 0.7611111104488373,
        "precision": 0.7611111104488373,
        "recall": 0.7611111104488373,
        "f1": 0.7611111104488373
      },
      "S15": {
        "accuracy": 0.9861111044883728,
        "precision": 0.9861111044883728,
        "recall": 0.9861111044883728,
        "f1": 0.9861111044883728
      },
      "S16": {
        "accuracy": 0.9388888895511627,
        "precision": 0.9388888895511627,
        "recall": 0.9388888895511627,
        "f1": 0.9388888895511627
      },
      "S17": {
        "accuracy": 0.6388888955116272,
        "precision": 0.6388888955116272,
        "recall": 0.6388888955116272,
        "f1": 0.6388888955116272
      },
      "average": {
        "accuracy": 0.8532250253359477,
        "precision": 0.8531338616212208,
        "recall": 0.852843761841456,
        "f1": 0.8529867113191537
      }
    },
    "std": {
      "S2": {
        "accuracy": 0.02320031485040019,
        "precision": 0.02320031485040019,
        "recall": 0.02320031485040019,
        "f1": 0.02320031485040019
      },
      "S3": {
        "accuracy": 0.053698286750821576,
        "precision": 0.05431116267305874,
        "recall": 0.056233843950808035,
        "f1": 0.05520015345069252
      },
      "S4": {
        "accuracy": 0.013801310364224835,
        "precision": 0.013801310364224835,
        "recall": 0.013801310364224835,
        "f1": 0.013801310364224835
      },
      "S5": {
        "accuracy": 0.012046771320693107,
        "precision": 0.012046771320693107,
        "recall": 0.012046771320693107,
        "f1": 0.012046771320693107
      },
      "S6": {
        "accuracy": 0.012046771320693107,
        "precision": 0.012046771320693107,
        "recall": 0.012046771320693107,
        "f1": 0.012046771320693107
      },
      "S7": {
        "accuracy": 0.050843226741085025,
        "precision": 0.050843226741085025,
        "recall": 0.050843226741085025,
        "f1": 0.050843226741085025
      },
      "S8": {
        "accuracy": 0.02409354264138623,
        "precision": 0.02409354264138623,
        "recall": 0.02409354264138623,
        "f1": 0.02409354264138623
      },
      "S9": {
        "accuracy": 0.015058464150866395,
        "precision": 0.015058464150866395,
        "recall": 0.015058464150866395,
        "f1": 0.015058464150866395
      },
      "S10": {
        "accuracy": 0.008784108800166312,
        "precision": 0.008784108800166312,
        "recall": 0.008784108800166312,
        "f1": 0.008784108800166312
      },
      "S11": {
        "accuracy": 0.0625257229166639,
        "precision": 0.061787311439409326,
        "recall": 0.05863386705630297,
        "f1": 0.06009897055789461
      },
      "S13": {
        "accuracy": 0.03884476983912375,
        "precision": 0.03884476983912375,
        "recall": 0.03884476983912375,
        "f1": 0.03884476983912375
      },
      "S14": {
        "accuracy": 0.03749714721918841,
        "precision": 0.03749714721918841,
        "recall": 0.03749714721918841,
        "f1": 0.03749714721918841
      },
      "S15": {
        "accuracy": 0.02360658307867944,
        "precision": 0.02360658307867944,
        "recall": 0.02360658307867944,
        "f1": 0.02360658307867944
      },
      "S16": {
        "accuracy": 0.05204988292398118,
        "precision": 0.05204988292398118,
        "recall": 0.05204988292398118,
        "f1": 0.05204988292398118
      },
      "S17": {
        "accuracy": 0.053990286993517045,
        "precision": 0.053990286993517045,
        "recall": 0.053990286993517045,
        "f1": 0.053990286993517045
      },
      "average": {
        "accuracy": 0.007540432809776017,
        "precision": 0.0075498295242139345,
        "recall": 0.007724152519897644,
        "f1": 0.007632537780810733
      }
    },
    "poor_ratio": 0.0
  }
}