{
  "real_subj_cnt": 15,
  "real_path": "stress_slurm/data/wesad_1hz.pickle",
  "sliding_windows": false,
  "syn_subj_cnt": 30,
  "gan_config": {
    "gan_mode": "DPCGAN-e-0.1",
    "path": "stress_slurm/data/100_subj_DP-cGAN-e-0.1.csv",
    "eps": 0.1
  },
  "privacy_config": {
    "l2_norm_clip": 1.0,
    "eps": null,
    "num_unique_windows": null,
    "delta": null,
    "noise_multiplier": null
  },
  "train_config": {
    "nn_mode": "Transformer",
    "epochs": 110,
    "batch_size": 50,
    "learning_rate": 0.0001,
    "eval_mode": "TSTR",
    "random_seed": 42,
    "data_noise_parameter": null
  },
  "results": {
    "num_runs": 10,
    "mean": {
      "S2": {
        "accuracy": 0.7088235199451447,
        "precision": 0.7127960205078125,
        "recall": 0.7147058725357056,
        "f1": 0.7137095767138518
      },
      "S3": {
        "accuracy": 0.7323529422283173,
        "precision": 0.7280672311782836,
        "recall": 0.7323529422283173,
        "f1": 0.7301790308499131
      },
      "S4": {
        "accuracy": 0.7057143032550812,
        "precision": 0.7010789394378663,
        "recall": 0.7142857313156128,
        "f1": 0.7075385746760199
      },
      "S5": {
        "accuracy": 0.7800000131130218,
        "precision": 0.7785328328609467,
        "recall": 0.7828571557998657,
        "f1": 0.780634934310284
      },
      "S6": {
        "accuracy": 0.777142870426178,
        "precision": 0.777142870426178,
        "recall": 0.777142870426178,
        "f1": 0.777142870426178
      },
      "S7": {
        "accuracy": 0.8800000071525573,
        "precision": 0.8800000071525573,
        "recall": 0.8800000071525573,
        "f1": 0.8800000071525573
      },
      "S8": {
        "accuracy": 0.7485714435577393,
        "precision": 0.7451995015144348,
        "recall": 0.7514285862445831,
        "f1": 0.7482405700451379
      },
      "S9": {
        "accuracy": 0.6942857325077056,
        "precision": 0.6942857325077056,
        "recall": 0.6942857325077056,
        "f1": 0.6942857325077056
      },
      "S10": {
        "accuracy": 0.7416666626930237,
        "precision": 0.7396396338939667,
        "recall": 0.7416666626930237,
        "f1": 0.740639264522294
      },
      "S11": {
        "accuracy": 0.7111110925674439,
        "precision": 0.7077793478965759,
        "recall": 0.7138888716697693,
        "f1": 0.7107428049554507
      },
      "S13": {
        "accuracy": 0.7638888895511627,
        "precision": 0.7638888895511627,
        "recall": 0.7638888895511627,
        "f1": 0.7638888895511627
      },
      "S14": {
        "accuracy": 0.6833333253860474,
        "precision": 0.6807807683944702,
        "recall": 0.6861111044883728,
        "f1": 0.683409427250946
      },
      "S15": {
        "accuracy": 0.8027777910232544,
        "precision": 0.7982732832431794,
        "recall": 0.8027777910232544,
        "f1": 0.8004946843178328
      },
      "S16": {
        "accuracy": 0.6916666448116302,
        "precision": 0.6897897720336914,
        "recall": 0.6916666448116302,
        "f1": 0.6907153531576236
      },
      "S17": {
        "accuracy": 0.699999988079071,
        "precision": 0.7030188024044037,
        "recall": 0.7083333253860473,
        "f1": 0.7056172542253958
      },
      "average": {
        "accuracy": 0.7414223484198252,
        "precision": 0.7400182422002157,
        "recall": 0.7436928125222524,
        "f1": 0.7418159316441569
      }
    },
    "std": {
      "S2": {
        "accuracy": 0.06855738297570732,
        "precision": 0.06278629117381579,
        "recall": 0.0620828922950282,
        "f1": 0.062252117919125945
      },
      "S3": {
        "accuracy": 0.052704630995706166,
        "precision": 0.05164282309324222,
        "recall": 0.052704630995706166,
        "f1": 0.05197196054503937
      },
      "S4": {
        "accuracy": 0.05225091774025081,
        "precision": 0.05485629231424154,
        "recall": 0.04665694470061356,
        "f1": 0.05043167222107386
      },
      "S5": {
        "accuracy": 0.046754045627083754,
        "precision": 0.04728015704574392,
        "recall": 0.04704414590158249,
        "f1": 0.046667743628730225
      },
      "S6": {
        "accuracy": 0.03512207202958178,
        "precision": 0.03512207202958178,
        "recall": 0.03512207202958178,
        "f1": 0.03512207202958178
      },
      "S7": {
        "accuracy": 0.01807015698103967,
        "precision": 0.01807015698103967,
        "recall": 0.01807015698103967,
        "f1": 0.01807015698103967
      },
      "S8": {
        "accuracy": 0.02625532939142265,
        "precision": 0.030536501117062943,
        "recall": 0.030267138352263013,
        "f1": 0.0295164098926685
      },
      "S9": {
        "accuracy": 0.027105235471559512,
        "precision": 0.027105235471559512,
        "recall": 0.027105235471559512,
        "f1": 0.027105235471559512
      },
      "S10": {
        "accuracy": 0.026352326400498925,
        "precision": 0.026419613471591184,
        "recall": 0.026352326400498925,
        "f1": 0.026191118258062578
      },
      "S11": {
        "accuracy": 0.06702578625739268,
        "precision": 0.064240543337586,
        "recall": 0.06810435934555709,
        "f1": 0.06574988372501261
      },
      "S13": {
        "accuracy": 0.04766496357644313,
        "precision": 0.04766496357644313,
        "recall": 0.04766496357644313,
        "f1": 0.04766496357644313
      },
      "S14": {
        "accuracy": 0.07314228376612389,
        "precision": 0.07868912295150714,
        "recall": 0.07752383535760876,
        "f1": 0.07799361012484018
      },
      "S15": {
        "accuracy": 0.04025382429497393,
        "precision": 0.0373570060247371,
        "recall": 0.04025382429497393,
        "f1": 0.038520722522199506
      },
      "S16": {
        "accuracy": 0.020496236813521557,
        "precision": 0.021065056911044145,
        "recall": 0.020496236813521557,
        "f1": 0.020573602521733556
      },
      "S17": {
        "accuracy": 0.05037581734823893,
        "precision": 0.04483149403457584,
        "recall": 0.03761128238873027,
        "f1": 0.041065202626617406
      },
      "average": {
        "accuracy": 0.017655653101756017,
        "precision": 0.017373650901671613,
        "recall": 0.017015884718655252,
        "f1": 0.01695623005919269
      }
    },
    "poor_ratio": 0.0
  }
}