{
  "real_subj_cnt": 15,
  "real_path": "stress_slurm/data/wesad_1hz.pickle",
  "sliding_windows": false,
  "syn_subj_cnt": 10,
  "gan_config": {
    "gan_mode": "CGAN",
    "path": "stress_slurm/data/100_subj_cGAN.csv",
    "eps": null
  },
  "privacy_config": {
    "l2_norm_clip": 1.0,
    "eps": null,
    "num_unique_windows": null,
    "delta": null,
    "noise_multiplier": null
  },
  "train_config": {
    "nn_mode": "Transformer",
    "epochs": 110,
    "batch_size": 50,
    "learning_rate": 0.0001,
    "eval_mode": "TSTR",
    "random_seed": 42,
    "data_noise_parameter": null
  },
  "results": {
    "num_runs": 10,
    "mean": {
      "S2": {
        "accuracy": 0.7235294163227082,
        "precision": 0.7181818187236786,
        "recall": 0.7117647051811218,
        "f1": 0.7149253730360716
      },
      "S3": {
        "accuracy": 0.7911764621734619,
        "precision": 0.798185157775879,
        "recall": 0.7823529362678527,
        "f1": 0.7898598980456975
      },
      "S4": {
        "accuracy": 0.9714285731315613,
        "precision": 0.9722050607204438,
        "recall": 0.9800000011920929,
        "f1": 0.9759719182902561
      },
      "S5": {
        "accuracy": 0.7914285838603974,
        "precision": 0.7984033703804017,
        "recall": 0.7914285838603974,
        "f1": 0.7948654352141338
      },
      "S6": {
        "accuracy": 0.954285717010498,
        "precision": 0.954285717010498,
        "recall": 0.954285717010498,
        "f1": 0.954285717010498
      },
      "S7": {
        "accuracy": 0.9028571486473084,
        "precision": 0.9000700354576111,
        "recall": 0.9000000059604645,
        "f1": 0.8999970906822593
      },
      "S8": {
        "accuracy": 0.9371428608894348,
        "precision": 0.9325972199440002,
        "recall": 0.9400000035762787,
        "f1": 0.9361719615723262
      },
      "S9": {
        "accuracy": 0.954285717010498,
        "precision": 0.9537662386894226,
        "recall": 0.9485714316368103,
        "f1": 0.951092440915974
      },
      "S10": {
        "accuracy": 0.9749999940395355,
        "precision": 0.9753674745559693,
        "recall": 0.9833333313465118,
        "f1": 0.97926076761593
      },
      "S11": {
        "accuracy": 0.7777777731418609,
        "precision": 0.7750256180763244,
        "recall": 0.7666666686534882,
        "f1": 0.770721807225281
      },
      "S13": {
        "accuracy": 0.9250000059604645,
        "precision": 0.9299206376075745,
        "recall": 0.9250000059604645,
        "f1": 0.9274256694721243
      },
      "S14": {
        "accuracy": 0.6805555522441864,
        "precision": 0.6740436732769013,
        "recall": 0.675,
        "f1": 0.674321039642492
      },
      "S15": {
        "accuracy": 0.9722222208976745,
        "precision": 0.9749206364154815,
        "recall": 0.9694444417953492,
        "f1": 0.9721439743250094
      },
      "S16": {
        "accuracy": 0.8277777791023254,
        "precision": 0.8298242866992951,
        "recall": 0.8305555582046509,
        "f1": 0.8300257262038517
      },
      "S17": {
        "accuracy": 0.674999988079071,
        "precision": 0.6883286297321319,
        "recall": 0.6749999910593033,
        "f1": 0.6810966945066392
      },
      "average": {
        "accuracy": 0.8572978528340658,
        "precision": 0.8583417050043742,
        "recall": 0.8555602254470189,
        "f1": 0.8568110342505696
      }
    },
    "std": {
      "S2": {
        "accuracy": 0.10207384382496414,
        "precision": 0.09776317080626361,
        "recall": 0.09685560375432467,
        "f1": 0.09716350493135567
      },
      "S3": {
        "accuracy": 0.07775442859734573,
        "precision": 0.06865808514671622,
        "recall": 0.08225951212690343,
        "f1": 0.07422849130148167
      },
      "S4": {
        "accuracy": 0.03299144198724961,
        "precision": 0.031216613418174704,
        "recall": 0.019284243356585257,
        "f1": 0.023671476789493922
      },
      "S5": {
        "accuracy": 0.08086829885741169,
        "precision": 0.08157605809032961,
        "recall": 0.08086829885741169,
        "f1": 0.08102343515713806
      },
      "S6": {
        "accuracy": 0.024093542641386228,
        "precision": 0.024093542641386228,
        "recall": 0.024093542641386228,
        "f1": 0.024093542641386228
      },
      "S7": {
        "accuracy": 0.050753949715682874,
        "precision": 0.04895016187376958,
        "recall": 0.049026807272950584,
        "f1": 0.0485625656742937
      },
      "S8": {
        "accuracy": 0.02950844278369235,
        "precision": 0.03923325790759008,
        "recall": 0.02841225333540487,
        "f1": 0.03261904286652039
      },
      "S9": {
        "accuracy": 0.0385684867131705,
        "precision": 0.039196971727604786,
        "recall": 0.04818708528277246,
        "f1": 0.04328215609857847
      },
      "S10": {
        "accuracy": 0.027623024908571048,
        "precision": 0.02726859236896265,
        "recall": 0.026835879207216473,
        "f1": 0.025552152249934592
      },
      "S11": {
        "accuracy": 0.06279935820540317,
        "precision": 0.06151560919758082,
        "recall": 0.06702578515951912,
        "f1": 0.06361591106271008
      },
      "S13": {
        "accuracy": 0.05079949403349418,
        "precision": 0.045048248946286826,
        "recall": 0.05079949403349418,
        "f1": 0.0477683069014632
      },
      "S14": {
        "accuracy": 0.12161041835724727,
        "precision": 0.11282261462526648,
        "recall": 0.12287284489380994,
        "f1": 0.11702804771715931
      },
      "S15": {
        "accuracy": 0.039283705382937205,
        "precision": 0.04026068664630441,
        "recall": 0.040253821552898396,
        "f1": 0.03984118101635447
      },
      "S16": {
        "accuracy": 0.10540925115036016,
        "precision": 0.10464453937746648,
        "recall": 0.11449327636800481,
        "f1": 0.10891155170327589
      },
      "S17": {
        "accuracy": 0.10479746791975038,
        "precision": 0.10226815550898838,
        "recall": 0.11788749475933956,
        "f1": 0.10915522614478529
      },
      "average": {
        "accuracy": 0.01827115641746965,
        "precision": 0.017754075531773158,
        "recall": 0.019346648377615617,
        "f1": 0.018081870716265453
      }
    },
    "poor_ratio": 0.0
  }
}