{
  "real_subj_cnt": 15,
  "real_path": "stress_slurm/data/wesad_1hz.pickle",
  "sliding_windows": false,
  "syn_subj_cnt": 5,
  "gan_config": {
    "gan_mode": "DPCGAN-e-0.1",
    "path": "stress_slurm/data/100_subj_DP-cGAN-e-0.1.csv",
    "eps": 0.1
  },
  "privacy_config": {
    "l2_norm_clip": 1.0,
    "eps": null,
    "num_unique_windows": null,
    "delta": null,
    "noise_multiplier": null
  },
  "train_config": {
    "nn_mode": "Transformer",
    "epochs": 110,
    "batch_size": 50,
    "learning_rate": 0.0001,
    "eval_mode": "TSTR",
    "random_seed": 42,
    "data_noise_parameter": null
  },
  "results": {
    "num_runs": 10,
    "mean": {
      "S2": {
        "accuracy": 0.6911764740943909,
        "precision": 0.6867040812969207,
        "recall": 0.7,
        "f1": 0.6929201090776014
      },
      "S3": {
        "accuracy": 0.6941176533699036,
        "precision": 0.6975553929805756,
        "recall": 0.7058823585510254,
        "f1": 0.7012430825656973
      },
      "S4": {
        "accuracy": 0.6971428751945495,
        "precision": 0.6951351523399353,
        "recall": 0.7028571605682373,
        "f1": 0.6988889063352052
      },
      "S5": {
        "accuracy": 0.7628571569919587,
        "precision": 0.7596153974533081,
        "recall": 0.7714285850524902,
        "f1": 0.7652455404622197
      },
      "S6": {
        "accuracy": 0.777142870426178,
        "precision": 0.78004669547081,
        "recall": 0.7800000131130218,
        "f1": 0.7799912635277202
      },
      "S7": {
        "accuracy": 0.8857142925262451,
        "precision": 0.8857142925262451,
        "recall": 0.8857142925262451,
        "f1": 0.8857142925262451
      },
      "S8": {
        "accuracy": 0.7885714411735535,
        "precision": 0.7864285826683044,
        "recall": 0.7885714411735535,
        "f1": 0.7874849213586159
      },
      "S9": {
        "accuracy": 0.6857143044471741,
        "precision": 0.6886041224002838,
        "recall": 0.688571447134018,
        "f1": 0.688559197441174
      },
      "S10": {
        "accuracy": 0.7388888835906983,
        "precision": 0.7388888835906983,
        "recall": 0.7388888835906983,
        "f1": 0.7388888835906983
      },
      "S11": {
        "accuracy": 0.7305555462837219,
        "precision": 0.7271321237087249,
        "recall": 0.7388888835906983,
        "f1": 0.7327785718655468
      },
      "S13": {
        "accuracy": 0.7472222208976745,
        "precision": 0.7455705642700196,
        "recall": 0.7499999940395355,
        "f1": 0.7477549405924753
      },
      "S14": {
        "accuracy": 0.6611111044883728,
        "precision": 0.661807405948639,
        "recall": 0.6666666567325592,
        "f1": 0.6641059368120443
      },
      "S15": {
        "accuracy": 0.8027778029441833,
        "precision": 0.8055255472660064,
        "recall": 0.8055555760860443,
        "f1": 0.8055094858587248
      },
      "S16": {
        "accuracy": 0.7111110985279083,
        "precision": 0.7091591477394104,
        "recall": 0.7111110985279083,
        "f1": 0.7101217536155402
      },
      "S17": {
        "accuracy": 0.7305555403232574,
        "precision": 0.7318910837173462,
        "recall": 0.7388888716697692,
        "f1": 0.7353089215144268
      },
      "average": {
        "accuracy": 0.740310617685318,
        "precision": 0.7399852315584818,
        "recall": 0.7448683508237203,
        "f1": 0.7423010538095957
      }
    },
    "std": {
      "S2": {
        "accuracy": 0.03733223062171363,
        "precision": 0.03722838965529804,
        "recall": 0.06904634611020496,
        "f1": 0.051220763456286296
      },
      "S3": {
        "accuracy": 0.050373462730529596,
        "precision": 0.049688095901106566,
        "recall": 0.03396178998720713,
        "f1": 0.03911201540333567
      },
      "S4": {
        "accuracy": 0.030713361020002057,
        "precision": 0.031815336976656915,
        "recall": 0.03071336102000206,
        "f1": 0.03020788544533865
      },
      "S5": {
        "accuracy": 0.03821409800366952,
        "precision": 0.035242253251718654,
        "recall": 0.06317380176512681,
        "f1": 0.04804832461210631
      },
      "S6": {
        "accuracy": 0.03761603139244586,
        "precision": 0.037820643711288564,
        "recall": 0.03821409800366952,
        "f1": 0.037642241931219136
      },
      "S7": {
        "accuracy": 0.0,
        "precision": 0.0,
        "recall": 0.0,
        "f1": 0.0
      },
      "S8": {
        "accuracy": 0.07024414405916354,
        "precision": 0.07114626413548276,
        "recall": 0.07024414405916354,
        "f1": 0.07062178315693517
      },
      "S9": {
        "accuracy": 0.0,
        "precision": 0.006662125878525919,
        "recall": 0.009035078490519842,
        "f1": 0.00632882415501344
      },
      "S10": {
        "accuracy": 0.019422395338540396,
        "precision": 0.019422395338540396,
        "recall": 0.019422395338540396,
        "f1": 0.019422395338540396
      },
      "S11": {
        "accuracy": 0.01874857998753069,
        "precision": 0.018272460416716582,
        "recall": 0.019422395338540423,
        "f1": 0.014214445204481216
      },
      "S13": {
        "accuracy": 0.05921584706477942,
        "precision": 0.057836996700012765,
        "recall": 0.06279935234658626,
        "f1": 0.060154256523449634
      },
      "S14": {
        "accuracy": 0.044981306559364845,
        "precision": 0.050800635454645526,
        "recall": 0.04536090223660175,
        "f1": 0.04722227501563198
      },
      "S15": {
        "accuracy": 0.008784108800166309,
        "precision": 0.0025489148056534296,
        "recall": 0.013094562217007192,
        "f1": 0.007822474685102752
      },
      "S16": {
        "accuracy": 0.019422380183663934,
        "precision": 0.019160732186252746,
        "recall": 0.019422380183663934,
        "f1": 0.019041759833847264
      },
      "S17": {
        "accuracy": 0.057152969505436024,
        "precision": 0.05887614256331316,
        "recall": 0.0743051937812339,
        "f1": 0.06633096095210896
      },
      "average": {
        "accuracy": 0.010211651109935565,
        "precision": 0.010554912010634826,
        "recall": 0.020072732212364955,
        "f1": 0.01470750511216884
      }
    },
    "poor_ratio": 0.0
  }
}