{
  "real_subj_cnt": 15,
  "real_path": "stress_slurm/data/wesad_1hz.pickle",
  "sliding_windows": false,
  "syn_subj_cnt": 100,
  "gan_config": {
    "gan_mode": "DPCGAN-e-10",
    "path": "stress_slurm/data/100_subj_DP-cGAN-e-10.csv",
    "eps": 10
  },
  "privacy_config": {
    "l2_norm_clip": 1.0,
    "eps": null,
    "num_unique_windows": null,
    "delta": null,
    "noise_multiplier": null
  },
  "train_config": {
    "nn_mode": "Transformer",
    "epochs": 110,
    "batch_size": 50,
    "learning_rate": 0.0001,
    "eval_mode": "TSTR",
    "random_seed": 42,
    "data_noise_parameter": null
  },
  "results": {
    "num_runs": 10,
    "mean": {
      "S2": {
        "accuracy": 0.68529412150383,
        "precision": 0.6872549057006836,
        "recall": 0.68529412150383,
        "f1": 0.6862598808856977
      },
      "S3": {
        "accuracy": 0.6735294044017792,
        "precision": 0.6735294044017792,
        "recall": 0.6735294044017792,
        "f1": 0.6735294044017792
      },
      "S4": {
        "accuracy": 0.9914285719394684,
        "precision": 0.9914285719394684,
        "recall": 0.9914285719394684,
        "f1": 0.9914285719394684
      },
      "S5": {
        "accuracy": 0.7971428692340851,
        "precision": 0.7830888152122497,
        "recall": 0.7971428692340851,
        "f1": 0.7899206470307193
      },
      "S6": {
        "accuracy": 0.9771428585052491,
        "precision": 0.9771428585052491,
        "recall": 0.9771428585052491,
        "f1": 0.9771428585052491
      },
      "S7": {
        "accuracy": 0.9285714328289032,
        "precision": 0.9235585629940033,
        "recall": 0.9314285755157471,
        "f1": 0.9274021951716213
      },
      "S8": {
        "accuracy": 0.9371428608894348,
        "precision": 0.929285717010498,
        "recall": 0.9400000035762787,
        "f1": 0.9345674075651822
      },
      "S9": {
        "accuracy": 0.9800000011920929,
        "precision": 0.9800000011920929,
        "recall": 0.9800000011920929,
        "f1": 0.9800000011920929
      },
      "S10": {
        "accuracy": 0.9638888776302338,
        "precision": 0.9638888776302338,
        "recall": 0.9638888776302338,
        "f1": 0.9638888776302338
      },
      "S11": {
        "accuracy": 0.6638888895511628,
        "precision": 0.6638888895511628,
        "recall": 0.6638888895511628,
        "f1": 0.6638888895511628
      },
      "S13": {
        "accuracy": 0.9638888835906982,
        "precision": 0.9640390336513519,
        "recall": 0.9666666626930237,
        "f1": 0.9653348507029318
      },
      "S14": {
        "accuracy": 0.6972221970558167,
        "precision": 0.6972221970558167,
        "recall": 0.6972221970558167,
        "f1": 0.6972221970558167
      },
      "S15": {
        "accuracy": 0.9916666626930237,
        "precision": 0.9916666626930237,
        "recall": 0.9916666626930237,
        "f1": 0.9916666626930237
      },
      "S16": {
        "accuracy": 0.8888888895511627,
        "precision": 0.8895645618438721,
        "recall": 0.8944444417953491,
        "f1": 0.891971077983208
      },
      "S17": {
        "accuracy": 0.6583333432674408,
        "precision": 0.6583333432674408,
        "recall": 0.6583333432674408,
        "f1": 0.6583333432674408
      },
      "average": {
        "accuracy": 0.8532019909222921,
        "precision": 0.8515928268432618,
        "recall": 0.8541384987036388,
        "f1": 0.8528371243717086
      }
    },
    "std": {
      "S2": {
        "accuracy": 0.055545938848653845,
        "precision": 0.05438010265976116,
        "recall": 0.055545938848653845,
        "f1": 0.054887341751913114
      },
      "S3": {
        "accuracy": 0.03521232446535765,
        "precision": 0.03521232446535765,
        "recall": 0.03521232446535765,
        "f1": 0.03521232446535765
      },
      "S4": {
        "accuracy": 0.019284243356585257,
        "precision": 0.019284243356585257,
        "recall": 0.019284243356585257,
        "f1": 0.019284243356585257
      },
      "S5": {
        "accuracy": 0.06659860074297416,
        "precision": 0.05078350327891288,
        "recall": 0.06659860074297416,
        "f1": 0.05789728917371412
      },
      "S6": {
        "accuracy": 0.012046771320693116,
        "precision": 0.012046771320693116,
        "recall": 0.012046771320693116,
        "f1": 0.012046771320693116
      },
      "S7": {
        "accuracy": 0.02020304968684854,
        "precision": 0.018999740700509738,
        "recall": 0.02409354264138623,
        "f1": 0.019733217974367112
      },
      "S8": {
        "accuracy": 0.044262664175538514,
        "precision": 0.03596997744987156,
        "recall": 0.041403931092674505,
        "f1": 0.03812035242855235
      },
      "S9": {
        "accuracy": 0.013801310364224837,
        "precision": 0.013801310364224837,
        "recall": 0.013801310364224837,
        "f1": 0.013801310364224837
      },
      "S10": {
        "accuracy": 0.041512062233599975,
        "precision": 0.041512062233599975,
        "recall": 0.041512062233599975,
        "f1": 0.041512062233599975
      },
      "S11": {
        "accuracy": 0.024322070964437094,
        "precision": 0.024322070964437094,
        "recall": 0.024322070964437094,
        "f1": 0.024322070964437094
      },
      "S13": {
        "accuracy": 0.034768486284438425,
        "precision": 0.034678309016778826,
        "recall": 0.03414645784014744,
        "f1": 0.03416541700176917
      },
      "S14": {
        "accuracy": 0.008784108800166314,
        "precision": 0.008784108800166314,
        "recall": 0.008784108800166314,
        "f1": 0.008784108800166314
      },
      "S15": {
        "accuracy": 0.013417947829829932,
        "precision": 0.013417947829829932,
        "recall": 0.013417947829829932,
        "f1": 0.013417947829829932
      },
      "S16": {
        "accuracy": 0.0740740696589176,
        "precision": 0.07380765615423052,
        "recall": 0.07384222113147303,
        "f1": 0.07364483888926113
      },
      "S17": {
        "accuracy": 0.029426392167482593,
        "precision": 0.029426392167482593,
        "recall": 0.029426392167482593,
        "f1": 0.029426392167482593
      },
      "average": {
        "accuracy": 0.014521928034463016,
        "precision": 0.013123754434924353,
        "recall": 0.013885076576496593,
        "f1": 0.013454773817300592
      }
    },
    "poor_ratio": 0.0
  }
}