{
  "real_subj_cnt": 15,
  "real_path": "stress_slurm/data/wesad_1hz.pickle",
  "sliding_windows": false,
  "syn_subj_cnt": 30,
  "gan_config": {
    "gan_mode": "CGAN",
    "path": "stress_slurm/data/100_subj_cGAN.csv",
    "eps": null
  },
  "privacy_config": {
    "l2_norm_clip": 1.0,
    "eps": null,
    "num_unique_windows": null,
    "delta": null,
    "noise_multiplier": null
  },
  "train_config": {
    "nn_mode": "Transformer",
    "epochs": 110,
    "batch_size": 50,
    "learning_rate": 0.0001,
    "eval_mode": "TSTR",
    "random_seed": 42,
    "data_noise_parameter": null
  },
  "results": {
    "num_runs": 10,
    "mean": {
      "S2": {
        "accuracy": 0.7617647051811218,
        "precision": 0.7626559793949127,
        "recall": 0.7558823585510254,
        "f1": 0.7592186195477527
      },
      "S3": {
        "accuracy": 0.7852941155433655,
        "precision": 0.7835039556026459,
        "recall": 0.7852941215038299,
        "f1": 0.7843493592179681
      },
      "S4": {
        "accuracy": 0.9371428608894348,
        "precision": 0.9371428608894348,
        "recall": 0.934285718202591,
        "f1": 0.9356935856147514
      },
      "S5": {
        "accuracy": 0.8142857253551483,
        "precision": 0.8119514524936676,
        "recall": 0.8142857253551483,
        "f1": 0.813069730849835
      },
      "S6": {
        "accuracy": 0.9514285743236541,
        "precision": 0.9514285743236541,
        "recall": 0.9514285743236541,
        "f1": 0.9514285743236541
      },
      "S7": {
        "accuracy": 0.9142857193946838,
        "precision": 0.9143557488918305,
        "recall": 0.9142857193946838,
        "f1": 0.9142828041164787
      },
      "S8": {
        "accuracy": 0.9485714316368103,
        "precision": 0.9439511001110077,
        "recall": 0.954285717010498,
        "f1": 0.9490107355464488
      },
      "S9": {
        "accuracy": 0.9657142877578735,
        "precision": 0.9657142877578735,
        "recall": 0.9657142877578735,
        "f1": 0.9657142877578735
      },
      "S10": {
        "accuracy": 0.975,
        "precision": 0.975,
        "recall": 0.975,
        "f1": 0.975
      },
      "S11": {
        "accuracy": 0.8888888895511627,
        "precision": 0.8944444477558136,
        "recall": 0.8888888895511627,
        "f1": 0.8915873034973533
      },
      "S13": {
        "accuracy": 0.9388888776302338,
        "precision": 0.9387301504611969,
        "recall": 0.9361111044883728,
        "f1": 0.9374021835008847
      },
      "S14": {
        "accuracy": 0.6861111164093018,
        "precision": 0.6834360778331756,
        "recall": 0.6888888955116272,
        "f1": 0.686099806916367
      },
      "S15": {
        "accuracy": 0.9638888835906982,
        "precision": 0.9638888835906982,
        "recall": 0.9638888835906982,
        "f1": 0.9638888835906982
      },
      "S16": {
        "accuracy": 0.8083333313465119,
        "precision": 0.8095506191253662,
        "recall": 0.8166666626930237,
        "f1": 0.8128175126961036
      },
      "S17": {
        "accuracy": 0.8166666686534881,
        "precision": 0.8196491241455078,
        "recall": 0.8194444477558136,
        "f1": 0.819458192869261
      },
      "average": {
        "accuracy": 0.8770843458175659,
        "precision": 0.8770268841584524,
        "recall": 0.8776234070460001,
        "f1": 0.877268105336362
      }
    },
    "std": {
      "S2": {
        "accuracy": 0.04892147245273844,
        "precision": 0.04981006543388625,
        "recall": 0.050086431586092946,
        "f1": 0.04965140638333711
      },
      "S3": {
        "accuracy": 0.10380124899217473,
        "precision": 0.10249399535477387,
        "recall": 0.09906326439693326,
        "f1": 0.10058864107006518
      },
      "S4": {
        "accuracy": 0.08497031121421433,
        "precision": 0.08497031121421433,
        "recall": 0.08308124642916918,
        "f1": 0.0838958839101056
      },
      "S5": {
        "accuracy": 0.05429406462568508,
        "precision": 0.05822946456751173,
        "recall": 0.06060914906054563,
        "f1": 0.05907402120850821
      },
      "S6": {
        "accuracy": 0.01380131036422483,
        "precision": 0.01380131036422483,
        "recall": 0.01380131036422483,
        "f1": 0.01380131036422483
      },
      "S7": {
        "accuracy": 0.0329914419872496,
        "precision": 0.0328436082363098,
        "recall": 0.032991441987249605,
        "f1": 0.032298958905791944
      },
      "S8": {
        "accuracy": 0.029508442783692346,
        "precision": 0.03413694827576796,
        "recall": 0.024093542641386228,
        "f1": 0.028265772605195964
      },
      "S9": {
        "accuracy": 0.01807015698103967,
        "precision": 0.01807015698103967,
        "recall": 0.01807015698103967,
        "f1": 0.01807015698103967
      },
      "S10": {
        "accuracy": 0.04802334166683598,
        "precision": 0.04802334166683598,
        "recall": 0.04802334166683598,
        "f1": 0.04802334166683598
      },
      "S11": {
        "accuracy": 0.05856069392003732,
        "precision": 0.06651216573014278,
        "recall": 0.05856069392003732,
        "f1": 0.061929852349603305
      },
      "S13": {
        "accuracy": 0.01756819246881336,
        "precision": 0.017519524549957144,
        "recall": 0.018748552513342353,
        "f1": 0.017674551840913176
      },
      "S14": {
        "accuracy": 0.0962695828496878,
        "precision": 0.09776580553787735,
        "recall": 0.09693520158839851,
        "f1": 0.0971494358645866
      },
      "S15": {
        "accuracy": 0.04545532466691897,
        "precision": 0.04545532466691897,
        "recall": 0.04545532466691897,
        "f1": 0.04545532466691897
      },
      "S16": {
        "accuracy": 0.09300832382264895,
        "precision": 0.09155675787911204,
        "recall": 0.10075163469647776,
        "f1": 0.09467945526531456
      },
      "S17": {
        "accuracy": 0.0707591546481914,
        "precision": 0.0698760181174979,
        "recall": 0.06959858920471124,
        "f1": 0.06922785740415449
      },
      "average": {
        "accuracy": 0.0202389263952529,
        "precision": 0.02090932551446115,
        "recall": 0.02059411976134976,
        "f1": 0.020644929503747377
      }
    },
    "poor_ratio": 0.0
  }
}