{
  "real_subj_cnt": 15,
  "real_path": "stress_slurm/data/wesad_1hz.pickle",
  "sliding_windows": false,
  "syn_subj_cnt": 100,
  "gan_config": {
    "gan_mode": "DGAN",
    "name": "DGAN",
    "path": "stress_slurm/data/100_subj_DGAN.csv",
    "eps": null
  },
  "privacy_config": {
    "l2_norm_clip": 1.0,
    "eps": null,
    "num_unique_windows": null,
    "delta": null,
    "noise_multiplier": null
  },
  "train_config": {
    "nn_mode": "CNN-LSTM",
    "epochs": 20,
    "batch_size": 50,
    "learning_rate": 0.001,
    "eval_mode": "LOSO",
    "random_seed": 42,
    "data_noise_parameter": null
  },
  "results": {
    "num_runs": 10,
    "mean": {
      "S2": {
        "accuracy": 0.9705882251262665,
        "precision": 0.9705882251262665,
        "recall": 0.9705882251262665,
        "f1": 0.9705882251262665
      },
      "S3": {
        "accuracy": 0.7941176414489746,
        "precision": 0.7912299394607544,
        "recall": 0.7911764621734619,
        "f1": 0.7911681921660036
      },
      "S4": {
        "accuracy": 1.0,
        "precision": 1.0,
        "recall": 1.0,
        "f1": 1.0
      },
      "S5": {
        "accuracy": 0.9800000011920929,
        "precision": 0.9800000011920929,
        "recall": 0.9800000011920929,
        "f1": 0.9800000011920929
      },
      "S6": {
        "accuracy": 0.9714285731315613,
        "precision": 0.9714285731315613,
        "recall": 0.9714285731315613,
        "f1": 0.9714285731315613
      },
      "S7": {
        "accuracy": 0.8971428632736206,
        "precision": 0.8996638715267181,
        "recall": 0.8971428632736206,
        "f1": 0.8983850992256743
      },
      "S8": {
        "accuracy": 0.9314285755157471,
        "precision": 0.9314285755157471,
        "recall": 0.9314285755157471,
        "f1": 0.9314285755157471
      },
      "S9": {
        "accuracy": 0.9942857146263122,
        "precision": 0.9942857146263122,
        "recall": 0.9942857146263122,
        "f1": 0.9942857146263122
      },
      "S10": {
        "accuracy": 0.9861111044883728,
        "precision": 0.9861111044883728,
        "recall": 0.9861111044883728,
        "f1": 0.9861111044883728
      },
      "S11": {
        "accuracy": 0.6888888955116272,
        "precision": 0.6906432807445526,
        "recall": 0.6944444477558136,
        "f1": 0.6924924971632404
      },
      "S13": {
        "accuracy": 0.949999988079071,
        "precision": 0.949999988079071,
        "recall": 0.949999988079071,
        "f1": 0.949999988079071
      },
      "S14": {
        "accuracy": 0.5444444388151168,
        "precision": 0.5513347744941711,
        "recall": 0.5416666597127915,
        "f1": 0.5463546937391188
      },
      "S15": {
        "accuracy": 0.9888888835906983,
        "precision": 0.9944444417953491,
        "recall": 0.9833333313465118,
        "f1": 0.9886881654047786
      },
      "S16": {
        "accuracy": 0.9805555462837219,
        "precision": 0.9805555462837219,
        "recall": 0.9805555462837219,
        "f1": 0.9805555462837219
      },
      "S17": {
        "accuracy": 0.5388889014720917,
        "precision": 0.5388889014720917,
        "recall": 0.5388889014720917,
        "f1": 0.5388889014720917
      },
      "average": {
        "accuracy": 0.8811179568370184,
        "precision": 0.8820401958624522,
        "recall": 0.8807366929451625,
        "f1": 0.8813583518409368
      }
    },
    "std": {
      "S2": {
        "accuracy": 0.024014603890026614,
        "precision": 0.024014603890026614,
        "recall": 0.024014603890026614,
        "f1": 0.024014603890026614
      },
      "S3": {
        "accuracy": 0.03396178998720714,
        "precision": 0.03193886748187223,
        "recall": 0.03236780019482782,
        "f1": 0.03163936130795169
      },
      "S4": {
        "accuracy": 0.0,
        "precision": 0.0,
        "recall": 0.0,
        "f1": 0.0
      },
      "S5": {
        "accuracy": 0.01380131036422483,
        "precision": 0.01380131036422483,
        "recall": 0.01380131036422483,
        "f1": 0.01380131036422483
      },
      "S6": {
        "accuracy": 0.019047617912292477,
        "precision": 0.019047617912292477,
        "recall": 0.019047617912292477,
        "f1": 0.019047617912292477
      },
      "S7": {
        "accuracy": 0.019977310202976623,
        "precision": 0.015445327446416812,
        "recall": 0.019977310202976623,
        "f1": 0.017438562372438432
      },
      "S8": {
        "accuracy": 0.02409354264138622,
        "precision": 0.02409354264138622,
        "recall": 0.02409354264138622,
        "f1": 0.02409354264138622
      },
      "S9": {
        "accuracy": 0.012046771320693123,
        "precision": 0.012046771320693123,
        "recall": 0.012046771320693123,
        "f1": 0.012046771320693123
      },
      "S10": {
        "accuracy": 0.019641864398925988,
        "precision": 0.019641864398925988,
        "recall": 0.019641864398925988,
        "f1": 0.019641864398925988
      },
      "S11": {
        "accuracy": 0.04303314401623819,
        "precision": 0.0423791682695383,
        "recall": 0.043429770847349385,
        "f1": 0.04247064164232175
      },
      "S13": {
        "accuracy": 0.021911396902203003,
        "precision": 0.021911396902203003,
        "recall": 0.021911396902203003,
        "f1": 0.021911396902203003
      },
      "S14": {
        "accuracy": 0.12776435499298866,
        "precision": 0.13127748333716333,
        "recall": 0.1291326430177696,
        "f1": 0.12988292631801007
      },
      "S15": {
        "accuracy": 0.019422395338540423,
        "precision": 0.011712145066888415,
        "recall": 0.026835879207216466,
        "f1": 0.01616706902350078
      },
      "S16": {
        "accuracy": 0.022868694303209244,
        "precision": 0.022868694303209244,
        "recall": 0.022868694303209244,
        "f1": 0.022868694303209244
      },
      "S17": {
        "accuracy": 0.029860218263656004,
        "precision": 0.029860218263656004,
        "recall": 0.029860218263656004,
        "f1": 0.029860218263656004
      },
      "average": {
        "accuracy": 0.009404654935048115,
        "precision": 0.010314631967709896,
        "recall": 0.009798042084518208,
        "f1": 0.009957033087268067
      }
    },
    "poor_ratio": 0.0
  }
}