{
  "real_subj_cnt": 15,
  "real_path": "stress_slurm/data/wesad_1hz.pickle",
  "sliding_windows": false,
  "syn_subj_cnt": 15,
  "gan_config": {
    "gan_mode": "DGAN",
    "name": "DGAN",
    "path": "stress_slurm/data/100_subj_DGAN.csv",
    "eps": null
  },
  "privacy_config": {
    "l2_norm_clip": 1.0,
    "eps": null,
    "num_unique_windows": null,
    "delta": null,
    "noise_multiplier": null
  },
  "train_config": {
    "nn_mode": "Transformer",
    "epochs": 110,
    "batch_size": 50,
    "learning_rate": 0.0001,
    "eval_mode": "LOSO",
    "random_seed": 42,
    "data_noise_parameter": null
  },
  "results": {
    "num_runs": 10,
    "mean": {
      "S2": {
        "accuracy": 0.8941176354885101,
        "precision": 0.8888235211372375,
        "recall": 0.8941176354885101,
        "f1": 0.8914322151891876
      },
      "S3": {
        "accuracy": 0.6882353007793427,
        "precision": 0.6861692607402802,
        "recall": 0.6911764800548553,
        "f1": 0.688521739001642
      },
      "S4": {
        "accuracy": 0.9714285731315613,
        "precision": 0.9714285731315613,
        "recall": 0.9685714304447174,
        "f1": 0.9699792978568779
      },
      "S5": {
        "accuracy": 0.9171428620815277,
        "precision": 0.9219225883483887,
        "recall": 0.9142857193946838,
        "f1": 0.9180087719158827
      },
      "S6": {
        "accuracy": 0.954285717010498,
        "precision": 0.9569747924804688,
        "recall": 0.954285717010498,
        "f1": 0.9556107686926051
      },
      "S7": {
        "accuracy": 0.7000000178813934,
        "precision": 0.6990756452083587,
        "recall": 0.6971428751945495,
        "f1": 0.6980952546441788
      },
      "S8": {
        "accuracy": 0.9285714328289032,
        "precision": 0.928809529542923,
        "recall": 0.9314285755157471,
        "f1": 0.9301006085554349
      },
      "S9": {
        "accuracy": 0.9257142901420593,
        "precision": 0.9257142901420593,
        "recall": 0.9257142901420593,
        "f1": 0.9257142901420593
      },
      "S10": {
        "accuracy": 0.9833333253860473,
        "precision": 0.983483475446701,
        "recall": 0.9861111044883728,
        "f1": 0.9847792924982809
      },
      "S11": {
        "accuracy": 0.830555546283722,
        "precision": 0.8288415729999542,
        "recall": 0.82222221493721,
        "f1": 0.8251849466300761
      },
      "S13": {
        "accuracy": 0.9083333373069763,
        "precision": 0.9083333373069763,
        "recall": 0.9083333373069763,
        "f1": 0.9083333373069763
      },
      "S14": {
        "accuracy": 0.3027777820825577,
        "precision": 0.3031746089458466,
        "recall": 0.3027777835726738,
        "f1": 0.30297340171467424
      },
      "S15": {
        "accuracy": 0.9916666626930237,
        "precision": 0.9916666626930237,
        "recall": 0.9916666626930237,
        "f1": 0.9916666626930237
      },
      "S16": {
        "accuracy": 0.9583333313465119,
        "precision": 0.9583333313465119,
        "recall": 0.9583333313465119,
        "f1": 0.9583333313465119
      },
      "S17": {
        "accuracy": 0.4833333373069763,
        "precision": 0.4782920807600021,
        "recall": 0.4833333343267441,
        "f1": 0.4806295592749582
      },
      "average": {
        "accuracy": 0.8291886101166407,
        "precision": 0.8287362180153529,
        "recall": 0.8286333661278089,
        "f1": 0.8286242318308247
      }
    },
    "std": {
      "S2": {
        "accuracy": 0.07867608462036385,
        "precision": 0.0770140502450093,
        "recall": 0.07867608462036385,
        "f1": 0.07763713627443959
      },
      "S3": {
        "accuracy": 0.07619356310260894,
        "precision": 0.07350315517410419,
        "recall": 0.0654003004619665,
        "f1": 0.06886800534214518
      },
      "S4": {
        "accuracy": 0.02693739958246472,
        "precision": 0.02693739958246472,
        "recall": 0.025016999530896627,
        "f1": 0.02558534760777058
      },
      "S5": {
        "accuracy": 0.08351679985398673,
        "precision": 0.08288848459103304,
        "recall": 0.08728715089167702,
        "f1": 0.08469128015137523
      },
      "S6": {
        "accuracy": 0.024093542641386228,
        "precision": 0.020341611279037122,
        "recall": 0.024093542641386228,
        "f1": 0.021915155757885243
      },
      "S7": {
        "accuracy": 0.1265269472735146,
        "precision": 0.12667658898634543,
        "recall": 0.1272061475193623,
        "f1": 0.12690870059553155
      },
      "S8": {
        "accuracy": 0.015058464150866395,
        "precision": 0.01482449384106688,
        "recall": 0.014754221391846175,
        "f1": 0.014198445983376235
      },
      "S9": {
        "accuracy": 0.05901688556738469,
        "precision": 0.05901688556738469,
        "recall": 0.05901688556738469,
        "f1": 0.05901688556738469
      },
      "S10": {
        "accuracy": 0.026835895659659915,
        "precision": 0.026597270704120903,
        "recall": 0.023606583078679456,
        "f1": 0.024821630171220164
      },
      "S11": {
        "accuracy": 0.08119689650683472,
        "precision": 0.08743195510758435,
        "recall": 0.07314228527522312,
        "f1": 0.07879073196208924
      },
      "S13": {
        "accuracy": 0.06007824571067702,
        "precision": 0.06007824571067702,
        "recall": 0.06007824571067702,
        "f1": 0.06007824571067702
      },
      "S14": {
        "accuracy": 0.08224599185170045,
        "precision": 0.08940468272511382,
        "recall": 0.09020058430949376,
        "f1": 0.08980692863248325
      },
      "S15": {
        "accuracy": 0.013417947829829937,
        "precision": 0.013417947829829937,
        "recall": 0.013417947829829937,
        "f1": 0.013417947829829937
      },
      "S16": {
        "accuracy": 0.06448328270642255,
        "precision": 0.06448328270642255,
        "recall": 0.06448328270642255,
        "f1": 0.06448328270642255
      },
      "S17": {
        "accuracy": 0.05105203225499463,
        "precision": 0.0461157802827173,
        "recall": 0.04757494037454346,
        "f1": 0.04578449681767034
      },
      "average": {
        "accuracy": 0.01961257532347119,
        "precision": 0.02022719482626405,
        "recall": 0.019707490369390797,
        "f1": 0.019853845354006052
      }
    },
    "poor_ratio": 0.0
  }
}