{
  "real_subj_cnt": 15,
  "real_path": "stress_slurm/data/wesad_1hz.pickle",
  "sliding_windows": false,
  "syn_subj_cnt": 0,
  "gan_config": {
    "gan_mode": "noGAN",
    "type": null,
    "path": null,
    "eps": null
  },
  "privacy_config": {
    "l2_norm_clip": 1.0,
    "eps": null,
    "num_unique_windows": null,
    "delta": null,
    "noise_multiplier": null
  },
  "train_config": {
    "nn_mode": "CNN",
    "epochs": 10,
    "batch_size": 50,
    "learning_rate": 0.001,
    "eval_mode": "LOSO",
    "random_seed": 42,
    "data_noise_parameter": 0.2
  },
  "results": {
    "num_runs": 10,
    "mean": {
      "S2": {
        "accuracy": 0.9499999821186066,
        "precision": 0.9498013615608215,
        "recall": 0.9499999761581421,
        "f1": 0.9498205714857914
      },
      "S3": {
        "accuracy": 0.6999999940395355,
        "precision": 0.6990960001945495,
        "recall": 0.6970588147640229,
        "f1": 0.6980004019467483
      },
      "S4": {
        "accuracy": 1.0,
        "precision": 1.0,
        "recall": 1.0,
        "f1": 1.0
      },
      "S5": {
        "accuracy": 0.9885714292526245,
        "precision": 0.9885714292526245,
        "recall": 0.9885714292526245,
        "f1": 0.9885714292526245
      },
      "S6": {
        "accuracy": 0.954285717010498,
        "precision": 0.9570588231086731,
        "recall": 0.954285717010498,
        "f1": 0.9556521751103946
      },
      "S7": {
        "accuracy": 0.9228571474552154,
        "precision": 0.9228571474552154,
        "recall": 0.9228571474552154,
        "f1": 0.9228571474552154
      },
      "S8": {
        "accuracy": 0.9828571438789367,
        "precision": 0.983095234632492,
        "recall": 0.9885714292526245,
        "f1": 0.9857947671621524
      },
      "S9": {
        "accuracy": 0.9714285731315613,
        "precision": 0.9715873003005981,
        "recall": 0.9771428585052491,
        "f1": 0.9743259557346766
      },
      "S10": {
        "accuracy": 0.9722222089767456,
        "precision": 0.9749206244945526,
        "recall": 0.9722222089767456,
        "f1": 0.9735524137893666
      },
      "S11": {
        "accuracy": 0.7166666686534882,
        "precision": 0.7066262483596801,
        "recall": 0.7194444477558136,
        "f1": 0.7126498194524944
      },
      "S13": {
        "accuracy": 0.9805555462837219,
        "precision": 0.980630624294281,
        "recall": 0.9833333253860473,
        "f1": 0.9819634632000357
      },
      "S14": {
        "accuracy": 0.6194444537162781,
        "precision": 0.6213671624660492,
        "recall": 0.6250000119209289,
        "f1": 0.6230899904743565
      },
      "S15": {
        "accuracy": 0.9777777671813965,
        "precision": 0.9750750660896301,
        "recall": 0.9777777671813965,
        "f1": 0.9764079049953848
      },
      "S16": {
        "accuracy": 0.8888888895511627,
        "precision": 0.8862312316894532,
        "recall": 0.8861111104488373,
        "f1": 0.8861025359495838
      },
      "S17": {
        "accuracy": 0.5527777791023254,
        "precision": 0.5501651644706727,
        "recall": 0.55,
        "f1": 0.550060560758382
      },
      "average": {
        "accuracy": 0.8785555533568065,
        "precision": 0.8778055612246195,
        "recall": 0.879491749604543,
        "f1": 0.8785899424511472
      }
    },
    "std": {
      "S2": {
        "accuracy": 0.031157339238836478,
        "precision": 0.028833867867550385,
        "recall": 0.03933804131986148,
        "f1": 0.03333287867021803
      },
      "S3": {
        "accuracy": 0.02702754640315327,
        "precision": 0.02266266901488414,
        "recall": 0.027902449326694983,
        "f1": 0.024186053477012474
      },
      "S4": {
        "accuracy": 0.0,
        "precision": 0.0,
        "recall": 0.0,
        "f1": 0.0
      },
      "S5": {
        "accuracy": 0.014754221391846173,
        "precision": 0.014754221391846173,
        "recall": 0.014754221391846173,
        "f1": 0.014754221391846173
      },
      "S6": {
        "accuracy": 0.014754221391846175,
        "precision": 0.01497197836000926,
        "recall": 0.014754221391846175,
        "f1": 0.014200543319207589
      },
      "S7": {
        "accuracy": 0.013801310364224832,
        "precision": 0.013801310364224832,
        "recall": 0.013801310364224832,
        "f1": 0.013801310364224832
      },
      "S8": {
        "accuracy": 0.01997731020297662,
        "precision": 0.019576904616434094,
        "recall": 0.014754221391846171,
        "f1": 0.01638029832636439
      },
      "S9": {
        "accuracy": 0.0,
        "precision": 0.0003346262538046949,
        "recall": 0.012046771320693114,
        "f1": 0.006108218852528229
      },
      "S10": {
        "accuracy": 0.02618915253190132,
        "precision": 0.024333459163392673,
        "recall": 0.02618915253190132,
        "f1": 0.024928993389909313
      },
      "S11": {
        "accuracy": 0.061139157885493435,
        "precision": 0.04052974355023161,
        "recall": 0.06734480217386922,
        "f1": 0.05239114355810236
      },
      "S13": {
        "accuracy": 0.01341794782982995,
        "precision": 0.01336814709856601,
        "recall": 0.01434438960366589,
        "f1": 0.01318298435396239
      },
      "S14": {
        "accuracy": 0.043528364768323155,
        "precision": 0.04048432288587579,
        "recall": 0.04583099284691444,
        "f1": 0.04252040248769507
      },
      "S15": {
        "accuracy": 0.011712145066888417,
        "precision": 0.008760906902783687,
        "recall": 0.011712145066888417,
        "f1": 0.009396383269058088
      },
      "S16": {
        "accuracy": 0.04721315057144997,
        "precision": 0.04768035312127724,
        "recall": 0.048023349711391015,
        "f1": 0.04713346759343573
      },
      "S17": {
        "accuracy": 0.03806444536926885,
        "precision": 0.03642505001409717,
        "recall": 0.03414645137511634,
        "f1": 0.03509095576903832
      },
      "average": {
        "accuracy": 0.004054778507426249,
        "precision": 0.0032716679599680675,
        "recall": 0.004039418782673361,
        "f1": 0.0032371873390401144
      }
    },
    "poor_ratio": 0.0
  }
}