{
  "real_subj_cnt": 15,
  "real_path": "stress_slurm/data/wesad_1hz.pickle",
  "sliding_windows": false,
  "syn_subj_cnt": 0,
  "gan_config": {
    "gan_mode": "noGAN",
    "type": null,
    "path": null,
    "eps": null
  },
  "privacy_config": {
    "l2_norm_clip": 1.0,
    "eps": null,
    "num_unique_windows": null,
    "delta": null,
    "noise_multiplier": null
  },
  "train_config": {
    "nn_mode": "CNN",
    "epochs": 10,
    "batch_size": 50,
    "learning_rate": 0.001,
    "eval_mode": "LOSO",
    "random_seed": 42,
    "data_noise_parameter": 0.1
  },
  "results": {
    "num_runs": 10,
    "mean": {
      "S2": {
        "accuracy": 0.9382352769374848,
        "precision": 0.9409090876579285,
        "recall": 0.9323529303073883,
        "f1": 0.9365671570063647
      },
      "S3": {
        "accuracy": 0.7058823466300964,
        "precision": 0.7018360137939453,
        "recall": 0.7058823525905609,
        "f1": 0.7037682464258006
      },
      "S4": {
        "accuracy": 0.9971428573131561,
        "precision": 0.9971428573131561,
        "recall": 0.9971428573131561,
        "f1": 0.9971428573131561
      },
      "S5": {
        "accuracy": 0.9914285719394684,
        "precision": 0.9887301564216614,
        "recall": 0.9914285719394684,
        "f1": 0.9900195365810566
      },
      "S6": {
        "accuracy": 0.9571428596973419,
        "precision": 0.959915965795517,
        "recall": 0.9571428596973419,
        "f1": 0.9585093177972384
      },
      "S7": {
        "accuracy": 0.9171428620815277,
        "precision": 0.9147619128227233,
        "recall": 0.9200000047683716,
        "f1": 0.9173440708477472
      },
      "S8": {
        "accuracy": 0.9628571450710297,
        "precision": 0.9604676067829132,
        "recall": 0.9685714304447174,
        "f1": 0.9644254405153292
      },
      "S9": {
        "accuracy": 0.9714285731315613,
        "precision": 0.9714285731315613,
        "recall": 0.9714285731315613,
        "f1": 0.9714285731315613
      },
      "S10": {
        "accuracy": 0.9805555462837219,
        "precision": 0.980630624294281,
        "recall": 0.9777777671813965,
        "f1": 0.9791063189415754
      },
      "S11": {
        "accuracy": 0.752777761220932,
        "precision": 0.7490838527679443,
        "recall": 0.752777761220932,
        "f1": 0.750852611855827
      },
      "S13": {
        "accuracy": 0.9777777671813965,
        "precision": 0.9777777671813965,
        "recall": 0.9777777671813965,
        "f1": 0.9777777671813965
      },
      "S14": {
        "accuracy": 0.622222226858139,
        "precision": 0.6190658569335937,
        "recall": 0.6277777850627899,
        "f1": 0.6231795587246644
      },
      "S15": {
        "accuracy": 0.9888888835906983,
        "precision": 0.9916666626930237,
        "recall": 0.9888888835906983,
        "f1": 0.9902582113077376
      },
      "S16": {
        "accuracy": 0.8972222149372101,
        "precision": 0.9028417348861695,
        "recall": 0.8972222149372101,
        "f1": 0.899816400139372
      },
      "S17": {
        "accuracy": 0.575,
        "precision": 0.5733321845531464,
        "recall": 0.577777773141861,
        "f1": 0.575416404841762
      },
      "average": {
        "accuracy": 0.8823803261915841,
        "precision": 0.8819727238019308,
        "recall": 0.8829299688339234,
        "f1": 0.882374164840706
      }
    },
    "std": {
      "S2": {
        "accuracy": 0.025752794769305556,
        "precision": 0.027416155532635014,
        "recall": 0.019851434343883933,
        "f1": 0.022863839575877346
      },
      "S3": {
        "accuracy": 0.027729676040775374,
        "precision": 0.020878340855610293,
        "recall": 0.02401460389002662,
        "f1": 0.020942710586117377
      },
      "S4": {
        "accuracy": 0.009035078490519832,
        "precision": 0.009035078490519832,
        "recall": 0.009035078490519832,
        "f1": 0.009035078490519832
      },
      "S5": {
        "accuracy": 0.013801310364224842,
        "precision": 0.014551710369338663,
        "recall": 0.013801310364224832,
        "f1": 0.01175369118925889
      },
      "S6": {
        "accuracy": 0.024281043855559705,
        "precision": 0.024050678910427715,
        "recall": 0.024281043855559705,
        "f1": 0.023766816119750497
      },
      "S7": {
        "accuracy": 0.009035078490519842,
        "precision": 0.0010039038929389853,
        "recall": 0.012046771320693114,
        "f1": 0.006447570984643762
      },
      "S8": {
        "accuracy": 0.027105235471559512,
        "precision": 0.027298135768893807,
        "recall": 0.028412253335404866,
        "f1": 0.026305898601901714
      },
      "S9": {
        "accuracy": 0.0,
        "precision": 0.0,
        "recall": 0.0,
        "f1": 0.0
      },
      "S10": {
        "accuracy": 0.026352326400498928,
        "precision": 0.02632700399975839,
        "recall": 0.02868877920733177,
        "f1": 0.025599020337372973
      },
      "S11": {
        "accuracy": 0.06341071938515255,
        "precision": 0.06703270715860345,
        "recall": 0.06341071938515254,
        "f1": 0.06487592921108602
      },
      "S13": {
        "accuracy": 0.011712145066888408,
        "precision": 0.011712145066888408,
        "recall": 0.011712145066888408,
        "f1": 0.011712145066888408
      },
      "S14": {
        "accuracy": 0.06829291298652587,
        "precision": 0.053482550974691526,
        "recall": 0.06029191538631485,
        "f1": 0.055484353953741676
      },
      "S15": {
        "accuracy": 0.014344389603665889,
        "precision": 0.013417947829829937,
        "recall": 0.014344389603665889,
        "f1": 0.01318317987108024
      },
      "S16": {
        "accuracy": 0.05079950489767067,
        "precision": 0.047746304515917805,
        "recall": 0.0435283626551626,
        "f1": 0.04356821094763135
      },
      "S17": {
        "accuracy": 0.026352299872782856,
        "precision": 0.02715093434794936,
        "recall": 0.025526003875671287,
        "f1": 0.024642189608220125
      },
      "average": {
        "accuracy": 0.009487188472555036,
        "precision": 0.009396696993543341,
        "recall": 0.007314412188527903,
        "f1": 0.007945921443811349
      }
    },
    "poor_ratio": 0.0
  }
}