{
  "real_subj_cnt": 15,
  "real_path": "stress_slurm/data/wesad_1hz.pickle",
  "sliding_windows": false,
  "syn_subj_cnt": 0,
  "gan_config": {
    "gan_mode": "noGAN",
    "type": null,
    "path": null,
    "eps": null
  },
  "privacy_config": {
    "l2_norm_clip": 1.0,
    "eps": null,
    "num_unique_windows": null,
    "delta": null,
    "noise_multiplier": null
  },
  "train_config": {
    "nn_mode": "CNN",
    "epochs": 10,
    "batch_size": 50,
    "learning_rate": 0.001,
    "eval_mode": "LOSO",
    "random_seed": 42,
    "data_noise_parameter": 0.8
  },
  "results": {
    "num_runs": 10,
    "mean": {
      "S2": {
        "accuracy": 0.8382352828979492,
        "precision": 0.8359409153461457,
        "recall": 0.8382352828979492,
        "f1": 0.8370347661516282
      },
      "S3": {
        "accuracy": 0.6735294044017792,
        "precision": 0.6715966403484345,
        "recall": 0.6676470577716828,
        "f1": 0.6695639453531057
      },
      "S4": {
        "accuracy": 0.7428571581840515,
        "precision": 0.7428571581840515,
        "recall": 0.7428571581840515,
        "f1": 0.7428571581840515
      },
      "S5": {
        "accuracy": 0.908571434020996,
        "precision": 0.911176472902298,
        "recall": 0.908571434020996,
        "f1": 0.9098550763908391
      },
      "S6": {
        "accuracy": 0.8171428680419922,
        "precision": 0.8192437052726745,
        "recall": 0.8171428680419922,
        "f1": 0.8181780632216749
      },
      "S7": {
        "accuracy": 0.9942857146263122,
        "precision": 0.9942016780376435,
        "recall": 0.9914285719394684,
        "f1": 0.9927950300393649
      },
      "S8": {
        "accuracy": 0.8542857229709625,
        "precision": 0.8535983204841614,
        "recall": 0.8542857229709625,
        "f1": 0.8535585176789313
      },
      "S9": {
        "accuracy": 0.8485714375972748,
        "precision": 0.8457142949104309,
        "recall": 0.8571428656578064,
        "f1": 0.8510476279523637
      },
      "S10": {
        "accuracy": 0.9361110925674438,
        "precision": 0.938730138540268,
        "recall": 0.9361110925674438,
        "f1": 0.9374021715799558
      },
      "S11": {
        "accuracy": 0.7472222208976745,
        "precision": 0.7512698471546173,
        "recall": 0.7472222208976745,
        "f1": 0.7492175295650426
      },
      "S13": {
        "accuracy": 0.9083333313465118,
        "precision": 0.9061561524868011,
        "recall": 0.9111111044883728,
        "f1": 0.908599690480312
      },
      "S14": {
        "accuracy": 0.6638889014720917,
        "precision": 0.6620356202125549,
        "recall": 0.6638889014720917,
        "f1": 0.6629242094756225
      },
      "S15": {
        "accuracy": 0.7694444417953491,
        "precision": 0.7759888470172882,
        "recall": 0.7694444417953491,
        "f1": 0.7726423983858653
      },
      "S16": {
        "accuracy": 0.7111110925674439,
        "precision": 0.7141441404819489,
        "recall": 0.7138888716697693,
        "f1": 0.7139333613859262
      },
      "S17": {
        "accuracy": 0.6055555582046509,
        "precision": 0.6029566884040832,
        "recall": 0.6,
        "f1": 0.6013369599208114
      },
      "average": {
        "accuracy": 0.8012763774394989,
        "precision": 0.8017073746522267,
        "recall": 0.8012651729583741,
        "f1": 0.8013964337176998
      }
    },
    "std": {
      "S2": {
        "accuracy": 0.034662090836283514,
        "precision": 0.03586578570102868,
        "recall": 0.034662090836283514,
        "f1": 0.034595192729209766
      },
      "S3": {
        "accuracy": 0.009300806668860353,
        "precision": 0.006866635799608091,
        "recall": 0.014207216861400892,
        "f1": 0.009367668522805302
      },
      "S4": {
        "accuracy": 0.0,
        "precision": 0.0,
        "recall": 0.0,
        "f1": 0.0
      },
      "S5": {
        "accuracy": 0.012046771320693114,
        "precision": 0.008981511433502832,
        "recall": 0.012046771320693114,
        "f1": 0.00981841118502235
      },
      "S6": {
        "accuracy": 0.13278799252661555,
        "precision": 0.13113578760794187,
        "recall": 0.13278799252661555,
        "f1": 0.13193464754522213
      },
      "S7": {
        "accuracy": 0.01204677132069311,
        "precision": 0.012225540708685853,
        "recall": 0.019284243356585247,
        "f1": 0.015590491091382688
      },
      "S8": {
        "accuracy": 0.08131570641467853,
        "precision": 0.07934287748569716,
        "recall": 0.0652224481820158,
        "f1": 0.06982361751475352
      },
      "S9": {
        "accuracy": 0.11668123606081236,
        "precision": 0.11757179765511504,
        "recall": 0.11818736101253968,
        "f1": 0.11647219898891932
      },
      "S10": {
        "accuracy": 0.01874855643822407,
        "precision": 0.01751953073028191,
        "recall": 0.01874855643822407,
        "f1": 0.017674556971838302
      },
      "S11": {
        "accuracy": 0.024322095924643385,
        "precision": 0.017806413972906106,
        "recall": 0.024322095924643385,
        "f1": 0.02092942093495274
      },
      "S13": {
        "accuracy": 0.026352299174681997,
        "precision": 0.02935722749881931,
        "recall": 0.028688748427625567,
        "f1": 0.028555308262833253
      },
      "S14": {
        "accuracy": 0.015767945023852138,
        "precision": 0.010820010983367734,
        "recall": 0.015767945023852138,
        "f1": 0.012477594608412147
      },
      "S15": {
        "accuracy": 0.06683363582558104,
        "precision": 0.06499668978591926,
        "recall": 0.06553828613933683,
        "f1": 0.06489919959946157
      },
      "S16": {
        "accuracy": 0.02342429013377683,
        "precision": 0.022339537172956742,
        "recall": 0.018748579987530697,
        "f1": 0.018926308555208524
      },
      "S17": {
        "accuracy": 0.07612889798801027,
        "precision": 0.07690257681920071,
        "recall": 0.08198497014171963,
        "f1": 0.07886586469866677
      },
      "average": {
        "accuracy": 0.008666170927156297,
        "precision": 0.009719172989980474,
        "recall": 0.0075388883169867,
        "f1": 0.008259836048698649
      }
    },
    "poor_ratio": 0.0
  }
}