{
  "real_subj_cnt": 15,
  "real_path": "stress_slurm/data/wesad_1hz.pickle",
  "sliding_windows": false,
  "syn_subj_cnt": 0,
  "gan_config": {
    "gan_mode": "noGAN",
    "type": null,
    "path": null,
    "eps": null
  },
  "privacy_config": {
    "l2_norm_clip": 1.0,
    "eps": null,
    "num_unique_windows": null,
    "delta": null,
    "noise_multiplier": null
  },
  "train_config": {
    "nn_mode": "CNN",
    "epochs": 10,
    "batch_size": 50,
    "learning_rate": 0.001,
    "eval_mode": "LOSO",
    "random_seed": 42,
    "data_noise_parameter": 2
  },
  "results": {
    "num_runs": 10,
    "mean": {
      "S2": {
        "accuracy": 0.7088235437870025,
        "precision": 0.7109625816345215,
        "recall": 0.7088235437870025,
        "f1": 0.7098770997390951
      },
      "S3": {
        "accuracy": 0.6764705777168274,
        "precision": 0.6764705777168274,
        "recall": 0.6764705777168274,
        "f1": 0.6764705777168274
      },
      "S4": {
        "accuracy": 0.7428571581840515,
        "precision": 0.7428571581840515,
        "recall": 0.7428571581840515,
        "f1": 0.7428571581840515
      },
      "S5": {
        "accuracy": 0.7971428692340851,
        "precision": 0.7947311282157898,
        "recall": 0.7971428692340851,
        "f1": 0.7957865178947099
      },
      "S6": {
        "accuracy": 0.7142857313156128,
        "precision": 0.7142857313156128,
        "recall": 0.7142857313156128,
        "f1": 0.7142857313156128
      },
      "S7": {
        "accuracy": 0.8028571546077728,
        "precision": 0.8029085099697113,
        "recall": 0.8028571546077728,
        "f1": 0.802849573654635
      },
      "S8": {
        "accuracy": 0.7457143008708954,
        "precision": 0.7435714423656463,
        "recall": 0.7457143008708954,
        "f1": 0.7446277810559578
      },
      "S9": {
        "accuracy": 0.7142857313156128,
        "precision": 0.7142857313156128,
        "recall": 0.7142857313156128,
        "f1": 0.7142857313156128
      },
      "S10": {
        "accuracy": 0.7777777731418609,
        "precision": 0.777752035856247,
        "recall": 0.7777777791023255,
        "f1": 0.7777327585210627
      },
      "S11": {
        "accuracy": 0.6999999761581421,
        "precision": 0.6915311455726624,
        "recall": 0.6999999761581421,
        "f1": 0.6954905989640959
      },
      "S13": {
        "accuracy": 0.7583333194255829,
        "precision": 0.7583333194255829,
        "recall": 0.7583333194255829,
        "f1": 0.7583333194255829
      },
      "S14": {
        "accuracy": 0.6944444179534912,
        "precision": 0.6944444179534912,
        "recall": 0.6944444179534912,
        "f1": 0.6944444179534912
      },
      "S15": {
        "accuracy": 0.7222222089767456,
        "precision": 0.7222222089767456,
        "recall": 0.7222222089767456,
        "f1": 0.7222222089767456
      },
      "S16": {
        "accuracy": 0.6944444179534912,
        "precision": 0.6944444179534912,
        "recall": 0.6944444179534912,
        "f1": 0.6944444179534912
      },
      "S17": {
        "accuracy": 0.7222222089767456,
        "precision": 0.7222222089767456,
        "recall": 0.7222222089767456,
        "f1": 0.7222222089767456
      },
      "average": {
        "accuracy": 0.7314587593078613,
        "precision": 0.7307348410288493,
        "recall": 0.7314587597052256,
        "f1": 0.7310620067765145
      }
    },
    "std": {
      "S2": {
        "accuracy": 0.009300806668860353,
        "precision": 0.010875624547401059,
        "recall": 0.009300806668860353,
        "f1": 0.009524643138002145
      },
      "S3": {
        "accuracy": 0.0,
        "precision": 0.0,
        "recall": 0.0,
        "f1": 0.0
      },
      "S4": {
        "accuracy": 0.0,
        "precision": 0.0,
        "recall": 0.0,
        "f1": 0.0
      },
      "S5": {
        "accuracy": 0.04353953816926955,
        "precision": 0.04211193692081036,
        "recall": 0.051198778112945736,
        "f1": 0.0452087857458265
      },
      "S6": {
        "accuracy": 0.0,
        "precision": 0.0,
        "recall": 0.0,
        "f1": 0.0
      },
      "S7": {
        "accuracy": 0.01621846223894846,
        "precision": 0.015393204738218714,
        "recall": 0.016218462238948458,
        "f1": 0.01480066141139393
      },
      "S8": {
        "accuracy": 0.009035078490519832,
        "precision": 0.0022587649104690473,
        "recall": 0.009035078490519832,
        "f1": 0.005599201152412513
      },
      "S9": {
        "accuracy": 0.0,
        "precision": 0.0,
        "recall": 0.0,
        "f1": 0.0
      },
      "S10": {
        "accuracy": 0.04899539548373415,
        "precision": 0.04901167819372187,
        "recall": 0.05071505766655697,
        "f1": 0.04953149999374727
      },
      "S11": {
        "accuracy": 0.01756821760033263,
        "precision": 0.03362152135733082,
        "recall": 0.01756821760033263,
        "f1": 0.023825583861973067
      },
      "S13": {
        "accuracy": 0.05863385199620007,
        "precision": 0.05863385199620007,
        "recall": 0.05863385199620007,
        "f1": 0.05863385199620007
      },
      "S14": {
        "accuracy": 0.0,
        "precision": 0.0,
        "recall": 0.0,
        "f1": 0.0
      },
      "S15": {
        "accuracy": 0.0,
        "precision": 0.0,
        "recall": 0.0,
        "f1": 0.0
      },
      "S16": {
        "accuracy": 0.0,
        "precision": 0.0,
        "recall": 0.0,
        "f1": 0.0
      },
      "S17": {
        "accuracy": 0.0,
        "precision": 0.0,
        "recall": 0.0,
        "f1": 0.0
      },
      "average": {
        "accuracy": 0.005572555552945748,
        "precision": 0.0048557431352780405,
        "recall": 0.005503925296380261,
        "f1": 0.0050101980897767585
      }
    },
    "poor_ratio": 0.0
  }
}