{
  "real_subj_cnt": 15,
  "real_path": "stress_slurm/data/wesad_1hz.pickle",
  "sliding_windows": false,
  "syn_subj_cnt": 0,
  "gan_config": {
    "gan_mode": "noGAN",
    "type": null,
    "path": null,
    "eps": null
  },
  "privacy_config": {
    "l2_norm_clip": 1.0,
    "eps": null,
    "num_unique_windows": null,
    "delta": null,
    "noise_multiplier": null
  },
  "train_config": {
    "nn_mode": "CNN",
    "epochs": 10,
    "batch_size": 50,
    "learning_rate": 0.001,
    "eval_mode": "LOSO",
    "random_seed": 42,
    "data_noise_parameter": 1
  },
  "results": {
    "num_runs": 10,
    "mean": {
      "S2": {
        "accuracy": 0.7205882489681243,
        "precision": 0.718487411737442,
        "recall": 0.7205882489681243,
        "f1": 0.7195226069171247
      },
      "S3": {
        "accuracy": 0.6764705777168274,
        "precision": 0.6764705777168274,
        "recall": 0.6764705777168274,
        "f1": 0.6764705777168274
      },
      "S4": {
        "accuracy": 0.7428571581840515,
        "precision": 0.7428571581840515,
        "recall": 0.7428571581840515,
        "f1": 0.7428571581840515
      },
      "S5": {
        "accuracy": 0.800000011920929,
        "precision": 0.8027705669403076,
        "recall": 0.8028571546077728,
        "f1": 0.8027115714350108
      },
      "S6": {
        "accuracy": 0.7142857313156128,
        "precision": 0.7142857313156128,
        "recall": 0.7142857313156128,
        "f1": 0.7142857313156128
      },
      "S7": {
        "accuracy": 0.8857142925262451,
        "precision": 0.8838001906871795,
        "recall": 0.888571435213089,
        "f1": 0.8861137894147604
      },
      "S8": {
        "accuracy": 0.7428571581840515,
        "precision": 0.7428571581840515,
        "recall": 0.7428571581840515,
        "f1": 0.7428571581840515
      },
      "S9": {
        "accuracy": 0.7142857313156128,
        "precision": 0.7142857313156128,
        "recall": 0.7142857313156128,
        "f1": 0.7142857313156128
      },
      "S10": {
        "accuracy": 0.8305555403232574,
        "precision": 0.834343421459198,
        "recall": 0.827777761220932,
        "f1": 0.8309178595168829
      },
      "S11": {
        "accuracy": 0.6999999761581421,
        "precision": 0.6999999761581421,
        "recall": 0.6999999761581421,
        "f1": 0.6999999761581421
      },
      "S13": {
        "accuracy": 0.8166666567325592,
        "precision": 0.8213234603404999,
        "recall": 0.8166666567325592,
        "f1": 0.8189299338453925
      },
      "S14": {
        "accuracy": 0.6944444179534912,
        "precision": 0.6935714066028595,
        "recall": 0.6916666448116302,
        "f1": 0.6926056118929961
      },
      "S15": {
        "accuracy": 0.7222222089767456,
        "precision": 0.7222222089767456,
        "recall": 0.7222222089767456,
        "f1": 0.7222222089767456
      },
      "S16": {
        "accuracy": 0.6944444179534912,
        "precision": 0.6944444179534912,
        "recall": 0.6944444179534912,
        "f1": 0.6944444179534912
      },
      "S17": {
        "accuracy": 0.7222222089767456,
        "precision": 0.7222222089767456,
        "recall": 0.7222222089767456,
        "f1": 0.7222222089767456
      },
      "average": {
        "accuracy": 0.7451742891470591,
        "precision": 0.7455961084365844,
        "recall": 0.7451848713556926,
        "f1": 0.7453631027868965
      }
    },
    "std": {
      "S2": {
        "accuracy": 0.02499519025601556,
        "precision": 0.02449979641719951,
        "recall": 0.02499519025601556,
        "f1": 0.024521228103594334
      },
      "S3": {
        "accuracy": 0.0,
        "precision": 0.0,
        "recall": 0.0,
        "f1": 0.0
      },
      "S4": {
        "accuracy": 0.0,
        "precision": 0.0,
        "recall": 0.0,
        "f1": 0.0
      },
      "S5": {
        "accuracy": 0.026937399582464727,
        "precision": 0.02862398899559106,
        "recall": 0.03676239602901657,
        "f1": 0.03148494868186144
      },
      "S6": {
        "accuracy": 0.0,
        "precision": 0.0,
        "recall": 0.0,
        "f1": 0.0
      },
      "S7": {
        "accuracy": 0.06317380176512681,
        "precision": 0.06325206797978375,
        "recall": 0.06090771810416729,
        "f1": 0.06155042671729723
      },
      "S8": {
        "accuracy": 0.0,
        "precision": 0.0,
        "recall": 0.0,
        "f1": 0.0
      },
      "S9": {
        "accuracy": 0.0,
        "precision": 0.0,
        "recall": 0.0,
        "f1": 0.0
      },
      "S10": {
        "accuracy": 0.0305695786418503,
        "precision": 0.019997555207086935,
        "recall": 0.03884477268066156,
        "f1": 0.029511900885064748
      },
      "S11": {
        "accuracy": 0.017568217600332628,
        "precision": 0.017568217600332628,
        "recall": 0.017568217600332628,
        "f1": 0.017568217600332628
      },
      "S13": {
        "accuracy": 0.06307180459612204,
        "precision": 0.06202860880752261,
        "recall": 0.06169752513210398,
        "f1": 0.0614012777717055
      },
      "S14": {
        "accuracy": 0.0,
        "precision": 0.002760704291176105,
        "recall": 0.00878408995152264,
        "f1": 0.0058148153264860085
      },
      "S15": {
        "accuracy": 0.0,
        "precision": 0.0,
        "recall": 0.0,
        "f1": 0.0
      },
      "S16": {
        "accuracy": 0.0,
        "precision": 0.0,
        "recall": 0.0,
        "f1": 0.0
      },
      "S17": {
        "accuracy": 0.0,
        "precision": 0.0,
        "recall": 0.0,
        "f1": 0.0
      },
      "average": {
        "accuracy": 0.007580022128660095,
        "precision": 0.006658531828730584,
        "recall": 0.008330557235281671,
        "f1": 0.00743161708666166
      }
    },
    "poor_ratio": 0.0
  }
}