{
  "real_subj_cnt": 15,
  "real_path": "stress_slurm/data/wesad_1hz.pickle",
  "sliding_windows": false,
  "syn_subj_cnt": 0,
  "gan_config": {
    "gan_mode": "noGAN",
    "type": null,
    "path": null,
    "eps": null
  },
  "privacy_config": {
    "l2_norm_clip": 1.0,
    "eps": null,
    "num_unique_windows": null,
    "delta": null,
    "noise_multiplier": null
  },
  "train_config": {
    "nn_mode": "CNN",
    "epochs": 10,
    "batch_size": 50,
    "learning_rate": 0.001,
    "eval_mode": "LOSO",
    "random_seed": 42,
    "data_noise_parameter": 0.3
  },
  "results": {
    "num_runs": 10,
    "mean": {
      "S2": {
        "accuracy": 0.9470588147640229,
        "precision": 0.9475128293037415,
        "recall": 0.949999988079071,
        "f1": 0.9485780610780872
      },
      "S3": {
        "accuracy": 0.685294109582901,
        "precision": 0.6862184822559356,
        "recall": 0.6882352888584137,
        "f1": 0.687212271017829
      },
      "S4": {
        "accuracy": 0.9971428573131561,
        "precision": 0.9971428573131561,
        "recall": 0.9971428573131561,
        "f1": 0.9971428573131561
      },
      "S5": {
        "accuracy": 0.9885714292526245,
        "precision": 0.9885714292526245,
        "recall": 0.9885714292526245,
        "f1": 0.9885714292526245
      },
      "S6": {
        "accuracy": 0.9714285731315613,
        "precision": 0.9742857158184052,
        "recall": 0.9714285731315613,
        "f1": 0.9728364405437218
      },
      "S7": {
        "accuracy": 0.9314285755157471,
        "precision": 0.9314285755157471,
        "recall": 0.9314285755157471,
        "f1": 0.9314285755157471
      },
      "S8": {
        "accuracy": 0.9885714292526245,
        "precision": 0.9914285719394684,
        "recall": 0.9885714292526245,
        "f1": 0.9899792966647851
      },
      "S9": {
        "accuracy": 0.9885714292526245,
        "precision": 0.9885714292526245,
        "recall": 0.9885714292526245,
        "f1": 0.9885714292526245
      },
      "S10": {
        "accuracy": 0.9666666507720947,
        "precision": 0.9639639496803284,
        "recall": 0.9638888716697693,
        "f1": 0.9638883372007969
      },
      "S11": {
        "accuracy": 0.6999999940395355,
        "precision": 0.7079365134239197,
        "recall": 0.6999999940395355,
        "f1": 0.7039123626697442
      },
      "S13": {
        "accuracy": 0.9777777671813965,
        "precision": 0.9779279232025146,
        "recall": 0.9833333253860473,
        "f1": 0.9805936010140239
      },
      "S14": {
        "accuracy": 0.6305555582046509,
        "precision": 0.6323809564113617,
        "recall": 0.6305555582046509,
        "f1": 0.6314554023815984
      },
      "S15": {
        "accuracy": 0.9722222089767456,
        "precision": 0.9722972869873047,
        "recall": 0.9749999880790711,
        "f1": 0.9736301258930593
      },
      "S16": {
        "accuracy": 0.8944444417953491,
        "precision": 0.8991051554679871,
        "recall": 0.8888888955116272,
        "f1": 0.8938516061475997
      },
      "S17": {
        "accuracy": 0.5555555641651153,
        "precision": 0.5578307271003723,
        "recall": 0.5638888835906982,
        "f1": 0.5607746981721029
      },
      "average": {
        "accuracy": 0.8796859602133432,
        "precision": 0.8811068268616994,
        "recall": 0.8806336724758148,
        "f1": 0.8808284329411669
      }
    },
    "std": {
      "S2": {
        "accuracy": 0.027027533430626076,
        "precision": 0.02540568223629468,
        "recall": 0.027902436062834816,
        "f1": 0.02333437619604804
      },
      "S3": {
        "accuracy": 0.019851430418996233,
        "precision": 0.019608645507836756,
        "recall": 0.020564883833205948,
        "f1": 0.01983082710314949
      },
      "S4": {
        "accuracy": 0.009035078490519837,
        "precision": 0.009035078490519837,
        "recall": 0.009035078490519837,
        "f1": 0.009035078490519837
      },
      "S5": {
        "accuracy": 0.01475422139184617,
        "precision": 0.01475422139184617,
        "recall": 0.01475422139184617,
        "f1": 0.01475422139184617
      },
      "S6": {
        "accuracy": 0.013468699791232362,
        "precision": 0.016218462238948454,
        "recall": 0.013468699791232362,
        "f1": 0.014185442558079676
      },
      "S7": {
        "accuracy": 0.01475422139184617,
        "precision": 0.01475422139184617,
        "recall": 0.01475422139184617,
        "f1": 0.01475422139184617
      },
      "S8": {
        "accuracy": 0.019977310202976616,
        "precision": 0.01928424335658525,
        "recall": 0.019977310202976616,
        "f1": 0.01911232032936311
      },
      "S9": {
        "accuracy": 0.014754221391846171,
        "precision": 0.014754221391846171,
        "recall": 0.014754221391846171,
        "f1": 0.014754221391846171
      },
      "S10": {
        "accuracy": 0.028688779207331767,
        "precision": 0.026379761333017455,
        "recall": 0.026352326400498928,
        "f1": 0.025525673457788067
      },
      "S11": {
        "accuracy": 0.02868875612255727,
        "precision": 0.028982439316898846,
        "recall": 0.02868875612255727,
        "f1": 0.028374619975425626
      },
      "S13": {
        "accuracy": 0.011712145066888412,
        "precision": 0.011637043064358714,
        "recall": 0.01434438960366589,
        "f1": 0.011732458823914233
      },
      "S14": {
        "accuracy": 0.049082805615170734,
        "precision": 0.0497618958622032,
        "recall": 0.049082805615170734,
        "f1": 0.049334397649966215
      },
      "S15": {
        "accuracy": 0.0,
        "precision": 0.00023741751556087133,
        "recall": 0.008784108800166314,
        "f1": 0.004452224211832107
      },
      "S16": {
        "accuracy": 0.04498133191617339,
        "precision": 0.04820638971442158,
        "recall": 0.0472131466749756,
        "f1": 0.046394230745803795
      },
      "S17": {
        "accuracy": 0.037037029862406735,
        "precision": 0.03485490030659408,
        "recall": 0.034768476760383846,
        "f1": 0.03415008532272845
      },
      "average": {
        "accuracy": 0.007035710401008931,
        "precision": 0.006735046943669539,
        "recall": 0.00864981179779327,
        "f1": 0.007602842148625713
      }
    },
    "poor_ratio": 0.0
  }
}