{
  "real_subj_cnt": 15,
  "real_path": "stress_slurm/data/wesad_1hz.pickle",
  "sliding_windows": false,
  "syn_subj_cnt": 0,
  "gan_config": {
    "gan_mode": "noGAN",
    "type": null,
    "path": null,
    "eps": null
  },
  "privacy_config": {
    "l2_norm_clip": 1.0,
    "eps": null,
    "num_unique_windows": null,
    "delta": null,
    "noise_multiplier": null
  },
  "train_config": {
    "nn_mode": "CNN",
    "epochs": 10,
    "batch_size": 50,
    "learning_rate": 0.001,
    "eval_mode": "LOSO",
    "random_seed": 42,
    "data_noise_parameter": 0.5
  },
  "results": {
    "num_runs": 10,
    "mean": {
      "S2": {
        "accuracy": 0.9117646872997284,
        "precision": 0.9137775301933289,
        "recall": 0.9029411613941193,
        "f1": 0.9081991713742721
      },
      "S3": {
        "accuracy": 0.6882352948188781,
        "precision": 0.6815619707107544,
        "recall": 0.679411768913269,
        "f1": 0.6802030167253565
      },
      "S4": {
        "accuracy": 0.8942857205867767,
        "precision": 0.8906261622905731,
        "recall": 0.8828571498394012,
        "f1": 0.8865066769527055
      },
      "S5": {
        "accuracy": 0.9685714304447174,
        "precision": 0.9685714304447174,
        "recall": 0.9685714304447174,
        "f1": 0.9685714304447174
      },
      "S6": {
        "accuracy": 0.9971428573131561,
        "precision": 0.9971428573131561,
        "recall": 0.9942857146263122,
        "f1": 0.9956935820384727
      },
      "S7": {
        "accuracy": 0.9457142889499665,
        "precision": 0.9457142889499665,
        "recall": 0.9457142889499665,
        "f1": 0.9457142889499665
      },
      "S8": {
        "accuracy": 0.9885714292526245,
        "precision": 0.9915872991085053,
        "recall": 0.9942857146263122,
        "f1": 0.9928766792679005
      },
      "S9": {
        "accuracy": 0.9742857158184052,
        "precision": 0.9715079367160797,
        "recall": 0.9742857158184052,
        "f1": 0.9728772644331191
      },
      "S10": {
        "accuracy": 0.955555534362793,
        "precision": 0.9558436512947083,
        "recall": 0.9611110925674439,
        "f1": 0.9583687336494829
      },
      "S11": {
        "accuracy": 0.7138888776302338,
        "precision": 0.7138416945934296,
        "recall": 0.7138888835906982,
        "f1": 0.713838505759696
      },
      "S13": {
        "accuracy": 0.9666666507720947,
        "precision": 0.96673743724823,
        "recall": 0.9666666507720947,
        "f1": 0.9666650435946238
      },
      "S14": {
        "accuracy": 0.6388888955116272,
        "precision": 0.6384877800941468,
        "recall": 0.6388888955116272,
        "f1": 0.6386150299318608
      },
      "S15": {
        "accuracy": 0.9694444298744201,
        "precision": 0.9694444298744201,
        "recall": 0.9694444298744201,
        "f1": 0.9694444298744201
      },
      "S16": {
        "accuracy": 0.8111111044883728,
        "precision": 0.8065109789371491,
        "recall": 0.8111111104488373,
        "f1": 0.8086895419471819
      },
      "S17": {
        "accuracy": 0.5666666686534881,
        "precision": 0.571136862039566,
        "recall": 0.5694444417953491,
        "f1": 0.5702338883525605
      },
      "average": {
        "accuracy": 0.8660529057184855,
        "precision": 0.8654994873205821,
        "recall": 0.8648605632781983,
        "f1": 0.8650998188864225
      }
    },
    "std": {
      "S2": {
        "accuracy": 0.031002720310609803,
        "precision": 0.02578618160573933,
        "recall": 0.03115735424291838,
        "f1": 0.026409359524770193
      },
      "S3": {
        "accuracy": 0.024802177819210854,
        "precision": 0.024963882988425775,
        "recall": 0.03521232280582946,
        "f1": 0.027112354304051147
      },
      "S4": {
        "accuracy": 0.09139879923037875,
        "precision": 0.09409793522229618,
        "recall": 0.09660917254957384,
        "f1": 0.09444435709360402
      },
      "S5": {
        "accuracy": 0.009035078490519832,
        "precision": 0.009035078490519832,
        "recall": 0.009035078490519832,
        "f1": 0.009035078490519832
      },
      "S6": {
        "accuracy": 0.009035078490519838,
        "precision": 0.009035078490519838,
        "recall": 0.01204677132069311,
        "f1": 0.009666172164856112
      },
      "S7": {
        "accuracy": 0.009035078490519842,
        "precision": 0.009035078490519842,
        "recall": 0.009035078490519842,
        "f1": 0.009035078490519842
      },
      "S8": {
        "accuracy": 0.014754221391846163,
        "precision": 0.013547457402545888,
        "recall": 0.01204677132069311,
        "f1": 0.010086825257062934
      },
      "S9": {
        "accuracy": 0.009035078490519842,
        "precision": 0.0002509696903535229,
        "recall": 0.009035078490519842,
        "f1": 0.004581164139396205
      },
      "S10": {
        "accuracy": 0.019422395338540396,
        "precision": 0.019257239368101316,
        "recall": 0.026835895659659905,
        "f1": 0.020790985581907704
      },
      "S11": {
        "accuracy": 0.029426389666801608,
        "precision": 0.029732048762178085,
        "recall": 0.03220837951413243,
        "f1": 0.030678884957738007
      },
      "S13": {
        "accuracy": 0.011712145066888415,
        "precision": 0.011361982225879405,
        "recall": 0.011712145066888415,
        "f1": 0.009716562340238375
      },
      "S14": {
        "accuracy": 0.05237828047814278,
        "precision": 0.045345746719540427,
        "recall": 0.05237828047814277,
        "f1": 0.04845565240896368
      },
      "S15": {
        "accuracy": 0.008784108800166312,
        "precision": 0.008784108800166312,
        "recall": 0.008784108800166312,
        "f1": 0.008784108800166312
      },
      "S16": {
        "accuracy": 0.05204988363086054,
        "precision": 0.05198781856410721,
        "recall": 0.05826716075749136,
        "f1": 0.05426507584914551
      },
      "S17": {
        "accuracy": 0.03971778853612878,
        "precision": 0.04003400236314881,
        "recall": 0.03982557121473393,
        "f1": 0.03944852982036355
      },
      "average": {
        "accuracy": 0.006895657342372826,
        "precision": 0.006268945698127843,
        "recall": 0.006694555083359952,
        "f1": 0.006156696552228823
      }
    },
    "poor_ratio": 0.0
  }
}