{
  "real_subj_cnt": 15,
  "real_path": "stress_slurm/data/wesad_1hz.pickle",
  "sliding_windows": false,
  "syn_subj_cnt": 0,
  "gan_config": {
    "gan_mode": "noGAN",
    "type": null,
    "path": null,
    "eps": null
  },
  "privacy_config": {
    "l2_norm_clip": 1.0,
    "eps": null,
    "num_unique_windows": null,
    "delta": null,
    "noise_multiplier": null
  },
  "train_config": {
    "nn_mode": "CNN",
    "epochs": 10,
    "batch_size": 50,
    "learning_rate": 0.001,
    "eval_mode": "LOSO",
    "random_seed": 42,
    "data_noise_parameter": 8.0
  },
  "results": {
    "num_runs": 10,
    "mean": {
      "S2": {
        "accuracy": 0.47352942228317263,
        "precision": 0.2882353037595749,
        "recall": 0.2882353037595749,
        "f1": 0.2882353037595749
      },
      "S3": {
        "accuracy": 0.42941176891326904,
        "precision": 0.34759358763694764,
        "recall": 0.3411764748394489,
        "f1": 0.34369748339855244
      },
      "S4": {
        "accuracy": 0.42285715639591215,
        "precision": 0.3251186400651932,
        "recall": 0.3600000098347664,
        "f1": 0.32814664891532586
      },
      "S5": {
        "accuracy": 0.30571429878473283,
        "precision": 0.2528571516275406,
        "recall": 0.30285715162754057,
        "f1": 0.26952381829420724
      },
      "S6": {
        "accuracy": 0.3285714417695999,
        "precision": 0.3336972087621689,
        "recall": 0.36285715699195864,
        "f1": 0.34615385712006225
      },
      "S7": {
        "accuracy": 0.354285728931427,
        "precision": 0.3285714387893677,
        "recall": 0.42857143878936765,
        "f1": 0.361904772122701
      },
      "S8": {
        "accuracy": 0.6457142978906631,
        "precision": 0.5505606651306152,
        "recall": 0.477142864651978,
        "f1": 0.45543805642136553
      },
      "S9": {
        "accuracy": 0.49142858684062957,
        "precision": 0.4099305123090744,
        "recall": 0.5257142961025238,
        "f1": 0.45027854556548846
      },
      "S10": {
        "accuracy": 0.3222222328186035,
        "precision": 0.33148149251937864,
        "recall": 0.31111112236976624,
        "f1": 0.3198412810053144
      },
      "S11": {
        "accuracy": 0.4083333283662796,
        "precision": 0.33396057188510897,
        "recall": 0.32500000298023224,
        "f1": 0.32914593801928077
      },
      "S13": {
        "accuracy": 0.2777777910232544,
        "precision": 0.2222222328186035,
        "recall": 0.2222222328186035,
        "f1": 0.2222222328186035
      },
      "S14": {
        "accuracy": 0.31944444179534914,
        "precision": 0.2907199442386627,
        "recall": 0.369444440305233,
        "f1": 0.3180109478212357
      },
      "S15": {
        "accuracy": 0.3083333432674408,
        "precision": 0.2865575164556503,
        "recall": 0.31944444999098776,
        "f1": 0.28796471093530174
      },
      "S16": {
        "accuracy": 0.3333333283662796,
        "precision": 0.3222222179174423,
        "recall": 0.4222222179174423,
        "f1": 0.35555555125077565
      },
      "S17": {
        "accuracy": 0.3777777850627899,
        "precision": 0.3111111164093018,
        "recall": 0.41111111640930176,
        "f1": 0.34444444974263505
      },
      "average": {
        "accuracy": 0.38658233016729354,
        "precision": 0.3289893066883087,
        "recall": 0.36447401862591505,
        "f1": 0.334704239812695
      }
    },
    "std": {
      "S2": {
        "accuracy": 0.23547786519314973,
        "precision": 0.2578263684045996,
        "recall": 0.2578263684045996,
        "f1": 0.2578263684045996
      },
      "S3": {
        "accuracy": 0.17048677508748325,
        "precision": 0.20223678066321826,
        "recall": 0.2089868598327004,
        "f1": 0.20612325611981083
      },
      "S4": {
        "accuracy": 0.272321003598138,
        "precision": 0.18248158596430356,
        "recall": 0.3118811313936402,
        "f1": 0.2204828413271151
      },
      "S5": {
        "accuracy": 0.1559405677292953,
        "precision": 0.2340659091162637,
        "recall": 0.3274861314563593,
        "f1": 0.25829840575739216
      },
      "S6": {
        "accuracy": 0.13552618678211936,
        "precision": 0.18305788083145563,
        "recall": 0.21552025873751282,
        "f1": 0.19474299895482544
      },
      "S7": {
        "accuracy": 0.20479512501754543,
        "precision": 0.20247896794171438,
        "recall": 0.351478893715926,
        "f1": 0.24214544390759946
      },
      "S8": {
        "accuracy": 0.2851422811102471,
        "precision": 0.37781738872133747,
        "recall": 0.40986696742843187,
        "f1": 0.36785201811599927
      },
      "S9": {
        "accuracy": 0.21751013486378382,
        "precision": 0.27029640855286363,
        "recall": 0.3591877987092121,
        "f1": 0.28846773496529193
      },
      "S10": {
        "accuracy": 0.14054566540808636,
        "precision": 0.16982601550954493,
        "recall": 0.10540924905606476,
        "f1": 0.13301643467898483
      },
      "S11": {
        "accuracy": 0.1697502747503816,
        "precision": 0.17098661522559955,
        "recall": 0.15441047699964056,
        "f1": 0.16167447324815304
      },
      "S13": {
        "accuracy": 0.0,
        "precision": 0.1171214004058344,
        "recall": 0.1171214004058344,
        "f1": 0.1171214004058344
      },
      "S14": {
        "accuracy": 0.06579940063774296,
        "precision": 0.1282243348305186,
        "recall": 0.278101659914297,
        "f1": 0.17488088984577987
      },
      "S15": {
        "accuracy": 0.07225782046572156,
        "precision": 0.12392401688468983,
        "recall": 0.2703481703979333,
        "f1": 0.17346945158141477
      },
      "S16": {
        "accuracy": 0.13159879218898818,
        "precision": 0.21364624186482115,
        "recall": 0.3599935206410388,
        "f1": 0.25249101541759444
      },
      "S17": {
        "accuracy": 0.1848144326860474,
        "precision": 0.22098420193248175,
        "recall": 0.36776863571106755,
        "f1": 0.26031530547307563
      },
      "average": {
        "accuracy": 0.046125616004874206,
        "precision": 0.05256943939478931,
        "recall": 0.06925674401970837,
        "f1": 0.056546826127713765
      }
    },
    "poor_ratio": 0.3
  }
}