{
  "real_subj_cnt": 15,
  "real_path": "stress_slurm/data/wesad_1hz.pickle",
  "sliding_windows": false,
  "syn_subj_cnt": 0,
  "gan_config": {
    "gan_mode": "noGAN",
    "type": null,
    "path": null,
    "eps": null
  },
  "privacy_config": {
    "l2_norm_clip": 1.0,
    "eps": null,
    "num_unique_windows": null,
    "delta": null,
    "noise_multiplier": null
  },
  "train_config": {
    "nn_mode": "CNN",
    "epochs": 10,
    "batch_size": 50,
    "learning_rate": 0.001,
    "eval_mode": "LOSO",
    "random_seed": 42,
    "data_noise_parameter": 0.4
  },
  "results": {
    "num_runs": 10,
    "mean": {
      "S2": {
        "accuracy": 0.9441176295280457,
        "precision": 0.9382483482360839,
        "recall": 0.9323529243469239,
        "f1": 0.9349701602547246
      },
      "S3": {
        "accuracy": 0.685294109582901,
        "precision": 0.6883575201034546,
        "recall": 0.6882352888584137,
        "f1": 0.6882658269699216
      },
      "S4": {
        "accuracy": 0.9971428573131561,
        "precision": 0.9943650782108306,
        "recall": 0.9914285719394684,
        "f1": 0.9928358553785033
      },
      "S5": {
        "accuracy": 0.9800000011920929,
        "precision": 0.9772222220897675,
        "recall": 0.9800000011920929,
        "f1": 0.9785915498068067
      },
      "S6": {
        "accuracy": 0.9800000011920929,
        "precision": 0.9829365074634552,
        "recall": 0.9800000011920929,
        "f1": 0.9814072846311278
      },
      "S7": {
        "accuracy": 0.9314285755157471,
        "precision": 0.9314285755157471,
        "recall": 0.9314285755157471,
        "f1": 0.9314285755157471
      },
      "S8": {
        "accuracy": 0.9885714292526245,
        "precision": 0.9914285719394684,
        "recall": 0.9857142865657806,
        "f1": 0.9885300213901017
      },
      "S9": {
        "accuracy": 0.9771428585052491,
        "precision": 0.9800000011920929,
        "recall": 0.9771428585052491,
        "f1": 0.9785507259174094
      },
      "S10": {
        "accuracy": 0.9638888716697693,
        "precision": 0.9668168008327485,
        "recall": 0.9666666507720947,
        "f1": 0.9667041664990421
      },
      "S11": {
        "accuracy": 0.6916666507720948,
        "precision": 0.6962827026844025,
        "recall": 0.6999999821186066,
        "f1": 0.6980872164257569
      },
      "S13": {
        "accuracy": 0.9777777671813965,
        "precision": 0.9777777671813965,
        "recall": 0.9777777671813965,
        "f1": 0.9777777671813965
      },
      "S14": {
        "accuracy": 0.6361111223697662,
        "precision": 0.6343093156814575,
        "recall": 0.6361111223697662,
        "f1": 0.6351978778503562
      },
      "S15": {
        "accuracy": 0.9722222089767456,
        "precision": 0.9722222089767456,
        "recall": 0.9722222089767456,
        "f1": 0.9722222089767456
      },
      "S16": {
        "accuracy": 0.8555555462837219,
        "precision": 0.8588927090167999,
        "recall": 0.8555555522441864,
        "f1": 0.8568956073590106
      },
      "S17": {
        "accuracy": 0.5333333432674408,
        "precision": 0.5290769755840301,
        "recall": 0.5305555582046508,
        "f1": 0.5297239388999226
      },
      "average": {
        "accuracy": 0.8742835315068562,
        "precision": 0.874624353647232,
        "recall": 0.8736794233322144,
        "f1": 0.8740792522037715
      }
    },
    "std": {
      "S2": {
        "accuracy": 0.025752792500195527,
        "precision": 0.020920354755530585,
        "recall": 0.03115734486536804,
        "f1": 0.019131252603521668
      },
      "S3": {
        "accuracy": 0.01985143041899623,
        "precision": 0.022885027352974725,
        "recall": 0.02056488383320593,
        "f1": 0.021167725520636855
      },
      "S4": {
        "accuracy": 0.009035078490519832,
        "precision": 0.011880930901283143,
        "recall": 0.01380131036422484,
        "f1": 0.010118904456261233
      },
      "S5": {
        "accuracy": 0.01380131036422483,
        "precision": 0.012007493225031555,
        "recall": 0.01380131036422483,
        "f1": 0.012153834176994295
      },
      "S6": {
        "accuracy": 0.01380131036422483,
        "precision": 0.01468790154128032,
        "recall": 0.01380131036422483,
        "f1": 0.011752989281440435
      },
      "S7": {
        "accuracy": 0.01997731020297663,
        "precision": 0.01997731020297663,
        "recall": 0.01997731020297663,
        "f1": 0.01997731020297663
      },
      "S8": {
        "accuracy": 0.014754221391846173,
        "precision": 0.013801310364224832,
        "recall": 0.015058464150866395,
        "f1": 0.013137964374463625
      },
      "S9": {
        "accuracy": 0.01204677132069311,
        "precision": 0.01380131036422483,
        "recall": 0.01204677132069311,
        "f1": 0.012127156525609861
      },
      "S10": {
        "accuracy": 0.022868694303209237,
        "precision": 0.025384813449849435,
        "recall": 0.021911417052245502,
        "f1": 0.02282791729998015
      },
      "S11": {
        "accuracy": 0.015767936856939873,
        "precision": 0.019917235682576633,
        "recall": 0.0175682050345758,
        "f1": 0.017667597860016978
      },
      "S13": {
        "accuracy": 0.017568217600332607,
        "precision": 0.017568217600332607,
        "recall": 0.017568217600332607,
        "f1": 0.017568217600332607
      },
      "S14": {
        "accuracy": 0.04977659842479485,
        "precision": 0.04886542633705309,
        "recall": 0.04977659842479485,
        "f1": 0.049234535221354354
      },
      "S15": {
        "accuracy": 0.0,
        "precision": 0.0,
        "recall": 0.0,
        "f1": 0.0
      },
      "S16": {
        "accuracy": 0.03884476699758421,
        "precision": 0.04832892425514133,
        "recall": 0.04303313974127861,
        "f1": 0.042527817652383317
      },
      "S17": {
        "accuracy": 0.036571147164910674,
        "precision": 0.03480715031689443,
        "recall": 0.038064448269057916,
        "f1": 0.03566763992164642
      },
      "average": {
        "accuracy": 0.008840774392689522,
        "precision": 0.007814256503712765,
        "recall": 0.00779504065060231,
        "f1": 0.007641873206049765
      }
    },
    "poor_ratio": 0.0
  }
}