{
  "real_subj_cnt": 15,
  "real_path": "stress_slurm/data/wesad_1hz.pickle",
  "sliding_windows": false,
  "syn_subj_cnt": 0,
  "gan_config": {
    "gan_mode": "noGAN",
    "type": null,
    "path": null,
    "eps": null
  },
  "privacy_config": {
    "l2_norm_clip": 1.0,
    "eps": null,
    "num_unique_windows": null,
    "delta": null,
    "noise_multiplier": null
  },
  "train_config": {
    "nn_mode": "CNN",
    "epochs": 10,
    "batch_size": 50,
    "learning_rate": 0.001,
    "eval_mode": "LOSO",
    "random_seed": 42,
    "data_noise_parameter": 3.0
  },
  "results": {
    "num_runs": 10,
    "mean": {
      "S2": {
        "accuracy": 0.7088235437870025,
        "precision": 0.7174331724643708,
        "recall": 0.7058823704719543,
        "f1": 0.7113476908902506
      },
      "S3": {
        "accuracy": 0.6647058725357056,
        "precision": 0.6627731025218964,
        "recall": 0.6647058725357056,
        "f1": 0.6637254819715255
      },
      "S4": {
        "accuracy": 0.6971428722143174,
        "precision": 0.6700000137090683,
        "recall": 0.7200000137090683,
        "f1": 0.686666680375735
      },
      "S5": {
        "accuracy": 0.6771428704261779,
        "precision": 0.671276119351387,
        "recall": 0.7457142978906631,
        "f1": 0.6944490138899784
      },
      "S6": {
        "accuracy": 0.6457143038511276,
        "precision": 0.5906839907169342,
        "recall": 0.5971428692340851,
        "f1": 0.5724785852670521
      },
      "S7": {
        "accuracy": 0.7885714411735535,
        "precision": 0.8021708369255066,
        "recall": 0.8171428680419922,
        "f1": 0.8056086089254384
      },
      "S8": {
        "accuracy": 0.7285714417695999,
        "precision": 0.7305727154016495,
        "recall": 0.7657142966985703,
        "f1": 0.7417446930210788
      },
      "S9": {
        "accuracy": 0.6914285898208619,
        "precision": 0.6805458128452301,
        "recall": 0.7342857301235199,
        "f1": 0.7010297268344202
      },
      "S10": {
        "accuracy": 0.7777777731418609,
        "precision": 0.7987993240356446,
        "recall": 0.7333333253860473,
        "f1": 0.753736964955458
      },
      "S11": {
        "accuracy": 0.6833333194255828,
        "precision": 0.6547087132930756,
        "recall": 0.6333333194255829,
        "f1": 0.6357566085088202
      },
      "S13": {
        "accuracy": 0.7777777731418609,
        "precision": 0.7430353343486786,
        "recall": 0.7916666567325592,
        "f1": 0.7603584154890345
      },
      "S14": {
        "accuracy": 0.6611110866069794,
        "precision": 0.6673702090978623,
        "recall": 0.6666666477918625,
        "f1": 0.6669967872350631
      },
      "S15": {
        "accuracy": 0.6777777671813965,
        "precision": 0.6777777671813965,
        "recall": 0.6777777671813965,
        "f1": 0.6777777671813965
      },
      "S16": {
        "accuracy": 0.6944444179534912,
        "precision": 0.6935714066028595,
        "recall": 0.6916666448116302,
        "f1": 0.6926056118929961
      },
      "S17": {
        "accuracy": 0.6722222149372101,
        "precision": 0.6757507443428039,
        "recall": 0.6222222179174424,
        "f1": 0.6382888368270141
      },
      "average": {
        "accuracy": 0.7031030191977818,
        "precision": 0.6957646175225576,
        "recall": 0.704483659863472,
        "f1": 0.6935047648843508
      }
    },
    "std": {
      "S2": {
        "accuracy": 0.009300806668860361,
        "precision": 0.029779688186841326,
        "recall": 0.0,
        "f1": 0.013978822523129214
      },
      "S3": {
        "accuracy": 0.03720326437272874,
        "precision": 0.037025787598108144,
        "recall": 0.03720326437272874,
        "f1": 0.03698734124315099
      },
      "S4": {
        "accuracy": 0.15486077445749544,
        "precision": 0.16391608030562904,
        "recall": 0.18160283855337375,
        "f1": 0.1528069447260158
      },
      "S5": {
        "accuracy": 0.18713740517673358,
        "precision": 0.16425894619574793,
        "recall": 0.218197100999056,
        "f1": 0.16480945494621882
      },
      "S6": {
        "accuracy": 0.13549271877004912,
        "precision": 0.27900470812572314,
        "recall": 0.27846355622816277,
        "f1": 0.24136137756482706
      },
      "S7": {
        "accuracy": 0.04507489089884787,
        "precision": 0.0808070647721576,
        "recall": 0.09915744235505358,
        "f1": 0.06154240405653476
      },
      "S8": {
        "accuracy": 0.17880936336316633,
        "precision": 0.1885594700604287,
        "recall": 0.21159152413957594,
        "f1": 0.18155538323902076
      },
      "S9": {
        "accuracy": 0.08389605422052991,
        "precision": 0.08513548471117463,
        "recall": 0.12125570540422861,
        "f1": 0.07661336362059094
      },
      "S10": {
        "accuracy": 0.07172191210867447,
        "precision": 0.09797377854283866,
        "recall": 0.13302432343922066,
        "f1": 0.07598180097460437
      },
      "S11": {
        "accuracy": 0.019422368817504154,
        "precision": 0.24517639558144277,
        "recall": 0.2420902258562674,
        "f1": 0.22471585347038028
      },
      "S13": {
        "accuracy": 0.09442629334994306,
        "precision": 0.0808193324295882,
        "recall": 0.09555448306278223,
        "f1": 0.05181042716734692
      },
      "S14": {
        "accuracy": 0.10540924905606476,
        "precision": 0.08259429769114307,
        "recall": 0.07856741076587344,
        "f1": 0.08054369862126279
      },
      "S15": {
        "accuracy": 0.14054566540808636,
        "precision": 0.14054566540808636,
        "recall": 0.14054566540808636,
        "f1": 0.14054566540808636
      },
      "S16": {
        "accuracy": 0.0,
        "precision": 0.002760704291176096,
        "recall": 0.008784089951522649,
        "f1": 0.005814815326485994
      },
      "S17": {
        "accuracy": 0.22406641192015148,
        "precision": 0.2285151830919149,
        "recall": 0.20877524192854757,
        "f1": 0.19878082599774108
      },
      "average": {
        "accuracy": 0.03199028615718318,
        "precision": 0.04972883280013552,
        "recall": 0.047262840620629076,
        "f1": 0.04355948526415106
      }
    },
    "poor_ratio": 0.0
  }
}