{
  "real_subj_cnt": 15,
  "real_path": "stress_slurm/data/wesad_1hz.pickle",
  "sliding_windows": false,
  "syn_subj_cnt": 0,
  "gan_config": {
    "gan_mode": "noGAN",
    "type": null,
    "path": null,
    "eps": null
  },
  "privacy_config": {
    "l2_norm_clip": 1.0,
    "eps": null,
    "num_unique_windows": null,
    "delta": null,
    "noise_multiplier": null
  },
  "train_config": {
    "nn_mode": "CNN",
    "epochs": 10,
    "batch_size": 50,
    "learning_rate": 0.001,
    "eval_mode": "LOSO",
    "random_seed": 42,
    "data_noise_parameter": 7
  },
  "results": {
    "num_runs": 10,
    "mean": {
      "S2": {
        "accuracy": 0.6647058993577957,
        "precision": 0.6621960967779159,
        "recall": 0.6647058993577957,
        "f1": 0.6604957459439825
      },
      "S3": {
        "accuracy": 0.6764705836772918,
        "precision": 0.5966224014759064,
        "recall": 0.585294109582901,
        "f1": 0.5905632813701229
      },
      "S4": {
        "accuracy": 0.6942857295274735,
        "precision": 0.7186198264360428,
        "recall": 0.6657142996788025,
        "f1": 0.6837233498888917
      },
      "S5": {
        "accuracy": 0.6371428728103637,
        "precision": 0.6545363515615463,
        "recall": 0.7171428710222244,
        "f1": 0.648856123745613
      },
      "S6": {
        "accuracy": 0.6628571599721909,
        "precision": 0.7050134629011154,
        "recall": 0.6428571581840515,
        "f1": 0.6416082364364165
      },
      "S7": {
        "accuracy": 0.6142857283353805,
        "precision": 0.6818469375371933,
        "recall": 0.7571428686380386,
        "f1": 0.6812371347341953
      },
      "S8": {
        "accuracy": 0.6685714423656464,
        "precision": 0.5640713274478912,
        "recall": 0.6057142943143845,
        "f1": 0.5751505953188333
      },
      "S9": {
        "accuracy": 0.5971428751945496,
        "precision": 0.6214285850524902,
        "recall": 0.577142870426178,
        "f1": 0.5778860174569597
      },
      "S10": {
        "accuracy": 0.7583333253860474,
        "precision": 0.6429747879505158,
        "recall": 0.7249999940395355,
        "f1": 0.6780396569384981
      },
      "S11": {
        "accuracy": 0.6749999910593033,
        "precision": 0.685115846991539,
        "recall": 0.6666666597127915,
        "f1": 0.6543507307038655
      },
      "S13": {
        "accuracy": 0.602777773141861,
        "precision": 0.5516749143600463,
        "recall": 0.5638888835906982,
        "f1": 0.5573688600452962
      },
      "S14": {
        "accuracy": 0.6194444268941879,
        "precision": 0.5209248691797257,
        "recall": 0.5333333149552345,
        "f1": 0.5261082618800282
      },
      "S15": {
        "accuracy": 0.6583333253860474,
        "precision": 0.6406940519809723,
        "recall": 0.5888888850808144,
        "f1": 0.6061269799816366
      },
      "S16": {
        "accuracy": 0.6388888686895371,
        "precision": 0.6324561208486557,
        "recall": 0.6833333104848862,
        "f1": 0.6502719493181176
      },
      "S17": {
        "accuracy": 0.6805555582046509,
        "precision": 0.6729692637920379,
        "recall": 0.6416666671633721,
        "f1": 0.6179469665233348
      },
      "average": {
        "accuracy": 0.6565863706668218,
        "precision": 0.636742989619573,
        "recall": 0.6412328057487805,
        "f1": 0.6233155926857195
      }
    },
    "std": {
      "S2": {
        "accuracy": 0.13313133615898848,
        "precision": 0.13004377484642593,
        "recall": 0.15451676975036444,
        "f1": 0.13374347059349417
      },
      "S3": {
        "accuracy": 0.08433652181832664,
        "precision": 0.21198843086515962,
        "recall": 0.2113876419972748,
        "f1": 0.21111660757361078
      },
      "S4": {
        "accuracy": 0.15359634376315906,
        "precision": 0.17365399377602123,
        "recall": 0.16932572894678768,
        "f1": 0.155519527645523
      },
      "S5": {
        "accuracy": 0.2301729575018214,
        "precision": 0.23582946538838417,
        "recall": 0.24185600496814566,
        "f1": 0.152628837601536
      },
      "S6": {
        "accuracy": 0.13919105520112915,
        "precision": 0.14070777681471355,
        "recall": 0.17573945035728294,
        "f1": 0.11310683301334754
      },
      "S7": {
        "accuracy": 0.2714703361976084,
        "precision": 0.25368955802000953,
        "recall": 0.24771059770286263,
        "f1": 0.1647788811505567
      },
      "S8": {
        "accuracy": 0.24769229309529284,
        "precision": 0.35927489637135046,
        "recall": 0.37827631675532747,
        "f1": 0.35330494474427404
      },
      "S9": {
        "accuracy": 0.17376711962670757,
        "precision": 0.2633318529743751,
        "recall": 0.2579528731912657,
        "f1": 0.23405446702502836
      },
      "S10": {
        "accuracy": 0.0614887274940968,
        "precision": 0.23458713673459392,
        "recall": 0.2738769293003131,
        "f1": 0.2451749868012337
      },
      "S11": {
        "accuracy": 0.14166969146116276,
        "precision": 0.19757502818411743,
        "recall": 0.18144368245383338,
        "f1": 0.12398357903731047
      },
      "S13": {
        "accuracy": 0.2283303928587679,
        "precision": 0.3282007762344953,
        "recall": 0.3374361643636501,
        "f1": 0.3320212811530744
      },
      "S14": {
        "accuracy": 0.1870507789950691,
        "precision": 0.2595048457380986,
        "recall": 0.269251859359444,
        "f1": 0.2630725192012071
      },
      "S15": {
        "accuracy": 0.14701533474763465,
        "precision": 0.14740847954101235,
        "recall": 0.20654582140987152,
        "f1": 0.18349260744866508
      },
      "S16": {
        "accuracy": 0.12830004930490788,
        "precision": 0.12993740861333977,
        "recall": 0.15887118610393475,
        "f1": 0.12167137481733677
      },
      "S17": {
        "accuracy": 0.21999266971858572,
        "precision": 0.24443212578133885,
        "recall": 0.2908792964730471,
        "f1": 0.23819606919835706
      },
      "average": {
        "accuracy": 0.04785547236803046,
        "precision": 0.0427325824184733,
        "recall": 0.06435955741874053,
        "f1": 0.04274822544028958
      }
    },
    "poor_ratio": 0.0
  }
}