{
  "real_subj_cnt": 15,
  "real_path": "stress_slurm/data/wesad_1hz.pickle",
  "sliding_windows": false,
  "syn_subj_cnt": 0,
  "gan_config": {
    "gan_mode": "noGAN",
    "type": null,
    "path": null,
    "eps": null
  },
  "privacy_config": {
    "l2_norm_clip": 1.0,
    "eps": null,
    "num_unique_windows": null,
    "delta": null,
    "noise_multiplier": null
  },
  "train_config": {
    "nn_mode": "CNN",
    "epochs": 10,
    "batch_size": 50,
    "learning_rate": 0.001,
    "eval_mode": "LOSO",
    "random_seed": 42,
    "data_noise_parameter": 5
  },
  "results": {
    "num_runs": 10,
    "mean": {
      "S2": {
        "accuracy": 0.7323529541492462,
        "precision": 0.7431607246398926,
        "recall": 0.7029411911964416,
        "f1": 0.715545779100353
      },
      "S3": {
        "accuracy": 0.6617646992206574,
        "precision": 0.6626457273960114,
        "recall": 0.6470588207244873,
        "f1": 0.6529454573683856
      },
      "S4": {
        "accuracy": 0.7371428728103637,
        "precision": 0.7050366580486298,
        "recall": 0.777142870426178,
        "f1": 0.7323385709190207
      },
      "S5": {
        "accuracy": 0.7771428674459457,
        "precision": 0.7718273907899856,
        "recall": 0.7657142966985703,
        "f1": 0.7680117422693913
      },
      "S6": {
        "accuracy": 0.7057143032550812,
        "precision": 0.7067227065563202,
        "recall": 0.7028571605682373,
        "f1": 0.7047619223619704
      },
      "S7": {
        "accuracy": 0.800000011920929,
        "precision": 0.7536974906921386,
        "recall": 0.7457142978906631,
        "f1": 0.7324239648383583
      },
      "S8": {
        "accuracy": 0.754285728931427,
        "precision": 0.7420658349990845,
        "recall": 0.7914285838603974,
        "f1": 0.7575139054568986
      },
      "S9": {
        "accuracy": 0.6685714453458786,
        "precision": 0.6742236196994782,
        "recall": 0.688571447134018,
        "f1": 0.6804232981606166
      },
      "S10": {
        "accuracy": 0.6916666567325592,
        "precision": 0.6963933408260345,
        "recall": 0.702777773141861,
        "f1": 0.6994858823805805
      },
      "S11": {
        "accuracy": 0.6166666448116302,
        "precision": 0.5717757791280746,
        "recall": 0.5972222059965133,
        "f1": 0.5807260430703204
      },
      "S13": {
        "accuracy": 0.6999999940395355,
        "precision": 0.7315881431102753,
        "recall": 0.752777773141861,
        "f1": 0.7391979154829735
      },
      "S14": {
        "accuracy": 0.6249999761581421,
        "precision": 0.661842080950737,
        "recall": 0.6833333075046539,
        "f1": 0.6701612655317623
      },
      "S15": {
        "accuracy": 0.7222222089767456,
        "precision": 0.7183183073997498,
        "recall": 0.7222222089767456,
        "f1": 0.7202435191520093
      },
      "S16": {
        "accuracy": 0.6944444179534912,
        "precision": 0.6944444179534912,
        "recall": 0.6944444179534912,
        "f1": 0.6944444179534912
      },
      "S17": {
        "accuracy": 0.7222222089767456,
        "precision": 0.7425694346427918,
        "recall": 0.7194444298744201,
        "f1": 0.7300950557892608
      },
      "average": {
        "accuracy": 0.7072797993818919,
        "precision": 0.7050874437888464,
        "recall": 0.712910052339236,
        "f1": 0.7052212493223594
      }
    },
    "std": {
      "S2": {
        "accuracy": 0.05955427751988681,
        "precision": 0.092102876148657,
        "recall": 0.07650827528140366,
        "f1": 0.03213893033368397
      },
      "S3": {
        "accuracy": 0.03176832719903101,
        "precision": 0.038863158919435176,
        "recall": 0.0588235225942412,
        "f1": 0.038900871235025745
      },
      "S4": {
        "accuracy": 0.09504742252425295,
        "precision": 0.12849901084364374,
        "recall": 0.0684125101930315,
        "f1": 0.08848348158344849
      },
      "S5": {
        "accuracy": 0.13319721015166053,
        "precision": 0.14059440994792494,
        "recall": 0.13853787892937083,
        "f1": 0.13665510997106334
      },
      "S6": {
        "accuracy": 0.02710523547155951,
        "precision": 0.021129435340751145,
        "recall": 0.027602620728449666,
        "f1": 0.02428633941532887
      },
      "S7": {
        "accuracy": 0.10605264820886486,
        "precision": 0.1184038948330862,
        "recall": 0.12155455633013333,
        "f1": 0.03916274323979154
      },
      "S8": {
        "accuracy": 0.03614031396207935,
        "precision": 0.0952061889730956,
        "recall": 0.09623289391412271,
        "f1": 0.053913171171345683
      },
      "S9": {
        "accuracy": 0.10450184399077414,
        "precision": 0.08869467182061026,
        "recall": 0.05462716017139585,
        "f1": 0.07246939012306644
      },
      "S10": {
        "accuracy": 0.14955924360723086,
        "precision": 0.15117834033185948,
        "recall": 0.1555169655417688,
        "f1": 0.15307518967480072
      },
      "S11": {
        "accuracy": 0.16396994297610074,
        "precision": 0.23464602487928196,
        "recall": 0.25834826380842396,
        "f1": 0.23818604030656343
      },
      "S13": {
        "accuracy": 0.15757071759121882,
        "precision": 0.09164838625781041,
        "recall": 0.05624572393598012,
        "f1": 0.06519206362129612
      },
      "S14": {
        "accuracy": 0.21960260691229583,
        "precision": 0.10309764197309057,
        "recall": 0.03513641635202159,
        "f1": 0.07679007042169729
      },
      "S15": {
        "accuracy": 0.0,
        "precision": 0.008230147162953389,
        "recall": 0.0,
        "f1": 0.004171444419443876
      },
      "S16": {
        "accuracy": 0.0,
        "precision": 0.0,
        "recall": 0.0,
        "f1": 0.0
      },
      "S17": {
        "accuracy": 0.0,
        "precision": 0.04738540310082983,
        "recall": 0.008784108800166309,
        "f1": 0.02071457615658053
      },
      "average": {
        "accuracy": 0.03414296047087607,
        "precision": 0.03244158141075872,
        "recall": 0.03473785228600158,
        "f1": 0.030010758882988212
      }
    },
    "poor_ratio": 0.0
  }
}