{
  "real_subj_cnt": 15,
  "real_path": "stress_slurm/data/wesad_1hz.pickle",
  "sliding_windows": false,
  "syn_subj_cnt": 0,
  "gan_config": {
    "gan_mode": "noGAN",
    "type": null,
    "path": null,
    "eps": null
  },
  "privacy_config": {
    "l2_norm_clip": 1.0,
    "eps": null,
    "num_unique_windows": null,
    "delta": null,
    "noise_multiplier": null
  },
  "train_config": {
    "nn_mode": "CNN",
    "epochs": 10,
    "batch_size": 50,
    "learning_rate": 0.001,
    "eval_mode": "LOSO",
    "random_seed": 42,
    "data_noise_parameter": 10.0
  },
  "results": {
    "num_runs": 10,
    "mean": {
      "S2": {
        "accuracy": 0.3823529541492462,
        "precision": 0.3882353037595749,
        "recall": 0.4882353037595749,
        "f1": 0.4215686370929082
      },
      "S3": {
        "accuracy": 0.47647058963775635,
        "precision": 0.44987431168556213,
        "recall": 0.529411768913269,
        "f1": 0.46826794360855023
      },
      "S4": {
        "accuracy": 0.31428572684526446,
        "precision": 0.21714286208152772,
        "recall": 0.22857143580913544,
        "f1": 0.20625851052958946
      },
      "S5": {
        "accuracy": 0.45142858624458315,
        "precision": 0.21483788192272185,
        "recall": 0.26285715103149415,
        "f1": 0.23215521859554866
      },
      "S6": {
        "accuracy": 0.3285714417695999,
        "precision": 0.23452381491661073,
        "recall": 0.3142857223749161,
        "f1": 0.26215539452717024
      },
      "S7": {
        "accuracy": 0.5514285862445831,
        "precision": 0.47642858028411866,
        "recall": 0.6285714387893677,
        "f1": 0.5274849189744301
      },
      "S8": {
        "accuracy": 0.3342857301235199,
        "precision": 0.3471191585063934,
        "recall": 0.4628571540117264,
        "f1": 0.3909357501419435
      },
      "S9": {
        "accuracy": 0.3714285850524902,
        "precision": 0.42254610657691954,
        "recall": 0.5400000125169754,
        "f1": 0.46344479176774217
      },
      "S10": {
        "accuracy": 0.32777778804302216,
        "precision": 0.268300661444664,
        "recall": 0.36666667461395264,
        "f1": 0.30079365869606434
      },
      "S11": {
        "accuracy": 0.44722221195697787,
        "precision": 0.36379472017288206,
        "recall": 0.45277777314186096,
        "f1": 0.3952339118561696
      },
      "S13": {
        "accuracy": 0.3222222328186035,
        "precision": 0.31666667461395265,
        "recall": 0.36666667461395264,
        "f1": 0.3333333412806193
      },
      "S14": {
        "accuracy": 0.3694444388151169,
        "precision": 0.2913888871669769,
        "recall": 0.3444444417953491,
        "f1": 0.30950292184027056
      },
      "S15": {
        "accuracy": 0.3222222328186035,
        "precision": 0.26666667461395266,
        "recall": 0.26666667461395266,
        "f1": 0.26666667461395266
      },
      "S16": {
        "accuracy": 0.36666666269302367,
        "precision": 0.33485324382781984,
        "recall": 0.3999999940395355,
        "f1": 0.3576466858482309
      },
      "S17": {
        "accuracy": 0.41388889253139494,
        "precision": 0.3734195947647095,
        "recall": 0.5027777820825576,
        "f1": 0.4206107396265737
      },
      "average": {
        "accuracy": 0.38531311064958573,
        "precision": 0.3310532317558924,
        "recall": 0.4103193334738413,
        "f1": 0.35707060659998424
      }
    },
    "std": {
      "S2": {
        "accuracy": 0.17149858741408935,
        "precision": 0.21648693024013896,
        "recall": 0.34080439341913144,
        "f1": 0.24511982571370416
      },
      "S3": {
        "accuracy": 0.20602234907797226,
        "precision": 0.16259439351921223,
        "recall": 0.28683801020622757,
        "f1": 0.17826966379630277
      },
      "S4": {
        "accuracy": 0.1576470991462797,
        "precision": 0.225153008552319,
        "recall": 0.29965967167252244,
        "f1": 0.2156263026988971
      },
      "S5": {
        "accuracy": 0.25082177905123804,
        "precision": 0.1725154989557358,
        "recall": 0.29006215626374965,
        "f1": 0.2107364418786997
      },
      "S6": {
        "accuracy": 0.1355261867821194,
        "precision": 0.17693696523559657,
        "recall": 0.32156082107824135,
        "f1": 0.22170088563436488
      },
      "S7": {
        "accuracy": 0.25342998541825607,
        "precision": 0.21365117455836566,
        "recall": 0.3353679349022936,
        "f1": 0.23512406701408398
      },
      "S8": {
        "accuracy": 0.1693257289467877,
        "precision": 0.1956283670260229,
        "recall": 0.3358544107912732,
        "f1": 0.24399216320972855
      },
      "S9": {
        "accuracy": 0.18070158237615916,
        "precision": 0.1737197061020768,
        "recall": 0.2823452138407746,
        "f1": 0.19606027361349426
      },
      "S10": {
        "accuracy": 0.1396890447527437,
        "precision": 0.16748308509694884,
        "recall": 0.3525334506413714,
        "f1": 0.22399300685356055
      },
      "S11": {
        "accuracy": 0.23803679867963998,
        "precision": 0.19473030378570297,
        "recall": 0.3320577433314266,
        "f1": 0.2355109395028019
      },
      "S13": {
        "accuracy": 0.14054566540808633,
        "precision": 0.18527774925739401,
        "recall": 0.2823087208309803,
        "f1": 0.20951311488808938
      },
      "S14": {
        "accuracy": 0.20203439873628504,
        "precision": 0.12023104432943149,
        "recall": 0.24955378605754652,
        "f1": 0.15771572232640263
      },
      "S15": {
        "accuracy": 0.14054566540808636,
        "precision": 0.19737648006423456,
        "recall": 0.19737648006423456,
        "f1": 0.19737648006423456
      },
      "S16": {
        "accuracy": 0.13468959997702987,
        "precision": 0.1745008295499889,
        "recall": 0.27191340226967975,
        "f1": 0.19824572529517132
      },
      "S17": {
        "accuracy": 0.21294282133706596,
        "precision": 0.20392771268981988,
        "recall": 0.343579654271627,
        "f1": 0.2451919081475584
      },
      "average": {
        "accuracy": 0.03947241465017847,
        "precision": 0.05189576170408271,
        "recall": 0.06717482041821465,
        "f1": 0.055191134184135585
      }
    },
    "poor_ratio": 0.2
  }
}