{
  "real_subj_cnt": 15,
  "real_path": "stress_slurm/data/wesad_1hz.pickle",
  "sliding_windows": false,
  "syn_subj_cnt": 0,
  "gan_config": {
    "gan_mode": "noGAN",
    "type": null,
    "path": null,
    "eps": null
  },
  "privacy_config": {
    "l2_norm_clip": 1.0,
    "eps": null,
    "num_unique_windows": null,
    "delta": null,
    "noise_multiplier": null
  },
  "train_config": {
    "nn_mode": "CNN",
    "epochs": 10,
    "batch_size": 50,
    "learning_rate": 0.001,
    "eval_mode": "LOSO",
    "random_seed": 42,
    "data_noise_parameter": 2.0
  },
  "results": {
    "num_runs": 10,
    "mean": {
      "S2": {
        "accuracy": 0.7058823704719543,
        "precision": 0.7058823704719543,
        "recall": 0.7058823704719543,
        "f1": 0.7058823704719543
      },
      "S3": {
        "accuracy": 0.6647058725357056,
        "precision": 0.6681985199451447,
        "recall": 0.6647058725357056,
        "f1": 0.6663992773348087
      },
      "S4": {
        "accuracy": 0.6942857295274735,
        "precision": 0.6942857295274735,
        "recall": 0.6942857295274735,
        "f1": 0.6942857295274735
      },
      "S5": {
        "accuracy": 0.7714285850524902,
        "precision": 0.7806638300418853,
        "recall": 0.7628571569919587,
        "f1": 0.7712425621318442
      },
      "S6": {
        "accuracy": 0.708571445941925,
        "precision": 0.7084821581840515,
        "recall": 0.7028571605682373,
        "f1": 0.7055437266494681
      },
      "S7": {
        "accuracy": 0.7742857277393341,
        "precision": 0.7763564348220825,
        "recall": 0.7742857277393341,
        "f1": 0.7752302181611109
      },
      "S8": {
        "accuracy": 0.7428571581840515,
        "precision": 0.7450420320034027,
        "recall": 0.7428571581840515,
        "f1": 0.7439337626759983
      },
      "S9": {
        "accuracy": 0.7142857313156128,
        "precision": 0.7142857313156128,
        "recall": 0.7142857313156128,
        "f1": 0.7142857313156128
      },
      "S10": {
        "accuracy": 0.7305555462837219,
        "precision": 0.7299999892711639,
        "recall": 0.7277777671813965,
        "f1": 0.7288732287761263
      },
      "S11": {
        "accuracy": 0.6916666448116302,
        "precision": 0.7019230544567108,
        "recall": 0.6805555343627929,
        "f1": 0.6895161074604625
      },
      "S13": {
        "accuracy": 0.7222222089767456,
        "precision": 0.7222222089767456,
        "recall": 0.7222222089767456,
        "f1": 0.7222222089767456
      },
      "S14": {
        "accuracy": 0.6944444179534912,
        "precision": 0.6944444179534912,
        "recall": 0.6944444179534912,
        "f1": 0.6944444179534912
      },
      "S15": {
        "accuracy": 0.7222222089767456,
        "precision": 0.7222222089767456,
        "recall": 0.7222222089767456,
        "f1": 0.7222222089767456
      },
      "S16": {
        "accuracy": 0.6944444179534912,
        "precision": 0.6944444179534912,
        "recall": 0.6944444179534912,
        "f1": 0.6944444179534912
      },
      "S17": {
        "accuracy": 0.7222222089767456,
        "precision": 0.7222222089767456,
        "recall": 0.7222222089767456,
        "f1": 0.7222222089767456
      },
      "average": {
        "accuracy": 0.7169386849800745,
        "precision": 0.7187116875251134,
        "recall": 0.7150603781143824,
        "f1": 0.7167165451561386
      }
    },
    "std": {
      "S2": {
        "accuracy": 0.0,
        "precision": 0.0,
        "recall": 0.0,
        "f1": 0.0
      },
      "S3": {
        "accuracy": 0.03720326437272874,
        "precision": 0.026158543495014567,
        "recall": 0.03720326437272874,
        "f1": 0.031848248206902775
      },
      "S4": {
        "accuracy": 0.15359634376315903,
        "precision": 0.15359634376315903,
        "recall": 0.15359634376315903,
        "f1": 0.15359634376315903
      },
      "S5": {
        "accuracy": 0.050395260064105205,
        "precision": 0.06446310925561533,
        "recall": 0.03576187092655691,
        "f1": 0.047142294147923876
      },
      "S6": {
        "accuracy": 0.018070156981039674,
        "precision": 0.018352509663089673,
        "recall": 0.03614031396207935,
        "f1": 0.027644646060837073
      },
      "S7": {
        "accuracy": 0.08131570641467853,
        "precision": 0.07640791514604009,
        "recall": 0.08131570641467853,
        "f1": 0.07824833410226197
      },
      "S8": {
        "accuracy": 0.0,
        "precision": 0.006909177669221051,
        "recall": 0.0,
        "f1": 0.003404522333720073
      },
      "S9": {
        "accuracy": 0.0,
        "precision": 0.0,
        "recall": 0.0,
        "f1": 0.0
      },
      "S10": {
        "accuracy": 0.026352326400498942,
        "precision": 0.02459550087073694,
        "recall": 0.017568217600332618,
        "f1": 0.02103237132891887
      },
      "S11": {
        "accuracy": 0.008784089951522646,
        "precision": 0.02364952514265112,
        "recall": 0.043920506303544236,
        "f1": 0.015584686174477846
      },
      "S13": {
        "accuracy": 0.0,
        "precision": 0.0,
        "recall": 0.0,
        "f1": 0.0
      },
      "S14": {
        "accuracy": 0.0,
        "precision": 0.0,
        "recall": 0.0,
        "f1": 0.0
      },
      "S15": {
        "accuracy": 0.0,
        "precision": 0.0,
        "recall": 0.0,
        "f1": 0.0
      },
      "S16": {
        "accuracy": 0.0,
        "precision": 0.0,
        "recall": 0.0,
        "f1": 0.0
      },
      "S17": {
        "accuracy": 0.0,
        "precision": 0.0,
        "recall": 0.0,
        "f1": 0.0
      },
      "average": {
        "accuracy": 0.014053286481225075,
        "precision": 0.014013635734861522,
        "recall": 0.013306383409305863,
        "f1": 0.01345576296104117
      }
    },
    "poor_ratio": 0.0
  }
}