{
  "real_subj_cnt": 15,
  "real_path": "stress_slurm/data/wesad_1hz.pickle",
  "sliding_windows": false,
  "syn_subj_cnt": 0,
  "gan_config": {
    "gan_mode": "noGAN",
    "type": null,
    "path": null,
    "eps": null
  },
  "privacy_config": {
    "l2_norm_clip": 1.0,
    "eps": null,
    "num_unique_windows": null,
    "delta": null,
    "noise_multiplier": null
  },
  "train_config": {
    "nn_mode": "CNN",
    "epochs": 10,
    "batch_size": 50,
    "learning_rate": 0.001,
    "eval_mode": "LOSO",
    "random_seed": 42,
    "data_noise_parameter": 3
  },
  "results": {
    "num_runs": 10,
    "mean": {
      "S2": {
        "accuracy": 0.7088235437870025,
        "precision": 0.7088235437870025,
        "recall": 0.7088235437870025,
        "f1": 0.7088235437870025
      },
      "S3": {
        "accuracy": 0.6735294044017792,
        "precision": 0.6754901885986329,
        "recall": 0.6735294044017792,
        "f1": 0.6744951637836468
      },
      "S4": {
        "accuracy": 0.7428571581840515,
        "precision": 0.7422556519508362,
        "recall": 0.7485714435577393,
        "f1": 0.7452837711707985
      },
      "S5": {
        "accuracy": 0.7800000131130218,
        "precision": 0.7800887107849122,
        "recall": 0.7800000131130218,
        "f1": 0.7799813482047294
      },
      "S6": {
        "accuracy": 0.708571445941925,
        "precision": 0.6978571593761445,
        "recall": 0.7371428728103637,
        "f1": 0.7123308434380718
      },
      "S7": {
        "accuracy": 0.7600000143051148,
        "precision": 0.7785652160644532,
        "recall": 0.754285728931427,
        "f1": 0.7649889935788827
      },
      "S8": {
        "accuracy": 0.7428571581840515,
        "precision": 0.7450420320034027,
        "recall": 0.7428571581840515,
        "f1": 0.7439337626759983
      },
      "S9": {
        "accuracy": 0.7142857313156128,
        "precision": 0.7142857313156128,
        "recall": 0.7142857313156128,
        "f1": 0.7142857313156128
      },
      "S10": {
        "accuracy": 0.7777777850627899,
        "precision": 0.7729429483413697,
        "recall": 0.7750000059604645,
        "f1": 0.7739265175635339
      },
      "S11": {
        "accuracy": 0.6944444179534912,
        "precision": 0.6944444179534912,
        "recall": 0.6944444179534912,
        "f1": 0.6944444179534912
      },
      "S13": {
        "accuracy": 0.7249999880790711,
        "precision": 0.7249999880790711,
        "recall": 0.7249999880790711,
        "f1": 0.7249999880790711
      },
      "S14": {
        "accuracy": 0.6944444179534912,
        "precision": 0.6944444179534912,
        "recall": 0.6944444179534912,
        "f1": 0.6944444179534912
      },
      "S15": {
        "accuracy": 0.7222222089767456,
        "precision": 0.7222222089767456,
        "recall": 0.7222222089767456,
        "f1": 0.7222222089767456
      },
      "S16": {
        "accuracy": 0.6944444179534912,
        "precision": 0.6944444179534912,
        "recall": 0.6944444179534912,
        "f1": 0.6944444179534912
      },
      "S17": {
        "accuracy": 0.7222222089767456,
        "precision": 0.7222222089767456,
        "recall": 0.7222222089767456,
        "f1": 0.7222222089767456
      },
      "average": {
        "accuracy": 0.7240986609458924,
        "precision": 0.7245419228076935,
        "recall": 0.7258182374636333,
        "f1": 0.7247218223607541
      }
    },
    "std": {
      "S2": {
        "accuracy": 0.009300806668860354,
        "precision": 0.009300806668860354,
        "recall": 0.009300806668860354,
        "f1": 0.009300806668860354
      },
      "S3": {
        "accuracy": 0.009300806668860361,
        "precision": 0.0031002626067389055,
        "recall": 0.009300806668860361,
        "f1": 0.006246807350482267
      },
      "S4": {
        "accuracy": 0.0,
        "precision": 0.0019021297237488738,
        "recall": 0.018070156981039674,
        "f1": 0.007673624037864438
      },
      "S5": {
        "accuracy": 0.038214098003669525,
        "precision": 0.03734881030160771,
        "recall": 0.038214098003669525,
        "f1": 0.0370778462961824
      },
      "S6": {
        "accuracy": 0.01807015698103967,
        "precision": 0.051951706032649994,
        "recall": 0.0722806279241587,
        "f1": 0.006181898263281613
      },
      "S7": {
        "accuracy": 0.030713361020002057,
        "precision": 0.07123552083802943,
        "recall": 0.027602620728449673,
        "f1": 0.03832123005091277
      },
      "S8": {
        "accuracy": 0.0,
        "precision": 0.006909177669221045,
        "recall": 0.0,
        "f1": 0.0034045223337200426
      },
      "S9": {
        "accuracy": 0.0,
        "precision": 0.0,
        "recall": 0.0,
        "f1": 0.0
      },
      "S10": {
        "accuracy": 0.03928371943188906,
        "precision": 0.038128014038310086,
        "recall": 0.03806446131812101,
        "f1": 0.037581324012228204
      },
      "S11": {
        "accuracy": 0.0,
        "precision": 0.0,
        "recall": 0.0,
        "f1": 0.0
      },
      "S13": {
        "accuracy": 0.008784108800166307,
        "precision": 0.008784108800166307,
        "recall": 0.008784108800166307,
        "f1": 0.008784108800166307
      },
      "S14": {
        "accuracy": 0.0,
        "precision": 0.0,
        "recall": 0.0,
        "f1": 0.0
      },
      "S15": {
        "accuracy": 0.0,
        "precision": 0.0,
        "recall": 0.0,
        "f1": 0.0
      },
      "S16": {
        "accuracy": 0.0,
        "precision": 0.0,
        "recall": 0.0,
        "f1": 0.0
      },
      "S17": {
        "accuracy": 0.0,
        "precision": 0.0,
        "recall": 0.0,
        "f1": 0.0
      },
      "average": {
        "accuracy": 0.005520234554486272,
        "precision": 0.007998806415682295,
        "recall": 0.006901811347352308,
        "f1": 0.005841828920873584
      }
    },
    "poor_ratio": 0.0
  }
}