{
  "real_subj_cnt": 15,
  "real_path": "stress_slurm/data/wesad_1hz.pickle",
  "sliding_windows": false,
  "syn_subj_cnt": 0,
  "gan_config": {
    "gan_mode": "noGAN",
    "type": null,
    "path": null,
    "eps": null
  },
  "privacy_config": {
    "l2_norm_clip": 1.0,
    "eps": null,
    "num_unique_windows": null,
    "delta": null,
    "noise_multiplier": null
  },
  "train_config": {
    "nn_mode": "CNN",
    "epochs": 10,
    "batch_size": 50,
    "learning_rate": 0.001,
    "eval_mode": "LOSO",
    "random_seed": 42,
    "data_noise_parameter": 1.0
  },
  "results": {
    "num_runs": 10,
    "mean": {
      "S2": {
        "accuracy": 0.7823529303073883,
        "precision": 0.7802164494991303,
        "recall": 0.7823529362678527,
        "f1": 0.7812351259249463
      },
      "S3": {
        "accuracy": 0.6735294044017792,
        "precision": 0.6754901885986329,
        "recall": 0.6735294044017792,
        "f1": 0.6744951637836468
      },
      "S4": {
        "accuracy": 0.7428571581840515,
        "precision": 0.7428571581840515,
        "recall": 0.7428571581840515,
        "f1": 0.7428571581840515
      },
      "S5": {
        "accuracy": 0.8714285790920258,
        "precision": 0.8689938724040985,
        "recall": 0.8714285790920258,
        "f1": 0.8701276803032781
      },
      "S6": {
        "accuracy": 0.7371428728103637,
        "precision": 0.7373015999794006,
        "recall": 0.7400000154972076,
        "f1": 0.7386318047920216
      },
      "S7": {
        "accuracy": 0.9314285755157471,
        "precision": 0.9289938628673553,
        "recall": 0.9257142901420593,
        "f1": 0.9272291232831581
      },
      "S8": {
        "accuracy": 0.7628571569919587,
        "precision": 0.7637815237045288,
        "recall": 0.7657142996788024,
        "f1": 0.7647006802709275
      },
      "S9": {
        "accuracy": 0.7171428740024567,
        "precision": 0.7171428740024567,
        "recall": 0.7171428740024567,
        "f1": 0.7171428740024567
      },
      "S10": {
        "accuracy": 0.877777761220932,
        "precision": 0.8730480372905731,
        "recall": 0.8805555403232574,
        "f1": 0.876750367583466
      },
      "S11": {
        "accuracy": 0.7277777671813965,
        "precision": 0.7277777671813965,
        "recall": 0.7277777671813965,
        "f1": 0.7277777671813965
      },
      "S13": {
        "accuracy": 0.8027777731418609,
        "precision": 0.807192188501358,
        "recall": 0.8027777671813965,
        "f1": 0.8049226030392272
      },
      "S14": {
        "accuracy": 0.6888888716697693,
        "precision": 0.690821522474289,
        "recall": 0.6888888716697693,
        "f1": 0.6898155141784943
      },
      "S15": {
        "accuracy": 0.7222222089767456,
        "precision": 0.7222222089767456,
        "recall": 0.7222222089767456,
        "f1": 0.7222222089767456
      },
      "S16": {
        "accuracy": 0.6944444179534912,
        "precision": 0.6952702462673187,
        "recall": 0.6972221970558167,
        "f1": 0.6962328521434485
      },
      "S17": {
        "accuracy": 0.705555546283722,
        "precision": 0.7063813745975495,
        "recall": 0.7083333253860473,
        "f1": 0.7073439804736792
      },
      "average": {
        "accuracy": 0.7625455931822459,
        "precision": 0.762499391635259,
        "recall": 0.763101149002711,
        "f1": 0.7627656602747296
      }
    },
    "std": {
      "S2": {
        "accuracy": 0.055804890974310926,
        "precision": 0.05818149397688867,
        "recall": 0.057501476031624484,
        "f1": 0.057492789353538194
      },
      "S3": {
        "accuracy": 0.009300806668860361,
        "precision": 0.0031002626067389055,
        "recall": 0.009300806668860361,
        "f1": 0.006246807350482267
      },
      "S4": {
        "accuracy": 0.0,
        "precision": 0.0,
        "recall": 0.0,
        "f1": 0.0
      },
      "S5": {
        "accuracy": 0.04902680727295058,
        "precision": 0.05050327279687407,
        "recall": 0.05259695408967829,
        "f1": 0.050839084457819164
      },
      "S6": {
        "accuracy": 0.07228062792415868,
        "precision": 0.07278256730486574,
        "recall": 0.08131570641467854,
        "f1": 0.07698904426726558
      },
      "S7": {
        "accuracy": 0.06346030573730958,
        "precision": 0.0688657811251815,
        "recall": 0.06346030573730958,
        "f1": 0.06537184779868685
      },
      "S8": {
        "accuracy": 0.027105235471559512,
        "precision": 0.02471407512181952,
        "recall": 0.018070156981039674,
        "f1": 0.020671276620573567
      },
      "S9": {
        "accuracy": 0.009035078490519842,
        "precision": 0.009035078490519842,
        "recall": 0.009035078490519842,
        "f1": 0.009035078490519842
      },
      "S10": {
        "accuracy": 0.04934411740631681,
        "precision": 0.04226259304983129,
        "recall": 0.04908280598997661,
        "f1": 0.04535185792734417
      },
      "S11": {
        "accuracy": 0.0255260283793275,
        "precision": 0.0255260283793275,
        "recall": 0.0255260283793275,
        "f1": 0.0255260283793275
      },
      "S13": {
        "accuracy": 0.04802334051761701,
        "precision": 0.04683459903723195,
        "recall": 0.04977658844610249,
        "f1": 0.047816780026828064
      },
      "S14": {
        "accuracy": 0.01171211993536353,
        "precision": 0.006441542168619298,
        "recall": 0.01171211993536353,
        "f1": 0.007834890803601207
      },
      "S15": {
        "accuracy": 0.0,
        "precision": 0.0,
        "recall": 0.0,
        "f1": 0.0
      },
      "S16": {
        "accuracy": 0.0,
        "precision": 0.0026114984279512516,
        "recall": 0.008784108800166323,
        "f1": 0.005655525485583401
      },
      "S17": {
        "accuracy": 0.029860204709734894,
        "precision": 0.02963209231867945,
        "recall": 0.03000341894018908,
        "f1": 0.02965565471379118
      },
      "average": {
        "accuracy": 0.010143081642873353,
        "precision": 0.009508916269460451,
        "recall": 0.01147509045722449,
        "f1": 0.010430296682843987
      }
    },
    "poor_ratio": 0.0
  }
}