{
  "real_subj_cnt": 15,
  "real_path": "stress_slurm/data/wesad_1hz.pickle",
  "sliding_windows": false,
  "syn_subj_cnt": 0,
  "gan_config": {
    "gan_mode": "noGAN",
    "type": null,
    "path": null,
    "eps": null
  },
  "privacy_config": {
    "l2_norm_clip": 1.0,
    "eps": null,
    "num_unique_windows": null,
    "delta": null,
    "noise_multiplier": null
  },
  "train_config": {
    "nn_mode": "CNN",
    "epochs": 10,
    "batch_size": 50,
    "learning_rate": 0.001,
    "eval_mode": "LOSO",
    "random_seed": 42,
    "data_noise_parameter": 9.0
  },
  "results": {
    "num_runs": 10,
    "mean": {
      "S2": {
        "accuracy": 0.3647058933973312,
        "precision": 0.2570828408002853,
        "recall": 0.3205882430076599,
        "f1": 0.27928184090778735
      },
      "S3": {
        "accuracy": 0.36176471412181854,
        "precision": 0.3867647111415863,
        "recall": 0.40000000447034834,
        "f1": 0.3868771552486965
      },
      "S4": {
        "accuracy": 0.377142870426178,
        "precision": 0.28988379836082456,
        "recall": 0.33714286983013153,
        "f1": 0.3079099713160848
      },
      "S5": {
        "accuracy": 0.39142858386039736,
        "precision": 0.3014285773038864,
        "recall": 0.3771428644657135,
        "f1": 0.31872417605070363
      },
      "S6": {
        "accuracy": 0.3714285850524902,
        "precision": 0.37576898038387296,
        "recall": 0.3600000120699406,
        "f1": 0.36294564302860965
      },
      "S7": {
        "accuracy": 0.40285715758800505,
        "precision": 0.43339287042617797,
        "recall": 0.40285715758800505,
        "f1": 0.41243698943674173
      },
      "S8": {
        "accuracy": 0.45142858624458315,
        "precision": 0.32660099416971206,
        "recall": 0.34571429509669543,
        "f1": 0.32524578460379305
      },
      "S9": {
        "accuracy": 0.5114285856485367,
        "precision": 0.44409354627132414,
        "recall": 0.5000000089406967,
        "f1": 0.4297035985949321
      },
      "S10": {
        "accuracy": 0.2777777910232544,
        "precision": 0.2944444537162781,
        "recall": 0.39444445371627807,
        "f1": 0.32777778704961136
      },
      "S11": {
        "accuracy": 0.3444444388151169,
        "precision": 0.2822783559560776,
        "recall": 0.3444444417953491,
        "f1": 0.3045926270222307
      },
      "S13": {
        "accuracy": 0.3222222328186035,
        "precision": 0.16666667461395263,
        "recall": 0.16666667461395263,
        "f1": 0.16666667461395263
      },
      "S14": {
        "accuracy": 0.4055555507540703,
        "precision": 0.278184275329113,
        "recall": 0.28055554926395415,
        "f1": 0.27929292287678154
      },
      "S15": {
        "accuracy": 0.41111111640930176,
        "precision": 0.3500941663980484,
        "recall": 0.37500000596046446,
        "f1": 0.3595321685686666
      },
      "S16": {
        "accuracy": 0.3444444388151169,
        "precision": 0.3354607731103897,
        "recall": 0.3249999970197678,
        "f1": 0.3295587856883412
      },
      "S17": {
        "accuracy": 0.3222222328186035,
        "precision": 0.2388888955116272,
        "recall": 0.2388888955116272,
        "f1": 0.2388888955116272
      },
      "average": {
        "accuracy": 0.37733085185289383,
        "precision": 0.31740226089954376,
        "recall": 0.34456303155670565,
        "f1": 0.32196233470123736
      }
    },
    "std": {
      "S2": {
        "accuracy": 0.22321959566069424,
        "precision": 0.14975026264919655,
        "recall": 0.27606352950942714,
        "f1": 0.1868258902897864
      },
      "S3": {
        "accuracy": 0.11096202332278222,
        "precision": 0.12243349186383695,
        "recall": 0.2000576514968211,
        "f1": 0.14471779311968422
      },
      "S4": {
        "accuracy": 0.1983148969231585,
        "precision": 0.21623160989048215,
        "recall": 0.2723210107550493,
        "f1": 0.2328912105455869
      },
      "S5": {
        "accuracy": 0.20115313784611102,
        "precision": 0.25638778237989124,
        "recall": 0.393553495020776,
        "f1": 0.286470002082056
      },
      "S6": {
        "accuracy": 0.18070158237615916,
        "precision": 0.17938075364033385,
        "recall": 0.19986390250488845,
        "f1": 0.19344108567949617
      },
      "S7": {
        "accuracy": 0.23462229058771158,
        "precision": 0.23341842724029097,
        "recall": 0.23462229058771158,
        "f1": 0.2299202257927136
      },
      "S8": {
        "accuracy": 0.25082177905123804,
        "precision": 0.2678890255311727,
        "recall": 0.3349484712465605,
        "f1": 0.2955965526051127
      },
      "S9": {
        "accuracy": 0.23921640923745355,
        "precision": 0.3176434945058984,
        "recall": 0.38029705598592733,
        "f1": 0.27974121583325967
      },
      "S10": {
        "accuracy": 0.0,
        "precision": 0.1387035788441337,
        "recall": 0.33069946706017955,
        "f1": 0.19850262252893855
      },
      "S11": {
        "accuracy": 0.12297745723207555,
        "precision": 0.1619783151843927,
        "recall": 0.27907106313048247,
        "f1": 0.19613365936351562
      },
      "S13": {
        "accuracy": 0.14054566540808633,
        "precision": 0.14344383447724643,
        "recall": 0.14344383447724643,
        "f1": 0.14344383447724643
      },
      "S14": {
        "accuracy": 0.1978103679991163,
        "precision": 0.2567418260376663,
        "recall": 0.255746698103503,
        "f1": 0.2562497405056409
      },
      "S15": {
        "accuracy": 0.2146870501101641,
        "precision": 0.2192110628230551,
        "recall": 0.23760420439079302,
        "f1": 0.22310905959447147
      },
      "S16": {
        "accuracy": 0.12297745723207555,
        "precision": 0.1003465613997522,
        "recall": 0.061488733328198694,
        "f1": 0.07884926873793298
      },
      "S17": {
        "accuracy": 0.14054566540808636,
        "precision": 0.21444732123560772,
        "recall": 0.21444732123560772,
        "f1": 0.21444732123560772
      },
      "average": {
        "accuracy": 0.03901940257858027,
        "precision": 0.04357353726544245,
        "recall": 0.04795836073052543,
        "f1": 0.04072346823989898
      }
    },
    "poor_ratio": 0.4
  }
}