{
  "real_subj_cnt": 15,
  "real_path": "stress_slurm/data/wesad_1hz.pickle",
  "sliding_windows": false,
  "syn_subj_cnt": 0,
  "gan_config": {
    "gan_mode": "noGAN",
    "type": null,
    "path": null,
    "eps": null
  },
  "privacy_config": {
    "l2_norm_clip": 1.0,
    "eps": null,
    "num_unique_windows": null,
    "delta": null,
    "noise_multiplier": null
  },
  "train_config": {
    "nn_mode": "CNN",
    "epochs": 10,
    "batch_size": 50,
    "learning_rate": 0.001,
    "eval_mode": "LOSO",
    "random_seed": 42,
    "data_noise_parameter": 2.0
  },
  "results": {
    "num_runs": 10,
    "mean": {
      "S2": {
        "accuracy": 0.7058823704719543,
        "precision": 0.7058823704719543,
        "recall": 0.7058823704719543,
        "f1": 0.7058823704719543
      },
      "S3": {
        "accuracy": 0.6764705777168274,
        "precision": 0.6764705777168274,
        "recall": 0.6764705777168274,
        "f1": 0.6764705777168274
      },
      "S4": {
        "accuracy": 0.7428571581840515,
        "precision": 0.7428571581840515,
        "recall": 0.7428571581840515,
        "f1": 0.7428571581840515
      },
      "S5": {
        "accuracy": 0.754285728931427,
        "precision": 0.7927205979824066,
        "recall": 0.6771428711712361,
        "f1": 0.6985664570514032
      },
      "S6": {
        "accuracy": 0.7057143032550812,
        "precision": 0.7062717914581299,
        "recall": 0.7171428740024567,
        "f1": 0.7112782109580377
      },
      "S7": {
        "accuracy": 0.7485714435577393,
        "precision": 0.7521882951259613,
        "recall": 0.754285728931427,
        "f1": 0.7531301966108012
      },
      "S8": {
        "accuracy": 0.7485714435577393,
        "precision": 0.7582266151905059,
        "recall": 0.7428571581840515,
        "f1": 0.7498214434512193
      },
      "S9": {
        "accuracy": 0.7142857313156128,
        "precision": 0.7142857313156128,
        "recall": 0.7142857313156128,
        "f1": 0.7142857313156128
      },
      "S10": {
        "accuracy": 0.7305555462837219,
        "precision": 0.7299999892711639,
        "recall": 0.7277777671813965,
        "f1": 0.7288732287761263
      },
      "S11": {
        "accuracy": 0.6944444179534912,
        "precision": 0.6944444179534912,
        "recall": 0.6944444179534912,
        "f1": 0.6944444179534912
      },
      "S13": {
        "accuracy": 0.7249999880790711,
        "precision": 0.7354983568191529,
        "recall": 0.7222222089767456,
        "f1": 0.7285340689209994
      },
      "S14": {
        "accuracy": 0.6944444179534912,
        "precision": 0.6944444179534912,
        "recall": 0.6944444179534912,
        "f1": 0.6944444179534912
      },
      "S15": {
        "accuracy": 0.7222222089767456,
        "precision": 0.7222222089767456,
        "recall": 0.7222222089767456,
        "f1": 0.7222222089767456
      },
      "S16": {
        "accuracy": 0.6833333075046539,
        "precision": 0.6843749761581421,
        "recall": 0.6777777552604676,
        "f1": 0.6808823298417985
      },
      "S17": {
        "accuracy": 0.7222222089767456,
        "precision": 0.7222222089767456,
        "recall": 0.7222222089767456,
        "f1": 0.7222222089767456
      },
      "average": {
        "accuracy": 0.7179240568478902,
        "precision": 0.7221406475702922,
        "recall": 0.71280236368378,
        "f1": 0.714927668477287
      }
    },
    "std": {
      "S2": {
        "accuracy": 0.0,
        "precision": 0.0,
        "recall": 0.0,
        "f1": 0.0
      },
      "S3": {
        "accuracy": 0.0,
        "precision": 0.0,
        "recall": 0.0,
        "f1": 0.0
      },
      "S4": {
        "accuracy": 0.0,
        "precision": 0.0,
        "recall": 0.0,
        "f1": 0.0
      },
      "S5": {
        "accuracy": 0.027602620728449666,
        "precision": 0.08761424315729667,
        "recall": 0.19797157779699198,
        "f1": 0.17427246965568477
      },
      "S6": {
        "accuracy": 0.027105235471559505,
        "precision": 0.02534230298125117,
        "recall": 0.009035078490519838,
        "f1": 0.009510614439261463
      },
      "S7": {
        "accuracy": 0.012046771320693116,
        "precision": 0.011277212690118518,
        "recall": 0.019977310202976623,
        "f1": 0.013020284375880866
      },
      "S8": {
        "accuracy": 0.018070156981039674,
        "precision": 0.04860249054042933,
        "recall": 0.0,
        "f1": 0.02202300371940427
      },
      "S9": {
        "accuracy": 0.0,
        "precision": 0.0,
        "recall": 0.0,
        "f1": 0.0
      },
      "S10": {
        "accuracy": 0.026352326400498935,
        "precision": 0.02459550087073694,
        "recall": 0.017568217600332618,
        "f1": 0.021032371328918918
      },
      "S11": {
        "accuracy": 0.0,
        "precision": 0.0,
        "recall": 0.0,
        "f1": 0.0
      },
      "S13": {
        "accuracy": 0.008784108800166317,
        "precision": 0.030170593173328125,
        "recall": 0.0,
        "f1": 0.01426832775880772
      },
      "S14": {
        "accuracy": 0.0,
        "precision": 0.0,
        "recall": 0.0,
        "f1": 0.0
      },
      "S15": {
        "accuracy": 0.0,
        "precision": 0.0,
        "recall": 0.0,
        "f1": 0.0
      },
      "S16": {
        "accuracy": 0.03513641635202159,
        "precision": 0.03184237083979831,
        "recall": 0.05270461510371055,
        "f1": 0.04288708826084087
      },
      "S17": {
        "accuracy": 0.0,
        "precision": 0.0,
        "recall": 0.0,
        "f1": 0.0
      },
      "average": {
        "accuracy": 0.0047897158249728036,
        "precision": 0.00780308791460137,
        "recall": 0.013286331574898658,
        "f1": 0.012227853240264165
      }
    },
    "poor_ratio": 0.0
  }
}