{
  "real_subj_cnt": 15,
  "real_path": "stress_slurm/data/wesad_1hz.pickle",
  "sliding_windows": false,
  "syn_subj_cnt": 0,
  "gan_config": {
    "gan_mode": "noGAN",
    "type": null,
    "path": null,
    "eps": null
  },
  "privacy_config": {
    "l2_norm_clip": 1.0,
    "eps": null,
    "num_unique_windows": null,
    "delta": null,
    "noise_multiplier": null
  },
  "train_config": {
    "nn_mode": "CNN",
    "epochs": 10,
    "batch_size": 50,
    "learning_rate": 0.001,
    "eval_mode": "LOSO",
    "random_seed": 42,
    "data_noise_parameter": 0.3
  },
  "results": {
    "num_runs": 10,
    "mean": {
      "S2": {
        "accuracy": 0.9382352769374848,
        "precision": 0.9495371043682098,
        "recall": 0.9352941036224365,
        "f1": 0.9421759846489541
      },
      "S3": {
        "accuracy": 0.685294109582901,
        "precision": 0.6815155148506165,
        "recall": 0.685294109582901,
        "f1": 0.6832263733555723
      },
      "S4": {
        "accuracy": 1.0,
        "precision": 1.0,
        "recall": 1.0,
        "f1": 1.0
      },
      "S5": {
        "accuracy": 0.9828571438789367,
        "precision": 0.9828571438789367,
        "recall": 0.9828571438789367,
        "f1": 0.9828571438789367
      },
      "S6": {
        "accuracy": 0.9657142877578735,
        "precision": 0.9604761838912964,
        "recall": 0.9714285731315613,
        "f1": 0.9658752489506168
      },
      "S7": {
        "accuracy": 0.934285718202591,
        "precision": 0.9345938384532928,
        "recall": 0.934285718202591,
        "f1": 0.9343627004817595
      },
      "S8": {
        "accuracy": 0.9885714292526245,
        "precision": 0.9857936501502991,
        "recall": 0.9885714292526245,
        "f1": 0.9871629778673384
      },
      "S9": {
        "accuracy": 0.9771428585052491,
        "precision": 0.9771428585052491,
        "recall": 0.9771428585052491,
        "f1": 0.9771428585052491
      },
      "S10": {
        "accuracy": 0.9611110925674439,
        "precision": 0.9639596581459046,
        "recall": 0.9638888716697693,
        "f1": 0.9638872644922983
      },
      "S11": {
        "accuracy": 0.7305555522441864,
        "precision": 0.7346543848514557,
        "recall": 0.727777761220932,
        "f1": 0.7308910763440908
      },
      "S13": {
        "accuracy": 0.9749999880790711,
        "precision": 0.9749206244945526,
        "recall": 0.9722222089767456,
        "f1": 0.9735524137893666
      },
      "S14": {
        "accuracy": 0.6305555641651154,
        "precision": 0.6246092915534973,
        "recall": 0.6277777850627899,
        "f1": 0.6260829517450939
      },
      "S15": {
        "accuracy": 0.9749999880790711,
        "precision": 0.9749999880790711,
        "recall": 0.9749999880790711,
        "f1": 0.9749999880790711
      },
      "S16": {
        "accuracy": 0.8583333313465118,
        "precision": 0.8543200969696045,
        "recall": 0.8611111044883728,
        "f1": 0.8574668742667955
      },
      "S17": {
        "accuracy": 0.5611111104488373,
        "precision": 0.5548820197582245,
        "recall": 0.5583333313465119,
        "f1": 0.5565641912322128
      },
      "average": {
        "accuracy": 0.8775844967365265,
        "precision": 0.8769508238633474,
        "recall": 0.8773989991346994,
        "f1": 0.8770832031758238
      }
    },
    "std": {
      "S2": {
        "accuracy": 0.03236778515005698,
        "precision": 0.027535577504199243,
        "recall": 0.03037633431222366,
        "f1": 0.025609405428830424
      },
      "S3": {
        "accuracy": 0.01985143041899624,
        "precision": 0.014727943421795724,
        "recall": 0.019851430418996237,
        "f1": 0.01282027644151367
      },
      "S4": {
        "accuracy": 0.0,
        "precision": 0.0,
        "recall": 0.0,
        "f1": 0.0
      },
      "S5": {
        "accuracy": 0.014754221391846175,
        "precision": 0.014754221391846175,
        "recall": 0.014754221391846175,
        "f1": 0.014754221391846175
      },
      "S6": {
        "accuracy": 0.018070156981039674,
        "precision": 0.01978581537238039,
        "recall": 0.023328472350306773,
        "f1": 0.020415280341522162
      },
      "S7": {
        "accuracy": 0.019284243356585254,
        "precision": 0.02279390900169033,
        "recall": 0.013801310364224833,
        "f1": 0.016511154498503666
      },
      "S8": {
        "accuracy": 0.014754221391846178,
        "precision": 0.014976676855864133,
        "recall": 0.014754221391846178,
        "f1": 0.014204020914754995
      },
      "S9": {
        "accuracy": 0.012046771320693121,
        "precision": 0.012046771320693121,
        "recall": 0.012046771320693121,
        "f1": 0.012046771320693121
      },
      "S10": {
        "accuracy": 0.02683589565965989,
        "precision": 0.026206914326500554,
        "recall": 0.026352326400498928,
        "f1": 0.0255278754993246
      },
      "S11": {
        "accuracy": 0.0628675775665087,
        "precision": 0.06010936350406277,
        "recall": 0.0582671708607426,
        "f1": 0.056998553435397274
      },
      "S13": {
        "accuracy": 0.008784108800166309,
        "precision": 0.00881552335951214,
        "recall": 0.013094576265950656,
        "f1": 0.010346541870583965
      },
      "S14": {
        "accuracy": 0.04730385529436889,
        "precision": 0.04866663709523847,
        "recall": 0.04757494037454296,
        "f1": 0.04739199614307504
      },
      "S15": {
        "accuracy": 0.008784108800166317,
        "precision": 0.008784108800166317,
        "recall": 0.008784108800166317,
        "f1": 0.008784108800166317
      },
      "S16": {
        "accuracy": 0.038064462284718374,
        "precision": 0.03299197764019286,
        "recall": 0.03703705469767253,
        "f1": 0.031516798745347165
      },
      "S17": {
        "accuracy": 0.04684855277995079,
        "precision": 0.043553463596120987,
        "recall": 0.04977658881568435,
        "f1": 0.04648688391267961
      },
      "average": {
        "accuracy": 0.009256825956850361,
        "precision": 0.009975093301799548,
        "recall": 0.008049854107897927,
        "f1": 0.008673214976740402
      }
    },
    "poor_ratio": 0.0
  }
}