{
  "real_subj_cnt": 15,
  "real_path": "stress_slurm/data/wesad_1hz.pickle",
  "sliding_windows": false,
  "syn_subj_cnt": 0,
  "gan_config": {
    "gan_mode": "noGAN",
    "type": null,
    "path": null,
    "eps": null
  },
  "privacy_config": {
    "l2_norm_clip": 1.0,
    "eps": null,
    "num_unique_windows": null,
    "delta": null,
    "noise_multiplier": null
  },
  "train_config": {
    "nn_mode": "CNN",
    "epochs": 10,
    "batch_size": 50,
    "learning_rate": 0.001,
    "eval_mode": "LOSO",
    "random_seed": 42,
    "data_noise_parameter": 0.2
  },
  "results": {
    "num_runs": 10,
    "mean": {
      "S2": {
        "accuracy": 0.9470588088035583,
        "precision": 0.9447058737277985,
        "recall": 0.949999988079071,
        "f1": 0.9473145677797484
      },
      "S3": {
        "accuracy": 0.6882352888584137,
        "precision": 0.6850746929645538,
        "recall": 0.6911764681339264,
        "f1": 0.6880526092966188
      },
      "S4": {
        "accuracy": 1.0,
        "precision": 1.0,
        "recall": 1.0,
        "f1": 1.0
      },
      "S5": {
        "accuracy": 0.9914285719394684,
        "precision": 0.988650792837143,
        "recall": 0.9914285719394684,
        "f1": 0.9900201205541823
      },
      "S6": {
        "accuracy": 0.9742857158184052,
        "precision": 0.9743650794029236,
        "recall": 0.9771428585052491,
        "f1": 0.975734407119963
      },
      "S7": {
        "accuracy": 0.9257142901420593,
        "precision": 0.9257142901420593,
        "recall": 0.9257142901420593,
        "f1": 0.9257142901420593
      },
      "S8": {
        "accuracy": 0.9771428585052491,
        "precision": 0.9771428585052491,
        "recall": 0.9771428585052491,
        "f1": 0.9771428585052491
      },
      "S9": {
        "accuracy": 0.9800000011920929,
        "precision": 0.9800000011920929,
        "recall": 0.9800000011920929,
        "f1": 0.9800000011920929
      },
      "S10": {
        "accuracy": 0.9694444298744201,
        "precision": 0.9669669508934021,
        "recall": 0.9722222089767456,
        "f1": 0.9695585849965619
      },
      "S11": {
        "accuracy": 0.6972222089767456,
        "precision": 0.6913663566112518,
        "recall": 0.6972222089767456,
        "f1": 0.6942541742396412
      },
      "S13": {
        "accuracy": 0.9805555462837219,
        "precision": 0.9805555462837219,
        "recall": 0.9805555462837219,
        "f1": 0.9805555462837219
      },
      "S14": {
        "accuracy": 0.6444444537162781,
        "precision": 0.6426426470279694,
        "recall": 0.6444444537162781,
        "f1": 0.643531209196868
      },
      "S15": {
        "accuracy": 0.9805555462837219,
        "precision": 0.9805555462837219,
        "recall": 0.9777777671813965,
        "f1": 0.9791470948984358
      },
      "S16": {
        "accuracy": 0.8722222208976745,
        "precision": 0.8778359413146972,
        "recall": 0.8777777791023255,
        "f1": 0.8776365487565585
      },
      "S17": {
        "accuracy": 0.5444444477558136,
        "precision": 0.5455705761909485,
        "recall": 0.547222226858139,
        "f1": 0.546385088855452
      },
      "average": {
        "accuracy": 0.8781836259365082,
        "precision": 0.8774098102251688,
        "recall": 0.8793218151728311,
        "f1": 0.8783364734544769
      }
    },
    "std": {
      "S2": {
        "accuracy": 0.02320030813371763,
        "precision": 0.028155914797102968,
        "recall": 0.019851419625566,
        "f1": 0.02377311639953337
      },
      "S3": {
        "accuracy": 0.028414459772509,
        "precision": 0.023234333370898527,
        "recall": 0.028583094116384274,
        "f1": 0.02504838333057399
      },
      "S4": {
        "accuracy": 0.0,
        "precision": 0.0,
        "recall": 0.0,
        "f1": 0.0
      },
      "S5": {
        "accuracy": 0.01380131036422483,
        "precision": 0.014653554524311612,
        "recall": 0.01380131036422483,
        "f1": 0.013545695884000758
      },
      "S6": {
        "accuracy": 0.02108184981121294,
        "precision": 0.021071390117961598,
        "recall": 0.022537445449423925,
        "f1": 0.021359621178124497
      },
      "S7": {
        "accuracy": 0.014754221391846175,
        "precision": 0.014754221391846175,
        "recall": 0.014754221391846175,
        "f1": 0.014754221391846175
      },
      "S8": {
        "accuracy": 0.022537445449423925,
        "precision": 0.022537445449423925,
        "recall": 0.022537445449423925,
        "f1": 0.022537445449423925
      },
      "S9": {
        "accuracy": 0.01380131036422483,
        "precision": 0.01380131036422483,
        "recall": 0.01380131036422483,
        "f1": 0.01380131036422483
      },
      "S10": {
        "accuracy": 0.02432209592464339,
        "precision": 0.025241816156025793,
        "recall": 0.0226804713962121,
        "f1": 0.023365287056519326
      },
      "S11": {
        "accuracy": 0.024322079284510353,
        "precision": 0.01860100495709755,
        "recall": 0.024322079284510353,
        "f1": 0.021091365780499742
      },
      "S13": {
        "accuracy": 0.013417947829829933,
        "precision": 0.013417947829829933,
        "recall": 0.013417947829829933,
        "f1": 0.013417947829829933
      },
      "S14": {
        "accuracy": 0.011712145066888417,
        "precision": 0.008981161672939806,
        "recall": 0.011712145066888417,
        "f1": 0.010020777479808798
      },
      "S15": {
        "accuracy": 0.013417947829829933,
        "precision": 0.013417947829829933,
        "recall": 0.011712145066888405,
        "f1": 0.011790658909323874
      },
      "S16": {
        "accuracy": 0.04934412188016358,
        "precision": 0.04830475208538702,
        "recall": 0.05430695884459697,
        "f1": 0.049794722300745234
      },
      "S17": {
        "accuracy": 0.037497134463312695,
        "precision": 0.03893631247029966,
        "recall": 0.041512052484074705,
        "f1": 0.04014231677959232
      },
      "average": {
        "accuracy": 0.004693159956115009,
        "precision": 0.004482898309413173,
        "recall": 0.005341932288974806,
        "f1": 0.004718455506476327
      }
    },
    "poor_ratio": 0.0
  }
}