{
  "real_subj_cnt": 15,
  "real_path": "stress_slurm/data/wesad_1hz.pickle",
  "sliding_windows": false,
  "syn_subj_cnt": 0,
  "gan_config": {
    "gan_mode": "noGAN",
    "type": null,
    "path": null,
    "eps": null
  },
  "privacy_config": {
    "l2_norm_clip": 1.0,
    "eps": null,
    "num_unique_windows": null,
    "delta": null,
    "noise_multiplier": null
  },
  "train_config": {
    "nn_mode": "CNN",
    "epochs": 10,
    "batch_size": 50,
    "learning_rate": 0.001,
    "eval_mode": "LOSO",
    "random_seed": 42,
    "data_noise_parameter": 0.4
  },
  "results": {
    "num_runs": 10,
    "mean": {
      "S2": {
        "accuracy": 0.9382352709770203,
        "precision": 0.9356251418590545,
        "recall": 0.935294097661972,
        "f1": 0.9354200675939202
      },
      "S3": {
        "accuracy": 0.6794117569923401,
        "precision": 0.6801544785499573,
        "recall": 0.6823529362678528,
        "f1": 0.6811777185432014
      },
      "S4": {
        "accuracy": 0.954285717010498,
        "precision": 0.9507215023040771,
        "recall": 0.9514285743236541,
        "f1": 0.9509646133601448
      },
      "S5": {
        "accuracy": 0.9800000011920929,
        "precision": 0.9773015856742859,
        "recall": 0.9828571438789367,
        "f1": 0.9800402411083644
      },
      "S6": {
        "accuracy": 0.9885714292526245,
        "precision": 0.9885714292526245,
        "recall": 0.9885714292526245,
        "f1": 0.9885714292526245
      },
      "S7": {
        "accuracy": 0.9371428608894348,
        "precision": 0.9345238149166107,
        "recall": 0.9371428608894348,
        "f1": 0.9358148939291226
      },
      "S8": {
        "accuracy": 0.9914285719394684,
        "precision": 0.9915079355239869,
        "recall": 0.9914285719394684,
        "f1": 0.9914279879663427
      },
      "S9": {
        "accuracy": 0.9742857158184052,
        "precision": 0.9743650794029236,
        "recall": 0.9771428585052491,
        "f1": 0.975734407119963
      },
      "S10": {
        "accuracy": 0.9749999880790711,
        "precision": 0.9776984035968781,
        "recall": 0.9666666507720947,
        "f1": 0.9720645972479456
      },
      "S11": {
        "accuracy": 0.7027777552604675,
        "precision": 0.7017267107963562,
        "recall": 0.705555534362793,
        "f1": 0.7036148977964182
      },
      "S13": {
        "accuracy": 0.9722222089767456,
        "precision": 0.9721428453922272,
        "recall": 0.9694444298744201,
        "f1": 0.9707746346870412
      },
      "S14": {
        "accuracy": 0.6444444537162781,
        "precision": 0.6434920728206635,
        "recall": 0.6416666746139527,
        "f1": 0.6425665187909002
      },
      "S15": {
        "accuracy": 0.9694444298744201,
        "precision": 0.9749206244945526,
        "recall": 0.9694444298744201,
        "f1": 0.9721439624040805
      },
      "S16": {
        "accuracy": 0.8666666686534882,
        "precision": 0.860811972618103,
        "recall": 0.8694444417953491,
        "f1": 0.8648962157038186
      },
      "S17": {
        "accuracy": 0.5555555522441864,
        "precision": 0.5540626376867295,
        "recall": 0.5527777791023254,
        "f1": 0.553388216073951
      },
      "average": {
        "accuracy": 0.8752981587251029,
        "precision": 0.8745084156592687,
        "recall": 0.8747478942076364,
        "f1": 0.8745733601051893
      }
    },
    "std": {
      "S2": {
        "accuracy": 0.035212316167704705,
        "precision": 0.04012107948143832,
        "recall": 0.033390947001618314,
        "f1": 0.036384601882584626
      },
      "S3": {
        "accuracy": 0.021701899280877048,
        "precision": 0.018981757547309096,
        "recall": 0.0303763432896365,
        "f1": 0.0239271931285163
      },
      "S4": {
        "accuracy": 0.09154753618675399,
        "precision": 0.08638100936037867,
        "recall": 0.09623289391412271,
        "f1": 0.09094118077168015
      },
      "S5": {
        "accuracy": 0.01380131036422484,
        "precision": 0.01196750145201858,
        "recall": 0.014754221391846168,
        "f1": 0.012068259151877618
      },
      "S6": {
        "accuracy": 0.014754221391846177,
        "precision": 0.014754221391846177,
        "recall": 0.014754221391846177,
        "f1": 0.014754221391846177
      },
      "S7": {
        "accuracy": 0.012046771320693116,
        "precision": 0.013433577061751427,
        "recall": 0.012046771320693116,
        "f1": 0.012078766088599396
      },
      "S8": {
        "accuracy": 0.01380131036422483,
        "precision": 0.013675228822302607,
        "recall": 0.01380131036422483,
        "f1": 0.01204746343148969
      },
      "S9": {
        "accuracy": 0.009035078490519842,
        "precision": 0.009010645557930061,
        "recall": 0.012046771320693121,
        "f1": 0.009665488541211952
      },
      "S10": {
        "accuracy": 0.020496253867054726,
        "precision": 0.021935199584910307,
        "recall": 0.021911417052245502,
        "f1": 0.019674736019246117
      },
      "S11": {
        "accuracy": 0.018748579987530697,
        "precision": 0.020407446524939095,
        "recall": 0.019422395338540403,
        "f1": 0.019514657259044416
      },
      "S13": {
        "accuracy": 0.013094576265950663,
        "precision": 0.01309698107848807,
        "recall": 0.015767957857565375,
        "f1": 0.013871648814287785
      },
      "S14": {
        "accuracy": 0.011712145066888412,
        "precision": 0.009960595263635554,
        "recall": 0.008784108800166312,
        "f1": 0.008927662992492829
      },
      "S15": {
        "accuracy": 0.008784108800166316,
        "precision": 0.008815523359512129,
        "recall": 0.008784108800166316,
        "f1": 0.00664155057886998
      },
      "S16": {
        "accuracy": 0.0388447802581042,
        "precision": 0.045172629276052444,
        "recall": 0.03220839893394311,
        "f1": 0.03645015913570242
      },
      "S17": {
        "accuracy": 0.047213138882018814,
        "precision": 0.049512750329539966,
        "recall": 0.05310974191321474,
        "f1": 0.05115648590331408
      },
      "average": {
        "accuracy": 0.009173645529666834,
        "precision": 0.009072928918132656,
        "recall": 0.0105328992238435,
        "f1": 0.009383335617322379
      }
    },
    "poor_ratio": 0.0
  }
}