{
  "real_subj_cnt": 15,
  "real_path": "stress_slurm/data/wesad_1hz.pickle",
  "sliding_windows": false,
  "syn_subj_cnt": 0,
  "gan_config": {
    "gan_mode": "noGAN",
    "type": null,
    "path": null,
    "eps": null
  },
  "privacy_config": {
    "l2_norm_clip": 1.0,
    "eps": null,
    "num_unique_windows": null,
    "delta": null,
    "noise_multiplier": null
  },
  "train_config": {
    "nn_mode": "CNN",
    "epochs": 10,
    "batch_size": 50,
    "learning_rate": 0.001,
    "eval_mode": "LOSO",
    "random_seed": 42,
    "data_noise_parameter": 4
  },
  "results": {
    "num_runs": 10,
    "mean": {
      "S2": {
        "accuracy": 0.7088235437870025,
        "precision": 0.7082671046257019,
        "recall": 0.7147058963775634,
        "f1": 0.7113504696864265
      },
      "S3": {
        "accuracy": 0.6676470518112183,
        "precision": 0.6676470518112183,
        "recall": 0.6676470518112183,
        "f1": 0.6676470518112183
      },
      "S4": {
        "accuracy": 0.6942857295274735,
        "precision": 0.6717857241630554,
        "recall": 0.6828571557998657,
        "f1": 0.6769523921542697
      },
      "S5": {
        "accuracy": 0.800000011920929,
        "precision": 0.7824221014976501,
        "recall": 0.8257142961025238,
        "f1": 0.8017277313329341
      },
      "S6": {
        "accuracy": 0.7142857313156128,
        "precision": 0.7142857313156128,
        "recall": 0.7142857313156128,
        "f1": 0.7142857313156128
      },
      "S7": {
        "accuracy": 0.7942857265472412,
        "precision": 0.7834945499897004,
        "recall": 0.8085714399814605,
        "f1": 0.7949705319418209
      },
      "S8": {
        "accuracy": 0.6942857295274735,
        "precision": 0.7603234648704529,
        "recall": 0.7057142980396748,
        "f1": 0.6943440035032968
      },
      "S9": {
        "accuracy": 0.7028571605682373,
        "precision": 0.6927083432674408,
        "recall": 0.7285714447498322,
        "f1": 0.7041958172124079
      },
      "S10": {
        "accuracy": 0.7388888776302338,
        "precision": 0.7409523725509644,
        "recall": 0.7388888776302338,
        "f1": 0.739906093416127
      },
      "S11": {
        "accuracy": 0.6944444179534912,
        "precision": 0.6944444179534912,
        "recall": 0.6944444179534912,
        "f1": 0.6944444179534912
      },
      "S13": {
        "accuracy": 0.7222222089767456,
        "precision": 0.7242857038974762,
        "recall": 0.7222222089767456,
        "f1": 0.7232394247626388
      },
      "S14": {
        "accuracy": 0.6944444179534912,
        "precision": 0.6944444179534912,
        "recall": 0.6944444179534912,
        "f1": 0.6944444179534912
      },
      "S15": {
        "accuracy": 0.6777777671813965,
        "precision": 0.649999988079071,
        "recall": 0.649999988079071,
        "f1": 0.649999988079071
      },
      "S16": {
        "accuracy": 0.6944444179534912,
        "precision": 0.6944444179534912,
        "recall": 0.6944444179534912,
        "f1": 0.6944444179534912
      },
      "S17": {
        "accuracy": 0.7555555462837219,
        "precision": 0.7546124279499054,
        "recall": 0.7444444298744202,
        "f1": 0.7484444323916689
      },
      "average": {
        "accuracy": 0.7169498892625172,
        "precision": 0.7156078545252482,
        "recall": 0.7191304048399131,
        "f1": 0.7140264614311977
      }
    },
    "std": {
      "S2": {
        "accuracy": 0.00930080666886036,
        "precision": 0.007541191539836449,
        "recall": 0.02790243885522473,
        "f1": 0.017291647989509402
      },
      "S3": {
        "accuracy": 0.027902438855224733,
        "precision": 0.027902438855224733,
        "recall": 0.027902438855224733,
        "f1": 0.027902438855224733
      },
      "S4": {
        "accuracy": 0.15359634376315906,
        "precision": 0.2362574939139715,
        "recall": 0.24409581803434977,
        "f1": 0.23931067848831167
      },
      "S5": {
        "accuracy": 0.05553287187898557,
        "precision": 0.03753506865496171,
        "recall": 0.07672431565972303,
        "f1": 0.041678474830658695
      },
      "S6": {
        "accuracy": 0.0,
        "precision": 0.0,
        "recall": 0.0,
        "f1": 0.0
      },
      "S7": {
        "accuracy": 0.059931930608929866,
        "precision": 0.03809215353877252,
        "recall": 0.07624997222180663,
        "f1": 0.05130324442117557
      },
      "S8": {
        "accuracy": 0.15359634376315903,
        "precision": 0.08811270288081775,
        "recall": 0.22296700796847777,
        "f1": 0.17268585836499092
      },
      "S9": {
        "accuracy": 0.0715237418531138,
        "precision": 0.09296129853934194,
        "recall": 0.04517539245259919,
        "f1": 0.04213885191678696
      },
      "S10": {
        "accuracy": 0.035136417399169007,
        "precision": 0.03465143855039702,
        "recall": 0.035136417399169007,
        "f1": 0.03474536579130193
      },
      "S11": {
        "accuracy": 0.0,
        "precision": 0.0,
        "recall": 0.0,
        "f1": 0.0
      },
      "S13": {
        "accuracy": 0.0,
        "precision": 0.006525343889697274,
        "recall": 0.0,
        "f1": 0.0032167187553006405
      },
      "S14": {
        "accuracy": 0.0,
        "precision": 0.0,
        "recall": 0.0,
        "f1": 0.0
      },
      "S15": {
        "accuracy": 0.14054566540808636,
        "precision": 0.22838671571246213,
        "recall": 0.22838671571246213,
        "f1": 0.22838671571246213
      },
      "S16": {
        "accuracy": 0.0,
        "precision": 0.0,
        "recall": 0.0,
        "f1": 0.0
      },
      "S17": {
        "accuracy": 0.07148245036300056,
        "precision": 0.06853344859484656,
        "recall": 0.07027283270404318,
        "f1": 0.060729901799062826
      },
      "average": {
        "accuracy": 0.015397636920542529,
        "precision": 0.02256276094416419,
        "recall": 0.026859899188302505,
        "f1": 0.022415949236281457
      }
    },
    "poor_ratio": 0.0
  }
}