{
  "real_subj_cnt": 15,
  "real_path": "stress_slurm/data/wesad_1hz.pickle",
  "sliding_windows": false,
  "syn_subj_cnt": 0,
  "gan_config": {
    "gan_mode": "noGAN",
    "type": null,
    "path": null,
    "eps": null
  },
  "privacy_config": {
    "l2_norm_clip": 1.0,
    "eps": null,
    "num_unique_windows": null,
    "delta": null,
    "noise_multiplier": null
  },
  "train_config": {
    "nn_mode": "CNN",
    "epochs": 10,
    "batch_size": 50,
    "learning_rate": 0.001,
    "eval_mode": "LOSO",
    "random_seed": 42,
    "data_noise_parameter": 0.6
  },
  "results": {
    "num_runs": 10,
    "mean": {
      "S2": {
        "accuracy": 0.8852940976619721,
        "precision": 0.8854468941688538,
        "recall": 0.8852941036224365,
        "f1": 0.8853322769841598
      },
      "S3": {
        "accuracy": 0.6647058844566345,
        "precision": 0.6650486886501312,
        "recall": 0.6588235378265381,
        "f1": 0.6616341585474773
      },
      "S4": {
        "accuracy": 0.7628571569919587,
        "precision": 0.7597245693206787,
        "recall": 0.7600000143051148,
        "f1": 0.7598291331969496
      },
      "S5": {
        "accuracy": 0.9400000035762787,
        "precision": 0.9426890790462494,
        "recall": 0.9400000035762787,
        "f1": 0.9413250552583857
      },
      "S6": {
        "accuracy": 0.9457142889499665,
        "precision": 0.9403968274593353,
        "recall": 0.9457142889499665,
        "f1": 0.9430181112844682
      },
      "S7": {
        "accuracy": 0.9571428596973419,
        "precision": 0.9571428596973419,
        "recall": 0.9571428596973419,
        "f1": 0.9571428596973419
      },
      "S8": {
        "accuracy": 0.9800000011920929,
        "precision": 0.9745887398719788,
        "recall": 0.9771428585052491,
        "f1": 0.9756864784877294
      },
      "S9": {
        "accuracy": 0.9828571438789367,
        "precision": 0.9830158710479736,
        "recall": 0.9828571438789367,
        "f1": 0.9828968005859112
      },
      "S10": {
        "accuracy": 0.955555534362793,
        "precision": 0.9555512487888336,
        "recall": 0.955555534362793,
        "f1": 0.9555158769894023
      },
      "S11": {
        "accuracy": 0.7361111044883728,
        "precision": 0.7340087831020355,
        "recall": 0.7333333253860473,
        "f1": 0.7335610459520404
      },
      "S13": {
        "accuracy": 0.9555555403232574,
        "precision": 0.9583998143672943,
        "recall": 0.955555534362793,
        "f1": 0.9569221852563047
      },
      "S14": {
        "accuracy": 0.6277777850627899,
        "precision": 0.6277777850627899,
        "recall": 0.6277777850627899,
        "f1": 0.6277777850627899
      },
      "S15": {
        "accuracy": 0.94722221493721,
        "precision": 0.942717707157135,
        "recall": 0.9527777671813965,
        "f1": 0.9476788326485515
      },
      "S16": {
        "accuracy": 0.8027777791023254,
        "precision": 0.8067902326583862,
        "recall": 0.8083333373069763,
        "f1": 0.8072914841862989
      },
      "S17": {
        "accuracy": 0.549999988079071,
        "precision": 0.5507282912731171,
        "recall": 0.5444444417953491,
        "f1": 0.5475184426200731
      },
      "average": {
        "accuracy": 0.8462380921840668,
        "precision": 0.8456018261114757,
        "recall": 0.8456501690546672,
        "f1": 0.8455420351171924
      }
    },
    "std": {
      "S2": {
        "accuracy": 0.03521232667806478,
        "precision": 0.034593375729027105,
        "recall": 0.03236779538050192,
        "f1": 0.03293726022463129
      },
      "S3": {
        "accuracy": 0.01518815368998855,
        "precision": 0.017374259593503975,
        "recall": 0.024802174677770236,
        "f1": 0.015616687488823378
      },
      "S4": {
        "accuracy": 0.04477203265916219,
        "precision": 0.03716718090223076,
        "recall": 0.045074890898847864,
        "f1": 0.040894570820765835
      },
      "S5": {
        "accuracy": 0.016218462238948458,
        "precision": 0.013479181724430368,
        "recall": 0.016218462238948458,
        "f1": 0.014313591531628147
      },
      "S6": {
        "accuracy": 0.08242360089067047,
        "precision": 0.08235160660250593,
        "recall": 0.08242360089067047,
        "f1": 0.08219620053133005
      },
      "S7": {
        "accuracy": 0.02020304968684854,
        "precision": 0.02020304968684854,
        "recall": 0.02020304968684854,
        "f1": 0.02020304968684854
      },
      "S8": {
        "accuracy": 0.019284243356585254,
        "precision": 0.020574147988441455,
        "recall": 0.02625532939142265,
        "f1": 0.0193186567180709
      },
      "S9": {
        "accuracy": 0.01997731020297662,
        "precision": 0.023804236162981624,
        "recall": 0.01997731020297662,
        "f1": 0.020997791705968355
      },
      "S10": {
        "accuracy": 0.01942239533854039,
        "precision": 0.019421722620145913,
        "recall": 0.02342429013377682,
        "f1": 0.02051990969517981
      },
      "S11": {
        "accuracy": 0.023606583078679414,
        "precision": 0.03335879747138127,
        "recall": 0.01942239533854041,
        "f1": 0.025643179739484778
      },
      "S13": {
        "accuracy": 0.019422382078025276,
        "precision": 0.018993369439108825,
        "recall": 0.01434438960366586,
        "f1": 0.015095054606620341
      },
      "S14": {
        "accuracy": 0.04573737010428693,
        "precision": 0.04573737010428693,
        "recall": 0.04573737010428693,
        "f1": 0.04573737010428693
      },
      "S15": {
        "accuracy": 0.03325607539718762,
        "precision": 0.036814946761502536,
        "recall": 0.026352308249958913,
        "f1": 0.03142041543138691
      },
      "S16": {
        "accuracy": 0.04977659288107979,
        "precision": 0.04738503294391645,
        "recall": 0.04430920570760021,
        "f1": 0.042970629202021285
      },
      "S17": {
        "accuracy": 0.043033138031291454,
        "precision": 0.04100916911289999,
        "recall": 0.03971779038885013,
        "f1": 0.03995336455699168
      },
      "average": {
        "accuracy": 0.012303589619519445,
        "precision": 0.011130479742382671,
        "recall": 0.01261498645424395,
        "f1": 0.01160732104612482
      }
    },
    "poor_ratio": 0.0
  }
}