{
  "real_subj_cnt": 15,
  "real_path": "stress_slurm/data/wesad_1hz.pickle",
  "sliding_windows": false,
  "syn_subj_cnt": 0,
  "gan_config": {
    "gan_mode": "noGAN",
    "type": null,
    "path": null,
    "eps": null
  },
  "privacy_config": {
    "l2_norm_clip": 1.0,
    "eps": null,
    "num_unique_windows": null,
    "delta": null,
    "noise_multiplier": null
  },
  "train_config": {
    "nn_mode": "CNN",
    "epochs": 10,
    "batch_size": 50,
    "learning_rate": 0.001,
    "eval_mode": "LOSO",
    "random_seed": 42,
    "data_noise_parameter": 0.5
  },
  "results": {
    "num_runs": 10,
    "mean": {
      "S2": {
        "accuracy": 0.8970588147640228,
        "precision": 0.9023005723953247,
        "recall": 0.8941176354885101,
        "f1": 0.8981070489403639
      },
      "S3": {
        "accuracy": 0.6823529422283172,
        "precision": 0.685187166929245,
        "recall": 0.6852941155433655,
        "f1": 0.6851808726999649
      },
      "S4": {
        "accuracy": 0.9057142913341523,
        "precision": 0.9080205917358398,
        "recall": 0.8942857205867767,
        "f1": 0.9007513750007952
      },
      "S5": {
        "accuracy": 0.9657142877578735,
        "precision": 0.9658730149269104,
        "recall": 0.9685714304447174,
        "f1": 0.9672032197395314
      },
      "S6": {
        "accuracy": 1.0,
        "precision": 1.0,
        "recall": 1.0,
        "f1": 1.0
      },
      "S7": {
        "accuracy": 0.9371428608894348,
        "precision": 0.9403081238269806,
        "recall": 0.9457142889499665,
        "f1": 0.9429347115812892
      },
      "S8": {
        "accuracy": 0.9857142865657806,
        "precision": 0.9885714292526245,
        "recall": 0.9857142865657806,
        "f1": 0.9871221539779412
      },
      "S9": {
        "accuracy": 0.9800000011920929,
        "precision": 0.9772222220897675,
        "recall": 0.9800000011920929,
        "f1": 0.9785915498068067
      },
      "S10": {
        "accuracy": 0.955555534362793,
        "precision": 0.9611025154590607,
        "recall": 0.9583333134651184,
        "f1": 0.9596619111002684
      },
      "S11": {
        "accuracy": 0.7249999880790711,
        "precision": 0.7235285222530365,
        "recall": 0.7194444358348846,
        "f1": 0.7214295592217255
      },
      "S13": {
        "accuracy": 0.9722222089767456,
        "precision": 0.9722222089767456,
        "recall": 0.9722222089767456,
        "f1": 0.9722222089767456
      },
      "S14": {
        "accuracy": 0.6444444537162781,
        "precision": 0.6444444537162781,
        "recall": 0.6444444537162781,
        "f1": 0.6444444537162781
      },
      "S15": {
        "accuracy": 0.9527777552604675,
        "precision": 0.9527777552604675,
        "recall": 0.9527777552604675,
        "f1": 0.9527777552604675
      },
      "S16": {
        "accuracy": 0.827777773141861,
        "precision": 0.8274596989154815,
        "recall": 0.8277777791023254,
        "f1": 0.8274281948976305
      },
      "S17": {
        "accuracy": 0.577777773141861,
        "precision": 0.578770923614502,
        "recall": 0.5805555522441864,
        "f1": 0.5796080166217632
      },
      "average": {
        "accuracy": 0.8672835314273835,
        "precision": 0.8685192799568175,
        "recall": 0.8672835318247477,
        "f1": 0.867830868769438
      }
    },
    "std": {
      "S2": {
        "accuracy": 0.03733221757759331,
        "precision": 0.04145498663564365,
        "recall": 0.03970285495066438,
        "f1": 0.03956237849824842
      },
      "S3": {
        "accuracy": 0.027027542078979228,
        "precision": 0.024938212757095093,
        "recall": 0.031157342364687462,
        "f1": 0.02737950594522662
      },
      "S4": {
        "accuracy": 0.08198223974836255,
        "precision": 0.08605952950047646,
        "recall": 0.08416590391774262,
        "f1": 0.08303123345774724
      },
      "S5": {
        "accuracy": 0.018070156981039674,
        "precision": 0.017852736052111195,
        "recall": 0.01621846223894845,
        "f1": 0.0165248743158737
      },
      "S6": {
        "accuracy": 0.0,
        "precision": 0.0,
        "recall": 0.0,
        "f1": 0.0
      },
      "S7": {
        "accuracy": 0.018070156981039674,
        "precision": 0.016003272091837314,
        "recall": 0.02501699953089663,
        "f1": 0.019157414164199745
      },
      "S8": {
        "accuracy": 0.015058464150866393,
        "precision": 0.014754221391846171,
        "recall": 0.015058464150866393,
        "f1": 0.01420859064750951
      },
      "S9": {
        "accuracy": 0.013801310364224833,
        "precision": 0.01200749322503156,
        "recall": 0.013801310364224833,
        "f1": 0.012153834176994316
      },
      "S10": {
        "accuracy": 0.023424290133776813,
        "precision": 0.023229452170853912,
        "recall": 0.023606583078679425,
        "f1": 0.022161266194272687
      },
      "S11": {
        "accuracy": 0.033256099183788065,
        "precision": 0.032694602757751906,
        "recall": 0.033256088673431675,
        "f1": 0.03232842694732241
      },
      "S13": {
        "accuracy": 0.0,
        "precision": 0.0,
        "recall": 0.0,
        "f1": 0.0
      },
      "S14": {
        "accuracy": 0.011712145066888412,
        "precision": 0.011712145066888412,
        "recall": 0.011712145066888412,
        "f1": 0.011712145066888412
      },
      "S15": {
        "accuracy": 0.013417947829829947,
        "precision": 0.013417947829829947,
        "recall": 0.013417947829829947,
        "f1": 0.013417947829829947
      },
      "S16": {
        "accuracy": 0.03657113911638381,
        "precision": 0.01996741883226133,
        "recall": 0.0409924843976984,
        "f1": 0.0294418511296545
      },
      "S17": {
        "accuracy": 0.03153589004769485,
        "precision": 0.035765002790371585,
        "recall": 0.04025381743978708,
        "f1": 0.037622325493625174
      },
      "average": {
        "accuracy": 0.007468338112602403,
        "precision": 0.008103841901588244,
        "recall": 0.008781920315240896,
        "f1": 0.008104923464435079
      }
    },
    "poor_ratio": 0.0
  }
}