{
  "real_subj_cnt": 15,
  "real_path": "stress_slurm/data/wesad_1hz.pickle",
  "sliding_windows": false,
  "syn_subj_cnt": 0,
  "gan_config": {
    "gan_mode": "noGAN",
    "type": null,
    "path": null,
    "eps": null
  },
  "privacy_config": {
    "l2_norm_clip": 1.0,
    "eps": null,
    "num_unique_windows": null,
    "delta": null,
    "noise_multiplier": null
  },
  "train_config": {
    "nn_mode": "CNN",
    "epochs": 10,
    "batch_size": 50,
    "learning_rate": 0.001,
    "eval_mode": "LOSO",
    "random_seed": 42,
    "data_noise_parameter": 0.1
  },
  "results": {
    "num_runs": 10,
    "mean": {
      "S2": {
        "accuracy": 0.9411764562129974,
        "precision": 0.9440285086631774,
        "recall": 0.9411764562129974,
        "f1": 0.9425811984459894
      },
      "S3": {
        "accuracy": 0.7,
        "precision": 0.7066183626651764,
        "recall": 0.694117647409439,
        "f1": 0.700176942118879
      },
      "S4": {
        "accuracy": 1.0,
        "precision": 1.0,
        "recall": 0.9971428573131561,
        "f1": 0.9985507247253167
      },
      "S5": {
        "accuracy": 0.9914285719394684,
        "precision": 0.9914285719394684,
        "recall": 0.9885714292526245,
        "f1": 0.9899792966647849
      },
      "S6": {
        "accuracy": 0.9514285743236541,
        "precision": 0.9514285743236541,
        "recall": 0.9514285743236541,
        "f1": 0.9514285743236541
      },
      "S7": {
        "accuracy": 0.9171428620815277,
        "precision": 0.9196638703346253,
        "recall": 0.9142857193946838,
        "f1": 0.916935822758898
      },
      "S8": {
        "accuracy": 0.9600000023841858,
        "precision": 0.9657936513423919,
        "recall": 0.9628571450710297,
        "f1": 0.9642218027693069
      },
      "S9": {
        "accuracy": 0.9800000011920929,
        "precision": 0.9800000011920929,
        "recall": 0.9800000011920929,
        "f1": 0.9800000011920929
      },
      "S10": {
        "accuracy": 0.9527777552604675,
        "precision": 0.9527777552604675,
        "recall": 0.9527777552604675,
        "f1": 0.9527777552604675
      },
      "S11": {
        "accuracy": 0.7499999940395355,
        "precision": 0.7402678966522217,
        "recall": 0.7611111104488373,
        "f1": 0.7504658750443797
      },
      "S13": {
        "accuracy": 0.9805555462837219,
        "precision": 0.9778528451919556,
        "recall": 0.9805555462837219,
        "f1": 0.9791856840977102
      },
      "S14": {
        "accuracy": 0.6083333432674408,
        "precision": 0.6054311573505402,
        "recall": 0.6055555641651154,
        "f1": 0.6054473058374926
      },
      "S15": {
        "accuracy": 0.9833333253860473,
        "precision": 0.9888888835906983,
        "recall": 0.9833333253860473,
        "f1": 0.9860719808201258
      },
      "S16": {
        "accuracy": 0.8694444417953491,
        "precision": 0.8773365378379822,
        "recall": 0.8694444417953491,
        "f1": 0.8732670741877238
      },
      "S17": {
        "accuracy": 0.544444453716278,
        "precision": 0.5447683453559875,
        "recall": 0.5416666746139527,
        "f1": 0.543174808899393
      },
      "average": {
        "accuracy": 0.8753376885255177,
        "precision": 0.876418997446696,
        "recall": 0.874934949874878,
        "f1": 0.8756176564764143
      }
    },
    "std": {
      "S2": {
        "accuracy": 0.024014603890026617,
        "precision": 0.02565235554702617,
        "recall": 0.024014603890026617,
        "f1": 0.024422003669351926
      },
      "S3": {
        "accuracy": 0.02320031485040019,
        "precision": 0.021306265905620396,
        "recall": 0.028414461143547606,
        "f1": 0.023167222550136302
      },
      "S4": {
        "accuracy": 0.0,
        "precision": 0.0,
        "recall": 0.009035078490519832,
        "f1": 0.0045830108245655836
      },
      "S5": {
        "accuracy": 0.013801310364224832,
        "precision": 0.013801310364224832,
        "recall": 0.014754221391846175,
        "f1": 0.013560048462518256
      },
      "S6": {
        "accuracy": 0.01928424335658525,
        "precision": 0.01928424335658525,
        "recall": 0.01928424335658525,
        "f1": 0.01928424335658525
      },
      "S7": {
        "accuracy": 0.009035078490519832,
        "precision": 0.011338137713593523,
        "recall": 0.0,
        "f1": 0.0055869084438609174
      },
      "S8": {
        "accuracy": 0.02409354264138623,
        "precision": 0.026275713096449924,
        "recall": 0.027105235471559512,
        "f1": 0.024507337803459865
      },
      "S9": {
        "accuracy": 0.013801310364224838,
        "precision": 0.013801310364224838,
        "recall": 0.013801310364224838,
        "f1": 0.013801310364224838
      },
      "S10": {
        "accuracy": 0.01874857998753068,
        "precision": 0.01874857998753068,
        "recall": 0.01874857998753068,
        "f1": 0.01874857998753068
      },
      "S11": {
        "accuracy": 0.06415003182178082,
        "precision": 0.05416007101881674,
        "recall": 0.06169752393941661,
        "f1": 0.057405713935341156
      },
      "S13": {
        "accuracy": 0.013417947829829937,
        "precision": 0.011674922684254078,
        "recall": 0.013417947829829937,
        "f1": 0.011815876771833943
      },
      "S14": {
        "accuracy": 0.054700205696998384,
        "precision": 0.057647064698335755,
        "recall": 0.05972043036643278,
        "f1": 0.058431943336419156
      },
      "S15": {
        "accuracy": 0.014344389603665868,
        "precision": 0.014344389603665884,
        "recall": 0.014344389603665868,
        "f1": 0.013094836025106613
      },
      "S16": {
        "accuracy": 0.04730385023866364,
        "precision": 0.05519895777160556,
        "recall": 0.04730385023866364,
        "f1": 0.05035614557847787
      },
      "S17": {
        "accuracy": 0.02986021087061098,
        "precision": 0.030044254710820822,
        "recall": 0.030003425071657694,
        "f1": 0.029630586936968628
      },
      "average": {
        "accuracy": 0.008811355464409027,
        "precision": 0.00884188190596016,
        "recall": 0.009069122738946713,
        "f1": 0.00873341679314255
      }
    },
    "poor_ratio": 0.0
  }
}