{
  "real_subj_cnt": 15,
  "real_path": "stress_slurm/data/wesad_1hz.pickle",
  "sliding_windows": false,
  "syn_subj_cnt": 0,
  "gan_config": {
    "gan_mode": "noGAN",
    "type": null,
    "path": null,
    "eps": null
  },
  "privacy_config": {
    "l2_norm_clip": 1.0,
    "eps": null,
    "num_unique_windows": null,
    "delta": null,
    "noise_multiplier": null
  },
  "train_config": {
    "nn_mode": "CNN",
    "epochs": 10,
    "batch_size": 50,
    "learning_rate": 0.001,
    "eval_mode": "LOSO",
    "random_seed": 42,
    "data_noise_parameter": 13.0
  },
  "results": {
    "num_runs": 10,
    "mean": {
      "S2": {
        "accuracy": 0.3764706015586853,
        "precision": 0.32647059857845306,
        "recall": 0.37647059857845305,
        "f1": 0.3431372652451197
      },
      "S3": {
        "accuracy": 0.3764705955982208,
        "precision": 0.2949651122093201,
        "recall": 0.38235294818878174,
        "f1": 0.3253004502321147
      },
      "S4": {
        "accuracy": 0.2571428716182709,
        "precision": 0.2557142972946167,
        "recall": 0.3057142972946167,
        "f1": 0.27238096396128336
      },
      "S5": {
        "accuracy": 0.5000000149011612,
        "precision": 0.373714292049408,
        "recall": 0.49428572356700895,
        "f1": 0.4155182145836719
      },
      "S6": {
        "accuracy": 0.4142857283353806,
        "precision": 0.2928571492433548,
        "recall": 0.4428571492433548,
        "f1": 0.3428571492433548
      },
      "S7": {
        "accuracy": 0.40857144594192507,
        "precision": 0.3285714387893677,
        "recall": 0.42857143878936765,
        "f1": 0.361904772122701
      },
      "S8": {
        "accuracy": 0.5285714447498322,
        "precision": 0.3521848827600479,
        "recall": 0.45142858028411864,
        "f1": 0.38513458440331844
      },
      "S9": {
        "accuracy": 0.5114285856485367,
        "precision": 0.30329670906066897,
        "recall": 0.4428571492433548,
        "f1": 0.35047619641323885
      },
      "S10": {
        "accuracy": 0.41111111640930176,
        "precision": 0.33333333730697634,
        "recall": 0.4833333373069763,
        "f1": 0.38333333730697633
      },
      "S11": {
        "accuracy": 0.42222221195697784,
        "precision": 0.27222221791744233,
        "recall": 0.3222222179174423,
        "f1": 0.288888884584109
      },
      "S13": {
        "accuracy": 0.36666667461395264,
        "precision": 0.3868888944387436,
        "recall": 0.5055555641651154,
        "f1": 0.42803618230432006
      },
      "S14": {
        "accuracy": 0.4611110985279083,
        "precision": 0.4416666567325592,
        "recall": 0.4916666567325592,
        "f1": 0.4583333233992259
      },
      "S15": {
        "accuracy": 0.36666667461395264,
        "precision": 0.26666667461395266,
        "recall": 0.26666667461395266,
        "f1": 0.26666667461395266
      },
      "S16": {
        "accuracy": 0.3444444388151169,
        "precision": 0.21388888657093047,
        "recall": 0.21388888657093047,
        "f1": 0.21388888657093047
      },
      "S17": {
        "accuracy": 0.36666667461395264,
        "precision": 0.32205129265785215,
        "recall": 0.36666667461395264,
        "f1": 0.3379538055296424
      },
      "average": {
        "accuracy": 0.407455345193545,
        "precision": 0.31763282934824627,
        "recall": 0.39830252647399905,
        "f1": 0.3449207127009306
      }
    },
    "std": {
      "S2": {
        "accuracy": 0.17361524630516323,
        "precision": 0.178877918111516,
        "recall": 0.27618536201309496,
        "f1": 0.2029830097154752
      },
      "S3": {
        "accuracy": 0.16741468967727932,
        "precision": 0.17208846411506828,
        "recall": 0.32397473800491905,
        "f1": 0.21870869597872367
      },
      "S4": {
        "accuracy": 0.0,
        "precision": 0.1178896060746513,
        "recall": 0.25698407553113123,
        "f1": 0.16038502304433586
      },
      "S5": {
        "accuracy": 0.25599390627193175,
        "precision": 0.2657938117085951,
        "recall": 0.38428305920169153,
        "f1": 0.29500821814098266
      },
      "S6": {
        "accuracy": 0.2070196698592619,
        "precision": 0.18272936976405452,
        "recall": 0.4009625578861244,
        "f1": 0.2507735559466826
      },
      "S7": {
        "accuracy": 0.20384067668678515,
        "precision": 0.20247896794171438,
        "recall": 0.351478893715926,
        "f1": 0.24214544390759946
      },
      "S8": {
        "accuracy": 0.24140555965887361,
        "precision": 0.26494615371865954,
        "recall": 0.3844600412199459,
        "f1": 0.29357872870890567
      },
      "S9": {
        "accuracy": 0.2403512181593009,
        "precision": 0.24680872111492153,
        "recall": 0.4121180295914298,
        "f1": 0.29357099051247687
      },
      "S10": {
        "accuracy": 0.2146870501101641,
        "precision": 0.22831162580030845,
        "recall": 0.4074494889430116,
        "f1": 0.27771603848907284
      },
      "S11": {
        "accuracy": 0.18785116884639358,
        "precision": 0.22559173248348374,
        "recall": 0.31811990226723824,
        "f1": 0.24920999517251172
      },
      "S13": {
        "accuracy": 0.18739422054411514,
        "precision": 0.15568406382221206,
        "recall": 0.311474648978429,
        "f1": 0.19799742467530443
      },
      "S14": {
        "accuracy": 0.2008213467223507,
        "precision": 0.1844661863716868,
        "recall": 0.25594776127128965,
        "f1": 0.19739819119582144
      },
      "S15": {
        "accuracy": 0.18739422054411514,
        "precision": 0.19737648006423456,
        "recall": 0.19737648006423456,
        "f1": 0.19737648006423456
      },
      "S16": {
        "accuracy": 0.12297745723207555,
        "precision": 0.1475973541486825,
        "recall": 0.1475973541486825,
        "f1": 0.1475973541486825
      },
      "S17": {
        "accuracy": 0.18739422054411514,
        "precision": 0.19186328118407944,
        "recall": 0.2823087208309803,
        "f1": 0.2180178851325319
      },
      "average": {
        "accuracy": 0.03999115595348325,
        "precision": 0.053894504807561805,
        "recall": 0.07655927413483327,
        "f1": 0.06029913965299938
      }
    },
    "poor_ratio": 0.2
  }
}