{
  "real_subj_cnt": 15,
  "real_path": "stress_slurm/data/wesad_1hz.pickle",
  "sliding_windows": false,
  "syn_subj_cnt": 0,
  "gan_config": {
    "gan_mode": "noGAN",
    "type": null,
    "path": null,
    "eps": null
  },
  "privacy_config": {
    "l2_norm_clip": 1.0,
    "eps": null,
    "num_unique_windows": null,
    "delta": null,
    "noise_multiplier": null
  },
  "train_config": {
    "nn_mode": "CNN",
    "epochs": 10,
    "batch_size": 50,
    "learning_rate": 0.001,
    "eval_mode": "LOSO",
    "random_seed": 42,
    "data_noise_parameter": 0.9
  },
  "results": {
    "num_runs": 10,
    "mean": {
      "S2": {
        "accuracy": 0.8088235199451447,
        "precision": 0.8130274415016174,
        "recall": 0.8029411733150482,
        "f1": 0.8078389152338005
      },
      "S3": {
        "accuracy": 0.6705882310867309,
        "precision": 0.6706162452697754,
        "recall": 0.6705882310867309,
        "f1": 0.6705735999044186
      },
      "S4": {
        "accuracy": 0.7428571581840515,
        "precision": 0.7428571581840515,
        "recall": 0.7428571581840515,
        "f1": 0.7428571581840515
      },
      "S5": {
        "accuracy": 0.8857142925262451,
        "precision": 0.8857142925262451,
        "recall": 0.8857142925262451,
        "f1": 0.8857142925262451
      },
      "S6": {
        "accuracy": 0.7428571581840515,
        "precision": 0.7428571581840515,
        "recall": 0.7428571581840515,
        "f1": 0.7428571581840515
      },
      "S7": {
        "accuracy": 1.0,
        "precision": 1.0,
        "recall": 1.0,
        "f1": 1.0
      },
      "S8": {
        "accuracy": 0.7742857277393341,
        "precision": 0.7764213681221008,
        "recall": 0.7742857277393341,
        "f1": 0.7752669081263834
      },
      "S9": {
        "accuracy": 0.8342857241630555,
        "precision": 0.8363865613937378,
        "recall": 0.8342857241630555,
        "f1": 0.835320919342738
      },
      "S10": {
        "accuracy": 0.927777761220932,
        "precision": 0.9303174436092376,
        "recall": 0.927777761220932,
        "f1": 0.9290297173290256
      },
      "S11": {
        "accuracy": 0.7472222208976745,
        "precision": 0.7507164359092713,
        "recall": 0.7527777791023255,
        "f1": 0.7517032210593381
      },
      "S13": {
        "accuracy": 0.8416666686534882,
        "precision": 0.8413106024265289,
        "recall": 0.8388888895511627,
        "f1": 0.8400534901740817
      },
      "S14": {
        "accuracy": 0.6916666448116302,
        "precision": 0.6898648381233216,
        "recall": 0.6916666448116302,
        "f1": 0.6907534002922202
      },
      "S15": {
        "accuracy": 0.7333333253860473,
        "precision": 0.7333333253860473,
        "recall": 0.7333333253860473,
        "f1": 0.7333333253860473
      },
      "S16": {
        "accuracy": 0.6972221970558167,
        "precision": 0.6972221970558167,
        "recall": 0.6972221970558167,
        "f1": 0.6972221970558167
      },
      "S17": {
        "accuracy": 0.6722222089767456,
        "precision": 0.6767740428447724,
        "recall": 0.6638888835906982,
        "f1": 0.6702135004925884
      },
      "average": {
        "accuracy": 0.7847015225887299,
        "precision": 0.7858279407024383,
        "recall": 0.7839389963944753,
        "f1": 0.7848491868860539
      }
    },
    "std": {
      "S2": {
        "accuracy": 0.048526924039885656,
        "precision": 0.04996472208762783,
        "recall": 0.043953936490561146,
        "f1": 0.045944007146831216
      },
      "S3": {
        "accuracy": 0.012401075558480475,
        "precision": 0.010498646673868399,
        "recall": 0.012401075558480468,
        "f1": 0.010560140783407458
      },
      "S4": {
        "accuracy": 0.0,
        "precision": 0.0,
        "recall": 0.0,
        "f1": 0.0
      },
      "S5": {
        "accuracy": 0.053874799164929446,
        "precision": 0.053874799164929446,
        "recall": 0.053874799164929446,
        "f1": 0.053874799164929446
      },
      "S6": {
        "accuracy": 0.09035078490519836,
        "precision": 0.09035078490519836,
        "recall": 0.09035078490519836,
        "f1": 0.09035078490519836
      },
      "S7": {
        "accuracy": 0.0,
        "precision": 0.0,
        "recall": 0.0,
        "f1": 0.0
      },
      "S8": {
        "accuracy": 0.04353953816926956,
        "precision": 0.04594539723038388,
        "recall": 0.051198778112945736,
        "f1": 0.04775811652372899
      },
      "S9": {
        "accuracy": 0.12692061147461917,
        "precision": 0.1248709476205977,
        "recall": 0.12692061147461917,
        "f1": 0.12587098901744687
      },
      "S10": {
        "accuracy": 0.026835866867881128,
        "precision": 0.02377362031306022,
        "recall": 0.026835866867881128,
        "f1": 0.02505282455669569
      },
      "S11": {
        "accuracy": 0.024322095924643378,
        "precision": 0.025704732362639683,
        "recall": 0.027623038894233766,
        "f1": 0.025970561435946556
      },
      "S13": {
        "accuracy": 0.0586338526237046,
        "precision": 0.058176004160702274,
        "recall": 0.05826715886312919,
        "f1": 0.05792593184865376
      },
      "S14": {
        "accuracy": 0.008784089951522642,
        "precision": 0.014481902989903275,
        "recall": 0.008784089951522642,
        "f1": 0.011672022693524336
      },
      "S15": {
        "accuracy": 0.02342429013377683,
        "precision": 0.02342429013377683,
        "recall": 0.02342429013377683,
        "f1": 0.02342429013377683
      },
      "S16": {
        "accuracy": 0.008784108800166316,
        "precision": 0.008784108800166316,
        "recall": 0.008784108800166316,
        "f1": 0.008784108800166316
      },
      "S17": {
        "accuracy": 0.05524603849540875,
        "precision": 0.05042976319856716,
        "recall": 0.05470019325334729,
        "f1": 0.052266728603449115
      },
      "average": {
        "accuracy": 0.009844867406554667,
        "precision": 0.01035506029100579,
        "recall": 0.009317701450179171,
        "f1": 0.00975005781854673
      }
    },
    "poor_ratio": 0.0
  }
}