{
  "real_subj_cnt": 15,
  "real_path": "stress_slurm/data/wesad_1hz.pickle",
  "sliding_windows": false,
  "syn_subj_cnt": 0,
  "gan_config": {
    "gan_mode": "noGAN",
    "type": null,
    "path": null,
    "eps": null
  },
  "privacy_config": {
    "l2_norm_clip": 1.0,
    "eps": null,
    "num_unique_windows": null,
    "delta": null,
    "noise_multiplier": null
  },
  "train_config": {
    "nn_mode": "CNN",
    "epochs": 10,
    "batch_size": 50,
    "learning_rate": 0.001,
    "eval_mode": "LOSO",
    "random_seed": 42,
    "data_noise_parameter": 6
  },
  "results": {
    "num_runs": 10,
    "mean": {
      "S2": {
        "accuracy": 0.6176470726728439,
        "precision": 0.5543573081493378,
        "recall": 0.5852941274642944,
        "f1": 0.5603985954065707
      },
      "S3": {
        "accuracy": 0.6529411673545837,
        "precision": 0.6544098258018494,
        "recall": 0.6176470518112183,
        "f1": 0.6344374913692444
      },
      "S4": {
        "accuracy": 0.6600000143051148,
        "precision": 0.6928047835826874,
        "recall": 0.7885714411735535,
        "f1": 0.7245150612820351
      },
      "S5": {
        "accuracy": 0.6771428704261779,
        "precision": 0.6553972274065017,
        "recall": 0.6771428674459458,
        "f1": 0.6642778109452468
      },
      "S6": {
        "accuracy": 0.660000017285347,
        "precision": 0.7160812526941299,
        "recall": 0.6657143056392669,
        "f1": 0.6822039860021142
      },
      "S7": {
        "accuracy": 0.777142870426178,
        "precision": 0.7939011037349701,
        "recall": 0.7714285850524902,
        "f1": 0.7808879993098572
      },
      "S8": {
        "accuracy": 0.7114285856485367,
        "precision": 0.7023529529571533,
        "recall": 0.800000011920929,
        "f1": 0.7344927654762625
      },
      "S9": {
        "accuracy": 0.6714285880327224,
        "precision": 0.6734325498342514,
        "recall": 0.6485714465379715,
        "f1": 0.6595374147412736
      },
      "S10": {
        "accuracy": 0.7416666626930237,
        "precision": 0.7534764885902405,
        "recall": 0.7055555492639541,
        "f1": 0.7223341623659763
      },
      "S11": {
        "accuracy": 0.6722222030162811,
        "precision": 0.6971654951572418,
        "recall": 0.6805555403232575,
        "f1": 0.6866489229439501
      },
      "S13": {
        "accuracy": 0.6333333253860474,
        "precision": 0.6599168032407761,
        "recall": 0.6861111044883728,
        "f1": 0.6700854596977374
      },
      "S14": {
        "accuracy": 0.6583333104848862,
        "precision": 0.6701612651348114,
        "recall": 0.7027777552604675,
        "f1": 0.6821428325810764
      },
      "S15": {
        "accuracy": 0.6666666537523269,
        "precision": 0.6675200045108796,
        "recall": 0.674999988079071,
        "f1": 0.6709795307396228
      },
      "S16": {
        "accuracy": 0.6222222000360489,
        "precision": 0.5902136594057084,
        "recall": 0.588888868689537,
        "f1": 0.5891413963715891
      },
      "S17": {
        "accuracy": 0.7944444358348847,
        "precision": 0.679518723487854,
        "recall": 0.6833333253860474,
        "f1": 0.6687037467345449
      },
      "average": {
        "accuracy": 0.6811079984903335,
        "precision": 0.6773806295792262,
        "recall": 0.6851061312357585,
        "f1": 0.6753858117311401
      }
    },
    "std": {
      "S2": {
        "accuracy": 0.23570225998231148,
        "precision": 0.2786033700990015,
        "recall": 0.2942646696344222,
        "f1": 0.26670853114127113
      },
      "S3": {
        "accuracy": 0.04960435249697165,
        "precision": 0.036697080032083634,
        "recall": 0.06200544062121456,
        "f1": 0.04459353182359539
      },
      "S4": {
        "accuracy": 0.17789395470561323,
        "precision": 0.10356757021186569,
        "recall": 0.10450183548050163,
        "f1": 0.03447313549178925
      },
      "S5": {
        "accuracy": 0.2257966484902857,
        "precision": 0.2933502748544189,
        "recall": 0.2984616662335504,
        "f1": 0.291797769420791
      },
      "S6": {
        "accuracy": 0.13363910647945726,
        "precision": 0.14547501740722893,
        "recall": 0.0774303825245144,
        "f1": 0.08024886912583322
      },
      "S7": {
        "accuracy": 0.10415407466425543,
        "precision": 0.09838436129066871,
        "recall": 0.10168645348217005,
        "f1": 0.0919463523058225
      },
      "S8": {
        "accuracy": 0.12080606284606847,
        "precision": 0.10957559863538066,
        "recall": 0.10690449039296518,
        "f1": 0.04168017674738515
      },
      "S9": {
        "accuracy": 0.13552618678211936,
        "precision": 0.09744766078624327,
        "recall": 0.13672555622722643,
        "f1": 0.1194188713784128
      },
      "S10": {
        "accuracy": 0.047303850238663646,
        "precision": 0.050630126879562094,
        "recall": 0.11279586909591306,
        "f1": 0.07287547646027118
      },
      "S11": {
        "accuracy": 0.07612890523748868,
        "precision": 0.0901270578205102,
        "recall": 0.06835566126928593,
        "f1": 0.07173613056495182
      },
      "S13": {
        "accuracy": 0.18739422054411514,
        "precision": 0.1423841361896889,
        "recall": 0.14584435121941175,
        "f1": 0.1376621865120814
      },
      "S14": {
        "accuracy": 0.11419334843190923,
        "precision": 0.076790071676966,
        "recall": 0.026352326400498935,
        "f1": 0.03890102860784153
      },
      "S15": {
        "accuracy": 0.12213801009906088,
        "precision": 0.1182333706631954,
        "recall": 0.11568516944244786,
        "f1": 0.11623745306500965
      },
      "S16": {
        "accuracy": 0.15281985041550625,
        "precision": 0.22685374988910423,
        "recall": 0.23599305971045628,
        "f1": 0.2313178075593129
      },
      "S17": {
        "accuracy": 0.09550961219155554,
        "precision": 0.25517381564661246,
        "recall": 0.28090828455881056,
        "f1": 0.24217978505440635
      },
      "average": {
        "accuracy": 0.04352378833139986,
        "precision": 0.04114735685911914,
        "recall": 0.03541154981474212,
        "f1": 0.03752750308414382
      }
    },
    "poor_ratio": 0.0
  }
}