{
  "real_subj_cnt": 15,
  "real_path": "stress_slurm/data/wesad_1hz.pickle",
  "sliding_windows": false,
  "syn_subj_cnt": 0,
  "gan_config": {
    "gan_mode": "noGAN",
    "type": null,
    "path": null,
    "eps": null
  },
  "privacy_config": {
    "l2_norm_clip": 1.0,
    "eps": null,
    "num_unique_windows": null,
    "delta": null,
    "noise_multiplier": null
  },
  "train_config": {
    "nn_mode": "CNN",
    "epochs": 10,
    "batch_size": 50,
    "learning_rate": 0.001,
    "eval_mode": "LOSO",
    "random_seed": 42,
    "data_noise_parameter": 4.0
  },
  "results": {
    "num_runs": 10,
    "mean": {
      "S2": {
        "accuracy": 0.7411764800548554,
        "precision": 0.7296314716339112,
        "recall": 0.7117647111415863,
        "f1": 0.7062806800585418
      },
      "S3": {
        "accuracy": 0.5882352948188782,
        "precision": 0.5877005398273468,
        "recall": 0.6382353007793427,
        "f1": 0.5981780245511159
      },
      "S4": {
        "accuracy": 0.6514285862445831,
        "precision": 0.5730386674404144,
        "recall": 0.6657142966985703,
        "f1": 0.6034944553744767
      },
      "S5": {
        "accuracy": 0.6742857277393342,
        "precision": 0.606649786233902,
        "recall": 0.5000000074505806,
        "f1": 0.4920851057690771
      },
      "S6": {
        "accuracy": 0.5428571581840516,
        "precision": 0.4151120543479919,
        "recall": 0.565714293718338,
        "f1": 0.4679566596512938
      },
      "S7": {
        "accuracy": 0.5885714411735534,
        "precision": 0.6101823091506958,
        "recall": 0.7200000077486038,
        "f1": 0.6505832257073411
      },
      "S8": {
        "accuracy": 0.5771428734064102,
        "precision": 0.6384288400411606,
        "recall": 0.4542857237160206,
        "f1": 0.4728119731339325
      },
      "S9": {
        "accuracy": 0.5771428734064102,
        "precision": 0.5221851527690887,
        "recall": 0.5428571611642837,
        "f1": 0.531397983830783
      },
      "S10": {
        "accuracy": 0.6555555522441864,
        "precision": 0.6345131516456604,
        "recall": 0.46944445073604585,
        "f1": 0.4990641703556394
      },
      "S11": {
        "accuracy": 0.6166666567325592,
        "precision": 0.5554413974285126,
        "recall": 0.5527777731418609,
        "f1": 0.5496730330133539
      },
      "S13": {
        "accuracy": 0.6805555582046509,
        "precision": 0.6650555610656739,
        "recall": 0.6555555567145348,
        "f1": 0.6194064444024502
      },
      "S14": {
        "accuracy": 0.5416666492819786,
        "precision": 0.5416666530072689,
        "recall": 0.5833333168178797,
        "f1": 0.5537681007050799
      },
      "S15": {
        "accuracy": 0.6333333283662796,
        "precision": 0.6519958168268204,
        "recall": 0.500000000745058,
        "f1": 0.5147960358935298
      },
      "S16": {
        "accuracy": 0.5138888746500015,
        "precision": 0.4821083389222622,
        "recall": 0.4861110959202051,
        "f1": 0.48334252924278004
      },
      "S17": {
        "accuracy": 0.6833333313465119,
        "precision": 0.7659323334693908,
        "recall": 0.5083333345130086,
        "f1": 0.5510402808852628
      },
      "average": {
        "accuracy": 0.6177226923902829,
        "precision": 0.5986428049206733,
        "recall": 0.5702751354003947,
        "f1": 0.5529252468383106
      }
    },
    "std": {
      "S2": {
        "accuracy": 0.08524338114556924,
        "precision": 0.10760604303499471,
        "recall": 0.15426774744114957,
        "f1": 0.0860456926118378
      },
      "S3": {
        "accuracy": 0.15061069584143522,
        "precision": 0.16182529630354295,
        "recall": 0.23119384451309474,
        "f1": 0.15597167140506063
      },
      "S4": {
        "accuracy": 0.2085692542624896,
        "precision": 0.2314069635049002,
        "recall": 0.26668367615346544,
        "f1": 0.22636687718602522
      },
      "S5": {
        "accuracy": 0.2538412334598137,
        "precision": 0.333390849167158,
        "recall": 0.3664501510148016,
        "f1": 0.2813843633537992
      },
      "S6": {
        "accuracy": 0.17612611837633307,
        "precision": 0.2618600793921545,
        "recall": 0.3935534956938981,
        "f1": 0.2962119227926694
      },
      "S7": {
        "accuracy": 0.2917458566831524,
        "precision": 0.2530332175858875,
        "recall": 0.3002040077963274,
        "f1": 0.2538494387981454
      },
      "S8": {
        "accuracy": 0.20149104205341406,
        "precision": 0.3220984570385772,
        "recall": 0.33113561364543115,
        "f1": 0.27332953587232905
      },
      "S9": {
        "accuracy": 0.21073244591568244,
        "precision": 0.23938345406738895,
        "recall": 0.23406106652202285,
        "f1": 0.2360247781453036
      },
      "S10": {
        "accuracy": 0.2132445739770515,
        "precision": 0.3121144806986701,
        "recall": 0.31818727495217547,
        "f1": 0.29104008218130895
      },
      "S11": {
        "accuracy": 0.17312585964326663,
        "precision": 0.2577316597441426,
        "recall": 0.275748757469179,
        "f1": 0.2561159376475582
      },
      "S13": {
        "accuracy": 0.30520461875603105,
        "precision": 0.30736037034722474,
        "recall": 0.35769992923813715,
        "f1": 0.3056049333432125
      },
      "S14": {
        "accuracy": 0.24680744705323704,
        "precision": 0.27098166886615377,
        "recall": 0.3104269308354343,
        "f1": 0.27536911819170157
      },
      "S15": {
        "accuracy": 0.09053264108400136,
        "precision": 0.28363879886127064,
        "recall": 0.2919237532050262,
        "f1": 0.2524137925850814
      },
      "S16": {
        "accuracy": 0.20084269127993773,
        "precision": 0.2275047997435455,
        "recall": 0.24118547446377392,
        "f1": 0.23415787137356678
      },
      "S17": {
        "accuracy": 0.2219133586872945,
        "precision": 0.2825494583735677,
        "recall": 0.29602127881115814,
        "f1": 0.2931355298895107
      },
      "average": {
        "accuracy": 0.06107786960459358,
        "precision": 0.07216508849154099,
        "recall": 0.07862088171374082,
        "f1": 0.07571210745719827
      }
    },
    "poor_ratio": 0.0
  }
}