{
  "real_subj_cnt": 15,
  "real_path": "stress_slurm/data/wesad_1hz.pickle",
  "sliding_windows": false,
  "syn_subj_cnt": 0,
  "gan_config": {
    "gan_mode": "noGAN",
    "type": null,
    "path": null,
    "eps": null
  },
  "privacy_config": {
    "l2_norm_clip": 1.0,
    "eps": null,
    "num_unique_windows": null,
    "delta": null,
    "noise_multiplier": null
  },
  "train_config": {
    "nn_mode": "CNN",
    "epochs": 10,
    "batch_size": 50,
    "learning_rate": 0.001,
    "eval_mode": "LOSO",
    "random_seed": 42,
    "data_noise_parameter": 0.9
  },
  "results": {
    "num_runs": 10,
    "mean": {
      "S2": {
        "accuracy": 0.8352941036224365,
        "precision": 0.8356506109237671,
        "recall": 0.8382352828979492,
        "f1": 0.8368556255955527
      },
      "S3": {
        "accuracy": 0.6705882251262665,
        "precision": 0.6744485199451447,
        "recall": 0.6705882251262665,
        "f1": 0.6724598832093214
      },
      "S4": {
        "accuracy": 0.7428571581840515,
        "precision": 0.7428571581840515,
        "recall": 0.7428571581840515,
        "f1": 0.7428571581840515
      },
      "S5": {
        "accuracy": 0.8971428632736206,
        "precision": 0.8968907594680786,
        "recall": 0.8942857205867767,
        "f1": 0.8955693629566197
      },
      "S6": {
        "accuracy": 0.7142857313156128,
        "precision": 0.7142857313156128,
        "recall": 0.7142857313156128,
        "f1": 0.7142857313156128
      },
      "S7": {
        "accuracy": 0.9828571438789367,
        "precision": 0.9802380979061127,
        "recall": 0.9828571438789367,
        "f1": 0.9815291769186245
      },
      "S8": {
        "accuracy": 0.7800000131130218,
        "precision": 0.7794958114624023,
        "recall": 0.777142870426178,
        "f1": 0.7783022906481781
      },
      "S9": {
        "accuracy": 0.731428587436676,
        "precision": 0.731428587436676,
        "recall": 0.731428587436676,
        "f1": 0.731428587436676
      },
      "S10": {
        "accuracy": 0.927777761220932,
        "precision": 0.930542665719986,
        "recall": 0.9305555343627929,
        "f1": 0.9305137317391562
      },
      "S11": {
        "accuracy": 0.7444444417953491,
        "precision": 0.7453110218048096,
        "recall": 0.7472222208976745,
        "f1": 0.7462237632465267
      },
      "S13": {
        "accuracy": 0.8833333373069763,
        "precision": 0.8862398087978363,
        "recall": 0.8861111104488373,
        "f1": 0.8861046783030204
      },
      "S14": {
        "accuracy": 0.6805555522441864,
        "precision": 0.6814564526081085,
        "recall": 0.6833333253860474,
        "f1": 0.6823820337320406
      },
      "S15": {
        "accuracy": 0.7333333253860473,
        "precision": 0.7399719834327698,
        "recall": 0.7333333253860473,
        "f1": 0.7365727632665736
      },
      "S16": {
        "accuracy": 0.6972221970558167,
        "precision": 0.6952702462673187,
        "recall": 0.6972221970558167,
        "f1": 0.6962328521434485
      },
      "S17": {
        "accuracy": 0.6666666626930237,
        "precision": 0.666042584180832,
        "recall": 0.6638888835906982,
        "f1": 0.6648524922920434
      },
      "average": {
        "accuracy": 0.7791858069101969,
        "precision": 0.7800086692969004,
        "recall": 0.7795564877986908,
        "f1": 0.779744675399163
      }
    },
    "std": {
      "S2": {
        "accuracy": 0.03161668654242982,
        "precision": 0.02571900299497125,
        "recall": 0.03466209083628352,
        "f1": 0.02916818580994696
      },
      "S3": {
        "accuracy": 0.01860163218636437,
        "precision": 0.006394308118962186,
        "recall": 0.01860163218636437,
        "f1": 0.012682929642846409
      },
      "S4": {
        "accuracy": 0.0,
        "precision": 0.0,
        "recall": 0.0,
        "f1": 0.0
      },
      "S5": {
        "accuracy": 0.03614031396207934,
        "precision": 0.0360160228598461,
        "recall": 0.0357618709265569,
        "f1": 0.03565022384372192
      },
      "S6": {
        "accuracy": 0.0,
        "precision": 0.0,
        "recall": 0.0,
        "f1": 0.0
      },
      "S7": {
        "accuracy": 0.02760262072844967,
        "precision": 0.0326083235041814,
        "recall": 0.02760262072844967,
        "f1": 0.029959658444363678
      },
      "S8": {
        "accuracy": 0.030267138352263006,
        "precision": 0.029397620564596758,
        "recall": 0.026255329391422652,
        "f1": 0.02759847923950009
      },
      "S9": {
        "accuracy": 0.04507489089884787,
        "precision": 0.04507489089884787,
        "recall": 0.04507489089884787,
        "f1": 0.04507489089884787
      },
      "S10": {
        "accuracy": 0.029860202245387393,
        "precision": 0.027024582958777146,
        "recall": 0.03000341894018908,
        "f1": 0.02793499614164834
      },
      "S11": {
        "accuracy": 0.021911417052245502,
        "precision": 0.02337880477246514,
        "recall": 0.020496253867054726,
        "f1": 0.02118207647355489
      },
      "S13": {
        "accuracy": 0.04303314743620554,
        "precision": 0.04601775628899866,
        "recall": 0.046203604687603164,
        "f1": 0.04526861915045507
      },
      "S14": {
        "accuracy": 0.014640149919204443,
        "precision": 0.013951511886951803,
        "recall": 0.014344358823959676,
        "f1": 0.013831903143325084
      },
      "S15": {
        "accuracy": 0.01942239533854041,
        "precision": 0.03176584296338146,
        "recall": 0.01942239533854041,
        "f1": 0.025025956964520386
      },
      "S16": {
        "accuracy": 0.008784108800166309,
        "precision": 0.0026114984279512563,
        "recall": 0.008784108800166309,
        "f1": 0.005655525485583401
      },
      "S17": {
        "accuracy": 0.037037029862408345,
        "precision": 0.039286004028029495,
        "recall": 0.03806444536926888,
        "f1": 0.03761295332554084
      },
      "average": {
        "accuracy": 0.007587598160152248,
        "precision": 0.007710784766188211,
        "recall": 0.007840241245855768,
        "f1": 0.007683019582850103
      }
    },
    "poor_ratio": 0.0
  }
}