{
  "real_subj_cnt": 15,
  "real_path": "stress_slurm/data/wesad_1hz.pickle",
  "sliding_windows": false,
  "syn_subj_cnt": 0,
  "gan_config": {
    "gan_mode": "noGAN",
    "type": null,
    "path": null,
    "eps": null
  },
  "privacy_config": {
    "l2_norm_clip": 1.0,
    "eps": null,
    "num_unique_windows": null,
    "delta": null,
    "noise_multiplier": null
  },
  "train_config": {
    "nn_mode": "CNN",
    "epochs": 10,
    "batch_size": 50,
    "learning_rate": 0.001,
    "eval_mode": "LOSO",
    "random_seed": 42,
    "data_noise_parameter": 0.6
  },
  "results": {
    "num_runs": 10,
    "mean": {
      "S2": {
        "accuracy": 0.8882352769374847,
        "precision": 0.886050409078598,
        "recall": 0.8911764562129975,
        "f1": 0.8885762874004947
      },
      "S3": {
        "accuracy": 0.6588235378265381,
        "precision": 0.6668786883354187,
        "recall": 0.6647058844566345,
        "f1": 0.6654837366102873
      },
      "S4": {
        "accuracy": 0.7971428692340851,
        "precision": 0.8032690167427063,
        "recall": 0.7857142984867096,
        "f1": 0.7940169387895595
      },
      "S5": {
        "accuracy": 0.9485714316368103,
        "precision": 0.9514285743236541,
        "recall": 0.9485714316368103,
        "f1": 0.9499792990489707
      },
      "S6": {
        "accuracy": 0.9714285731315613,
        "precision": 0.9715779662132263,
        "recall": 0.9714285731315613,
        "f1": 0.9714250738802305
      },
      "S7": {
        "accuracy": 0.9657142877578735,
        "precision": 0.9630158722400666,
        "recall": 0.9657142877578735,
        "f1": 0.9643460770526875
      },
      "S8": {
        "accuracy": 0.9914285719394684,
        "precision": 0.9859523773193359,
        "recall": 0.9914285719394684,
        "f1": 0.9886519098489963
      },
      "S9": {
        "accuracy": 0.9828571438789367,
        "precision": 0.9859523832798004,
        "recall": 0.9828571438789367,
        "f1": 0.9843449117429456
      },
      "S10": {
        "accuracy": 0.9583333134651184,
        "precision": 0.9558479368686676,
        "recall": 0.9611110925674439,
        "f1": 0.9584083910228738
      },
      "S11": {
        "accuracy": 0.7444444417953491,
        "precision": 0.7394785463809967,
        "recall": 0.7472222208976745,
        "f1": 0.7432433478996089
      },
      "S13": {
        "accuracy": 0.9638888716697693,
        "precision": 0.9613320291042328,
        "recall": 0.9638888716697693,
        "f1": 0.9625554525022066
      },
      "S14": {
        "accuracy": 0.6444444537162781,
        "precision": 0.6454204261302948,
        "recall": 0.6472222328186035,
        "f1": 0.6463089882991935
      },
      "S15": {
        "accuracy": 0.9055555403232575,
        "precision": 0.9053968131542206,
        "recall": 0.9027777671813965,
        "f1": 0.9040688461939084
      },
      "S16": {
        "accuracy": 0.8027777731418609,
        "precision": 0.8004869163036347,
        "recall": 0.8027777731418609,
        "f1": 0.8015879887390553
      },
      "S17": {
        "accuracy": 0.5666666686534881,
        "precision": 0.5653446674346924,
        "recall": 0.5666666686534881,
        "f1": 0.5659320527497984
      },
      "average": {
        "accuracy": 0.8526875170071919,
        "precision": 0.8524955081939698,
        "recall": 0.8528842182954153,
        "f1": 0.8525952867853878
      }
    },
    "std": {
      "S2": {
        "accuracy": 0.03872238425086542,
        "precision": 0.03744752835693918,
        "recall": 0.03681368827868043,
        "f1": 0.036741311495120665
      },
      "S3": {
        "accuracy": 0.01518815368998854,
        "precision": 0.019811345566520408,
        "recall": 0.031616687774605766,
        "f1": 0.021664489118927512
      },
      "S4": {
        "accuracy": 0.0790533513621371,
        "precision": 0.08479232693401147,
        "recall": 0.07529232075433197,
        "f1": 0.07765546528222031
      },
      "S5": {
        "accuracy": 0.022537445449423932,
        "precision": 0.02710523547155951,
        "recall": 0.022537445449423932,
        "f1": 0.024479952518799253
      },
      "S6": {
        "accuracy": 0.030116928301732793,
        "precision": 0.02980695772839578,
        "recall": 0.03011692830173279,
        "f1": 0.028580173470223114
      },
      "S7": {
        "accuracy": 0.01807015698103967,
        "precision": 0.01910705222037945,
        "recall": 0.01807015698103967,
        "f1": 0.018107359705379814
      },
      "S8": {
        "accuracy": 0.013801310364224833,
        "precision": 0.01976901112423731,
        "recall": 0.013801310364224833,
        "f1": 0.016085176146824316
      },
      "S9": {
        "accuracy": 0.019977310202976623,
        "precision": 0.027087796851670756,
        "recall": 0.019977310202976623,
        "f1": 0.022512333758211378
      },
      "S10": {
        "accuracy": 0.019641864398925995,
        "precision": 0.019257845532105366,
        "recall": 0.02342429013377682,
        "f1": 0.019702193104835015
      },
      "S11": {
        "accuracy": 0.03414647723523801,
        "precision": 0.0347665377081722,
        "recall": 0.02762303889423379,
        "f1": 0.03038337294112753
      },
      "S13": {
        "accuracy": 0.013417947829829939,
        "precision": 0.013899512004577213,
        "recall": 0.013417947829829939,
        "f1": 0.011416563545493337
      },
      "S14": {
        "accuracy": 0.011712145066888426,
        "precision": 0.011603900883033666,
        "recall": 0.013417947829829953,
        "f1": 0.012203289627487054
      },
      "S15": {
        "accuracy": 0.07314227219636155,
        "precision": 0.07305016609429105,
        "recall": 0.07202012092999517,
        "f1": 0.0724114277860313
      },
      "S16": {
        "accuracy": 0.0497765888156843,
        "precision": 0.04889354926873664,
        "recall": 0.0514701536981434,
        "f1": 0.04985757583978889
      },
      "S17": {
        "accuracy": 0.03260520374689184,
        "precision": 0.03428795970419024,
        "recall": 0.03260520374689184,
        "f1": 0.0327868727298176
      },
      "average": {
        "accuracy": 0.008634382999783719,
        "precision": 0.009040817403883348,
        "recall": 0.008801612579158897,
        "f1": 0.008669623690680774
      }
    },
    "poor_ratio": 0.0
  }
}