{
  "real_subj_cnt": 15,
  "real_path": "stress_slurm/data/wesad_1hz.pickle",
  "sliding_windows": false,
  "syn_subj_cnt": 0,
  "gan_config": {
    "gan_mode": "noGAN",
    "type": null,
    "path": null,
    "eps": null
  },
  "privacy_config": {
    "l2_norm_clip": 1.0,
    "eps": null,
    "num_unique_windows": null,
    "delta": null,
    "noise_multiplier": null
  },
  "train_config": {
    "nn_mode": "CNN",
    "epochs": 10,
    "batch_size": 50,
    "learning_rate": 0.001,
    "eval_mode": "LOSO",
    "random_seed": 42,
    "data_noise_parameter": 3.0
  },
  "results": {
    "num_runs": 10,
    "mean": {
      "S2": {
        "accuracy": 0.7264706015586853,
        "precision": 0.7250997006893158,
        "recall": 0.7235294222831726,
        "f1": 0.7228941757720619
      },
      "S3": {
        "accuracy": 0.6676470518112183,
        "precision": 0.6693498373031617,
        "recall": 0.6764705777168274,
        "f1": 0.6727124092387564
      },
      "S4": {
        "accuracy": 0.6600000143051148,
        "precision": 0.6671698242425919,
        "recall": 0.6914285868406296,
        "f1": 0.6768181954949232
      },
      "S5": {
        "accuracy": 0.748571440577507,
        "precision": 0.6493123501539231,
        "recall": 0.6514285780489445,
        "f1": 0.6090652082385433
      },
      "S6": {
        "accuracy": 0.708571445941925,
        "precision": 0.7074864566326141,
        "recall": 0.688571447134018,
        "f1": 0.6961402254933937
      },
      "S7": {
        "accuracy": 0.7571428716182709,
        "precision": 0.8050192475318909,
        "recall": 0.7628571569919587,
        "f1": 0.7796624844405777
      },
      "S8": {
        "accuracy": 0.7514285862445831,
        "precision": 0.7391104698181152,
        "recall": 0.7742857277393341,
        "f1": 0.7479857518801246
      },
      "S9": {
        "accuracy": 0.6600000202655792,
        "precision": 0.6809193253517151,
        "recall": 0.6200000196695328,
        "f1": 0.6416163594004789
      },
      "S10": {
        "accuracy": 0.7333333253860473,
        "precision": 0.7198770463466644,
        "recall": 0.7555555462837219,
        "f1": 0.7335511055659946
      },
      "S11": {
        "accuracy": 0.6944444179534912,
        "precision": 0.6830644905567169,
        "recall": 0.724999976158142,
        "f1": 0.6984693625280134
      },
      "S13": {
        "accuracy": 0.705555546283722,
        "precision": 0.714414405822754,
        "recall": 0.6222222123295069,
        "f1": 0.6260514207742831
      },
      "S14": {
        "accuracy": 0.6166666448116302,
        "precision": 0.6111110895872116,
        "recall": 0.605555534362793,
        "f1": 0.6079860897967592
      },
      "S15": {
        "accuracy": 0.7027777671813965,
        "precision": 0.7356349050998687,
        "recall": 0.6472222119569778,
        "f1": 0.6631319577570874
      },
      "S16": {
        "accuracy": 0.6944444179534912,
        "precision": 0.6813888669013977,
        "recall": 0.6777777552604676,
        "f1": 0.6789207648937307
      },
      "S17": {
        "accuracy": 0.7083333253860473,
        "precision": 0.7706056475639343,
        "recall": 0.7111111044883728,
        "f1": 0.7219727175034125
      },
      "average": {
        "accuracy": 0.702359165151914,
        "precision": 0.7039709109067916,
        "recall": 0.6888677238176266,
        "f1": 0.6851318819185427
      }
    },
    "std": {
      "S2": {
        "accuracy": 0.03933804131986151,
        "precision": 0.03597437322151173,
        "recall": 0.05750148212912846,
        "f1": 0.030258131762463444
      },
      "S3": {
        "accuracy": 0.027902438855224733,
        "precision": 0.02251775833399341,
        "recall": 0.0,
        "f1": 0.011884372221352846
      },
      "S4": {
        "accuracy": 0.17789395470561326,
        "precision": 0.167385076636118,
        "recall": 0.1528564014227258,
        "f1": 0.15734547861363138
      },
      "S5": {
        "accuracy": 0.19038092575953605,
        "precision": 0.2923679159383625,
        "recall": 0.3806665596940465,
        "f1": 0.3225421320309145
      },
      "S6": {
        "accuracy": 0.018070156981039674,
        "precision": 0.018409364027215984,
        "recall": 0.06381662693052174,
        "f1": 0.03660643928746152
      },
      "S7": {
        "accuracy": 0.11126972142064476,
        "precision": 0.13010338395557933,
        "recall": 0.11191995177036561,
        "f1": 0.10268504495842515
      },
      "S8": {
        "accuracy": 0.027105235471559505,
        "precision": 0.09808401529768421,
        "recall": 0.08131570641467853,
        "f1": 0.04368643536770294
      },
      "S9": {
        "accuracy": 0.07056621885237373,
        "precision": 0.06088976037091105,
        "recall": 0.13472067367046656,
        "f1": 0.10267308861525967
      },
      "S10": {
        "accuracy": 0.04934411815195763,
        "precision": 0.06400999601688079,
        "recall": 0.05826716202039549,
        "f1": 0.03216042871712458
      },
      "S11": {
        "accuracy": 0.0,
        "precision": 0.035986490181157446,
        "recall": 0.09662515910454211,
        "f1": 0.012727992311427143
      },
      "S13": {
        "accuracy": 0.1615468718146635,
        "precision": 0.17699016393514053,
        "recall": 0.24817577801229704,
        "f1": 0.23466768828653176
      },
      "S14": {
        "accuracy": 0.16396994297610074,
        "precision": 0.17616941163319202,
        "recall": 0.18921539278773195,
        "f1": 0.1834149218679987
      },
      "S15": {
        "accuracy": 0.034768479935065974,
        "precision": 0.09617954648606222,
        "recall": 0.17025458292318563,
        "f1": 0.12522378077673801
      },
      "S16": {
        "accuracy": 0.0,
        "precision": 0.027593515113655192,
        "recall": 0.05270461510371056,
        "f1": 0.03802427212282028
      },
      "S17": {
        "accuracy": 0.1615734047295425,
        "precision": 0.07243593226054304,
        "recall": 0.17233170530547107,
        "f1": 0.12760684100302566
      },
      "average": {
        "accuracy": 0.03032621323647332,
        "precision": 0.02654603502875756,
        "recall": 0.05520633291938504,
        "f1": 0.04560337495496555
      }
    },
    "poor_ratio": 0.0
  }
}