{
  "real_subj_cnt": 15,
  "real_path": "stress_slurm/data/wesad_1hz.pickle",
  "sliding_windows": false,
  "syn_subj_cnt": 0,
  "gan_config": {
    "gan_mode": "noGAN",
    "type": null,
    "path": null,
    "eps": null
  },
  "privacy_config": {
    "l2_norm_clip": 1.0,
    "eps": null,
    "num_unique_windows": null,
    "delta": null,
    "noise_multiplier": null
  },
  "train_config": {
    "nn_mode": "CNN",
    "epochs": 10,
    "batch_size": 50,
    "learning_rate": 0.001,
    "eval_mode": "LOSO",
    "random_seed": 42,
    "data_noise_parameter": 0.7
  },
  "results": {
    "num_runs": 10,
    "mean": {
      "S2": {
        "accuracy": 0.855882340669632,
        "precision": 0.8602272629737854,
        "recall": 0.8499999880790711,
        "f1": 0.8549977277270522
      },
      "S3": {
        "accuracy": 0.6588235437870026,
        "precision": 0.6607283055782318,
        "recall": 0.6588235437870026,
        "f1": 0.6597320447101531
      },
      "S4": {
        "accuracy": 0.7428571581840515,
        "precision": 0.7428571581840515,
        "recall": 0.7428571581840515,
        "f1": 0.7428571581840515
      },
      "S5": {
        "accuracy": 0.9285714328289032,
        "precision": 0.9285714328289032,
        "recall": 0.9285714328289032,
        "f1": 0.9285714328289032
      },
      "S6": {
        "accuracy": 0.9028571486473084,
        "precision": 0.899938952922821,
        "recall": 0.9114285767078399,
        "f1": 0.9054271616630254
      },
      "S7": {
        "accuracy": 0.9742857158184052,
        "precision": 0.9742857158184052,
        "recall": 0.9742857158184052,
        "f1": 0.9742857158184052
      },
      "S8": {
        "accuracy": 0.9428571462631226,
        "precision": 0.9452941179275512,
        "recall": 0.9428571462631226,
        "f1": 0.9440579729029122
      },
      "S9": {
        "accuracy": 0.9457142889499665,
        "precision": 0.9405555605888367,
        "recall": 0.9457142889499665,
        "f1": 0.9430577710562164
      },
      "S10": {
        "accuracy": 0.955555534362793,
        "precision": 0.955630612373352,
        "recall": 0.955555534362793,
        "f1": 0.9555549998938206
      },
      "S11": {
        "accuracy": 0.7583333373069763,
        "precision": 0.7592097640037536,
        "recall": 0.7527777791023255,
        "f1": 0.7558885014654131
      },
      "S13": {
        "accuracy": 0.949999988079071,
        "precision": 0.9525396704673768,
        "recall": 0.949999988079071,
        "f1": 0.9512519441871646
      },
      "S14": {
        "accuracy": 0.6527777969837188,
        "precision": 0.6497061491012573,
        "recall": 0.6444444596767426,
        "f1": 0.647013220256177
      },
      "S15": {
        "accuracy": 0.8277777850627899,
        "precision": 0.8314264297485352,
        "recall": 0.8472222268581391,
        "f1": 0.8390431025986504
      },
      "S16": {
        "accuracy": 0.7416666626930237,
        "precision": 0.7430158734321595,
        "recall": 0.7388888835906983,
        "f1": 0.7409233151624847
      },
      "S17": {
        "accuracy": 0.6027777671813965,
        "precision": 0.6016173303127289,
        "recall": 0.5999999940395355,
        "f1": 0.6007513844426947
      },
      "average": {
        "accuracy": 0.8293825097878773,
        "precision": 0.8297069557507832,
        "recall": 0.8295617810885112,
        "f1": 0.8295608968598083
      }
    },
    "std": {
      "S2": {
        "accuracy": 0.025752788718344976,
        "precision": 0.023496778992697302,
        "recall": 0.02575278342375333,
        "f1": 0.022992725006495712
      },
      "S3": {
        "accuracy": 0.020564872467046132,
        "precision": 0.01536495999994802,
        "recall": 0.020564872467046132,
        "f1": 0.01722998591908204
      },
      "S4": {
        "accuracy": 0.0,
        "precision": 0.0,
        "recall": 0.0,
        "f1": 0.0
      },
      "S5": {
        "accuracy": 0.015058464150866393,
        "precision": 0.015058464150866393,
        "recall": 0.015058464150866393,
        "f1": 0.015058464150866393
      },
      "S6": {
        "accuracy": 0.10791782575209342,
        "precision": 0.11162291260018292,
        "recall": 0.10471859952897775,
        "f1": 0.1075257268187076
      },
      "S7": {
        "accuracy": 0.02108184981121295,
        "precision": 0.02108184981121295,
        "recall": 0.02108184981121295,
        "f1": 0.02108184981121295
      },
      "S8": {
        "accuracy": 0.06867716305821688,
        "precision": 0.06447501557163242,
        "recall": 0.06867716305821688,
        "f1": 0.06652819511353827
      },
      "S9": {
        "accuracy": 0.07309174365996333,
        "precision": 0.07418306742623121,
        "recall": 0.07309174365996333,
        "f1": 0.0731110083614178
      },
      "S10": {
        "accuracy": 0.019422395338540396,
        "precision": 0.019495293692245872,
        "recall": 0.019422395338540396,
        "f1": 0.018284814515424134
      },
      "S11": {
        "accuracy": 0.018748579987530684,
        "precision": 0.01714936184591415,
        "recall": 0.020496253867054733,
        "f1": 0.01678448649332327
      },
      "S13": {
        "accuracy": 0.028688757405042606,
        "precision": 0.023294841344878827,
        "recall": 0.028688757405042606,
        "f1": 0.025859235550830653
      },
      "S14": {
        "accuracy": 0.03525820737409742,
        "precision": 0.03957085359589005,
        "recall": 0.043033150856169405,
        "f1": 0.04091513654986382
      },
      "S15": {
        "accuracy": 0.0815656024058607,
        "precision": 0.07978541907114066,
        "recall": 0.08098542594710942,
        "f1": 0.07915055676021958
      },
      "S16": {
        "accuracy": 0.04908283185153863,
        "precision": 0.04855606040094704,
        "recall": 0.04934414424938521,
        "f1": 0.04876361740013662
      },
      "S17": {
        "accuracy": 0.05406962287728199,
        "precision": 0.05140943192914135,
        "recall": 0.05270462278278989,
        "f1": 0.051710336842022545
      },
      "average": {
        "accuracy": 0.008735892920561596,
        "precision": 0.008557696261194337,
        "recall": 0.008693079351535852,
        "f1": 0.008551799359762788
      }
    },
    "poor_ratio": 0.0
  }
}