{
  "real_subj_cnt": 15,
  "real_path": "stress_slurm/data/wesad_1hz.pickle",
  "sliding_windows": false,
  "syn_subj_cnt": 0,
  "gan_config": {
    "gan_mode": "noGAN",
    "type": null,
    "path": null,
    "eps": null
  },
  "privacy_config": {
    "l2_norm_clip": 1.0,
    "eps": null,
    "num_unique_windows": null,
    "delta": null,
    "noise_multiplier": null
  },
  "train_config": {
    "nn_mode": "CNN",
    "epochs": 10,
    "batch_size": 50,
    "learning_rate": 0.001,
    "eval_mode": "LOSO",
    "random_seed": 42,
    "data_noise_parameter": 11.0
  },
  "results": {
    "num_runs": 10,
    "mean": {
      "S2": {
        "accuracy": 0.4441176563501358,
        "precision": 0.48431373238563535,
        "recall": 0.6029411822557449,
        "f1": 0.49682817140243285
      },
      "S3": {
        "accuracy": 0.47941176891326903,
        "precision": 0.4416042804718018,
        "recall": 0.5941176533699035,
        "f1": 0.46617304892846245
      },
      "S4": {
        "accuracy": 0.32571429908275606,
        "precision": 0.3824175924062729,
        "recall": 0.6285714358091354,
        "f1": 0.4652381048003832
      },
      "S5": {
        "accuracy": 0.40285715758800505,
        "precision": 0.38063493371009827,
        "recall": 0.4314285844564438,
        "f1": 0.3976928366607659
      },
      "S6": {
        "accuracy": 0.4142857283353806,
        "precision": 0.3642857253551483,
        "recall": 0.4142857253551483,
        "f1": 0.38095239202181497
      },
      "S7": {
        "accuracy": 0.354285728931427,
        "precision": 0.3542857259511948,
        "recall": 0.45428572595119476,
        "f1": 0.38761905928452806
      },
      "S8": {
        "accuracy": 0.4171428710222244,
        "precision": 0.42857143878936765,
        "recall": 0.43714286759495735,
        "f1": 0.37769424620420705
      },
      "S9": {
        "accuracy": 0.4142857283353806,
        "precision": 0.4091269910335541,
        "recall": 0.5600000083446502,
        "f1": 0.4595573516698187
      },
      "S10": {
        "accuracy": 0.37500000596046446,
        "precision": 0.31052632331848146,
        "recall": 0.4361111164093018,
        "f1": 0.35376344769934664
      },
      "S11": {
        "accuracy": 0.3444444388151169,
        "precision": 0.2955637454986572,
        "recall": 0.28333333432674407,
        "f1": 0.26431879297175087
      },
      "S13": {
        "accuracy": 0.41111111640930176,
        "precision": 0.4388888955116272,
        "recall": 0.397222226858139,
        "f1": 0.41257310445288875
      },
      "S14": {
        "accuracy": 0.3444444388151169,
        "precision": 0.3638888865709305,
        "recall": 0.5138888865709305,
        "f1": 0.4138888865709305
      },
      "S15": {
        "accuracy": 0.3222222328186035,
        "precision": 0.2944444537162781,
        "recall": 0.2944444537162781,
        "f1": 0.2944444537162781
      },
      "S16": {
        "accuracy": 0.38333332538604736,
        "precision": 0.402777773141861,
        "recall": 0.5527777731418609,
        "f1": 0.45277777314186096
      },
      "S17": {
        "accuracy": 0.3222222328186035,
        "precision": 0.31241830736398696,
        "recall": 0.36111111789941785,
        "f1": 0.32841270516437737
      },
      "average": {
        "accuracy": 0.3836585819721222,
        "precision": 0.3775832536816597,
        "recall": 0.46411080613732336,
        "f1": 0.3967956249793231
      }
    },
    "std": {
      "S2": {
        "accuracy": 0.25203896652424274,
        "precision": 0.22232792279329883,
        "recall": 0.35109812306151916,
        "f1": 0.1932400500104323
      },
      "S3": {
        "accuracy": 0.16983719268033076,
        "precision": 0.2288597561617564,
        "recall": 0.3876704117490636,
        "f1": 0.22722288444195948
      },
      "S4": {
        "accuracy": 0.15947760440491057,
        "precision": 0.13254810042257403,
        "recall": 0.3915200836297293,
        "f1": 0.21957665096975512
      },
      "S5": {
        "accuracy": 0.23462229058771158,
        "precision": 0.20513930959119325,
        "recall": 0.2829869802607646,
        "f1": 0.22176216423862766
      },
      "S6": {
        "accuracy": 0.2070196698592619,
        "precision": 0.21938380298397642,
        "recall": 0.29699935498438396,
        "f1": 0.23650261183751428
      },
      "S7": {
        "accuracy": 0.2047951250175454,
        "precision": 0.16980714430274124,
        "recall": 0.32505362709762187,
        "f1": 0.21110752660843568
      },
      "S8": {
        "accuracy": 0.260541907364424,
        "precision": 0.2607333066031566,
        "recall": 0.34074747383026,
        "f1": 0.22006607541022524
      },
      "S9": {
        "accuracy": 0.2070196698592619,
        "precision": 0.21980330615928428,
        "recall": 0.36939614638899304,
        "f1": 0.25445423726729127
      },
      "S10": {
        "accuracy": 0.184837625937572,
        "precision": 0.14570286004440663,
        "recall": 0.3404714049313981,
        "f1": 0.20801091641212374
      },
      "S11": {
        "accuracy": 0.12297745723207555,
        "precision": 0.2751787487137258,
        "recall": 0.29039257289658804,
        "f1": 0.21302640140842363
      },
      "S13": {
        "accuracy": 0.2146870501101641,
        "precision": 0.2702054199112329,
        "recall": 0.196003437066127,
        "f1": 0.2170775453175451
      },
      "S14": {
        "accuracy": 0.12297745723207555,
        "precision": 0.0939255916211415,
        "recall": 0.3354485373909655,
        "f1": 0.17443324021108278
      },
      "S15": {
        "accuracy": 0.14054566540808636,
        "precision": 0.17381777347509217,
        "recall": 0.17381777347509217,
        "f1": 0.17381777347509217
      },
      "S16": {
        "accuracy": 0.16396994297610074,
        "precision": 0.13749298054773457,
        "recall": 0.3311269575041363,
        "f1": 0.1902321498387839
      },
      "S17": {
        "accuracy": 0.14054566540808636,
        "precision": 0.18674976147651381,
        "recall": 0.2847880787793252,
        "f1": 0.2115309854142811
      },
      "average": {
        "accuracy": 0.0542618941204114,
        "precision": 0.047809848972819,
        "recall": 0.07720435198456967,
        "f1": 0.0489423674254769
      }
    },
    "poor_ratio": 0.0
  }
}