{
  "real_subj_cnt": 15,
  "real_path": "stress_slurm/data/wesad_1hz.pickle",
  "sliding_windows": false,
  "syn_subj_cnt": 0,
  "gan_config": {
    "gan_mode": "noGAN",
    "type": null,
    "path": null,
    "eps": null
  },
  "privacy_config": {
    "l2_norm_clip": 1.0,
    "eps": null,
    "num_unique_windows": null,
    "delta": null,
    "noise_multiplier": null
  },
  "train_config": {
    "nn_mode": "CNN",
    "epochs": 10,
    "batch_size": 50,
    "learning_rate": 0.001,
    "eval_mode": "LOSO",
    "random_seed": 42,
    "data_noise_parameter": 4.0
  },
  "results": {
    "num_runs": 10,
    "mean": {
      "S2": {
        "accuracy": 0.7705882430076599,
        "precision": 0.7305054426193237,
        "recall": 0.7264705896377563,
        "f1": 0.68372162248838
      },
      "S3": {
        "accuracy": 0.6147058784961701,
        "precision": 0.6189894378185272,
        "recall": 0.620588231086731,
        "f1": 0.6192460676285741
      },
      "S4": {
        "accuracy": 0.6600000143051148,
        "precision": 0.6615365505218506,
        "recall": 0.5857142984867096,
        "f1": 0.6091624854865753
      },
      "S5": {
        "accuracy": 0.5371428698301315,
        "precision": 0.6336977392435074,
        "recall": 0.6257143020629883,
        "f1": 0.584718720967274
      },
      "S6": {
        "accuracy": 0.554285728931427,
        "precision": 0.5741115540266037,
        "recall": 0.5942857325077057,
        "f1": 0.5816793726726794
      },
      "S7": {
        "accuracy": 0.6028571546077728,
        "precision": 0.611057448387146,
        "recall": 0.8028571486473084,
        "f1": 0.6766081720972261
      },
      "S8": {
        "accuracy": 0.5171428710222244,
        "precision": 0.562634463608265,
        "recall": 0.4314285859465599,
        "f1": 0.46793191710751253
      },
      "S9": {
        "accuracy": 0.6742857336997986,
        "precision": 0.5831154406070709,
        "recall": 0.6742857277393342,
        "f1": 0.6229848457645665
      },
      "S10": {
        "accuracy": 0.5138888895511627,
        "precision": 0.6189833074808121,
        "recall": 0.5027777783572673,
        "f1": 0.5167442831495511
      },
      "S11": {
        "accuracy": 0.45833332240581515,
        "precision": 0.5284992694854737,
        "recall": 0.5583333224058151,
        "f1": 0.5217577978361461
      },
      "S13": {
        "accuracy": 0.6333333313465118,
        "precision": 0.6339485824108124,
        "recall": 0.5972222208976745,
        "f1": 0.6014011739002537
      },
      "S14": {
        "accuracy": 0.5833333134651184,
        "precision": 0.5503846019506454,
        "recall": 0.574999988079071,
        "f1": 0.5532002391979745
      },
      "S15": {
        "accuracy": 0.5638888865709305,
        "precision": 0.5833053529262543,
        "recall": 0.558333334326744,
        "f1": 0.5636337776829009
      },
      "S16": {
        "accuracy": 0.527777761220932,
        "precision": 0.5218716323375702,
        "recall": 0.5055555433034897,
        "f1": 0.5118674318994162
      },
      "S17": {
        "accuracy": 0.5694444507360459,
        "precision": 0.6230667293071747,
        "recall": 0.661111119389534,
        "f1": 0.5971595259107247
      },
      "average": {
        "accuracy": 0.5854005632797877,
        "precision": 0.6023805035154025,
        "recall": 0.6013118615249793,
        "f1": 0.580787828919317
      }
    },
    "std": {
      "S2": {
        "accuracy": 0.10631718026106657,
        "precision": 0.16125770162368797,
        "recall": 0.2507390045985438,
        "f1": 0.12609916537443153
      },
      "S3": {
        "accuracy": 0.11302181999130309,
        "precision": 0.11103542382229137,
        "recall": 0.11637382471195251,
        "f1": 0.11198368987727228
      },
      "S4": {
        "accuracy": 0.21694644353514378,
        "precision": 0.2425590054125825,
        "recall": 0.2168628121306565,
        "f1": 0.20601266522241432
      },
      "S5": {
        "accuracy": 0.2343708712490243,
        "precision": 0.26009618102527016,
        "recall": 0.25853239483988866,
        "f1": 0.1778281641701046
      },
      "S6": {
        "accuracy": 0.20787228184736767,
        "precision": 0.18188600529215038,
        "recall": 0.1734275007240062,
        "f1": 0.17350870981885091
      },
      "S7": {
        "accuracy": 0.25141774777307563,
        "precision": 0.2118165013073269,
        "recall": 0.2506951750328699,
        "f1": 0.19078620001573568
      },
      "S8": {
        "accuracy": 0.2758454322382138,
        "precision": 0.3220421199827089,
        "recall": 0.24668321530873405,
        "f1": 0.2486515164766633
      },
      "S9": {
        "accuracy": 0.08749473061619002,
        "precision": 0.21023189695794872,
        "recall": 0.249879792670137,
        "f1": 0.2234392520546238
      },
      "S10": {
        "accuracy": 0.25094128720922976,
        "precision": 0.23698989123369435,
        "recall": 0.2472239463446385,
        "f1": 0.22983737402764906
      },
      "S11": {
        "accuracy": 0.18759998636425587,
        "precision": 0.17133341767130347,
        "recall": 0.26203866952290394,
        "f1": 0.1747088019585672
      },
      "S13": {
        "accuracy": 0.2591931039808553,
        "precision": 0.2604078226575228,
        "recall": 0.26457836070677937,
        "f1": 0.23922144248596283
      },
      "S14": {
        "accuracy": 0.17954368772118862,
        "precision": 0.19195634209060855,
        "recall": 0.22606628063347783,
        "f1": 0.2053334993910057
      },
      "S15": {
        "accuracy": 0.17521786207913975,
        "precision": 0.17132666379812073,
        "recall": 0.18814759371953593,
        "f1": 0.17111771646501284
      },
      "S16": {
        "accuracy": 0.1814436738357194,
        "precision": 0.18819777665937276,
        "recall": 0.20613031249286348,
        "f1": 0.19523357300291547
      },
      "S17": {
        "accuracy": 0.26554870939286707,
        "precision": 0.24050497173006635,
        "recall": 0.3002628014492051,
        "f1": 0.2185689333262812
      },
      "average": {
        "accuracy": 0.06383276510731815,
        "precision": 0.08594499292649024,
        "recall": 0.058861450626408345,
        "f1": 0.06204676959263228
      }
    },
    "poor_ratio": 0.0
  }
}