{
  "real_subj_cnt": 15,
  "real_path": "stress_slurm/data/wesad_1hz.pickle",
  "sliding_windows": false,
  "syn_subj_cnt": 0,
  "gan_config": {
    "gan_mode": "noGAN",
    "type": null,
    "path": null,
    "eps": null
  },
  "privacy_config": {
    "l2_norm_clip": 1.0,
    "eps": null,
    "num_unique_windows": null,
    "delta": null,
    "noise_multiplier": null
  },
  "train_config": {
    "nn_mode": "CNN",
    "epochs": 10,
    "batch_size": 50,
    "learning_rate": 0.001,
    "eval_mode": "LOSO",
    "random_seed": 42,
    "data_noise_parameter": 0.0
  },
  "results": {
    "num_runs": 10,
    "mean": {
      "S2": {
        "accuracy": 0.9147058665752411,
        "precision": 0.9124034285545349,
        "recall": 0.9147058606147767,
        "f1": 0.9134616634911321
      },
      "S3": {
        "accuracy": 0.7294117689132691,
        "precision": 0.7312944591045379,
        "recall": 0.7529411733150482,
        "f1": 0.7418062585792026
      },
      "S4": {
        "accuracy": 0.9857142865657806,
        "precision": 0.9857936501502991,
        "recall": 0.9828571438789367,
        "f1": 0.9842644273179717
      },
      "S5": {
        "accuracy": 0.9571428596973419,
        "precision": 0.9572836697101593,
        "recall": 0.9600000023841858,
        "f1": 0.9585472748420907
      },
      "S6": {
        "accuracy": 0.9428571462631226,
        "precision": 0.9428571462631226,
        "recall": 0.9428571462631226,
        "f1": 0.9428571462631226
      },
      "S7": {
        "accuracy": 0.8942857205867767,
        "precision": 0.8915734946727752,
        "recall": 0.8914285778999329,
        "f1": 0.8913217864258897
      },
      "S8": {
        "accuracy": 0.9485714316368103,
        "precision": 0.9459523797035218,
        "recall": 0.9514285743236541,
        "f1": 0.948651912233182
      },
      "S9": {
        "accuracy": 0.9714285731315613,
        "precision": 0.9714285731315613,
        "recall": 0.9714285731315613,
        "f1": 0.9714285731315613
      },
      "S10": {
        "accuracy": 0.9833333253860473,
        "precision": 0.9807807743549347,
        "recall": 0.9861111044883728,
        "f1": 0.9834094303122691
      },
      "S11": {
        "accuracy": 0.7944444477558136,
        "precision": 0.7791213631629944,
        "recall": 0.8000000059604645,
        "f1": 0.7891613328103656
      },
      "S13": {
        "accuracy": 1.0,
        "precision": 1.0,
        "recall": 0.9972222208976745,
        "f1": 0.9985915486147139
      },
      "S14": {
        "accuracy": 0.5166666746139527,
        "precision": 0.5220885664224625,
        "recall": 0.5277777850627899,
        "f1": 0.524795932120934
      },
      "S15": {
        "accuracy": 0.9972222208976745,
        "precision": 0.9972222208976745,
        "recall": 0.9972222208976745,
        "f1": 0.9972222208976745
      },
      "S16": {
        "accuracy": 0.94722221493721,
        "precision": 0.9408409774303437,
        "recall": 0.9416666567325592,
        "f1": 0.9406595633540491
      },
      "S17": {
        "accuracy": 0.5555555582046509,
        "precision": 0.5501873731613159,
        "recall": 0.5500000059604645,
        "f1": 0.5500073075416587
      },
      "average": {
        "accuracy": 0.8759041396776835,
        "precision": 0.8739218717813492,
        "recall": 0.8778431367874144,
        "f1": 0.8757457585290546
      }
    },
    "std": {
      "S2": {
        "accuracy": 0.025752788718344986,
        "precision": 0.029155403378496987,
        "recall": 0.02170189928087704,
        "f1": 0.02394501406138588
      },
      "S3": {
        "accuracy": 0.03615507199309162,
        "precision": 0.03860502377133625,
        "recall": 0.04842779644719097,
        "f1": 0.042119162150686285
      },
      "S4": {
        "accuracy": 0.015058464150866398,
        "precision": 0.014976676855864127,
        "recall": 0.014754221391846177,
        "f1": 0.01250633862271161
      },
      "S5": {
        "accuracy": 0.02428104385555971,
        "precision": 0.024216746467518774,
        "recall": 0.030713361020002067,
        "f1": 0.025781504293490732
      },
      "S6": {
        "accuracy": 0.0,
        "precision": 0.0,
        "recall": 0.0,
        "f1": 0.0
      },
      "S7": {
        "accuracy": 0.027105235471559505,
        "precision": 0.02522351191764551,
        "recall": 0.032436924477896915,
        "f1": 0.02598878886673942
      },
      "S8": {
        "accuracy": 0.022537445449423925,
        "precision": 0.01633562740925317,
        "recall": 0.023522072950791246,
        "f1": 0.019357950471998904
      },
      "S9": {
        "accuracy": 0.0,
        "precision": 0.0,
        "recall": 0.0,
        "f1": 0.0
      },
      "S10": {
        "accuracy": 0.026835895659659905,
        "precision": 0.026101004851997588,
        "recall": 0.02360658307867945,
        "f1": 0.024259938405555882
      },
      "S11": {
        "accuracy": 0.04757493805443937,
        "precision": 0.04515788588602233,
        "recall": 0.04099248709036173,
        "f1": 0.04033787264376009
      },
      "S13": {
        "accuracy": 0.0,
        "precision": 0.0,
        "recall": 0.008784108800166309,
        "f1": 0.004453914351123659
      },
      "S14": {
        "accuracy": 0.026835895659659905,
        "precision": 0.025704579408259074,
        "recall": 0.029280350101461974,
        "f1": 0.02616657186762081
      },
      "S15": {
        "accuracy": 0.008784108800166317,
        "precision": 0.008784108800166317,
        "recall": 0.008784108800166317,
        "f1": 0.008784108800166317
      },
      "S16": {
        "accuracy": 0.046203607872892946,
        "precision": 0.05664120243686694,
        "recall": 0.046203606280246376,
        "f1": 0.045912434892099355
      },
      "S17": {
        "accuracy": 0.03464496577345874,
        "precision": 0.03431777080363661,
        "recall": 0.03414645245262066,
        "f1": 0.033461866543344265
      },
      "average": {
        "accuracy": 0.007199434112366299,
        "precision": 0.008006012770593264,
        "recall": 0.00579680722439311,
        "f1": 0.006234498771000361
      }
    },
    "poor_ratio": 0.0
  }
}